
Note: No compatibility mode selected!


Circuit: * gate-driver-core-drive-postlayout @ ss_27c_vlogic2p97v-vdrv4p50v -- generated by sim/harness, do not edit

Doing analysis at TEMP = 27.000000 and TNOM = 27.000000

Using SPARSE 1.3 as Direct Linear Solver

Initial Transient Solution
--------------------------

Node                                   Voltage
----                                   -------
x1_inb__t0                                2.97
in__t1                                       0
gnd_logic__t0                      1.82758e-11
gnd_logic                                    0
x2_n3__t1                                  4.5
x2_n2__t2                          2.77833e-09
gnd_drv__t2                        3.36242e-12
gnd_drv                            3.23873e-12
gnd_drv__t105                      4.29423e-11
x2_n5__t131                                4.5
out__t174                          3.44739e-09
out__t61                           3.44734e-09
x2_n5__t121                                4.5
gnd_drv__t245                      4.33392e-11
gnd_drv__t100                      4.37344e-11
x2_n5__t120                                4.5
out__t169                          3.44728e-09
out__t49                            3.4472e-09
x2_n5__t93                                 4.5
gnd_drv__t233                      4.41293e-11
gnd_drv__t84                       4.45252e-11
x2_n5__t92                                 4.5
out__t153                          3.44711e-09
out__t60                             3.447e-09
x2_n5__t119                                4.5
gnd_drv__t244                      4.49195e-11
gnd_drv__t85                       4.53136e-11
x2_n5__t94                                 4.5
out__t154                          3.44688e-09
out__t62                           3.44675e-09
x2_n5__t122                                4.5
gnd_drv__t246                      4.57087e-11
gnd_drv__t106                      4.61023e-11
x2_n5__t132                                4.5
out__t175                          3.44662e-09
out__t67                           3.44647e-09
x2_n5__t133                                4.5
gnd_drv__t251                      4.64969e-11
x2_n4__t185                        3.18853e-09
x2_n3__t5                                  4.5
gnd_drv__t5                        3.99304e-11
gnd_drv__t107                      4.68914e-11
x2_n5__t134                                4.5
out__t176                          3.44631e-09
out__t68                           3.44616e-09
x2_n5__t135                                4.5
gnd_drv__t252                      4.72843e-11
gnd_drv__t108                      4.76784e-11
x2_n5__t136                                4.5
out__t177                          3.44599e-09
out__t69                           3.44582e-09
x2_n5__t137                                4.5
gnd_drv__t253                      4.80722e-11
gnd_drv__t109                      4.84646e-11
x2_n5__t138                                4.5
out__t178                          3.44565e-09
out__t70                           3.44548e-09
x2_n5__t139                                4.5
gnd_drv__t254                      4.88581e-11
gnd_drv__t114                      4.92514e-11
x2_n5__t149                                4.5
out__t183                           3.4453e-09
out__t72                           3.44512e-09
x2_n5__t141                                4.5
gnd_drv__t256                      4.96433e-11
gnd_drv__t110                      5.00364e-11
x2_n5__t142                                4.5
out__t179                          3.44494e-09
out__t73                           3.44476e-09
x2_n5__t143                                4.5
gnd_drv__t257                      5.04292e-11
gnd_drv__t206                      3.97095e-11
x2_n3__t6                                  4.5
x2_n4__t184                        3.19781e-09
gnd_drv__t111                      5.08219e-11
x2_n5__t144                                4.5
out__t180                          3.44457e-09
out__t74                           3.44438e-09
x2_n5__t145                                4.5
gnd_drv__t258                      5.12144e-11
gnd_drv__t112                      5.16068e-11
x2_n5__t146                                4.5
out__t181                          3.44419e-09
out__t75                           3.44401e-09
x2_n5__t147                                4.5
gnd_drv__t259                       5.1999e-11
gnd_drv__t113                      5.23911e-11
x2_n5__t148                                4.5
out__t182                          3.44381e-09
out__t71                           3.44362e-09
x2_n5__t140                                4.5
gnd_drv__t255                       5.2783e-11
gnd_drv__t97                       5.31748e-11
x2_n5__t114                                4.5
out__t166                          3.44343e-09
out__t58                           3.44324e-09
x2_n5__t115                                4.5
gnd_drv__t242                      5.35664e-11
gnd_drv__t98                       5.39579e-11
x2_n5__t116                                4.5
out__t167                          3.44305e-09
out__t59                           3.44285e-09
x2_n5__t117                                4.5
gnd_drv__t243                      5.43492e-11
x2_n4__t183                        3.20713e-09
x2_n3__t18                                 4.5
gnd_drv__t205                      3.94869e-11
gnd_drv__t99                       5.47404e-11
x2_n5__t118                                4.5
out__t168                          3.44266e-09
out__t36                           3.44246e-09
x2_n5__t70                                 4.5
gnd_drv__t196                      5.51315e-11
gnd_drv__t124                      5.55224e-11
x2_n5__t164                                4.5
out__t192                          3.44227e-09
out__t44                           3.44207e-09
x2_n5__t85                                 4.5
gnd_drv__t228                      5.59132e-11
gnd_drv__t7                        5.63038e-11
x2_n5__t1                                  4.5
out__t0                            3.44188e-09
out__t108                          3.43408e-09
x2_n5__t216                                4.5
gnd_drv__t292                      1.35282e-11
gnd_drv__t149                      1.38921e-11
x2_n5__t215                                4.5
out__t217                          3.43429e-09
out__t107                          3.43449e-09
x2_n5__t213                                4.5
gnd_drv__t291                      1.42585e-11
gnd_drv__t147                      1.46287e-11
x2_n5__t212                                4.5
out__t215                           3.4347e-09
out__t106                           3.4349e-09
x2_n5__t211                                4.5
gnd_drv__t290                      1.50001e-11
gnd_drv__t56                       3.92638e-11
x2_n3__t14                                 4.5
x2_n4__t189                        3.21647e-09
gnd_drv__t146                       1.5374e-11
x2_n5__t210                                4.5
out__t214                          3.43511e-09
out__t105                          3.43532e-09
x2_n5__t209                                4.5
gnd_drv__t289                      1.57491e-11
gnd_drv__t148                      1.61268e-11
x2_n5__t214                                4.5
out__t216                          3.43552e-09
out__t103                          3.43573e-09
x2_n5__t207                                4.5
gnd_drv__t287                      1.65057e-11
gnd_drv__t145                      1.68858e-11
x2_n5__t206                                4.5
out__t213                          3.43593e-09
out__t102                          3.43614e-09
x2_n5__t205                                4.5
gnd_drv__t286                      1.72684e-11
gnd_drv__t144                      1.76509e-11
x2_n5__t204                                4.5
out__t212                          3.43634e-09
out__t79                           3.43655e-09
x2_n5__t158                                4.5
gnd_drv__t263                      1.80347e-11
gnd_drv__t125                      1.84197e-11
x2_n5__t165                                4.5
out__t193                          3.43675e-09
out__t81                           3.43696e-09
x2_n5__t163                                4.5
gnd_drv__t265                       1.8806e-11
x2_n4__t179                        3.22583e-09
x2_n3__t13                                 4.5
gnd_drv__t199                      3.90402e-11
gnd_drv__t123                      1.91935e-11
x2_n5__t162                                4.5
out__t191                          3.43716e-09
out__t95                           3.43737e-09
x2_n5__t190                                4.5
gnd_drv__t279                      1.95809e-11
gnd_drv__t139                      1.99695e-11
x2_n5__t194                                4.5
out__t207                          3.43757e-09
out__t109                          3.43778e-09
x2_n5__t219                                4.5
gnd_drv__t293                      2.03581e-11
gnd_drv__t151                       2.0748e-11
x2_n5__t218                                4.5
out__t219                          3.43798e-09
out__t104                          3.43818e-09
x2_n5__t208                                4.5
gnd_drv__t288                      2.11378e-11
gnd_drv__t136                      2.15288e-11
x2_n5__t189                                4.5
out__t204                          3.43839e-09
out__t94                           3.43859e-09
x2_n5__t188                                4.5
gnd_drv__t278                       2.1921e-11
gnd_drv__t135                      2.23132e-11
x2_n5__t187                                4.5
out__t203                           3.4388e-09
out__t93                             3.439e-09
x2_n5__t186                                4.5
gnd_drv__t277                      2.27054e-11
gnd_drv__t55                       3.88148e-11
x2_n3__t12                                 4.5
x2_n4__t188                        3.23522e-09
gnd_drv__t94                       2.30975e-11
x2_n5__t109                                4.5
out__t163                           3.4392e-09
out__t96                           3.43941e-09
x2_n5__t192                                4.5
gnd_drv__t280                      2.34908e-11
gnd_drv__t137                      2.38841e-11
x2_n5__t191                                4.5
out__t205                          3.43961e-09
out__t55                           3.43981e-09
x2_n5__t108                                4.5
gnd_drv__t239                      2.42786e-11
gnd_drv__t93                        2.4673e-11
x2_n5__t107                                4.5
out__t162                          3.44001e-09
out__t54                           3.44022e-09
x2_n5__t106                                4.5
gnd_drv__t238                      2.50674e-11
gnd_drv__t92                       2.54618e-11
x2_n5__t105                                4.5
out__t161                          3.44042e-09
out__t57                           3.44062e-09
x2_n5__t113                                4.5
gnd_drv__t241                      2.58574e-11
gnd_drv__t90                       2.62529e-11
x2_n5__t103                                4.5
out__t159                          3.44082e-09
out__t53                           3.44102e-09
x2_n5__t102                                4.5
gnd_drv__t237                      2.66484e-11
x2_n4__t178                        3.24462e-09
x2_n3__t11                                 4.5
gnd_drv__t198                      3.85887e-11
gnd_drv__t122                      2.70438e-11
x2_n5__t161                                4.5
out__t190                          3.44122e-09
out__t52                           3.44142e-09
x2_n5__t100                                4.5
gnd_drv__t236                      2.74392e-11
gnd_drv__t88                       2.78358e-11
x2_n5__t99                                 4.5
out__t157                          3.44162e-09
out__t51                           3.44182e-09
x2_n5__t98                                 4.5
gnd_drv__t235                      2.82324e-11
gnd_drv__t87                       2.86289e-11
x2_n5__t97                                 4.5
out__t156                          3.44202e-09
out__t50                           3.44222e-09
x2_n5__t96                                 4.5
gnd_drv__t234                      2.90254e-11
gnd_drv__t82                        2.9423e-11
x2_n5__t86                                 4.5
out__t151                          3.44242e-09
out__t100                          3.44262e-09
x2_n5__t202                                4.5
gnd_drv__t284                      2.98194e-11
gnd_drv__t143                       3.0217e-11
x2_n5__t201                                4.5
out__t211                          3.44282e-09
out__t99                           3.44301e-09
x2_n5__t200                                4.5
gnd_drv__t283                      3.06132e-11
gnd_drv__t54                       3.83621e-11
x2_n3__t10                                 4.5
x2_n4__t187                        3.25404e-09
gnd_drv__t142                      3.10107e-11
x2_n5__t199                                4.5
out__t210                          3.44321e-09
out__t98                           3.44341e-09
x2_n5__t198                                4.5
gnd_drv__t282                      3.14081e-11
gnd_drv__t141                      3.18067e-11
x2_n5__t197                                4.5
out__t209                           3.4436e-09
out__t97                           3.44379e-09
x2_n5__t196                                4.5
gnd_drv__t281                       3.2204e-11
gnd_drv__t140                      3.26013e-11
x2_n5__t195                                4.5
out__t208                          3.44399e-09
out__t101                          3.44418e-09
x2_n5__t203                                4.5
gnd_drv__t285                      3.29997e-11
gnd_drv__t138                      3.33969e-11
x2_n5__t193                                4.5
out__t206                          3.44437e-09
out__t47                           3.44456e-09
x2_n5__t90                                 4.5
gnd_drv__t231                      3.37952e-11
gnd_drv__t80                       3.41935e-11
x2_n5__t80                                 4.5
out__t149                          3.44474e-09
out__t46                           3.44493e-09
x2_n5__t88                                 4.5
gnd_drv__t230                      3.45917e-11
x2_n4__t177                        3.26346e-09
x2_n3__t9                                  4.5
gnd_drv__t197                      3.81348e-11
gnd_drv__t42                       1.70613e-11
x2_n5__t67                                 4.5
out__t142                          3.42287e-09
out__t33                           3.42307e-09
x2_n5__t64                                 4.5
gnd_drv__t185                       1.6683e-11
gnd_drv__t41                       1.63058e-11
x2_n5__t66                                 4.5
out__t141                          3.42327e-09
out__t34                           3.42347e-09
x2_n5__t65                                 4.5
gnd_drv__t186                      1.59311e-11
gnd_drv__t126                      1.55575e-11
x2_n5__t167                                4.5
out__t194                          3.42367e-09
out__t39                           3.42387e-09
x2_n5__t76                                 4.5
gnd_drv__t214                       1.5185e-11
gnd_drv__t36                       1.48136e-11
x2_n5__t51                                 4.5
out__t136                          3.42407e-09
out__t24                           3.42427e-09
x2_n5__t50                                 4.5
gnd_drv__t175                       1.4446e-11
gnd_drv__t35                       1.40795e-11
x2_n5__t49                                 4.5
out__t135                          3.42448e-09
out__t23                           3.42468e-09
x2_n5__t48                                 4.5
gnd_drv__t174                      1.37166e-11
x1_na__t0                              2.05813
in__t2                                       0
gnd_logic__t1                      3.15143e-12
gnd_drv__t53                       3.79067e-11
x2_n3__t8                                  4.5
x2_n4__t186                         3.2729e-09
gnd_drv__t89                       1.33562e-11
x2_n5__t101                                4.5
out__t158                          3.42488e-09
out__t22                           3.42508e-09
x2_n5__t47                                 4.5
gnd_drv__t173                      1.29982e-11
gnd_drv__t34                       1.26451e-11
x2_n5__t46                                 4.5
out__t134                          3.42528e-09
out__t21                           3.42549e-09
x2_n5__t45                                 4.5
gnd_drv__t172                      1.22957e-11
gnd_drv__t33                       1.19501e-11
x2_n5__t44                                 4.5
out__t133                          3.42569e-09
out__t25                           3.42589e-09
x2_n5__t52                                 4.5
gnd_drv__t176                      1.16094e-11
gnd_drv__t31                       1.12749e-11
x2_n5__t42                                 4.5
out__t131                          3.42609e-09
out__t20                           3.42629e-09
x2_n5__t41                                 4.5
gnd_drv__t171                      1.09479e-11
gnd_drv__t30                       1.06272e-11
x2_n5__t40                                 4.5
out__t130                           3.4265e-09
out__t19                            3.4267e-09
x2_n5__t39                                 4.5
gnd_drv__t170                      1.03153e-11
x2_n4__t182                        3.28233e-09
x2_n3__t17                                 4.5
gnd_drv__t201                       3.7678e-11
gnd_drv__t29                       1.00134e-11
x2_n5__t38                                 4.5
out__t129                           3.4269e-09
out__t18                            3.4271e-09
x2_n5__t37                                 4.5
gnd_drv__t169                      9.72161e-12
gnd_drv__t28                       9.44245e-12
x2_n5__t36                                 4.5
out__t128                          3.42731e-09
out__t31                           3.42751e-09
x2_n5__t61                                 4.5
gnd_drv__t182                      9.17846e-12
gnd_drv__t43                       8.93093e-12
x2_n5__t68                                 4.5
out__t143                          3.42771e-09
out__t82                           3.42792e-09
x2_n5__t166                                4.5
gnd_drv__t266                      8.70113e-12
gnd_drv__t119                      8.49417e-12
x2_n5__t157                                4.5
out__t188                          3.42812e-09
out__t83                           3.42832e-09
x2_n5__t168                                4.5
gnd_drv__t267                      8.31005e-12
gnd_drv__t118                      8.15134e-12
x2_n5__t156                                4.5
out__t187                          3.42853e-09
out__t78                           3.42873e-09
x2_n5__t155                                4.5
gnd_drv__t262                      8.02313e-12
gnd_drv__t58                       3.74471e-11
x2_n3__t16                                 4.5
x2_n4__t190                        3.29176e-09
gnd_drv__t117                       7.9267e-12
x2_n5__t154                                4.5
out__t186                          3.42894e-09
out__t77                           3.42914e-09
x2_n5__t153                                4.5
gnd_drv__t261                      7.86335e-12
gnd_drv__t116                      7.83563e-12
x2_n5__t152                                4.5
out__t185                          3.42934e-09
out__t76                           3.42955e-09
x2_n5__t151                                4.5
gnd_drv__t260                      7.84227e-12
gnd_drv__t115                      7.88582e-12
x2_n5__t150                                4.5
out__t184                          3.42976e-09
out__t87                           3.42996e-09
x2_n5__t175                                4.5
gnd_drv__t271                      7.96374e-12
gnd_drv__t134                       8.0735e-12
x2_n5__t184                                4.5
out__t202                          3.43017e-09
out__t91                           3.43037e-09
x2_n5__t183                                4.5
gnd_drv__t275                      8.21508e-12
gnd_drv__t133                      8.38339e-12
x2_n5__t182                                4.5
out__t201                          3.43058e-09
out__t90                           3.43078e-09
x2_n5__t181                                4.5
gnd_drv__t274                      8.57844e-12
x2_n4__t180                        3.30118e-09
x2_n3__t15                                 4.5
gnd_drv__t200                      3.72167e-11
gnd_drv__t132                      8.79639e-12
x2_n5__t180                                4.5
out__t200                          3.43099e-09
out__t89                            3.4312e-09
x2_n5__t179                                4.5
gnd_drv__t273                       9.0347e-12
gnd_drv__t131                      9.28955e-12
x2_n5__t178                                4.5
out__t199                           3.4314e-09
out__t88                           3.43161e-09
x2_n5__t177                                4.5
gnd_drv__t272                      9.56094e-12
gnd_drv__t130                       9.8463e-12
x2_n5__t176                                4.5
out__t198                          3.43181e-09
out__t92                           3.43202e-09
x2_n5__t185                                4.5
gnd_drv__t276                      1.01431e-11
gnd_drv__t129                      1.04513e-11
x2_n5__t174                                4.5
out__t197                          3.43223e-09
out__t86                           3.43243e-09
x2_n5__t173                                4.5
gnd_drv__t270                      1.07684e-11
gnd_drv__t128                      1.10932e-11
x2_n5__t172                                4.5
out__t196                          3.43264e-09
out__t85                           3.43284e-09
x2_n5__t171                                4.5
gnd_drv__t269                      1.14255e-11
gnd_drv__t6                        3.69841e-11
x2_n3__t7                                  4.5
x2_n4__t181                        3.31058e-09
gnd_drv__t127                      1.17642e-11
x2_n5__t170                                4.5
out__t195                          3.43305e-09
out__t84                           3.43326e-09
x2_n5__t169                                4.5
gnd_drv__t268                      1.21079e-11
gnd_drv__t86                       1.24567e-11
x2_n5__t95                                 4.5
out__t155                          3.43346e-09
out__t45                           3.43367e-09
x2_n5__t87                                 4.5
gnd_drv__t229                      1.28105e-11
gnd_drv__t150                      1.31668e-11
x2_n5__t217                                4.5
out__t218                          3.43387e-09
out__t110                          3.41191e-09
x2_n5__t220                                4.5
gnd_drv__t8                         3.8452e-11
gnd_drv__t26                        3.8061e-11
x2_n5__t34                                 4.5
out__t126                           3.4121e-09
out__t14                            3.4123e-09
x2_n5__t26                                 4.5
gnd_drv__t165                      3.76711e-11
gnd_drv__t24                       3.72798e-11
x2_n5__t32                                 4.5
out__t124                           3.4125e-09
out__t17                            3.4127e-09
x2_n5__t31                                 4.5
gnd_drv__t168                      3.68897e-11
x2_n5__t747                                4.5
x2_n4__t54                         3.63595e-09
gnd_drv__t9                        3.26706e-12
gnd_drv__t23                       3.64981e-11
x2_n5__t30                                 4.5
out__t123                           3.4129e-09
out__t16                           3.41309e-09
x2_n5__t29                                 4.5
gnd_drv__t167                      3.61077e-11
gnd_drv__t22                       3.57171e-11
x2_n5__t28                                 4.5
out__t122                          3.41329e-09
out__t15                           3.41349e-09
x2_n5__t27                                 4.5
gnd_drv__t166                      3.53252e-11
gnd_drv__t27                       3.49343e-11
x2_n5__t35                                 4.5
out__t127                          3.41369e-09
out__t13                           3.41389e-09
x2_n5__t25                                 4.5
gnd_drv__t164                      3.45434e-11
gnd_drv__t21                       3.41523e-11
x2_n5__t24                                 4.5
out__t121                          3.41408e-09
out__t12                           3.41428e-09
x2_n5__t23                                 4.5
gnd_drv__t163                       3.3761e-11
gnd_drv__t20                       3.33709e-11
x2_n5__t22                                 4.5
out__t120                          3.41448e-09
out__t11                           3.41468e-09
x2_n5__t21                                 4.5
gnd_drv__t162                      3.29794e-11
gnd_drv__t77                       3.26675e-12
x2_n4__t51                         3.63595e-09
x2_n5__t772                                4.5
gnd_drv__t19                       3.25889e-11
x2_n5__t20                                 4.5
out__t119                          3.41488e-09
out__t10                           3.41507e-09
x2_n5__t19                                 4.5
gnd_drv__t161                      3.21972e-11
gnd_drv__t18                       3.18065e-11
x2_n5__t18                                 4.5
out__t118                          3.41527e-09
out__t27                           3.41547e-09
x2_n5__t54                                 4.5
gnd_drv__t178                      3.14144e-11
gnd_drv__t68                       3.10235e-11
x2_n5__t77                                 4.5
out__t147                          3.41567e-09
out__t35                           3.41587e-09
x2_n5__t69                                 4.5
gnd_drv__t191                      3.06324e-11
gnd_drv__t67                       3.02424e-11
x2_n5__t75                                 4.5
out__t146                          3.41607e-09
out__t38                           3.41627e-09
x2_n5__t74                                 4.5
gnd_drv__t213                       2.9851e-11
gnd_drv__t66                       2.94595e-11
x2_n5__t73                                 4.5
out__t145                          3.41647e-09
out__t37                           3.41666e-09
x2_n5__t72                                 4.5
gnd_drv__t212                      2.90691e-11
x2_n5__t746                                4.5
x2_n4__t50                         3.63595e-09
gnd_drv__t223                      3.26643e-12
gnd_drv__t65                       2.86774e-11
x2_n5__t71                                 4.5
out__t144                          3.41686e-09
out__t32                           3.41706e-09
x2_n5__t63                                 4.5
gnd_drv__t184                      2.82867e-11
gnd_drv__t40                       2.78959e-11
x2_n5__t62                                 4.5
out__t140                          3.41726e-09
out__t2                            3.41746e-09
x2_n5__t3                                  4.5
gnd_drv__t153                      2.75063e-11
gnd_drv__t17                       2.71152e-11
x2_n5__t17                                 4.5
out__t117                          3.41766e-09
out__t1                            3.41786e-09
x2_n5__t2                                  4.5
gnd_drv__t152                      2.67252e-11
gnd_drv__t39                       2.63339e-11
x2_n5__t60                                 4.5
out__t139                          3.41806e-09
out__t30                           3.41826e-09
x2_n5__t59                                 4.5
gnd_drv__t181                      2.59437e-11
gnd_drv__t38                       2.55546e-11
x2_n5__t58                                 4.5
out__t138                          3.41846e-09
out__t29                           3.41866e-09
x2_n5__t57                                 4.5
gnd_drv__t180                      2.51641e-11
gnd_drv__t76                       3.26612e-12
x2_n4__t49                         3.63595e-09
x2_n5__t771                                4.5
gnd_drv__t37                       2.47747e-11
x2_n5__t56                                 4.5
out__t137                          3.41886e-09
out__t28                           3.41906e-09
x2_n5__t55                                 4.5
gnd_drv__t179                      2.43852e-11
gnd_drv__t32                       2.39956e-11
x2_n5__t43                                 4.5
out__t132                          3.41926e-09
out__t26                           3.41946e-09
x2_n5__t53                                 4.5
gnd_drv__t177                      2.36071e-11
gnd_drv__t25                       2.32184e-11
x2_n5__t33                                 4.5
out__t125                          3.41966e-09
out__t9                            3.41986e-09
x2_n5__t16                                 4.5
gnd_drv__t160                      2.28297e-11
gnd_drv__t16                        2.2442e-11
x2_n5__t15                                 4.5
out__t116                          3.42006e-09
out__t8                            3.42026e-09
x2_n5__t14                                 4.5
gnd_drv__t159                      2.20542e-11
gnd_drv__t15                       2.16663e-11
x2_n5__t13                                 4.5
out__t115                          3.42046e-09
out__t7                            3.42066e-09
x2_n5__t12                                 4.5
gnd_drv__t158                      2.12795e-11
x2_n5__t745                                4.5
x2_n4__t48                         3.63595e-09
gnd_drv__t222                      3.26581e-12
gnd_drv__t14                       2.08925e-11
x2_n5__t11                                 4.5
out__t114                          3.42086e-09
out__t6                            3.42106e-09
x2_n5__t10                                 4.5
gnd_drv__t157                      2.05067e-11
gnd_drv__t13                       2.01208e-11
x2_n5__t9                                  4.5
out__t113                          3.42126e-09
out__t5                            3.42146e-09
x2_n5__t8                                  4.5
gnd_drv__t156                       1.9736e-11
gnd_drv__t12                        1.9351e-11
x2_n5__t7                                  4.5
out__t112                          3.42166e-09
out__t4                            3.42186e-09
x2_n5__t6                                  4.5
gnd_drv__t155                      1.89672e-11
gnd_drv__t11                       1.85845e-11
x2_n5__t5                                  4.5
out__t111                          3.42206e-09
out__t3                            3.42226e-09
x2_n5__t4                                  4.5
gnd_drv__t154                      1.82017e-11
gnd_drv__t120                      1.78212e-11
x2_n5__t159                                4.5
out__t189                          3.42246e-09
out__t80                           3.42266e-09
x2_n5__t160                                4.5
gnd_drv__t264                      1.74407e-11
x1_nb__t1                           8.8732e-10
x1_inb__t2                                2.97
gnd_logic__t2                      4.51692e-10
gnd_drv__t75                        3.2655e-12
x2_n4__t47                         3.63595e-09
x2_n5__t770                                4.5
x2_n5__t744                                4.5
x2_n4__t46                         3.63595e-09
gnd_drv__t221                      3.26518e-12
gnd_drv__t74                       3.26487e-12
x2_n4__t45                         3.63595e-09
x2_n5__t769                                4.5
x2_n5__t743                                4.5
x2_n4__t44                         3.63595e-09
gnd_drv__t220                      3.26456e-12
gnd_drv__t78                       3.26425e-12
x2_n4__t52                         3.63595e-09
x2_n5__t773                                4.5
x2_n5__t741                                4.5
x2_n4__t40                         3.63595e-09
gnd_drv__t218                      3.26394e-12
gnd_drv__t60                       3.26363e-12
x2_n4__t25                         3.63595e-09
x2_n5__t759                                4.5
x2_n5__t738                                4.5
x2_n4__t34                         3.63595e-09
gnd_drv__t215                      3.26332e-12
gnd_drv__t64                         3.263e-12
x2_n4__t31                         3.63595e-09
x2_n5__t763                                4.5
x2_n5__t735                                4.5
x2_n4__t30                         3.63595e-09
gnd_drv__t209                      3.26269e-12
x1_nca__t2                                 4.5
vdd_logic__t1                             2.97
x1_na__t1                              2.05813
gnd_drv__t61                       3.26238e-12
x2_n4__t26                         3.63595e-09
x2_n5__t760                                4.5
x2_n5__t742                                4.5
x2_n4__t41                         3.63595e-09
gnd_drv__t219                      3.26207e-12
gnd_drv__t71                       3.26176e-12
x2_n4__t38                         3.63595e-09
x2_n5__t766                                4.5
x2_n5__t737                                4.5
x2_n4__t33                         3.63595e-09
gnd_drv__t211                      3.26145e-12
gnd_drv__t63                       3.26115e-12
x2_n4__t29                         3.63595e-09
x2_n5__t762                                4.5
x2_n5__t740                                4.5
x2_n4__t39                         3.63595e-09
gnd_drv__t217                      3.26084e-12
gnd_drv__t62                       3.26053e-12
x2_n4__t28                         3.63595e-09
x2_n5__t761                                4.5
x2_n5__t734                                4.5
x2_n4__t27                         3.63595e-09
gnd_drv__t208                      3.26022e-12
gnd_drv__t72                       3.25991e-12
x2_n4__t42                         3.63595e-09
x2_n5__t767                                4.5
x2_n5__t733                                4.5
x2_n4__t24                         3.63595e-09
gnd_drv__t207                       3.2596e-12
x1_ncb__t2                         3.32131e-09
vdd_logic__t2                             2.97
x1_nb__t0                          2.38374e-09
gnd_drv__t73                        3.2593e-12
x2_n4__t43                         3.63595e-09
x2_n5__t768                                4.5
x2_n5__t721                                4.5
x2_n4__t1                          3.63595e-09
gnd_drv__t183                      3.25899e-12
gnd_drv__t44                       3.25868e-12
x2_n4__t2                          3.63595e-09
x2_n5__t748                                4.5
x2_n5__t730                                4.5
x2_n4__t20                         3.63595e-09
gnd_drv__t202                      3.25838e-12
gnd_drv__t47                       3.25807e-12
x2_n4__t9                          3.63595e-09
x2_n5__t751                                4.5
x2_n5__t725                                4.5
x2_n4__t8                          3.63595e-09
gnd_drv__t190                      3.25776e-12
gnd_drv__t70                       3.25746e-12
x2_n4__t37                         3.63595e-09
x2_n5__t765                                4.5
x2_n5__t739                                4.5
x2_n4__t36                         3.63595e-09
gnd_drv__t216                      3.25715e-12
gnd_drv__t69                       3.25685e-12
x2_n4__t35                         3.63595e-09
x2_n5__t764                                4.5
x2_n5__t736                                4.5
x2_n4__t32                         3.63595e-09
gnd_drv__t210                      3.25654e-12
x1_nbuf1__t1                               4.5
x1_ncb__t1                         4.28438e-09
gnd_drv__t0                        3.28244e-12
gnd_drv__t51                       3.25624e-12
x2_n4__t17                         3.63595e-09
x2_n5__t755                                4.5
x2_n5__t729                                4.5
x2_n4__t16                         3.63595e-09
gnd_drv__t195                      3.25594e-12
gnd_drv__t50                       3.25564e-12
x2_n4__t15                         3.63595e-09
x2_n5__t754                                4.5
x2_n5__t728                                4.5
x2_n4__t14                         3.63595e-09
gnd_drv__t194                      3.25533e-12
gnd_drv__t49                       3.25503e-12
x2_n4__t13                         3.63595e-09
x2_n5__t753                                4.5
x2_n5__t727                                4.5
x2_n4__t12                         3.63595e-09
gnd_drv__t193                      3.25473e-12
gnd_drv__t48                       3.25443e-12
x2_n4__t11                         3.63595e-09
x2_n5__t752                                4.5
x2_n5__t726                                4.5
x2_n4__t10                         3.63595e-09
gnd_drv__t192                      3.25413e-12
gnd_drv__t52                       3.25384e-12
x2_n4__t18                         3.63595e-09
x2_n5__t756                                4.5
x2_n5__t724                                4.5
x2_n4__t7                          3.63595e-09
gnd_drv__t189                      3.25354e-12
in_drv__t3                         1.13416e-09
x1_nbuf1__t3                               4.5
gnd_drv__t3                        4.91419e-11
gnd_drv__t46                       3.25324e-12
x2_n4__t6                          3.63595e-09
x2_n5__t750                                4.5
x2_n5__t723                                4.5
x2_n4__t5                          3.63595e-09
gnd_drv__t188                      3.25295e-12
gnd_drv__t45                       3.25265e-12
x2_n4__t4                          3.63595e-09
x2_n5__t749                                4.5
x2_n5__t722                                4.5
x2_n4__t3                          3.63595e-09
gnd_drv__t187                      3.25236e-12
gnd_drv__t57                       3.25207e-12
x2_n4__t19                         3.63595e-09
x2_n5__t757                                4.5
x2_n5__t732                                4.5
x2_n4__t23                         3.63595e-09
gnd_drv__t204                      3.25178e-12
gnd_drv__t59                       3.25149e-12
x2_n4__t22                         3.63595e-09
x2_n5__t758                                4.5
x2_n5__t731                                4.5
x2_n4__t21                         3.63595e-09
gnd_drv__t203                       3.2512e-12
gnd_drv__t121                      3.25091e-12
x2_n4__t53                         3.63595e-09
x2_n5__t774                                4.5
x2_n5__t0                                  4.5
x2_n4__t0                          3.63595e-09
gnd_drv__t10                       3.25063e-12
x2_n1__t3                                  4.5
in_drv__t2                         1.33671e-09
gnd_drv__t4                        3.25487e-12
gnd_drv__t83                       3.49898e-11
x2_n5__t89                                 4.5
out__t152                          3.44511e-09
out__t42                           3.44529e-09
x2_n5__t82                                 4.5
gnd_drv__t226                      3.53879e-11
gnd_drv__t81                       3.57859e-11
x2_n5__t84                                 4.5
out__t150                          3.44547e-09
out__t43                           3.44565e-09
x2_n5__t83                                 4.5
gnd_drv__t227                      3.61838e-11
gnd_drv__t79                       3.65816e-11
x2_n5__t79                                 4.5
out__t148                          3.44582e-09
out__t40                           3.44599e-09
x2_n5__t78                                 4.5
gnd_drv__t224                      3.69806e-11
gnd_drv__t91                       3.73783e-11
x2_n5__t104                                4.5
out__t160                          3.44616e-09
out__t56                           3.44632e-09
x2_n5__t111                                4.5
gnd_drv__t240                      3.77771e-11
gnd_drv__t95                       3.81745e-11
x2_n5__t110                                4.5
out__t164                          3.44647e-09
out__t41                           3.44662e-09
x2_n5__t81                                 4.5
gnd_drv__t225                      3.85731e-11
x2_n2__t0                          2.18298e-09
x2_n1__t0                                  4.5
gnd_drv__t1                        4.26777e-11
gnd_drv__t96                       3.89715e-11
x2_n5__t112                                4.5
out__t165                          3.44676e-09
out__t48                           3.44689e-09
x2_n5__t91                                 4.5
gnd_drv__t232                      3.93685e-11
gnd_drv__t104                      3.97666e-11
x2_n5__t130                                4.5
out__t173                          3.44701e-09
out__t66                           3.44711e-09
x2_n5__t129                                4.5
gnd_drv__t250                      4.01645e-11
gnd_drv__t103                      4.05622e-11
x2_n5__t128                                4.5
out__t172                          3.44721e-09
out__t65                           3.44729e-09
x2_n5__t127                                4.5
gnd_drv__t249                      4.09596e-11
gnd_drv__t102                      4.13568e-11
x2_n5__t126                                4.5
out__t171                          3.44735e-09
out__t64                           3.44739e-09
x2_n5__t125                                4.5
gnd_drv__t248                      4.17536e-11
gnd_drv__t101                      4.21502e-11
x2_n5__t124                                4.5
out__t170                          3.44741e-09
out__t63                           3.44741e-09
x2_n5__t123                                4.5
gnd_drv__t247                      4.25464e-11
x1_inb__t1                                2.97
in__t0                                       0
vdd_logic__t0                             2.97
vdd_logic                                 2.97
x1_nca__t0                                 4.5
x1_ncb__t3                         4.28438e-09
vdd_drv__t2                                4.5
vdd_drv                                    4.5
x1_ncb__t4                         4.32364e-09
x1_nca__t1                                 4.5
vdd_drv__t12                               4.5
x1_nbuf1__t0                               4.5
x1_ncb__t0                         4.28438e-09
vdd_drv__t0                                4.5
in_drv__t0                         2.51358e-09
x1_nbuf1__t2                               4.5
vdd_drv__t1                                4.5
x2_n1__t2                                  4.5
in_drv__t1                         1.33671e-09
vdd_drv__t6                                4.5
x2_n2__t3                          3.68982e-09
x2_n1__t1                                  4.5
vdd_drv__t5                                4.5
x2_n3__t0                                  4.5
x2_n2__t1                          2.77833e-09
vdd_drv__t3                                4.5
x2_n4__t207                        3.88408e-09
x2_n3__t2                                  4.5
vdd_drv__t4                                4.5
vdd_drv__t555                              4.5
x2_n3__t3                                  4.5
x2_n4__t206                        3.88033e-09
x2_n4__t196                        3.87661e-09
x2_n3__t30                                 4.5
vdd_drv__t554                              4.5
vdd_drv__t235                              4.5
x2_n3__t29                                 4.5
x2_n4__t213                        3.87293e-09
x2_n4__t195                        3.86927e-09
x2_n3__t28                                 4.5
vdd_drv__t553                              4.5
vdd_drv__t234                              4.5
x2_n3__t27                                 4.5
x2_n4__t212                        3.86566e-09
x2_n4__t194                        3.86208e-09
x2_n3__t26                                 4.5
vdd_drv__t552                              4.5
vdd_drv__t252                              4.5
x2_n3__t44                                 4.5
x2_n4__t220                        3.85854e-09
x2_n4__t204                        3.85503e-09
x2_n3__t43                                 4.5
vdd_drv__t574                              4.5
vdd_drv__t251                              4.5
x2_n3__t42                                 4.5
x2_n4__t219                        3.85157e-09
x2_n4__t205                        3.84816e-09
x2_n3__t45                                 4.5
vdd_drv__t578                              4.5
vdd_drv__t250                              4.5
x2_n3__t41                                 4.5
x2_n4__t218                        3.84479e-09
x2_n4__t203                        3.84147e-09
x2_n3__t40                                 4.5
vdd_drv__t572                              4.5
vdd_drv__t221                              4.5
x2_n3__t19                                 4.5
x2_n4__t208                        3.83821e-09
x2_n4__t199                        3.83499e-09
x2_n3__t36                                 4.5
vdd_drv__t569                              4.5
vdd_drv__t248                              4.5
x2_n3__t35                                 4.5
x2_n4__t216                        3.83183e-09
x2_n4__t198                        3.82874e-09
x2_n3__t34                                 4.5
vdd_drv__t568                              4.5
vdd_drv__t247                              4.5
x2_n3__t33                                 4.5
x2_n4__t215                         3.8257e-09
x2_n4__t197                        3.82273e-09
x2_n3__t32                                 4.5
vdd_drv__t562                              4.5
vdd_drv__t226                              4.5
x2_n3__t25                                 4.5
x2_n4__t211                        3.81983e-09
x2_n4__t193                          3.817e-09
x2_n3__t24                                 4.5
vdd_drv__t546                              4.5
vdd_drv__t225                              4.5
x2_n3__t23                                 4.5
x2_n4__t210                        3.81424e-09
x2_n4__t192                        3.81157e-09
x2_n3__t22                                 4.5
vdd_drv__t545                              4.5
vdd_drv__t224                              4.5
x2_n3__t21                                 4.5
x2_n4__t209                        3.80897e-09
x2_n4__t191                        3.80647e-09
x2_n3__t20                                 4.5
vdd_drv__t544                              4.5
vdd_drv__t236                              4.5
x2_n3__t31                                 4.5
x2_n4__t214                        3.80405e-09
x2_n4__t202                        3.80173e-09
x2_n3__t39                                 4.5
vdd_drv__t571                              4.5
vdd_drv__t249                              4.5
x2_n3__t38                                 4.5
x2_n4__t217                         3.7995e-09
x2_n4__t200                        3.79738e-09
x2_n3__t37                                 4.5
vdd_drv__t570                              4.5
vdd_drv__t7                                4.5
x2_n3__t4                                  4.5
x2_n4__t201                        3.79536e-09
vdd_drv__t254                              4.5
x2_n4__t135                        3.63595e-09
x2_n5__t876                                4.5
x2_n5__t776                                4.5
x2_n4__t56                         3.63595e-09
vdd_drv__t372                              4.5
vdd_drv__t280                              4.5
x2_n4__t148                        3.63595e-09
x2_n5__t883                                4.5
x2_n5__t784                                4.5
x2_n4__t73                         3.63595e-09
vdd_drv__t393                              4.5
vdd_drv__t284                              4.5
x2_n4__t155                        3.63595e-09
x2_n5__t887                                4.5
x2_n5__t824                                4.5
x2_n4__t154                        3.63595e-09
vdd_drv__t607                              4.5
vdd_drv__t282                              4.5
x2_n4__t150                        3.63595e-09
x2_n5__t885                                4.5
x2_n5__t816                                4.5
x2_n4__t136                        3.63595e-09
vdd_drv__t583                              4.5
vdd_drv__t72                               4.5
x2_n4__t74                         3.63595e-09
x2_n5__t846                                4.5
x2_n5__t783                                4.5
x2_n4__t72                         3.63595e-09
vdd_drv__t392                              4.5
vdd_drv__t71                               4.5
x2_n4__t71                         3.63595e-09
x2_n5__t845                                4.5
x2_n5__t782                                4.5
x2_n4__t70                         3.63595e-09
vdd_drv__t391                              4.5
vdd_drv__t70                               4.5
x2_n4__t69                         3.63595e-09
x2_n5__t844                                4.5
x2_n5__t781                                4.5
x2_n4__t68                         3.63595e-09
vdd_drv__t390                              4.5
vdd_drv__t69                               4.5
x2_n4__t67                         3.63595e-09
x2_n5__t843                                4.5
x2_n5__t785                                4.5
x2_n4__t75                         3.63595e-09
vdd_drv__t395                              4.5
vdd_drv__t68                               4.5
x2_n4__t66                         3.63595e-09
x2_n5__t842                                4.5
x2_n5__t780                                4.5
x2_n4__t65                         3.63595e-09
vdd_drv__t388                              4.5
vdd_drv__t67                               4.5
x2_n4__t64                         3.63595e-09
x2_n5__t841                                4.5
x2_n5__t779                                4.5
x2_n4__t63                         3.63595e-09
vdd_drv__t387                              4.5
vdd_drv__t66                               4.5
x2_n4__t62                         3.63595e-09
x2_n5__t840                                4.5
x2_n5__t778                                4.5
x2_n4__t61                         3.63595e-09
vdd_drv__t386                              4.5
vdd_drv__t65                               4.5
x2_n4__t60                         3.63595e-09
x2_n5__t839                                4.5
x2_n5__t777                                4.5
x2_n4__t59                         3.63595e-09
vdd_drv__t385                              4.5
vdd_drv__t64                               4.5
x2_n4__t58                         3.63595e-09
x2_n5__t838                                4.5
x2_n5__t786                                4.5
x2_n4__t76                         3.63595e-09
vdd_drv__t466                              4.5
vdd_drv__t306                              4.5
x2_n4__t175                        3.63595e-09
x2_n5__t896                                4.5
x2_n5__t819                                4.5
x2_n4__t141                        3.63595e-09
vdd_drv__t602                              4.5
vdd_drv__t281                              4.5
x2_n4__t149                        3.63595e-09
x2_n5__t884                                4.5
x2_n5__t822                                4.5
x2_n4__t151                        3.63595e-09
vdd_drv__t605                              4.5
vdd_drv__t283                              4.5
x2_n4__t152                        3.63595e-09
x2_n5__t886                                4.5
x2_n5__t823                                4.5
x2_n4__t153                        3.63595e-09
vdd_drv__t606                              4.5
vdd_drv__t53                               4.5
x2_n4__t57                         3.63595e-09
x2_n5__t837                                4.5
x2_n5__t827                                4.5
x2_n4__t160                        3.63595e-09
vdd_drv__t611                              4.5
vdd_drv__t286                              4.5
x2_n4__t158                        3.63595e-09
x2_n5__t888                                4.5
x2_n5__t821                                4.5
x2_n4__t147                        3.63595e-09
vdd_drv__t604                              4.5
vdd_drv__t277                              4.5
x2_n4__t144                        3.63595e-09
x2_n5__t880                                4.5
x2_n5__t820                                4.5
x2_n4__t143                        3.63595e-09
vdd_drv__t603                              4.5
vdd_drv__t276                              4.5
x2_n4__t142                        3.63595e-09
x2_n5__t879                                4.5
x2_n5__t829                                4.5
x2_n4__t163                        3.63595e-09
vdd_drv__t613                              4.5
vdd_drv__t288                              4.5
x2_n4__t162                        3.63595e-09
x2_n5__t890                                4.5
x2_n5__t828                                4.5
x2_n4__t161                        3.63595e-09
vdd_drv__t612                              4.5
vdd_drv__t287                              4.5
x2_n4__t159                        3.63595e-09
x2_n5__t889                                4.5
x2_n5__t825                                4.5
x2_n4__t156                        3.63595e-09
vdd_drv__t608                              4.5
vdd_drv__t278                              4.5
x2_n4__t145                        3.63595e-09
x2_n5__t881                                4.5
x2_n5__t818                                4.5
x2_n4__t140                        3.63595e-09
vdd_drv__t601                              4.5
vdd_drv__t275                              4.5
x2_n4__t139                        3.63595e-09
x2_n5__t878                                4.5
x2_n5__t817                                4.5
x2_n4__t138                        3.63595e-09
vdd_drv__t600                              4.5
vdd_drv__t274                              4.5
x2_n4__t137                        3.63595e-09
x2_n5__t877                                4.5
x2_n5__t830                                4.5
x2_n4__t164                        3.63595e-09
vdd_drv__t614                              4.5
vdd_drv__t293                              4.5
x2_n4__t173                        3.63595e-09
x2_n5__t895                                4.5
x2_n5__t834                                4.5
x2_n4__t172                        3.63595e-09
vdd_drv__t618                              4.5
vdd_drv__t292                              4.5
x2_n4__t171                        3.63595e-09
x2_n5__t894                                4.5
x2_n5__t833                                4.5
x2_n4__t170                        3.63595e-09
vdd_drv__t617                              4.5
vdd_drv__t291                              4.5
x2_n4__t169                        3.63595e-09
x2_n5__t893                                4.5
x2_n5__t832                                4.5
x2_n4__t168                        3.63595e-09
vdd_drv__t616                              4.5
vdd_drv__t290                              4.5
x2_n4__t167                        3.63595e-09
x2_n5__t892                                4.5
x2_n5__t831                                4.5
x2_n4__t166                        3.63595e-09
vdd_drv__t615                              4.5
vdd_drv__t289                              4.5
x2_n4__t165                        3.63595e-09
x2_n5__t891                                4.5
x2_n5__t835                                4.5
x2_n4__t174                        3.63595e-09
vdd_drv__t619                              4.5
vdd_drv__t9                                4.5
x2_n4__t55                         3.63595e-09
x2_n5__t775                                4.5
x2_n5__t836                                4.5
x2_n4__t176                        3.63595e-09
vdd_drv__t11                               4.5
vdd_drv__t182                              4.5
x2_n4__t84                         3.63595e-09
x2_n5__t851                                4.5
x2_n5__t806                                4.5
x2_n4__t115                        3.63595e-09
vdd_drv__t527                              4.5
vdd_drv__t205                              4.5
x2_n4__t114                        3.63595e-09
x2_n5__t865                                4.5
x2_n5__t805                                4.5
x2_n4__t113                        3.63595e-09
vdd_drv__t526                              4.5
vdd_drv__t204                              4.5
x2_n4__t112                        3.63595e-09
x2_n5__t864                                4.5
x2_n5__t804                                4.5
x2_n4__t111                        3.63595e-09
vdd_drv__t525                              4.5
vdd_drv__t203                              4.5
x2_n4__t110                        3.63595e-09
x2_n5__t863                                4.5
x2_n5__t803                                4.5
x2_n4__t109                        3.63595e-09
vdd_drv__t524                              4.5
vdd_drv__t202                              4.5
x2_n4__t108                        3.63595e-09
x2_n5__t862                                4.5
x2_n5__t802                                4.5
x2_n4__t107                        3.63595e-09
vdd_drv__t523                              4.5
vdd_drv__t206                              4.5
x2_n4__t116                        3.63595e-09
x2_n5__t866                                4.5
x2_n5__t801                                4.5
x2_n4__t106                        3.63595e-09
vdd_drv__t521                              4.5
vdd_drv__t201                              4.5
x2_n4__t105                        3.63595e-09
x2_n5__t861                                4.5
x2_n5__t800                                4.5
x2_n4__t104                        3.63595e-09
vdd_drv__t520                              4.5
vdd_drv__t200                              4.5
x2_n4__t103                        3.63595e-09
x2_n5__t860                                4.5
x2_n5__t799                                4.5
x2_n4__t102                        3.63595e-09
vdd_drv__t519                              4.5
vdd_drv__t199                              4.5
x2_n4__t101                        3.63595e-09
x2_n5__t859                                4.5
x2_n5__t798                                4.5
x2_n4__t100                        3.63595e-09
vdd_drv__t518                              4.5
vdd_drv__t198                              4.5
x2_n4__t99                         3.63595e-09
x2_n5__t858                                4.5
x2_n5__t797                                4.5
x2_n4__t98                         3.63595e-09
vdd_drv__t517                              4.5
vdd_drv__t211                              4.5
x2_n4__t117                        3.63595e-09
x2_n5__t867                                4.5
x2_n5__t810                                4.5
x2_n4__t125                        3.63595e-09
vdd_drv__t537                              4.5
vdd_drv__t215                              4.5
x2_n4__t124                        3.63595e-09
x2_n5__t871                                4.5
x2_n5__t809                                4.5
x2_n4__t123                        3.63595e-09
vdd_drv__t536                              4.5
vdd_drv__t214                              4.5
x2_n4__t122                        3.63595e-09
x2_n5__t870                                4.5
x2_n5__t808                                4.5
x2_n4__t121                        3.63595e-09
vdd_drv__t535                              4.5
vdd_drv__t213                              4.5
x2_n4__t120                        3.63595e-09
x2_n5__t869                                4.5
x2_n5__t807                                4.5
x2_n4__t119                        3.63595e-09
vdd_drv__t534                              4.5
vdd_drv__t212                              4.5
x2_n4__t118                        3.63595e-09
x2_n5__t868                                4.5
x2_n5__t826                                4.5
x2_n4__t157                        3.63595e-09
vdd_drv__t609                              4.5
vdd_drv__t279                              4.5
x2_n4__t146                        3.63595e-09
x2_n5__t882                                4.5
x2_n5__t813                                4.5
x2_n4__t130                        3.63595e-09
vdd_drv__t564                              4.5
vdd_drv__t242                              4.5
x2_n4__t129                        3.63595e-09
x2_n5__t873                                4.5
x2_n5__t812                                4.5
x2_n4__t128                        3.63595e-09
vdd_drv__t563                              4.5
vdd_drv__t246                              4.5
x2_n4__t131                        3.63595e-09
x2_n5__t874                                4.5
x2_n5__t811                                4.5
x2_n4__t127                        3.63595e-09
vdd_drv__t561                              4.5
vdd_drv__t241                              4.5
x2_n4__t126                        3.63595e-09
x2_n5__t872                                4.5
x2_n5__t815                                4.5
x2_n4__t134                        3.63595e-09
vdd_drv__t576                              4.5
vdd_drv__t253                              4.5
x2_n4__t133                        3.63595e-09
x2_n5__t875                                4.5
x2_n5__t814                                4.5
x2_n4__t132                        3.63595e-09
vdd_drv__t575                              4.5
vdd_drv__t180                              4.5
x2_n4__t83                         3.63595e-09
x2_n5__t850                                4.5
x2_n5__t789                                4.5
x2_n4__t82                         3.63595e-09
vdd_drv__t501                              4.5
vdd_drv__t179                              4.5
x2_n4__t81                         3.63595e-09
x2_n5__t849                                4.5
x2_n5__t788                                4.5
x2_n4__t80                         3.63595e-09
vdd_drv__t500                              4.5
vdd_drv__t178                              4.5
x2_n4__t79                         3.63595e-09
x2_n5__t848                                4.5
x2_n5__t787                                4.5
x2_n4__t78                         3.63595e-09
vdd_drv__t498                              4.5
vdd_drv__t177                              4.5
x2_n4__t77                         3.63595e-09
x2_n5__t847                                4.5
x2_n5__t791                                4.5
x2_n4__t87                         3.63595e-09
vdd_drv__t511                              4.5
vdd_drv__t197                              4.5
x2_n4__t96                         3.63595e-09
x2_n5__t857                                4.5
x2_n5__t795                                4.5
x2_n4__t95                         3.63595e-09
vdd_drv__t515                              4.5
vdd_drv__t196                              4.5
x2_n4__t94                         3.63595e-09
x2_n5__t856                                4.5
x2_n5__t794                                4.5
x2_n4__t93                         3.63595e-09
vdd_drv__t514                              4.5
vdd_drv__t195                              4.5
x2_n4__t92                         3.63595e-09
x2_n5__t855                                4.5
x2_n5__t793                                4.5
x2_n4__t91                         3.63595e-09
vdd_drv__t513                              4.5
vdd_drv__t194                              4.5
x2_n4__t90                         3.63595e-09
x2_n5__t854                                4.5
x2_n5__t792                                4.5
x2_n4__t89                         3.63595e-09
vdd_drv__t512                              4.5
vdd_drv__t193                              4.5
x2_n4__t88                         3.63595e-09
x2_n5__t853                                4.5
x2_n5__t796                                4.5
x2_n4__t97                         3.63595e-09
vdd_drv__t516                              4.5
vdd_drv__t192                              4.5
x2_n4__t86                         3.63595e-09
x2_n5__t852                                4.5
x2_n5__t790                                4.5
x2_n4__t85                         3.63595e-09
vdd_drv__t510                              4.5
vdd_drv__t229                              4.5
x2_n5__t576                                4.5
out__t648                          3.46712e-09
out__t384                          3.46719e-09
x2_n5__t551                                4.5
vdd_drv__t529                              4.5
vdd_drv__t208                              4.5
x2_n5__t550                                4.5
out__t636                          3.46727e-09
out__t398                          3.46735e-09
x2_n5__t577                                4.5
vdd_drv__t550                              4.5
vdd_drv__t230                              4.5
x2_n5__t578                                4.5
out__t649                          3.46743e-09
out__t399                          3.46751e-09
x2_n5__t579                                4.5
vdd_drv__t551                              4.5
vdd_drv__t231                              4.5
x2_n5__t580                                4.5
out__t650                          3.46759e-09
out__t401                          3.46767e-09
x2_n5__t584                                4.5
vdd_drv__t557                              4.5
vdd_drv__t233                              4.5
x2_n5__t582                                4.5
out__t652                          3.46775e-09
out__t400                          3.46782e-09
x2_n5__t583                                4.5
vdd_drv__t556                              4.5
vdd_drv__t232                              4.5
x2_n5__t581                                4.5
out__t651                           3.4679e-09
out__t389                          3.46798e-09
x2_n5__t559                                4.5
vdd_drv__t538                              4.5
vdd_drv__t217                              4.5
x2_n5__t560                                4.5
out__t640                          3.46806e-09
out__t390                          3.46814e-09
x2_n5__t561                                4.5
vdd_drv__t539                              4.5
vdd_drv__t218                              4.5
x2_n5__t562                                4.5
out__t641                          3.46822e-09
out__t391                           3.4683e-09
x2_n5__t563                                4.5
vdd_drv__t540                              4.5
vdd_drv__t219                              4.5
x2_n5__t564                                4.5
out__t642                          3.46837e-09
out__t392                          3.46845e-09
x2_n5__t565                                4.5
vdd_drv__t541                              4.5
vdd_drv__t220                              4.5
x2_n5__t566                                4.5
out__t643                          3.46853e-09
out__t395                          3.46861e-09
x2_n5__t571                                4.5
vdd_drv__t547                              4.5
vdd_drv__t222                              4.5
x2_n5__t568                                4.5
out__t644                          3.46869e-09
out__t394                          3.46877e-09
x2_n5__t569                                4.5
vdd_drv__t543                              4.5
vdd_drv__t223                              4.5
x2_n5__t570                                4.5
out__t645                          3.46884e-09
out__t409                          3.46892e-09
x2_n5__t599                                4.5
vdd_drv__t577                              4.5
vdd_drv__t255                              4.5
x2_n5__t600                                4.5
out__t660                            3.469e-09
out__t408                          3.46908e-09
x2_n5__t598                                4.5
vdd_drv__t573                              4.5
vdd_drv__t237                              4.5
x2_n5__t585                                4.5
out__t653                          3.46916e-09
out__t402                          3.46924e-09
x2_n5__t586                                4.5
vdd_drv__t558                              4.5
vdd_drv__t238                              4.5
x2_n5__t587                                4.5
out__t654                          3.46932e-09
out__t403                          3.46939e-09
x2_n5__t588                                4.5
vdd_drv__t559                              4.5
vdd_drv__t239                              4.5
x2_n5__t589                                4.5
out__t655                          3.46947e-09
out__t404                          3.46955e-09
x2_n5__t590                                4.5
vdd_drv__t560                              4.5
vdd_drv__t240                              4.5
x2_n5__t591                                4.5
out__t656                          3.46963e-09
out__t405                          3.46971e-09
x2_n5__t592                                4.5
vdd_drv__t565                              4.5
vdd_drv__t243                              4.5
x2_n5__t593                                4.5
out__t657                          3.46979e-09
out__t406                          3.46987e-09
x2_n5__t594                                4.5
vdd_drv__t566                              4.5
vdd_drv__t244                              4.5
x2_n5__t595                                4.5
out__t658                          3.46994e-09
out__t407                          3.47002e-09
x2_n5__t596                                4.5
vdd_drv__t567                              4.5
vdd_drv__t245                              4.5
x2_n5__t597                                4.5
out__t659                           3.4701e-09
out__t393                          3.47018e-09
x2_n5__t567                                4.5
vdd_drv__t542                              4.5
vdd_drv__t188                              4.5
x2_n5__t540                                4.5
out__t631                          3.47026e-09
out__t379                          3.47034e-09
x2_n5__t541                                4.5
vdd_drv__t507                              4.5
vdd_drv__t189                              4.5
x2_n5__t542                                4.5
out__t632                          3.47042e-09
out__t380                          3.47049e-09
x2_n5__t543                                4.5
vdd_drv__t508                              4.5
vdd_drv__t190                              4.5
x2_n5__t544                                4.5
out__t633                          3.47057e-09
out__t381                          3.47065e-09
x2_n5__t545                                4.5
vdd_drv__t509                              4.5
vdd_drv__t191                              4.5
x2_n5__t546                                4.5
out__t634                          3.47073e-09
out__t373                          3.47081e-09
x2_n5__t528                                4.5
vdd_drv__t499                              4.5
vdd_drv__t181                              4.5
x2_n5__t529                                4.5
out__t625                          3.47089e-09
out__t378                          3.47097e-09
x2_n5__t539                                4.5
vdd_drv__t506                              4.5
vdd_drv__t183                              4.5
x2_n5__t530                                4.5
out__t626                          3.47104e-09
out__t374                          3.47112e-09
x2_n5__t531                                4.5
vdd_drv__t502                              4.5
vdd_drv__t184                              4.5
x2_n5__t532                                4.5
out__t627                           3.4712e-09
out__t375                          3.47128e-09
x2_n5__t533                                4.5
vdd_drv__t503                              4.5
vdd_drv__t185                              4.5
x2_n5__t534                                4.5
out__t628                          3.47136e-09
out__t376                          3.47144e-09
x2_n5__t535                                4.5
vdd_drv__t504                              4.5
vdd_drv__t186                              4.5
x2_n5__t536                                4.5
out__t629                          3.47152e-09
out__t377                          3.47159e-09
x2_n5__t537                                4.5
vdd_drv__t505                              4.5
vdd_drv__t187                              4.5
x2_n5__t538                                4.5
out__t630                          3.47167e-09
out__t382                          3.47175e-09
x2_n5__t547                                4.5
vdd_drv__t522                              4.5
vdd_drv__t207                              4.5
x2_n5__t548                                4.5
out__t635                          3.47183e-09
out__t383                          3.47191e-09
x2_n5__t549                                4.5
vdd_drv__t528                              4.5
vdd_drv__t8                                4.5
x2_n5__t221                                4.5
out__t220                          3.47199e-09
out__t416                          3.46233e-09
x2_n5__t613                                4.5
vdd_drv__t586                              4.5
vdd_drv__t263                              4.5
x2_n5__t616                                4.5
out__t668                           3.4624e-09
out__t385                          3.46248e-09
x2_n5__t552                                4.5
vdd_drv__t530                              4.5
vdd_drv__t209                              4.5
x2_n5__t553                                4.5
out__t637                          3.46256e-09
out__t386                          3.46264e-09
x2_n5__t554                                4.5
vdd_drv__t531                              4.5
vdd_drv__t210                              4.5
x2_n5__t555                                4.5
out__t638                          3.46272e-09
out__t387                           3.4628e-09
x2_n5__t556                                4.5
vdd_drv__t532                              4.5
vdd_drv__t216                              4.5
x2_n5__t558                                4.5
out__t639                          3.46288e-09
out__t388                          3.46295e-09
x2_n5__t557                                4.5
vdd_drv__t533                              4.5
vdd_drv__t305                              4.5
x2_n5__t662                                4.5
out__t691                          3.46303e-09
out__t441                          3.46311e-09
x2_n5__t663                                4.5
vdd_drv__t630                              4.5
vdd_drv__t309                              4.5
x2_n5__t670                                4.5
out__t694                          3.46319e-09
out__t446                          3.46327e-09
x2_n5__t671                                4.5
vdd_drv__t635                              4.5
vdd_drv__t310                              4.5
x2_n5__t672                                4.5
out__t695                          3.46335e-09
out__t447                          3.46343e-09
x2_n5__t673                                4.5
vdd_drv__t636                              4.5
vdd_drv__t311                              4.5
x2_n5__t674                                4.5
out__t696                           3.4635e-09
out__t448                          3.46358e-09
x2_n5__t675                                4.5
vdd_drv__t637                              4.5
vdd_drv__t312                              4.5
x2_n5__t676                                4.5
out__t697                          3.46366e-09
out__t449                          3.46374e-09
x2_n5__t677                                4.5
vdd_drv__t638                              4.5
vdd_drv__t313                              4.5
x2_n5__t678                                4.5
out__t698                          3.46382e-09
out__t445                           3.4639e-09
x2_n5__t669                                4.5
vdd_drv__t634                              4.5
vdd_drv__t294                              4.5
x2_n5__t641                                4.5
out__t680                          3.46398e-09
out__t431                          3.46405e-09
x2_n5__t642                                4.5
vdd_drv__t620                              4.5
vdd_drv__t295                              4.5
x2_n5__t643                                4.5
out__t681                          3.46413e-09
out__t432                          3.46421e-09
x2_n5__t644                                4.5
vdd_drv__t621                              4.5
vdd_drv__t296                              4.5
x2_n5__t645                                4.5
out__t682                          3.46429e-09
out__t433                          3.46437e-09
x2_n5__t646                                4.5
vdd_drv__t622                              4.5
vdd_drv__t297                              4.5
x2_n5__t647                                4.5
out__t683                          3.46445e-09
out__t434                          3.46452e-09
x2_n5__t648                                4.5
vdd_drv__t623                              4.5
vdd_drv__t298                              4.5
x2_n5__t649                                4.5
out__t684                           3.4646e-09
out__t439                          3.46468e-09
x2_n5__t660                                4.5
vdd_drv__t628                              4.5
vdd_drv__t300                              4.5
x2_n5__t651                                4.5
out__t686                          3.46476e-09
out__t435                          3.46484e-09
x2_n5__t652                                4.5
vdd_drv__t624                              4.5
vdd_drv__t301                              4.5
x2_n5__t653                                4.5
out__t687                          3.46492e-09
out__t436                            3.465e-09
x2_n5__t654                                4.5
vdd_drv__t625                              4.5
vdd_drv__t302                              4.5
x2_n5__t655                                4.5
out__t688                          3.46507e-09
out__t437                          3.46515e-09
x2_n5__t656                                4.5
vdd_drv__t626                              4.5
vdd_drv__t273                              4.5
x2_n5__t638                                4.5
out__t678                          3.46523e-09
out__t425                          3.46531e-09
x2_n5__t629                                4.5
vdd_drv__t595                              4.5
vdd_drv__t269                              4.5
x2_n5__t630                                4.5
out__t674                          3.46539e-09
out__t426                          3.46547e-09
x2_n5__t631                                4.5
vdd_drv__t596                              4.5
vdd_drv__t270                              4.5
x2_n5__t632                                4.5
out__t675                          3.46555e-09
out__t427                          3.46562e-09
x2_n5__t633                                4.5
vdd_drv__t597                              4.5
vdd_drv__t271                              4.5
x2_n5__t634                                4.5
out__t676                           3.4657e-09
out__t428                          3.46578e-09
x2_n5__t635                                4.5
vdd_drv__t598                              4.5
vdd_drv__t272                              4.5
x2_n5__t636                                4.5
out__t677                          3.46586e-09
out__t429                          3.46594e-09
x2_n5__t637                                4.5
vdd_drv__t599                              4.5
vdd_drv__t268                              4.5
x2_n5__t628                                4.5
out__t673                          3.46602e-09
out__t410                           3.4661e-09
x2_n5__t601                                4.5
vdd_drv__t579                              4.5
vdd_drv__t256                              4.5
x2_n5__t602                                4.5
out__t661                          3.46617e-09
out__t411                          3.46625e-09
x2_n5__t603                                4.5
vdd_drv__t580                              4.5
vdd_drv__t257                              4.5
x2_n5__t604                                4.5
out__t662                          3.46633e-09
out__t412                          3.46641e-09
x2_n5__t605                                4.5
vdd_drv__t581                              4.5
vdd_drv__t258                              4.5
x2_n5__t606                                4.5
out__t663                          3.46649e-09
out__t413                          3.46657e-09
x2_n5__t607                                4.5
vdd_drv__t582                              4.5
vdd_drv__t259                              4.5
x2_n5__t608                                4.5
out__t664                          3.46665e-09
out__t419                          3.46672e-09
x2_n5__t618                                4.5
vdd_drv__t589                              4.5
vdd_drv__t260                              4.5
x2_n5__t609                                4.5
out__t665                           3.4668e-09
out__t414                          3.46688e-09
x2_n5__t610                                4.5
vdd_drv__t584                              4.5
vdd_drv__t261                              4.5
x2_n5__t611                                4.5
out__t666                          3.46696e-09
out__t415                          3.46704e-09
x2_n5__t612                                4.5
vdd_drv__t585                              4.5
vdd_drv__t228                              4.5
x2_n5__t574                                4.5
out__t647                          3.46225e-09
out__t418                           3.4573e-09
x2_n5__t617                                4.5
vdd_drv__t588                              4.5
vdd_drv__t285                              4.5
x2_n5__t639                                4.5
out__t679                          3.45738e-09
out__t430                          3.45746e-09
x2_n5__t640                                4.5
vdd_drv__t610                              4.5
vdd_drv__t56                               4.5
x2_n5__t304                                4.5
out__t513                          3.45754e-09
out__t261                          3.45762e-09
x2_n5__t305                                4.5
vdd_drv__t376                              4.5
vdd_drv__t57                               4.5
x2_n5__t306                                4.5
out__t514                          3.45769e-09
out__t262                          3.45777e-09
x2_n5__t307                                4.5
vdd_drv__t377                              4.5
vdd_drv__t58                               4.5
x2_n5__t308                                4.5
out__t515                          3.45785e-09
out__t263                          3.45793e-09
x2_n5__t309                                4.5
vdd_drv__t378                              4.5
vdd_drv__t63                               4.5
x2_n5__t320                                4.5
out__t520                          3.45801e-09
out__t265                          3.45809e-09
x2_n5__t311                                4.5
vdd_drv__t380                              4.5
vdd_drv__t59                               4.5
x2_n5__t312                                4.5
out__t516                          3.45816e-09
out__t266                          3.45824e-09
x2_n5__t313                                4.5
vdd_drv__t381                              4.5
vdd_drv__t60                               4.5
x2_n5__t314                                4.5
out__t517                          3.45832e-09
out__t267                           3.4584e-09
x2_n5__t315                                4.5
vdd_drv__t382                              4.5
vdd_drv__t61                               4.5
x2_n5__t316                                4.5
out__t518                          3.45848e-09
out__t268                          3.45856e-09
x2_n5__t317                                4.5
vdd_drv__t383                              4.5
vdd_drv__t62                               4.5
x2_n5__t318                                4.5
out__t519                          3.45864e-09
out__t269                          3.45871e-09
x2_n5__t319                                4.5
vdd_drv__t384                              4.5
vdd_drv__t79                               4.5
x2_n5__t333                                4.5
out__t527                          3.45879e-09
out__t281                          3.45887e-09
x2_n5__t344                                4.5
vdd_drv__t405                              4.5
vdd_drv__t85                               4.5
x2_n5__t345                                4.5
out__t533                          3.45895e-09
out__t282                          3.45903e-09
x2_n5__t346                                4.5
vdd_drv__t406                              4.5
vdd_drv__t86                               4.5
x2_n5__t347                                4.5
out__t534                          3.45911e-09
out__t283                          3.45919e-09
x2_n5__t348                                4.5
vdd_drv__t407                              4.5
vdd_drv__t87                               4.5
x2_n5__t349                                4.5
out__t535                          3.45926e-09
out__t284                          3.45934e-09
x2_n5__t350                                4.5
vdd_drv__t408                              4.5
vdd_drv__t88                               4.5
x2_n5__t351                                4.5
out__t536                          3.45942e-09
out__t235                           3.4595e-09
x2_n5__t250                                4.5
vdd_drv__t349                              4.5
vdd_drv__t13                               4.5
x2_n5__t222                                4.5
out__t471                          3.45958e-09
out__t221                          3.45966e-09
x2_n5__t223                                4.5
vdd_drv__t335                              4.5
vdd_drv__t14                               4.5
x2_n5__t224                                4.5
out__t472                          3.45973e-09
out__t222                          3.45981e-09
x2_n5__t225                                4.5
vdd_drv__t336                              4.5
vdd_drv__t15                               4.5
x2_n5__t226                                4.5
out__t473                          3.45989e-09
out__t223                          3.45997e-09
x2_n5__t227                                4.5
vdd_drv__t337                              4.5
vdd_drv__t16                               4.5
x2_n5__t228                                4.5
out__t474                          3.46005e-09
out__t224                          3.46013e-09
x2_n5__t229                                4.5
vdd_drv__t338                              4.5
vdd_drv__t17                               4.5
x2_n5__t230                                4.5
out__t475                          3.46021e-09
out__t229                          3.46028e-09
x2_n5__t239                                4.5
vdd_drv__t343                              4.5
vdd_drv__t18                               4.5
x2_n5__t232                                4.5
out__t476                          3.46036e-09
out__t226                          3.46044e-09
x2_n5__t233                                4.5
vdd_drv__t340                              4.5
vdd_drv__t19                               4.5
x2_n5__t234                                4.5
out__t477                          3.46052e-09
out__t227                           3.4606e-09
x2_n5__t235                                4.5
vdd_drv__t341                              4.5
vdd_drv__t20                               4.5
x2_n5__t236                                4.5
out__t478                          3.46068e-09
out__t228                          3.46076e-09
x2_n5__t237                                4.5
vdd_drv__t342                              4.5
vdd_drv__t21                               4.5
x2_n5__t238                                4.5
out__t479                          3.46083e-09
out__t225                          3.46091e-09
x2_n5__t231                                4.5
vdd_drv__t339                              4.5
vdd_drv__t37                               4.5
x2_n5__t271                                4.5
out__t495                          3.46099e-09
out__t251                          3.46107e-09
x2_n5__t283                                4.5
vdd_drv__t365                              4.5
vdd_drv__t44                               4.5
x2_n5__t284                                4.5
out__t502                          3.46115e-09
out__t252                          3.46123e-09
x2_n5__t285                                4.5
vdd_drv__t366                              4.5
vdd_drv__t45                               4.5
x2_n5__t286                                4.5
out__t503                           3.4613e-09
out__t253                          3.46138e-09
x2_n5__t287                                4.5
vdd_drv__t367                              4.5
vdd_drv__t47                               4.5
x2_n5__t289                                4.5
out__t505                          3.46146e-09
out__t254                          3.46154e-09
x2_n5__t290                                4.5
vdd_drv__t368                              4.5
vdd_drv__t49                               4.5
x2_n5__t293                                4.5
out__t507                          3.46162e-09
out__t256                           3.4617e-09
x2_n5__t294                                4.5
vdd_drv__t370                              4.5
vdd_drv__t50                               4.5
x2_n5__t295                                4.5
out__t508                          3.46178e-09
out__t257                          3.46185e-09
x2_n5__t296                                4.5
vdd_drv__t371                              4.5
vdd_drv__t51                               4.5
x2_n5__t297                                4.5
out__t509                          3.46193e-09
out__t258                          3.46201e-09
x2_n5__t298                                4.5
vdd_drv__t373                              4.5
vdd_drv__t34                               4.5
x2_n5__t267                                4.5
out__t492                          3.46209e-09
out__t397                          3.46217e-09
x2_n5__t575                                4.5
vdd_drv__t549                              4.5
vdd_drv__t35                               4.5
x2_n5__t268                                4.5
out__t493                          3.45252e-09
out__t245                           3.4526e-09
x2_n5__t269                                4.5
vdd_drv__t359                              4.5
vdd_drv__t36                               4.5
x2_n5__t270                                4.5
out__t494                          3.45268e-09
out__t250                          3.45276e-09
x2_n5__t281                                4.5
vdd_drv__t364                              4.5
vdd_drv__t38                               4.5
x2_n5__t272                                4.5
out__t496                          3.45284e-09
out__t246                          3.45291e-09
x2_n5__t273                                4.5
vdd_drv__t360                              4.5
vdd_drv__t39                               4.5
x2_n5__t274                                4.5
out__t497                          3.45299e-09
out__t247                          3.45307e-09
x2_n5__t275                                4.5
vdd_drv__t361                              4.5
vdd_drv__t40                               4.5
x2_n5__t276                                4.5
out__t498                          3.45315e-09
out__t248                          3.45323e-09
x2_n5__t277                                4.5
vdd_drv__t362                              4.5
vdd_drv__t41                               4.5
x2_n5__t278                                4.5
out__t499                          3.45331e-09
out__t249                          3.45338e-09
x2_n5__t279                                4.5
vdd_drv__t363                              4.5
vdd_drv__t42                               4.5
x2_n5__t280                                4.5
out__t500                          3.45346e-09
out__t279                          3.45354e-09
x2_n5__t342                                4.5
vdd_drv__t403                              4.5
vdd_drv__t100                              4.5
x2_n5__t374                                4.5
out__t548                          3.45362e-09
out__t342                           3.4537e-09
x2_n5__t467                                4.5
vdd_drv__t467                              4.5
vdd_drv__t147                              4.5
x2_n5__t468                                4.5
out__t595                          3.45377e-09
out__t343                          3.45385e-09
x2_n5__t469                                4.5
vdd_drv__t468                              4.5
vdd_drv__t148                              4.5
x2_n5__t470                                4.5
out__t596                          3.45393e-09
out__t344                          3.45401e-09
x2_n5__t471                                4.5
vdd_drv__t469                              4.5
vdd_drv__t149                              4.5
x2_n5__t472                                4.5
out__t597                          3.45409e-09
out__t345                          3.45417e-09
x2_n5__t473                                4.5
vdd_drv__t470                              4.5
vdd_drv__t150                              4.5
x2_n5__t474                                4.5
out__t598                          3.45424e-09
out__t371                          3.45432e-09
x2_n5__t526                                4.5
vdd_drv__t496                              4.5
vdd_drv__t171                              4.5
x2_n5__t516                                4.5
out__t619                           3.4544e-09
out__t352                          3.45448e-09
x2_n5__t487                                4.5
vdd_drv__t477                              4.5
vdd_drv__t157                              4.5
x2_n5__t488                                4.5
out__t605                          3.45456e-09
out__t353                          3.45464e-09
x2_n5__t489                                4.5
vdd_drv__t478                              4.5
vdd_drv__t158                              4.5
x2_n5__t490                                4.5
out__t606                          3.45471e-09
out__t354                          3.45479e-09
x2_n5__t491                                4.5
vdd_drv__t479                              4.5
vdd_drv__t159                              4.5
x2_n5__t492                                4.5
out__t607                          3.45487e-09
out__t355                          3.45495e-09
x2_n5__t493                                4.5
vdd_drv__t480                              4.5
vdd_drv__t160                              4.5
x2_n5__t494                                4.5
out__t608                          3.45503e-09
out__t356                          3.45511e-09
x2_n5__t495                                4.5
vdd_drv__t481                              4.5
vdd_drv__t165                              4.5
x2_n5__t506                                4.5
out__t613                          3.45518e-09
out__t358                          3.45526e-09
x2_n5__t497                                4.5
vdd_drv__t483                              4.5
vdd_drv__t161                              4.5
x2_n5__t498                                4.5
out__t609                          3.45534e-09
out__t359                          3.45542e-09
x2_n5__t499                                4.5
vdd_drv__t484                              4.5
vdd_drv__t162                              4.5
x2_n5__t500                                4.5
out__t610                           3.4555e-09
out__t360                          3.45558e-09
x2_n5__t501                                4.5
vdd_drv__t485                              4.5
vdd_drv__t163                              4.5
x2_n5__t502                                4.5
out__t611                          3.45565e-09
out__t361                          3.45573e-09
x2_n5__t503                                4.5
vdd_drv__t486                              4.5
vdd_drv__t164                              4.5
x2_n5__t504                                4.5
out__t612                          3.45581e-09
out__t362                          3.45589e-09
x2_n5__t505                                4.5
vdd_drv__t487                              4.5
vdd_drv__t141                              4.5
x2_n5__t456                                4.5
out__t589                          3.45597e-09
out__t301                          3.45605e-09
x2_n5__t385                                4.5
vdd_drv__t425                              4.5
vdd_drv__t106                              4.5
x2_n5__t386                                4.5
out__t554                          3.45612e-09
out__t302                           3.4562e-09
x2_n5__t387                                4.5
vdd_drv__t426                              4.5
vdd_drv__t107                              4.5
x2_n5__t388                                4.5
out__t555                          3.45628e-09
out__t304                          3.45636e-09
x2_n5__t391                                4.5
vdd_drv__t428                              4.5
vdd_drv__t109                              4.5
x2_n5__t392                                4.5
out__t557                          3.45644e-09
out__t305                          3.45652e-09
x2_n5__t393                                4.5
vdd_drv__t429                              4.5
vdd_drv__t114                              4.5
x2_n5__t401                                4.5
out__t562                           3.4566e-09
out__t309                          3.45667e-09
x2_n5__t402                                4.5
vdd_drv__t433                              4.5
vdd_drv__t115                              4.5
x2_n5__t403                                4.5
out__t563                          3.45675e-09
out__t310                          3.45683e-09
x2_n5__t404                                4.5
vdd_drv__t434                              4.5
vdd_drv__t110                              4.5
x2_n5__t394                                4.5
out__t558                          3.45691e-09
out__t292                          3.45699e-09
x2_n5__t365                                4.5
vdd_drv__t416                              4.5
vdd_drv__t95                               4.5
x2_n5__t366                                4.5
out__t543                          3.45707e-09
out__t293                          3.45714e-09
x2_n5__t367                                4.5
vdd_drv__t417                              4.5
vdd_drv__t96                               4.5
x2_n5__t368                                4.5
out__t544                          3.45722e-09
out__t396                          3.45245e-09
x2_n5__t572                                4.5
vdd_drv__t548                              4.5
vdd_drv__t98                               4.5
x2_n5__t371                                4.5
out__t546                          3.45143e-09
out__t308                          3.45135e-09
x2_n5__t400                                4.5
vdd_drv__t432                              4.5
vdd_drv__t113                              4.5
x2_n5__t399                                4.5
out__t561                          3.45127e-09
out__t307                           3.4512e-09
x2_n5__t398                                4.5
vdd_drv__t431                              4.5
vdd_drv__t112                              4.5
x2_n5__t397                                4.5
out__t560                          3.45112e-09
out__t306                          3.45104e-09
x2_n5__t396                                4.5
vdd_drv__t430                              4.5
vdd_drv__t111                              4.5
x2_n5__t395                                4.5
out__t559                          3.45097e-09
out__t311                          3.45089e-09
x2_n5__t405                                4.5
vdd_drv__t435                              4.5
vdd_drv__t116                              4.5
x2_n5__t406                                4.5
out__t564                          3.45082e-09
out__t326                          3.45074e-09
x2_n5__t435                                4.5
vdd_drv__t450                              4.5
vdd_drv__t135                              4.5
x2_n5__t445                                4.5
out__t583                          3.45067e-09
out__t331                          3.45059e-09
x2_n5__t444                                4.5
vdd_drv__t455                              4.5
vdd_drv__t134                              4.5
x2_n5__t443                                4.5
out__t582                          3.45052e-09
out__t330                          3.45044e-09
x2_n5__t442                                4.5
vdd_drv__t454                              4.5
vdd_drv__t133                              4.5
x2_n5__t441                                4.5
out__t581                          3.45037e-09
out__t329                           3.4503e-09
x2_n5__t440                                4.5
vdd_drv__t453                              4.5
vdd_drv__t132                              4.5
x2_n5__t439                                4.5
out__t580                          3.45023e-09
out__t328                          3.45016e-09
x2_n5__t438                                4.5
vdd_drv__t452                              4.5
vdd_drv__t131                              4.5
x2_n5__t437                                4.5
out__t579                           3.4501e-09
out__t327                          3.45004e-09
x2_n5__t436                                4.5
vdd_drv__t451                              4.5
vdd_drv__t136                              4.5
x2_n5__t446                                4.5
out__t584                          3.44998e-09
out__t325                          3.44993e-09
x2_n5__t434                                4.5
vdd_drv__t449                              4.5
vdd_drv__t130                              4.5
x2_n5__t433                                4.5
out__t578                          3.44988e-09
out__t324                          3.44985e-09
x2_n5__t432                                4.5
vdd_drv__t448                              4.5
vdd_drv__t129                              4.5
x2_n5__t431                                4.5
out__t577                          3.44983e-09
out__t323                          3.44982e-09
x2_n5__t430                                4.5
vdd_drv__t447                              4.5
vdd_drv__t128                              4.5
x2_n5__t429                                4.5
out__t576                          3.44983e-09
out__t322                          3.44985e-09
x2_n5__t428                                4.5
vdd_drv__t446                              4.5
vdd_drv__t127                              4.5
x2_n5__t427                                4.5
out__t575                          3.44989e-09
out__t321                          3.44994e-09
x2_n5__t426                                4.5
vdd_drv__t445                              4.5
vdd_drv__t121                              4.5
x2_n5__t415                                4.5
out__t569                          3.44999e-09
out__t295                          3.45005e-09
x2_n5__t372                                4.5
vdd_drv__t419                              4.5
vdd_drv__t99                               4.5
x2_n5__t373                                4.5
out__t547                          3.45011e-09
out__t300                          3.45018e-09
x2_n5__t384                                4.5
vdd_drv__t424                              4.5
vdd_drv__t101                              4.5
x2_n5__t375                                4.5
out__t549                          3.45024e-09
out__t296                          3.45031e-09
x2_n5__t376                                4.5
vdd_drv__t420                              4.5
vdd_drv__t102                              4.5
x2_n5__t377                                4.5
out__t550                          3.45038e-09
out__t297                          3.45046e-09
x2_n5__t378                                4.5
vdd_drv__t421                              4.5
vdd_drv__t103                              4.5
x2_n5__t379                                4.5
out__t551                          3.45053e-09
out__t298                           3.4506e-09
x2_n5__t380                                4.5
vdd_drv__t422                              4.5
vdd_drv__t104                              4.5
x2_n5__t381                                4.5
out__t552                          3.45068e-09
out__t299                          3.45075e-09
x2_n5__t382                                4.5
vdd_drv__t423                              4.5
vdd_drv__t105                              4.5
x2_n5__t383                                4.5
out__t553                          3.45083e-09
out__t440                           3.4509e-09
x2_n5__t661                                4.5
vdd_drv__t629                              4.5
vdd_drv__t126                              4.5
x2_n5__t424                                4.5
out__t574                          3.45098e-09
out__t319                          3.45105e-09
x2_n5__t423                                4.5
vdd_drv__t443                              4.5
vdd_drv__t125                              4.5
x2_n5__t422                                4.5
out__t573                          3.45113e-09
out__t318                          3.45121e-09
x2_n5__t421                                4.5
vdd_drv__t442                              4.5
vdd_drv__t124                              4.5
x2_n5__t420                                4.5
out__t572                          3.45128e-09
out__t317                          3.45136e-09
x2_n5__t419                                4.5
vdd_drv__t441                              4.5
vdd_drv__t123                              4.5
x2_n5__t418                                4.5
out__t571                          3.45144e-09
out__t316                          3.45152e-09
x2_n5__t417                                4.5
vdd_drv__t440                              4.5
vdd_drv__t122                              4.5
x2_n5__t416                                4.5
out__t570                          3.45159e-09
out__t320                          3.45167e-09
x2_n5__t425                                4.5
vdd_drv__t444                              4.5
vdd_drv__t120                              4.5
x2_n5__t414                                4.5
out__t568                          3.45175e-09
out__t315                          3.45182e-09
x2_n5__t413                                4.5
vdd_drv__t439                              4.5
vdd_drv__t119                              4.5
x2_n5__t412                                4.5
out__t567                           3.4519e-09
out__t314                          3.45198e-09
x2_n5__t411                                4.5
vdd_drv__t438                              4.5
vdd_drv__t118                              4.5
x2_n5__t410                                4.5
out__t566                          3.45206e-09
out__t313                          3.45214e-09
x2_n5__t409                                4.5
vdd_drv__t437                              4.5
vdd_drv__t117                              4.5
x2_n5__t408                                4.5
out__t565                          3.45221e-09
out__t312                          3.45229e-09
x2_n5__t407                                4.5
vdd_drv__t436                              4.5
vdd_drv__t227                              4.5
x2_n5__t573                                4.5
out__t646                          3.45237e-09
out__t244                          3.45619e-09
x2_n5__t266                                4.5
vdd_drv__t358                              4.5
vdd_drv__t33                               4.5
x2_n5__t265                                4.5
out__t491                          3.45611e-09
out__t243                          3.45603e-09
x2_n5__t264                                4.5
vdd_drv__t357                              4.5
vdd_drv__t32                               4.5
x2_n5__t263                                4.5
out__t490                          3.45596e-09
out__t242                          3.45588e-09
x2_n5__t262                                4.5
vdd_drv__t356                              4.5
vdd_drv__t48                               4.5
x2_n5__t291                                4.5
out__t506                           3.4558e-09
out__t259                          3.45572e-09
x2_n5__t300                                4.5
vdd_drv__t374                              4.5
vdd_drv__t52                               4.5
x2_n5__t299                                4.5
out__t510                          3.45564e-09
out__t336                          3.45556e-09
x2_n5__t455                                4.5
vdd_drv__t460                              4.5
vdd_drv__t140                              4.5
x2_n5__t454                                4.5
out__t588                          3.45549e-09
out__t335                          3.45541e-09
x2_n5__t453                                4.5
vdd_drv__t459                              4.5
vdd_drv__t139                              4.5
x2_n5__t452                                4.5
out__t587                          3.45533e-09
out__t334                          3.45525e-09
x2_n5__t451                                4.5
vdd_drv__t458                              4.5
vdd_drv__t138                              4.5
x2_n5__t450                                4.5
out__t586                          3.45517e-09
out__t333                          3.45509e-09
x2_n5__t449                                4.5
vdd_drv__t457                              4.5
vdd_drv__t137                              4.5
x2_n5__t448                                4.5
out__t585                          3.45501e-09
out__t332                          3.45494e-09
x2_n5__t447                                4.5
vdd_drv__t456                              4.5
vdd_drv__t151                              4.5
x2_n5__t475                                4.5
out__t599                          3.45486e-09
out__t350                          3.45478e-09
x2_n5__t485                                4.5
vdd_drv__t475                              4.5
vdd_drv__t156                              4.5
x2_n5__t484                                4.5
out__t604                           3.4547e-09
out__t349                          3.45462e-09
x2_n5__t483                                4.5
vdd_drv__t474                              4.5
vdd_drv__t155                              4.5
x2_n5__t482                                4.5
out__t603                          3.45454e-09
out__t348                          3.45447e-09
x2_n5__t481                                4.5
vdd_drv__t473                              4.5
vdd_drv__t154                              4.5
x2_n5__t480                                4.5
out__t602                          3.45439e-09
out__t347                          3.45431e-09
x2_n5__t479                                4.5
vdd_drv__t472                              4.5
vdd_drv__t153                              4.5
x2_n5__t478                                4.5
out__t601                          3.45423e-09
out__t346                          3.45415e-09
x2_n5__t477                                4.5
vdd_drv__t471                              4.5
vdd_drv__t152                              4.5
x2_n5__t476                                4.5
out__t600                          3.45407e-09
out__t351                            3.454e-09
x2_n5__t486                                4.5
vdd_drv__t476                              4.5
vdd_drv__t108                              4.5
x2_n5__t390                                4.5
out__t556                          3.45392e-09
out__t303                          3.45384e-09
x2_n5__t389                                4.5
vdd_drv__t427                              4.5
vdd_drv__t176                              4.5
x2_n5__t525                                4.5
out__t624                          3.45376e-09
out__t370                          3.45368e-09
x2_n5__t524                                4.5
vdd_drv__t495                              4.5
vdd_drv__t175                              4.5
x2_n5__t523                                4.5
out__t623                          3.45361e-09
out__t369                          3.45353e-09
x2_n5__t522                                4.5
vdd_drv__t494                              4.5
vdd_drv__t174                              4.5
x2_n5__t521                                4.5
out__t622                          3.45345e-09
out__t368                          3.45337e-09
x2_n5__t520                                4.5
vdd_drv__t493                              4.5
vdd_drv__t173                              4.5
x2_n5__t519                                4.5
out__t621                          3.45329e-09
out__t367                          3.45321e-09
x2_n5__t518                                4.5
vdd_drv__t492                              4.5
vdd_drv__t172                              4.5
x2_n5__t517                                4.5
out__t620                          3.45314e-09
out__t372                          3.45306e-09
x2_n5__t527                                4.5
vdd_drv__t497                              4.5
vdd_drv__t170                              4.5
x2_n5__t515                                4.5
out__t618                          3.45298e-09
out__t366                           3.4529e-09
x2_n5__t514                                4.5
vdd_drv__t491                              4.5
vdd_drv__t169                              4.5
x2_n5__t513                                4.5
out__t617                          3.45282e-09
out__t365                          3.45275e-09
x2_n5__t512                                4.5
vdd_drv__t490                              4.5
vdd_drv__t168                              4.5
x2_n5__t511                                4.5
out__t616                          3.45267e-09
out__t364                          3.45259e-09
x2_n5__t510                                4.5
vdd_drv__t489                              4.5
vdd_drv__t167                              4.5
x2_n5__t509                                4.5
out__t615                          3.45251e-09
out__t363                          3.45243e-09
x2_n5__t508                                4.5
vdd_drv__t488                              4.5
vdd_drv__t166                              4.5
x2_n5__t507                                4.5
out__t614                          3.45236e-09
out__t357                          3.45228e-09
x2_n5__t496                                4.5
vdd_drv__t482                              4.5
vdd_drv__t146                              4.5
x2_n5__t465                                4.5
out__t594                           3.4522e-09
out__t340                          3.45212e-09
x2_n5__t464                                4.5
vdd_drv__t464                              4.5
vdd_drv__t145                              4.5
x2_n5__t463                                4.5
out__t593                          3.45204e-09
out__t339                          3.45197e-09
x2_n5__t462                                4.5
vdd_drv__t463                              4.5
vdd_drv__t144                              4.5
x2_n5__t461                                4.5
out__t592                          3.45189e-09
out__t338                          3.45181e-09
x2_n5__t460                                4.5
vdd_drv__t462                              4.5
vdd_drv__t143                              4.5
x2_n5__t459                                4.5
out__t591                          3.45174e-09
out__t337                          3.45166e-09
x2_n5__t458                                4.5
vdd_drv__t461                              4.5
vdd_drv__t142                              4.5
x2_n5__t457                                4.5
out__t590                          3.45158e-09
out__t341                           3.4515e-09
x2_n5__t466                                4.5
vdd_drv__t465                              4.5
vdd_drv__t97                               4.5
x2_n5__t369                                4.5
out__t545                          3.45627e-09
out__t255                          3.46121e-09
x2_n5__t292                                4.5
vdd_drv__t369                              4.5
vdd_drv__t55                               4.5
x2_n5__t303                                4.5
out__t512                          3.46114e-09
out__t260                          3.46106e-09
x2_n5__t302                                4.5
vdd_drv__t375                              4.5
vdd_drv__t54                               4.5
x2_n5__t301                                4.5
out__t511                          3.46098e-09
out__t270                           3.4609e-09
x2_n5__t321                                4.5
vdd_drv__t389                              4.5
vdd_drv__t73                               4.5
x2_n5__t323                                4.5
out__t521                          3.46082e-09
out__t271                          3.46074e-09
x2_n5__t322                                4.5
vdd_drv__t394                              4.5
vdd_drv__t80                               4.5
x2_n5__t334                                4.5
out__t528                          3.46066e-09
out__t280                          3.46059e-09
x2_n5__t343                                4.5
vdd_drv__t404                              4.5
vdd_drv__t78                               4.5
x2_n5__t332                                4.5
out__t526                          3.46051e-09
out__t275                          3.46043e-09
x2_n5__t331                                4.5
vdd_drv__t399                              4.5
vdd_drv__t77                               4.5
x2_n5__t330                                4.5
out__t525                          3.46035e-09
out__t274                          3.46027e-09
x2_n5__t329                                4.5
vdd_drv__t398                              4.5
vdd_drv__t76                               4.5
x2_n5__t328                                4.5
out__t524                          3.46019e-09
out__t273                          3.46011e-09
x2_n5__t327                                4.5
vdd_drv__t397                              4.5
vdd_drv__t75                               4.5
x2_n5__t326                                4.5
out__t523                          3.46004e-09
out__t272                          3.45996e-09
x2_n5__t325                                4.5
vdd_drv__t396                              4.5
vdd_drv__t74                               4.5
x2_n5__t324                                4.5
out__t522                          3.45988e-09
out__t286                           3.4598e-09
x2_n5__t353                                4.5
vdd_drv__t410                              4.5
vdd_drv__t93                               4.5
x2_n5__t363                                4.5
out__t541                          3.45972e-09
out__t291                          3.45964e-09
x2_n5__t362                                4.5
vdd_drv__t415                              4.5
vdd_drv__t92                               4.5
x2_n5__t361                                4.5
out__t540                          3.45957e-09
out__t290                          3.45949e-09
x2_n5__t360                                4.5
vdd_drv__t414                              4.5
vdd_drv__t91                               4.5
x2_n5__t359                                4.5
out__t539                          3.45941e-09
out__t289                          3.45933e-09
x2_n5__t358                                4.5
vdd_drv__t413                              4.5
vdd_drv__t90                               4.5
x2_n5__t357                                4.5
out__t538                          3.45925e-09
out__t288                          3.45917e-09
x2_n5__t356                                4.5
vdd_drv__t412                              4.5
vdd_drv__t89                               4.5
x2_n5__t355                                4.5
out__t537                          3.45909e-09
out__t287                          3.45902e-09
x2_n5__t354                                4.5
vdd_drv__t411                              4.5
vdd_drv__t94                               4.5
x2_n5__t364                                4.5
out__t542                          3.45894e-09
out__t285                          3.45886e-09
x2_n5__t352                                4.5
vdd_drv__t409                              4.5
vdd_drv__t46                               4.5
x2_n5__t288                                4.5
out__t504                          3.45878e-09
out__t240                           3.4587e-09
x2_n5__t260                                4.5
vdd_drv__t354                              4.5
vdd_drv__t31                               4.5
x2_n5__t259                                4.5
out__t489                          3.45862e-09
out__t239                          3.45854e-09
x2_n5__t258                                4.5
vdd_drv__t353                              4.5
vdd_drv__t30                               4.5
x2_n5__t257                                4.5
out__t488                          3.45847e-09
out__t238                          3.45839e-09
x2_n5__t256                                4.5
vdd_drv__t352                              4.5
vdd_drv__t29                               4.5
x2_n5__t255                                4.5
out__t487                          3.45831e-09
out__t237                          3.45823e-09
x2_n5__t254                                4.5
vdd_drv__t351                              4.5
vdd_drv__t28                               4.5
x2_n5__t253                                4.5
out__t486                          3.45815e-09
out__t236                          3.45807e-09
x2_n5__t252                                4.5
vdd_drv__t350                              4.5
vdd_drv__t27                               4.5
x2_n5__t251                                4.5
out__t485                            3.458e-09
out__t241                          3.45792e-09
x2_n5__t261                                4.5
vdd_drv__t355                              4.5
vdd_drv__t26                               4.5
x2_n5__t249                                4.5
out__t484                          3.45784e-09
out__t234                          3.45776e-09
x2_n5__t248                                4.5
vdd_drv__t348                              4.5
vdd_drv__t25                               4.5
x2_n5__t247                                4.5
out__t483                          3.45768e-09
out__t233                           3.4576e-09
x2_n5__t246                                4.5
vdd_drv__t347                              4.5
vdd_drv__t24                               4.5
x2_n5__t245                                4.5
out__t482                          3.45752e-09
out__t232                          3.45745e-09
x2_n5__t244                                4.5
vdd_drv__t346                              4.5
vdd_drv__t23                               4.5
x2_n5__t243                                4.5
out__t481                          3.45737e-09
out__t231                          3.45729e-09
x2_n5__t242                                4.5
vdd_drv__t345                              4.5
vdd_drv__t22                               4.5
x2_n5__t241                                4.5
out__t480                          3.45721e-09
out__t230                          3.45713e-09
x2_n5__t240                                4.5
vdd_drv__t344                              4.5
vdd_drv__t43                               4.5
x2_n5__t282                                4.5
out__t501                          3.45705e-09
out__t264                          3.45698e-09
x2_n5__t310                                4.5
vdd_drv__t379                              4.5
vdd_drv__t84                               4.5
x2_n5__t341                                4.5
out__t532                           3.4569e-09
out__t278                          3.45682e-09
x2_n5__t340                                4.5
vdd_drv__t402                              4.5
vdd_drv__t83                               4.5
x2_n5__t339                                4.5
out__t531                          3.45674e-09
out__t277                          3.45666e-09
x2_n5__t338                                4.5
vdd_drv__t401                              4.5
vdd_drv__t82                               4.5
x2_n5__t337                                4.5
out__t530                          3.45658e-09
out__t276                           3.4565e-09
x2_n5__t336                                4.5
vdd_drv__t400                              4.5
vdd_drv__t81                               4.5
x2_n5__t335                                4.5
out__t529                          3.45643e-09
out__t294                          3.45635e-09
x2_n5__t370                                4.5
vdd_drv__t418                              4.5
vdd_drv__t314                              4.5
x2_n5__t679                                4.5
out__t699                            3.466e-09
out__t444                          3.46593e-09
x2_n5__t668                                4.5
vdd_drv__t633                              4.5
vdd_drv__t308                              4.5
x2_n5__t667                                4.5
out__t693                          3.46585e-09
out__t443                          3.46577e-09
x2_n5__t666                                4.5
vdd_drv__t632                              4.5
vdd_drv__t307                              4.5
x2_n5__t665                                4.5
out__t692                          3.46569e-09
out__t442                          3.46561e-09
x2_n5__t664                                4.5
vdd_drv__t631                              4.5
vdd_drv__t334                              4.5
x2_n5__t718                                4.5
out__t719                          3.46553e-09
out__t468                          3.46545e-09
x2_n5__t717                                4.5
vdd_drv__t657                              4.5
vdd_drv__t333                              4.5
x2_n5__t716                                4.5
out__t718                          3.46538e-09
out__t467                           3.4653e-09
x2_n5__t715                                4.5
vdd_drv__t656                              4.5
vdd_drv__t332                              4.5
x2_n5__t714                                4.5
out__t717                          3.46522e-09
out__t466                          3.46514e-09
x2_n5__t713                                4.5
vdd_drv__t655                              4.5
vdd_drv__t331                              4.5
x2_n5__t712                                4.5
out__t716                          3.46506e-09
out__t465                          3.46498e-09
x2_n5__t711                                4.5
vdd_drv__t654                              4.5
vdd_drv__t330                              4.5
x2_n5__t710                                4.5
out__t715                           3.4649e-09
out__t469                          3.46483e-09
x2_n5__t719                                4.5
vdd_drv__t658                              4.5
vdd_drv__t328                              4.5
x2_n5__t708                                4.5
out__t713                          3.46475e-09
out__t464                          3.46467e-09
x2_n5__t707                                4.5
vdd_drv__t653                              4.5
vdd_drv__t327                              4.5
x2_n5__t706                                4.5
out__t712                          3.46459e-09
out__t463                          3.46451e-09
x2_n5__t705                                4.5
vdd_drv__t652                              4.5
vdd_drv__t326                              4.5
x2_n5__t704                                4.5
out__t711                          3.46443e-09
out__t462                          3.46436e-09
x2_n5__t703                                4.5
vdd_drv__t651                              4.5
vdd_drv__t325                              4.5
x2_n5__t702                                4.5
out__t710                          3.46428e-09
out__t461                           3.4642e-09
x2_n5__t701                                4.5
vdd_drv__t650                              4.5
vdd_drv__t324                              4.5
x2_n5__t700                                4.5
out__t709                          3.46412e-09
out__t455                          3.46404e-09
x2_n5__t689                                4.5
vdd_drv__t644                              4.5
vdd_drv__t304                              4.5
x2_n5__t659                                4.5
out__t690                          3.46396e-09
out__t438                          3.46388e-09
x2_n5__t658                                4.5
vdd_drv__t627                              4.5
vdd_drv__t303                              4.5
x2_n5__t657                                4.5
out__t689                          3.46381e-09
out__t417                          3.46373e-09
x2_n5__t615                                4.5
vdd_drv__t587                              4.5
vdd_drv__t262                              4.5
x2_n5__t614                                4.5
out__t667                          3.46365e-09
out__t424                          3.46357e-09
x2_n5__t627                                4.5
vdd_drv__t594                              4.5
vdd_drv__t267                              4.5
x2_n5__t626                                4.5
out__t672                          3.46349e-09
out__t423                          3.46341e-09
x2_n5__t625                                4.5
vdd_drv__t593                              4.5
vdd_drv__t266                              4.5
x2_n5__t624                                4.5
out__t671                          3.46333e-09
out__t422                          3.46326e-09
x2_n5__t623                                4.5
vdd_drv__t592                              4.5
vdd_drv__t265                              4.5
x2_n5__t622                                4.5
out__t670                          3.46318e-09
out__t421                           3.4631e-09
x2_n5__t621                                4.5
vdd_drv__t591                              4.5
vdd_drv__t264                              4.5
x2_n5__t620                                4.5
out__t669                          3.46302e-09
out__t420                          3.46294e-09
x2_n5__t619                                4.5
vdd_drv__t590                              4.5
vdd_drv__t299                              4.5
x2_n5__t650                                4.5
out__t685                          3.46286e-09
out__t460                          3.46278e-09
x2_n5__t698                                4.5
vdd_drv__t649                              4.5
vdd_drv__t322                              4.5
x2_n5__t697                                4.5
out__t707                          3.46271e-09
out__t459                          3.46263e-09
x2_n5__t696                                4.5
vdd_drv__t648                              4.5
vdd_drv__t321                              4.5
x2_n5__t695                                4.5
out__t706                          3.46255e-09
out__t458                          3.46247e-09
x2_n5__t694                                4.5
vdd_drv__t647                              4.5
vdd_drv__t320                              4.5
x2_n5__t693                                4.5
out__t705                          3.46239e-09
out__t457                          3.46231e-09
x2_n5__t692                                4.5
vdd_drv__t646                              4.5
vdd_drv__t319                              4.5
x2_n5__t691                                4.5
out__t704                          3.46223e-09
out__t456                          3.46216e-09
x2_n5__t690                                4.5
vdd_drv__t645                              4.5
vdd_drv__t323                              4.5
x2_n5__t699                                4.5
out__t708                          3.46208e-09
out__t454                            3.462e-09
x2_n5__t688                                4.5
vdd_drv__t643                              4.5
vdd_drv__t318                              4.5
x2_n5__t687                                4.5
out__t703                          3.46192e-09
out__t453                          3.46184e-09
x2_n5__t686                                4.5
vdd_drv__t642                              4.5
vdd_drv__t317                              4.5
x2_n5__t685                                4.5
out__t702                          3.46176e-09
out__t452                          3.46169e-09
x2_n5__t684                                4.5
vdd_drv__t641                              4.5
vdd_drv__t316                              4.5
x2_n5__t683                                4.5
out__t701                          3.46161e-09
out__t451                          3.46153e-09
x2_n5__t682                                4.5
vdd_drv__t640                              4.5
vdd_drv__t315                              4.5
x2_n5__t681                                4.5
out__t700                          3.46145e-09
out__t450                          3.46137e-09
x2_n5__t680                                4.5
vdd_drv__t639                              4.5
vdd_drv__t329                              4.5
x2_n5__t709                                4.5
out__t714                          3.46129e-09
out__t470                          3.46608e-09
x2_n5__t720                                4.5
vdd_drv__t10                               4.5
in                                           0
in_drv                             1.33671e-09
out                                3.44943e-09
x1_inb                                    2.97
x1_na                                  2.05813
x1_nb                              1.63553e-09
x1_nbuf1                                   4.5
x1_nca                                     4.5
x1_ncb                             4.28438e-09
x2_n1                                      4.5
x2_n2                              2.77833e-09
x2_n3                                      4.5
x2_n4                              3.63595e-09
x2_n5                                      4.5
outcap                             3.44943e-09
vimeas#branch                                0
vin#branch                                   0
vgnd_logic#branch                  3.24923e-09
vsup_drv#branch                   -3.19605e-09
vsup_logic#branch                 -3.15447e-12

 Reference value :  0.00000e+00
 Reference value :  7.52800e-09
 Reference value :  1.66280e-08
 Reference value :  2.37500e-08
 Reference value :  2.98980e-08
 Reference value :  3.82980e-08
 Reference value :  4.67980e-08
 Reference value :  5.59980e-08
 Reference value :  6.49980e-08
 Reference value :  7.39980e-08
 Reference value :  8.32980e-08
 Reference value :  9.25980e-08
 Reference value :  1.00098e-07
 Reference value :  1.05198e-07
 Reference value :  1.09898e-07
 Reference value :  1.15098e-07
 Reference value :  1.22298e-07
 Reference value :  1.29598e-07
 Reference value :  1.36998e-07
 Reference value :  1.44098e-07
 Reference value :  1.50998e-07
 Reference value :  1.57998e-07
 Reference value :  1.64998e-07
 Reference value :  1.72398e-07
 Reference value :  1.79998e-07
 Reference value :  1.87098e-07
 Reference value :  1.94098e-07
 Reference value :  2.00998e-07
 Reference value :  2.07798e-07
 Reference value :  2.14598e-07
 Reference value :  2.21498e-07
 Reference value :  2.28798e-07
 Reference value :  2.36198e-07
 Reference value :  2.43698e-07
 Reference value :  2.51098e-07
 Reference value :  2.58498e-07
 Reference value :  2.65898e-07
 Reference value :  2.73298e-07
 Reference value :  2.81198e-07
 Reference value :  2.88398e-07
 Reference value :  2.95798e-07
 Reference value :  3.02898e-07
 Reference value :  3.10198e-07
 Reference value :  3.17398e-07
 Reference value :  3.24061e-07
 Reference value :  3.30404e-07
 Reference value :  3.39204e-07
 Reference value :  3.48104e-07
 Reference value :  3.57004e-07
 Reference value :  3.64604e-07
 Reference value :  3.72004e-07
 Reference value :  3.80304e-07
 Reference value :  3.88504e-07
 Reference value :  3.96704e-07
 Reference value :  4.04804e-07
 Reference value :  4.12804e-07
 Reference value :  4.20104e-07
 Reference value :  4.28304e-07
 Reference value :  4.36404e-07
 Reference value :  4.44404e-07
 Reference value :  4.51904e-07
 Reference value :  4.60404e-07
 Reference value :  4.69304e-07
 Reference value :  4.78304e-07
 Reference value :  4.87104e-07
 Reference value :  4.96004e-07
 Reference value :  5.04304e-07
 Reference value :  5.13304e-07
 Reference value :  5.22304e-07
 Reference value :  5.31304e-07
 Reference value :  5.40204e-07
 Reference value :  5.49104e-07
 Reference value :  5.58004e-07
 Reference value :  5.67004e-07
 Reference value :  5.75904e-07
 Reference value :  5.84804e-07
 Reference value :  5.93604e-07
 Reference value :  6.02604e-07
 Reference value :  6.11504e-07
 Reference value :  6.20504e-07
 Reference value :  6.29404e-07
 Reference value :  6.38304e-07
 Reference value :  6.47204e-07
 Reference value :  6.56004e-07
 Reference value :  6.64404e-07
 Reference value :  6.72604e-07
 Reference value :  6.81604e-07
 Reference value :  6.90604e-07
 Reference value :  6.99604e-07
No. of Data Rows : 7027
trise10_90          =  6.74874e-09 targ=  3.63844e-08 trig=  2.96357e-08
tfall10_90          =  6.18215e-09 targ=  3.34710e-07 trig=  3.28528e-07
tpdlh               =  1.17996e-08 targ=  3.22996e-08 trig=  2.05000e-08
tpdhl               =  9.78779e-09 targ=  3.31288e-07 trig=  3.21500e-07
m_trise_s = 6.7487360000e-09
m_tfall_s = 6.1821510000e-09
m_tpdlh_s = 1.1799630000e-08
m_tpdhl_s = 9.7877920000e-09
m_ipeak_source_a = 7.0480731512e-01
m_ipeak_sink_a = 6.6997745004e-01
m_vout_max_v = 4.5036927062e+00
m_vout_min_v = -2.733803628e-03
m_vin_max_v = 2.9700000000e+00
m_vin_min_v = 0.0000000000e+00
m_indrv_max_v = 4.5155608119e+00
m_indrv_min_v = -6.056471664e-03
m_n1_max_v = 4.5099430352e+00
m_n1_min_v = -6.290740609e-03
m_n2_max_v = 4.5153060314e+00
m_n2_min_v = -7.631670599e-03
m_n3_max_v = 4.5143334396e+00
m_n3_min_v = -9.861313430e-03
m_n4_max_v = 4.5239981711e+00
m_n4_min_v = -1.359481192e-02
m_n5_max_v = 4.5376051427e+00
m_n5_min_v = -1.922235105e-02
Note: Simulation executed from .control section 

Note: vimeas: has no value, DC 0 assumed
