
Note: No compatibility mode selected!


Circuit: * gate-driver-core-drive-postlayout @ tt_-40c_vlogic2p97v-vdrv4p50v -- generated by sim/harness, do not edit

Doing analysis at TEMP = -40.000000 and TNOM = 27.000000

Using SPARSE 1.3 as Direct Linear Solver

Initial Transient Solution
--------------------------

Node                                   Voltage
----                                   -------
x1_inb__t0                                2.97
in__t1                                       0
gnd_logic__t0                      4.20671e-13
gnd_logic                                    0
x2_n3__t1                                  4.5
x2_n2__t2                          2.08233e-09
gnd_drv__t2                        3.28911e-12
gnd_drv                            3.28751e-12
gnd_drv__t105                      4.36429e-11
x2_n5__t131                                4.5
out__t174                          2.30731e-09
out__t61                           2.30727e-09
x2_n5__t121                                4.5
gnd_drv__t245                      4.40435e-11
gnd_drv__t100                      4.44424e-11
x2_n5__t120                                4.5
out__t169                          2.30721e-09
out__t49                           2.30713e-09
x2_n5__t93                                 4.5
gnd_drv__t233                      4.48407e-11
gnd_drv__t84                       4.52399e-11
x2_n5__t92                                 4.5
out__t153                          2.30703e-09
out__t60                           2.30692e-09
x2_n5__t119                                4.5
gnd_drv__t244                      4.56374e-11
gnd_drv__t85                       4.60344e-11
x2_n5__t94                                 4.5
out__t154                           2.3068e-09
out__t62                           2.30667e-09
x2_n5__t122                                4.5
gnd_drv__t246                      4.64323e-11
gnd_drv__t106                      4.68287e-11
x2_n5__t132                                4.5
out__t175                          2.30653e-09
out__t67                           2.30638e-09
x2_n5__t133                                4.5
gnd_drv__t251                      4.72259e-11
x2_n4__t185                        2.11626e-09
x2_n3__t5                                  4.5
gnd_drv__t5                        4.02687e-11
gnd_drv__t107                      4.76228e-11
x2_n5__t134                                4.5
out__t176                          2.30623e-09
out__t68                           2.30606e-09
x2_n5__t135                                4.5
gnd_drv__t252                      4.80182e-11
gnd_drv__t108                      4.84145e-11
x2_n5__t136                                4.5
out__t177                           2.3059e-09
out__t69                           2.30573e-09
x2_n5__t137                                4.5
gnd_drv__t253                      4.88106e-11
gnd_drv__t109                      4.92051e-11
x2_n5__t138                                4.5
out__t178                          2.30555e-09
out__t70                           2.30538e-09
x2_n5__t139                                4.5
gnd_drv__t254                      4.96006e-11
gnd_drv__t114                      4.99958e-11
x2_n5__t149                                4.5
out__t183                           2.3052e-09
out__t72                           2.30502e-09
x2_n5__t141                                4.5
gnd_drv__t256                      5.03896e-11
gnd_drv__t110                      5.07843e-11
x2_n5__t142                                4.5
out__t179                          2.30483e-09
out__t73                           2.30465e-09
x2_n5__t143                                4.5
gnd_drv__t257                      5.11788e-11
gnd_drv__t206                      4.00936e-11
x2_n3__t6                                  4.5
x2_n4__t184                        2.12505e-09
gnd_drv__t111                      5.15731e-11
x2_n5__t144                                4.5
out__t180                          2.30446e-09
out__t74                           2.30427e-09
x2_n5__t145                                4.5
gnd_drv__t258                      5.19671e-11
gnd_drv__t112                      5.23609e-11
x2_n5__t146                                4.5
out__t181                          2.30408e-09
out__t75                           2.30389e-09
x2_n5__t147                                4.5
gnd_drv__t259                      5.27545e-11
gnd_drv__t113                      5.31478e-11
x2_n5__t148                                4.5
out__t182                          2.30369e-09
out__t71                            2.3035e-09
x2_n5__t140                                4.5
gnd_drv__t255                      5.35409e-11
gnd_drv__t97                       5.39338e-11
x2_n5__t114                                4.5
out__t166                          2.30331e-09
out__t58                           2.30311e-09
x2_n5__t115                                4.5
gnd_drv__t242                      5.43265e-11
gnd_drv__t98                       5.47189e-11
x2_n5__t116                                4.5
out__t167                          2.30292e-09
out__t59                           2.30272e-09
x2_n5__t117                                4.5
gnd_drv__t243                      5.51112e-11
x2_n4__t183                        2.13388e-09
x2_n3__t18                                 4.5
gnd_drv__t205                      3.99165e-11
gnd_drv__t99                       5.55032e-11
x2_n5__t118                                4.5
out__t168                          2.30252e-09
out__t36                           2.30233e-09
x2_n5__t70                                 4.5
gnd_drv__t196                      5.58949e-11
gnd_drv__t124                      5.62865e-11
x2_n5__t164                                4.5
out__t192                          2.30213e-09
out__t44                           2.30193e-09
x2_n5__t85                                 4.5
gnd_drv__t228                      5.66779e-11
gnd_drv__t7                         5.7069e-11
x2_n5__t1                                  4.5
out__t0                            2.30173e-09
out__t108                          2.29375e-09
x2_n5__t216                                4.5
gnd_drv__t292                      1.37716e-11
gnd_drv__t149                      1.41422e-11
x2_n5__t215                                4.5
out__t217                          2.29396e-09
out__t107                          2.29417e-09
x2_n5__t213                                4.5
gnd_drv__t291                      1.45152e-11
gnd_drv__t147                      1.48921e-11
x2_n5__t212                                4.5
out__t215                          2.29438e-09
out__t106                          2.29459e-09
x2_n5__t211                                4.5
gnd_drv__t290                      1.52702e-11
gnd_drv__t56                       3.97386e-11
x2_n3__t14                                 4.5
x2_n4__t189                        2.14277e-09
gnd_drv__t146                      1.56508e-11
x2_n5__t210                                4.5
out__t214                           2.2948e-09
out__t105                          2.29501e-09
x2_n5__t209                                4.5
gnd_drv__t289                      1.60327e-11
gnd_drv__t148                      1.64171e-11
x2_n5__t214                                4.5
out__t216                          2.29522e-09
out__t103                          2.29543e-09
x2_n5__t207                                4.5
gnd_drv__t287                      1.68027e-11
gnd_drv__t145                      1.71895e-11
x2_n5__t206                                4.5
out__t213                          2.29564e-09
out__t102                          2.29585e-09
x2_n5__t205                                4.5
gnd_drv__t286                      1.75789e-11
gnd_drv__t144                      1.79682e-11
x2_n5__t204                                4.5
out__t212                          2.29606e-09
out__t79                           2.29627e-09
x2_n5__t158                                4.5
gnd_drv__t263                      1.83587e-11
gnd_drv__t125                      1.87505e-11
x2_n5__t165                                4.5
out__t193                          2.29648e-09
out__t81                           2.29669e-09
x2_n5__t163                                4.5
gnd_drv__t265                      1.91435e-11
x2_n4__t179                         2.1517e-09
x2_n3__t13                                 4.5
gnd_drv__t199                      3.95598e-11
gnd_drv__t123                      1.95376e-11
x2_n5__t162                                4.5
out__t191                          2.29689e-09
out__t95                            2.2971e-09
x2_n5__t190                                4.5
gnd_drv__t279                      1.99318e-11
gnd_drv__t139                      2.03271e-11
x2_n5__t194                                4.5
out__t207                          2.29731e-09
out__t109                          2.29752e-09
x2_n5__t219                                4.5
gnd_drv__t293                      2.07224e-11
gnd_drv__t151                       2.1119e-11
x2_n5__t218                                4.5
out__t219                          2.29773e-09
out__t104                          2.29794e-09
x2_n5__t208                                4.5
gnd_drv__t288                      2.15154e-11
gnd_drv__t136                      2.19131e-11
x2_n5__t189                                4.5
out__t204                          2.29815e-09
out__t94                           2.29835e-09
x2_n5__t188                                4.5
gnd_drv__t278                      2.23119e-11
gnd_drv__t135                      2.27108e-11
x2_n5__t187                                4.5
out__t203                          2.29856e-09
out__t93                           2.29877e-09
x2_n5__t186                                4.5
gnd_drv__t277                      2.31095e-11
gnd_drv__t55                       3.93788e-11
x2_n3__t12                                 4.5
x2_n4__t188                        2.16068e-09
gnd_drv__t94                       2.35082e-11
x2_n5__t109                                4.5
out__t163                          2.29898e-09
out__t96                           2.29918e-09
x2_n5__t192                                4.5
gnd_drv__t280                      2.39081e-11
gnd_drv__t137                      2.43079e-11
x2_n5__t191                                4.5
out__t205                          2.29939e-09
out__t55                            2.2996e-09
x2_n5__t108                                4.5
gnd_drv__t239                       2.4709e-11
gnd_drv__t93                       2.51099e-11
x2_n5__t107                                4.5
out__t162                           2.2998e-09
out__t54                           2.30001e-09
x2_n5__t106                                4.5
gnd_drv__t238                      2.55108e-11
gnd_drv__t92                       2.59116e-11
x2_n5__t105                                4.5
out__t161                          2.30022e-09
out__t57                           2.30042e-09
x2_n5__t113                                4.5
gnd_drv__t241                      2.63137e-11
gnd_drv__t90                       2.67156e-11
x2_n5__t103                                4.5
out__t159                          2.30063e-09
out__t53                           2.30083e-09
x2_n5__t102                                4.5
gnd_drv__t237                      2.71175e-11
x2_n4__t178                        2.16969e-09
x2_n3__t11                                 4.5
gnd_drv__t198                      3.91968e-11
gnd_drv__t122                      2.75194e-11
x2_n5__t161                                4.5
out__t190                          2.30104e-09
out__t52                           2.30124e-09
x2_n5__t100                                4.5
gnd_drv__t236                      2.79211e-11
gnd_drv__t88                       2.83241e-11
x2_n5__t99                                 4.5
out__t157                          2.30144e-09
out__t51                           2.30165e-09
x2_n5__t98                                 4.5
gnd_drv__t235                      2.87269e-11
gnd_drv__t87                       2.91297e-11
x2_n5__t97                                 4.5
out__t156                          2.30185e-09
out__t50                           2.30206e-09
x2_n5__t96                                 4.5
gnd_drv__t234                      2.95325e-11
gnd_drv__t82                       2.99364e-11
x2_n5__t86                                 4.5
out__t151                          2.30226e-09
out__t100                          2.30246e-09
x2_n5__t202                                4.5
gnd_drv__t284                       3.0339e-11
gnd_drv__t143                      3.07428e-11
x2_n5__t201                                4.5
out__t211                          2.30266e-09
out__t99                           2.30286e-09
x2_n5__t200                                4.5
gnd_drv__t283                      3.11452e-11
gnd_drv__t54                       3.90138e-11
x2_n3__t10                                 4.5
x2_n4__t187                        2.17874e-09
gnd_drv__t142                      3.15488e-11
x2_n5__t199                                4.5
out__t210                          2.30306e-09
out__t98                           2.30326e-09
x2_n5__t198                                4.5
gnd_drv__t282                      3.19523e-11
gnd_drv__t141                      3.23571e-11
x2_n5__t197                                4.5
out__t209                          2.30346e-09
out__t97                           2.30365e-09
x2_n5__t196                                4.5
gnd_drv__t281                      3.27604e-11
gnd_drv__t140                      3.31637e-11
x2_n5__t195                                4.5
out__t208                          2.30385e-09
out__t101                          2.30404e-09
x2_n5__t203                                4.5
gnd_drv__t285                      3.35682e-11
gnd_drv__t138                      3.39713e-11
x2_n5__t193                                4.5
out__t206                          2.30424e-09
out__t47                           2.30443e-09
x2_n5__t90                                 4.5
gnd_drv__t231                      3.43756e-11
gnd_drv__t80                       3.47797e-11
x2_n5__t80                                 4.5
out__t149                          2.30462e-09
out__t46                           2.30481e-09
x2_n5__t88                                 4.5
gnd_drv__t230                      3.51838e-11
x2_n4__t177                        2.18783e-09
x2_n3__t9                                  4.5
gnd_drv__t197                      3.88297e-11
gnd_drv__t42                       1.73399e-11
x2_n5__t67                                 4.5
out__t142                          2.28238e-09
out__t33                           2.28259e-09
x2_n5__t64                                 4.5
gnd_drv__t185                      1.69565e-11
gnd_drv__t41                       1.65742e-11
x2_n5__t66                                 4.5
out__t141                          2.28279e-09
out__t34                           2.28299e-09
x2_n5__t65                                 4.5
gnd_drv__t186                      1.61943e-11
gnd_drv__t126                      1.58155e-11
x2_n5__t167                                4.5
out__t194                          2.28319e-09
out__t39                           2.28339e-09
x2_n5__t76                                 4.5
gnd_drv__t214                      1.54377e-11
gnd_drv__t36                       1.50611e-11
x2_n5__t51                                 4.5
out__t136                           2.2836e-09
out__t24                            2.2838e-09
x2_n5__t50                                 4.5
gnd_drv__t175                      1.46881e-11
gnd_drv__t35                       1.43162e-11
x2_n5__t49                                 4.5
out__t135                            2.284e-09
out__t23                           2.28421e-09
x2_n5__t48                                 4.5
gnd_drv__t174                       1.3948e-11
x1_na__t0                              2.05167
in__t2                                       0
gnd_logic__t1                      5.68102e-14
gnd_drv__t53                       3.86443e-11
x2_n3__t8                                  4.5
x2_n4__t186                        2.19695e-09
gnd_drv__t89                       1.35822e-11
x2_n5__t101                                4.5
out__t158                          2.28441e-09
out__t22                           2.28461e-09
x2_n5__t47                                 4.5
gnd_drv__t173                      1.32187e-11
gnd_drv__t34                       1.28603e-11
x2_n5__t46                                 4.5
out__t134                          2.28482e-09
out__t21                           2.28502e-09
x2_n5__t45                                 4.5
gnd_drv__t172                      1.25055e-11
gnd_drv__t33                       1.21544e-11
x2_n5__t44                                 4.5
out__t133                          2.28522e-09
out__t25                           2.28543e-09
x2_n5__t52                                 4.5
gnd_drv__t176                      1.18083e-11
gnd_drv__t31                       1.14685e-11
x2_n5__t42                                 4.5
out__t131                          2.28563e-09
out__t20                           2.28583e-09
x2_n5__t41                                 4.5
gnd_drv__t171                      1.11363e-11
gnd_drv__t30                       1.08104e-11
x2_n5__t40                                 4.5
out__t130                          2.28604e-09
out__t19                           2.28624e-09
x2_n5__t39                                 4.5
gnd_drv__t170                      1.04933e-11
x2_n4__t182                        2.20609e-09
x2_n3__t17                                 4.5
gnd_drv__t201                      3.84577e-11
gnd_drv__t29                       1.01865e-11
x2_n5__t38                                 4.5
out__t129                          2.28645e-09
out__t18                           2.28665e-09
x2_n5__t37                                 4.5
gnd_drv__t169                      9.88984e-12
gnd_drv__t28                       9.60599e-12
x2_n5__t36                                 4.5
out__t128                          2.28686e-09
out__t31                           2.28706e-09
x2_n5__t61                                 4.5
gnd_drv__t182                      9.33755e-12
gnd_drv__t43                       9.08582e-12
x2_n5__t68                                 4.5
out__t143                          2.28727e-09
out__t82                           2.28747e-09
x2_n5__t166                                4.5
gnd_drv__t266                      8.85211e-12
gnd_drv__t119                      8.64161e-12
x2_n5__t157                                4.5
out__t188                          2.28768e-09
out__t83                           2.28789e-09
x2_n5__t168                                4.5
gnd_drv__t267                      8.45434e-12
gnd_drv__t118                      8.29291e-12
x2_n5__t156                                4.5
out__t187                          2.28809e-09
out__t78                            2.2883e-09
x2_n5__t155                                4.5
gnd_drv__t262                      8.16253e-12
gnd_drv__t58                       3.82686e-11
x2_n3__t16                                 4.5
x2_n4__t190                        2.21525e-09
gnd_drv__t117                       8.0645e-12
x2_n5__t154                                4.5
out__t186                          2.28851e-09
out__t77                           2.28871e-09
x2_n5__t153                                4.5
gnd_drv__t261                      8.00014e-12
gnd_drv__t116                      7.97205e-12
x2_n5__t152                                4.5
out__t185                          2.28892e-09
out__t76                           2.28913e-09
x2_n5__t151                                4.5
gnd_drv__t260                      7.97896e-12
gnd_drv__t115                      8.02346e-12
x2_n5__t150                                4.5
out__t184                          2.28934e-09
out__t87                           2.28955e-09
x2_n5__t175                                4.5
gnd_drv__t271                      8.10297e-12
gnd_drv__t134                       8.2149e-12
x2_n5__t184                                4.5
out__t202                          2.28976e-09
out__t91                           2.28997e-09
x2_n5__t183                                4.5
gnd_drv__t275                      8.35924e-12
gnd_drv__t133                      8.53081e-12
x2_n5__t182                                4.5
out__t201                          2.29018e-09
out__t90                           2.29039e-09
x2_n5__t181                                4.5
gnd_drv__t274                       8.7296e-12
x2_n4__t180                        2.22443e-09
x2_n3__t15                                 4.5
gnd_drv__t200                      3.80792e-11
gnd_drv__t132                      8.95172e-12
x2_n5__t180                                4.5
out__t200                          2.29059e-09
out__t89                           2.29081e-09
x2_n5__t179                                4.5
gnd_drv__t273                      9.19458e-12
gnd_drv__t131                      9.45427e-12
x2_n5__t178                                4.5
out__t199                          2.29101e-09
out__t88                           2.29123e-09
x2_n5__t177                                4.5
gnd_drv__t272                      9.73079e-12
gnd_drv__t130                      1.00215e-11
x2_n5__t176                                4.5
out__t198                          2.29144e-09
out__t92                           2.29165e-09
x2_n5__t185                                4.5
gnd_drv__t276                      1.03239e-11
gnd_drv__t129                      1.06379e-11
x2_n5__t174                                4.5
out__t197                          2.29186e-09
out__t86                           2.29207e-09
x2_n5__t173                                4.5
gnd_drv__t270                       1.0961e-11
gnd_drv__t128                      1.12918e-11
x2_n5__t172                                4.5
out__t196                          2.29228e-09
out__t85                           2.29249e-09
x2_n5__t171                                4.5
gnd_drv__t269                      1.16303e-11
gnd_drv__t6                        3.78871e-11
x2_n3__t7                                  4.5
x2_n4__t181                        2.23361e-09
gnd_drv__t127                      1.19752e-11
x2_n5__t170                                4.5
out__t195                           2.2927e-09
out__t84                           2.29291e-09
x2_n5__t169                                4.5
gnd_drv__t268                      1.23253e-11
gnd_drv__t86                       1.26805e-11
x2_n5__t95                                 4.5
out__t155                          2.29312e-09
out__t45                           2.29333e-09
x2_n5__t87                                 4.5
gnd_drv__t229                      1.30408e-11
gnd_drv__t150                      1.34037e-11
x2_n5__t217                                4.5
out__t218                          2.29354e-09
out__t110                          2.27143e-09
x2_n5__t220                                4.5
gnd_drv__t8                        3.89106e-11
gnd_drv__t26                       3.85182e-11
x2_n5__t34                                 4.5
out__t126                          2.27163e-09
out__t14                           2.27182e-09
x2_n5__t26                                 4.5
gnd_drv__t165                      3.81268e-11
gnd_drv__t24                        3.7734e-11
x2_n5__t32                                 4.5
out__t124                          2.27202e-09
out__t17                           2.27222e-09
x2_n5__t31                                 4.5
gnd_drv__t168                      3.73422e-11
x2_n5__t747                                4.5
x2_n4__t54                         2.56722e-09
gnd_drv__t9                        3.28788e-12
gnd_drv__t23                        3.6949e-11
x2_n5__t30                                 4.5
out__t123                          2.27241e-09
out__t16                           2.27261e-09
x2_n5__t29                                 4.5
gnd_drv__t167                      3.65568e-11
gnd_drv__t22                       3.61644e-11
x2_n5__t28                                 4.5
out__t122                          2.27281e-09
out__t15                             2.273e-09
x2_n5__t27                                 4.5
gnd_drv__t166                      3.57706e-11
gnd_drv__t27                       3.53778e-11
x2_n5__t35                                 4.5
out__t127                           2.2732e-09
out__t13                            2.2734e-09
x2_n5__t25                                 4.5
gnd_drv__t164                      3.49848e-11
gnd_drv__t21                       3.45916e-11
x2_n5__t24                                 4.5
out__t121                           2.2736e-09
out__t12                           2.27379e-09
x2_n5__t23                                 4.5
gnd_drv__t163                      3.41981e-11
gnd_drv__t20                       3.38058e-11
x2_n5__t22                                 4.5
out__t120                          2.27399e-09
out__t11                           2.27419e-09
x2_n5__t21                                 4.5
gnd_drv__t162                      3.34119e-11
gnd_drv__t77                       3.28787e-12
x2_n4__t51                         2.56722e-09
x2_n5__t772                                4.5
gnd_drv__t19                       3.30191e-11
x2_n5__t20                                 4.5
out__t119                          2.27439e-09
out__t10                           2.27458e-09
x2_n5__t19                                 4.5
gnd_drv__t161                      3.26249e-11
gnd_drv__t18                       3.22317e-11
x2_n5__t18                                 4.5
out__t118                          2.27478e-09
out__t27                           2.27498e-09
x2_n5__t54                                 4.5
gnd_drv__t178                       3.1837e-11
gnd_drv__t68                       3.14434e-11
x2_n5__t77                                 4.5
out__t147                          2.27518e-09
out__t35                           2.27538e-09
x2_n5__t69                                 4.5
gnd_drv__t191                      3.10496e-11
gnd_drv__t67                       3.06568e-11
x2_n5__t75                                 4.5
out__t146                          2.27558e-09
out__t38                           2.27577e-09
x2_n5__t74                                 4.5
gnd_drv__t213                      3.02626e-11
gnd_drv__t66                       2.98681e-11
x2_n5__t73                                 4.5
out__t145                          2.27597e-09
out__t37                           2.27617e-09
x2_n5__t72                                 4.5
gnd_drv__t212                      2.94747e-11
x2_n5__t746                                4.5
x2_n4__t50                         2.56722e-09
gnd_drv__t223                      3.28787e-12
gnd_drv__t65                       2.90798e-11
x2_n5__t71                                 4.5
out__t144                          2.27637e-09
out__t32                           2.27657e-09
x2_n5__t63                                 4.5
gnd_drv__t184                       2.8686e-11
gnd_drv__t40                        2.8292e-11
x2_n5__t62                                 4.5
out__t140                          2.27677e-09
out__t2                            2.27697e-09
x2_n5__t3                                  4.5
gnd_drv__t153                      2.78991e-11
gnd_drv__t17                       2.75046e-11
x2_n5__t17                                 4.5
out__t117                          2.27717e-09
out__t1                            2.27737e-09
x2_n5__t2                                  4.5
gnd_drv__t152                      2.71113e-11
gnd_drv__t39                       2.67164e-11
x2_n5__t60                                 4.5
out__t139                          2.27756e-09
out__t30                           2.27777e-09
x2_n5__t59                                 4.5
gnd_drv__t181                      2.63226e-11
gnd_drv__t38                       2.59299e-11
x2_n5__t58                                 4.5
out__t138                          2.27796e-09
out__t29                           2.27816e-09
x2_n5__t57                                 4.5
gnd_drv__t180                      2.55357e-11
gnd_drv__t76                       3.28786e-12
x2_n4__t49                         2.56722e-09
x2_n5__t771                                4.5
gnd_drv__t37                       2.51426e-11
x2_n5__t56                                 4.5
out__t137                          2.27836e-09
out__t28                           2.27856e-09
x2_n5__t55                                 4.5
gnd_drv__t179                      2.47492e-11
gnd_drv__t32                       2.43557e-11
x2_n5__t43                                 4.5
out__t132                          2.27876e-09
out__t26                           2.27896e-09
x2_n5__t53                                 4.5
gnd_drv__t177                      2.39632e-11
gnd_drv__t25                       2.35705e-11
x2_n5__t33                                 4.5
out__t125                          2.27916e-09
out__t9                            2.27936e-09
x2_n5__t16                                 4.5
gnd_drv__t160                      2.31776e-11
gnd_drv__t16                       2.27857e-11
x2_n5__t15                                 4.5
out__t116                          2.27956e-09
out__t8                            2.27977e-09
x2_n5__t14                                 4.5
gnd_drv__t159                      2.23937e-11
gnd_drv__t15                       2.20014e-11
x2_n5__t13                                 4.5
out__t115                          2.27997e-09
out__t7                            2.28017e-09
x2_n5__t12                                 4.5
gnd_drv__t158                      2.16103e-11
x2_n5__t745                                4.5
x2_n4__t48                         2.56722e-09
gnd_drv__t222                      3.28786e-12
gnd_drv__t14                       2.12189e-11
x2_n5__t11                                 4.5
out__t114                          2.28037e-09
out__t6                            2.28057e-09
x2_n5__t10                                 4.5
gnd_drv__t157                      2.08286e-11
gnd_drv__t13                        2.0438e-11
x2_n5__t9                                  4.5
out__t113                          2.28077e-09
out__t5                            2.28097e-09
x2_n5__t8                                  4.5
gnd_drv__t156                      2.00486e-11
gnd_drv__t12                        1.9659e-11
x2_n5__t7                                  4.5
out__t112                          2.28117e-09
out__t4                            2.28137e-09
x2_n5__t6                                  4.5
gnd_drv__t155                      1.92704e-11
gnd_drv__t11                       1.88829e-11
x2_n5__t5                                  4.5
out__t111                          2.28158e-09
out__t3                            2.28178e-09
x2_n5__t4                                  4.5
gnd_drv__t154                      1.84952e-11
gnd_drv__t120                      1.81099e-11
x2_n5__t159                                4.5
out__t189                          2.28198e-09
out__t80                           2.28218e-09
x2_n5__t160                                4.5
gnd_drv__t264                      1.77243e-11
x1_nb__t1                          7.84219e-10
x1_inb__t2                                2.97
gnd_logic__t2                      4.56127e-10
gnd_drv__t75                       3.28786e-12
x2_n4__t47                         2.56722e-09
x2_n5__t770                                4.5
x2_n5__t744                                4.5
x2_n4__t46                         2.56722e-09
gnd_drv__t221                      3.28785e-12
gnd_drv__t74                       3.28785e-12
x2_n4__t45                         2.56722e-09
x2_n5__t769                                4.5
x2_n5__t743                                4.5
x2_n4__t44                         2.56722e-09
gnd_drv__t220                      3.28784e-12
gnd_drv__t78                       3.28784e-12
x2_n4__t52                         2.56722e-09
x2_n5__t773                                4.5
x2_n5__t741                                4.5
x2_n4__t40                         2.56722e-09
gnd_drv__t218                      3.28784e-12
gnd_drv__t60                       3.28783e-12
x2_n4__t25                         2.56722e-09
x2_n5__t759                                4.5
x2_n5__t738                                4.5
x2_n4__t34                         2.56722e-09
gnd_drv__t215                      3.28783e-12
gnd_drv__t64                       3.28782e-12
x2_n4__t31                         2.56722e-09
x2_n5__t763                                4.5
x2_n5__t735                                4.5
x2_n4__t30                         2.56722e-09
gnd_drv__t209                      3.28782e-12
x1_nca__t2                                 4.5
vdd_logic__t1                             2.97
x1_na__t1                              2.05167
gnd_drv__t61                       3.28782e-12
x2_n4__t26                         2.56722e-09
x2_n5__t760                                4.5
x2_n5__t742                                4.5
x2_n4__t41                         2.56722e-09
gnd_drv__t219                      3.28781e-12
gnd_drv__t71                       3.28781e-12
x2_n4__t38                         2.56722e-09
x2_n5__t766                                4.5
x2_n5__t737                                4.5
x2_n4__t33                         2.56722e-09
gnd_drv__t211                       3.2878e-12
gnd_drv__t63                        3.2878e-12
x2_n4__t29                         2.56722e-09
x2_n5__t762                                4.5
x2_n5__t740                                4.5
x2_n4__t39                         2.56722e-09
gnd_drv__t217                       3.2878e-12
gnd_drv__t62                       3.28779e-12
x2_n4__t28                         2.56722e-09
x2_n5__t761                                4.5
x2_n5__t734                                4.5
x2_n4__t27                         2.56722e-09
gnd_drv__t208                      3.28779e-12
gnd_drv__t72                       3.28778e-12
x2_n4__t42                         2.56722e-09
x2_n5__t767                                4.5
x2_n5__t733                                4.5
x2_n4__t24                         2.56722e-09
gnd_drv__t207                      3.28778e-12
x1_ncb__t2                         2.90296e-09
vdd_logic__t2                             2.97
x1_nb__t0                          2.29533e-09
gnd_drv__t73                       3.28778e-12
x2_n4__t43                         2.56722e-09
x2_n5__t768                                4.5
x2_n5__t721                                4.5
x2_n4__t1                          2.56722e-09
gnd_drv__t183                      3.28777e-12
gnd_drv__t44                       3.28777e-12
x2_n4__t2                          2.56722e-09
x2_n5__t748                                4.5
x2_n5__t730                                4.5
x2_n4__t20                         2.56722e-09
gnd_drv__t202                      3.28776e-12
gnd_drv__t47                       3.28776e-12
x2_n4__t9                          2.56722e-09
x2_n5__t751                                4.5
x2_n5__t725                                4.5
x2_n4__t8                          2.56722e-09
gnd_drv__t190                      3.28776e-12
gnd_drv__t70                       3.28775e-12
x2_n4__t37                         2.56722e-09
x2_n5__t765                                4.5
x2_n5__t739                                4.5
x2_n4__t36                         2.56722e-09
gnd_drv__t216                      3.28775e-12
gnd_drv__t69                       3.28774e-12
x2_n4__t35                         2.56722e-09
x2_n5__t764                                4.5
x2_n5__t736                                4.5
x2_n4__t32                         2.56722e-09
gnd_drv__t210                      3.28774e-12
x1_nbuf1__t1                               4.5
x1_ncb__t1                          3.8755e-09
gnd_drv__t0                        3.28809e-12
gnd_drv__t51                       3.28774e-12
x2_n4__t17                         2.56722e-09
x2_n5__t755                                4.5
x2_n5__t729                                4.5
x2_n4__t16                         2.56722e-09
gnd_drv__t195                      3.28773e-12
gnd_drv__t50                       3.28773e-12
x2_n4__t15                         2.56722e-09
x2_n5__t754                                4.5
x2_n5__t728                                4.5
x2_n4__t14                         2.56722e-09
gnd_drv__t194                      3.28772e-12
gnd_drv__t49                       3.28772e-12
x2_n4__t13                         2.56722e-09
x2_n5__t753                                4.5
x2_n5__t727                                4.5
x2_n4__t12                         2.56722e-09
gnd_drv__t193                      3.28772e-12
gnd_drv__t48                       3.28771e-12
x2_n4__t11                         2.56722e-09
x2_n5__t752                                4.5
x2_n5__t726                                4.5
x2_n4__t10                         2.56722e-09
gnd_drv__t192                      3.28771e-12
gnd_drv__t52                        3.2877e-12
x2_n4__t18                         2.56722e-09
x2_n5__t756                                4.5
x2_n5__t724                                4.5
x2_n4__t7                          2.56722e-09
gnd_drv__t189                       3.2877e-12
in_drv__t3                         7.75563e-10
x1_nbuf1__t3                               4.5
gnd_drv__t3                          5.013e-11
gnd_drv__t46                        3.2877e-12
x2_n4__t6                          2.56722e-09
x2_n5__t750                                4.5
x2_n5__t723                                4.5
x2_n4__t5                          2.56722e-09
gnd_drv__t188                      3.28769e-12
gnd_drv__t45                       3.28769e-12
x2_n4__t4                          2.56722e-09
x2_n5__t749                                4.5
x2_n5__t722                                4.5
x2_n4__t3                          2.56722e-09
gnd_drv__t187                      3.28768e-12
gnd_drv__t57                       3.28768e-12
x2_n4__t19                         2.56722e-09
x2_n5__t757                                4.5
x2_n5__t732                                4.5
x2_n4__t23                         2.56722e-09
gnd_drv__t204                      3.28768e-12
gnd_drv__t59                       3.28767e-12
x2_n4__t22                         2.56722e-09
x2_n5__t758                                4.5
x2_n5__t731                                4.5
x2_n4__t21                         2.56722e-09
gnd_drv__t203                      3.28767e-12
gnd_drv__t121                      3.28767e-12
x2_n4__t53                         2.56722e-09
x2_n5__t774                                4.5
x2_n5__t0                                  4.5
x2_n4__t0                          2.56722e-09
gnd_drv__t10                       3.28766e-12
x2_n1__t3                                  4.5
in_drv__t2                         9.82256e-10
gnd_drv__t4                        3.28773e-12
gnd_drv__t83                       3.55878e-11
x2_n5__t89                                 4.5
out__t152                            2.305e-09
out__t42                           2.30518e-09
x2_n5__t82                                 4.5
gnd_drv__t226                      3.59917e-11
gnd_drv__t81                       3.63954e-11
x2_n5__t84                                 4.5
out__t150                          2.30536e-09
out__t43                           2.30554e-09
x2_n5__t83                                 4.5
gnd_drv__t227                      3.67991e-11
gnd_drv__t79                       3.72026e-11
x2_n5__t79                                 4.5
out__t148                          2.30572e-09
out__t40                           2.30589e-09
x2_n5__t78                                 4.5
gnd_drv__t224                      3.76072e-11
gnd_drv__t91                       3.80105e-11
x2_n5__t104                                4.5
out__t160                          2.30606e-09
out__t56                           2.30622e-09
x2_n5__t111                                4.5
gnd_drv__t240                      3.84148e-11
gnd_drv__t95                       3.88177e-11
x2_n5__t110                                4.5
out__t164                          2.30638e-09
out__t41                           2.30653e-09
x2_n5__t81                                 4.5
gnd_drv__t225                      3.92217e-11
x2_n2__t0                          1.47359e-09
x2_n1__t0                                  4.5
gnd_drv__t1                        4.36135e-11
gnd_drv__t96                       3.96254e-11
x2_n5__t112                                4.5
out__t165                          2.30667e-09
out__t48                            2.3068e-09
x2_n5__t91                                 4.5
gnd_drv__t232                      4.00277e-11
gnd_drv__t104                      4.04309e-11
x2_n5__t130                                4.5
out__t173                          2.30693e-09
out__t66                           2.30703e-09
x2_n5__t129                                4.5
gnd_drv__t250                      4.08338e-11
gnd_drv__t103                      4.12364e-11
x2_n5__t128                                4.5
out__t172                          2.30713e-09
out__t65                           2.30721e-09
x2_n5__t127                                4.5
gnd_drv__t249                      4.16386e-11
gnd_drv__t102                      4.20404e-11
x2_n5__t126                                4.5
out__t171                          2.30727e-09
out__t64                           2.30731e-09
x2_n5__t125                                4.5
gnd_drv__t248                      4.24418e-11
gnd_drv__t101                      4.28427e-11
x2_n5__t124                                4.5
out__t170                          2.30733e-09
out__t63                           2.30733e-09
x2_n5__t123                                4.5
gnd_drv__t247                       4.3243e-11
x1_inb__t1                                2.97
in__t0                                       0
vdd_logic__t0                             2.97
vdd_logic                                 2.97
x1_nca__t0                                 4.5
x1_ncb__t3                          3.8755e-09
vdd_drv__t2                                4.5
vdd_drv                                    4.5
x1_ncb__t4                         3.91515e-09
x1_nca__t1                                 4.5
vdd_drv__t12                               4.5
x1_nbuf1__t0                               4.5
x1_ncb__t0                          3.8755e-09
vdd_drv__t0                                4.5
in_drv__t0                          2.1832e-09
x1_nbuf1__t2                               4.5
vdd_drv__t1                                4.5
x2_n1__t2                                  4.5
in_drv__t1                         9.82256e-10
vdd_drv__t6                                4.5
x2_n2__t3                          3.01432e-09
x2_n1__t1                                  4.5
vdd_drv__t5                                4.5
x2_n3__t0                                  4.5
x2_n2__t1                          2.08233e-09
vdd_drv__t3                                4.5
x2_n4__t207                        2.81946e-09
x2_n3__t2                                  4.5
vdd_drv__t4                                4.5
vdd_drv__t555                              4.5
x2_n3__t3                                  4.5
x2_n4__t206                        2.81565e-09
x2_n4__t196                        2.81187e-09
x2_n3__t30                                 4.5
vdd_drv__t554                              4.5
vdd_drv__t235                              4.5
x2_n3__t29                                 4.5
x2_n4__t213                        2.80812e-09
x2_n4__t195                        2.80441e-09
x2_n3__t28                                 4.5
vdd_drv__t553                              4.5
vdd_drv__t234                              4.5
x2_n3__t27                                 4.5
x2_n4__t212                        2.80073e-09
x2_n4__t194                        2.79709e-09
x2_n3__t26                                 4.5
vdd_drv__t552                              4.5
vdd_drv__t252                              4.5
x2_n3__t44                                 4.5
x2_n4__t220                        2.79349e-09
x2_n4__t204                        2.78993e-09
x2_n3__t43                                 4.5
vdd_drv__t574                              4.5
vdd_drv__t251                              4.5
x2_n3__t42                                 4.5
x2_n4__t219                        2.78642e-09
x2_n4__t205                        2.78295e-09
x2_n3__t45                                 4.5
vdd_drv__t578                              4.5
vdd_drv__t250                              4.5
x2_n3__t41                                 4.5
x2_n4__t218                        2.77952e-09
x2_n4__t203                        2.77615e-09
x2_n3__t40                                 4.5
vdd_drv__t572                              4.5
vdd_drv__t221                              4.5
x2_n3__t19                                 4.5
x2_n4__t208                        2.77283e-09
x2_n4__t199                        2.76956e-09
x2_n3__t36                                 4.5
vdd_drv__t569                              4.5
vdd_drv__t248                              4.5
x2_n3__t35                                 4.5
x2_n4__t216                        2.76635e-09
x2_n4__t198                         2.7632e-09
x2_n3__t34                                 4.5
vdd_drv__t568                              4.5
vdd_drv__t247                              4.5
x2_n3__t33                                 4.5
x2_n4__t215                        2.76011e-09
x2_n4__t197                        2.75709e-09
x2_n3__t32                                 4.5
vdd_drv__t562                              4.5
vdd_drv__t226                              4.5
x2_n3__t25                                 4.5
x2_n4__t211                        2.75415e-09
x2_n4__t193                        2.75127e-09
x2_n3__t24                                 4.5
vdd_drv__t546                              4.5
vdd_drv__t225                              4.5
x2_n3__t23                                 4.5
x2_n4__t210                        2.74847e-09
x2_n4__t192                        2.74575e-09
x2_n3__t22                                 4.5
vdd_drv__t545                              4.5
vdd_drv__t224                              4.5
x2_n3__t21                                 4.5
x2_n4__t209                        2.74311e-09
x2_n4__t191                        2.74056e-09
x2_n3__t20                                 4.5
vdd_drv__t544                              4.5
vdd_drv__t236                              4.5
x2_n3__t31                                 4.5
x2_n4__t214                         2.7381e-09
x2_n4__t202                        2.73574e-09
x2_n3__t39                                 4.5
vdd_drv__t571                              4.5
vdd_drv__t249                              4.5
x2_n3__t38                                 4.5
x2_n4__t217                        2.73348e-09
x2_n4__t200                        2.73132e-09
x2_n3__t37                                 4.5
vdd_drv__t570                              4.5
vdd_drv__t7                                4.5
x2_n3__t4                                  4.5
x2_n4__t201                        2.72927e-09
vdd_drv__t254                              4.5
x2_n4__t135                        2.56722e-09
x2_n5__t876                                4.5
x2_n5__t776                                4.5
x2_n4__t56                         2.56722e-09
vdd_drv__t372                              4.5
vdd_drv__t280                              4.5
x2_n4__t148                        2.56722e-09
x2_n5__t883                                4.5
x2_n5__t784                                4.5
x2_n4__t73                         2.56722e-09
vdd_drv__t393                              4.5
vdd_drv__t284                              4.5
x2_n4__t155                        2.56722e-09
x2_n5__t887                                4.5
x2_n5__t824                                4.5
x2_n4__t154                        2.56722e-09
vdd_drv__t607                              4.5
vdd_drv__t282                              4.5
x2_n4__t150                        2.56722e-09
x2_n5__t885                                4.5
x2_n5__t816                                4.5
x2_n4__t136                        2.56722e-09
vdd_drv__t583                              4.5
vdd_drv__t72                               4.5
x2_n4__t74                         2.56722e-09
x2_n5__t846                                4.5
x2_n5__t783                                4.5
x2_n4__t72                         2.56722e-09
vdd_drv__t392                              4.5
vdd_drv__t71                               4.5
x2_n4__t71                         2.56722e-09
x2_n5__t845                                4.5
x2_n5__t782                                4.5
x2_n4__t70                         2.56722e-09
vdd_drv__t391                              4.5
vdd_drv__t70                               4.5
x2_n4__t69                         2.56722e-09
x2_n5__t844                                4.5
x2_n5__t781                                4.5
x2_n4__t68                         2.56722e-09
vdd_drv__t390                              4.5
vdd_drv__t69                               4.5
x2_n4__t67                         2.56722e-09
x2_n5__t843                                4.5
x2_n5__t785                                4.5
x2_n4__t75                         2.56722e-09
vdd_drv__t395                              4.5
vdd_drv__t68                               4.5
x2_n4__t66                         2.56722e-09
x2_n5__t842                                4.5
x2_n5__t780                                4.5
x2_n4__t65                         2.56722e-09
vdd_drv__t388                              4.5
vdd_drv__t67                               4.5
x2_n4__t64                         2.56722e-09
x2_n5__t841                                4.5
x2_n5__t779                                4.5
x2_n4__t63                         2.56722e-09
vdd_drv__t387                              4.5
vdd_drv__t66                               4.5
x2_n4__t62                         2.56722e-09
x2_n5__t840                                4.5
x2_n5__t778                                4.5
x2_n4__t61                         2.56722e-09
vdd_drv__t386                              4.5
vdd_drv__t65                               4.5
x2_n4__t60                         2.56722e-09
x2_n5__t839                                4.5
x2_n5__t777                                4.5
x2_n4__t59                         2.56722e-09
vdd_drv__t385                              4.5
vdd_drv__t64                               4.5
x2_n4__t58                         2.56722e-09
x2_n5__t838                                4.5
x2_n5__t786                                4.5
x2_n4__t76                         2.56722e-09
vdd_drv__t466                              4.5
vdd_drv__t306                              4.5
x2_n4__t175                        2.56722e-09
x2_n5__t896                                4.5
x2_n5__t819                                4.5
x2_n4__t141                        2.56722e-09
vdd_drv__t602                              4.5
vdd_drv__t281                              4.5
x2_n4__t149                        2.56722e-09
x2_n5__t884                                4.5
x2_n5__t822                                4.5
x2_n4__t151                        2.56722e-09
vdd_drv__t605                              4.5
vdd_drv__t283                              4.5
x2_n4__t152                        2.56722e-09
x2_n5__t886                                4.5
x2_n5__t823                                4.5
x2_n4__t153                        2.56722e-09
vdd_drv__t606                              4.5
vdd_drv__t53                               4.5
x2_n4__t57                         2.56722e-09
x2_n5__t837                                4.5
x2_n5__t827                                4.5
x2_n4__t160                        2.56722e-09
vdd_drv__t611                              4.5
vdd_drv__t286                              4.5
x2_n4__t158                        2.56722e-09
x2_n5__t888                                4.5
x2_n5__t821                                4.5
x2_n4__t147                        2.56722e-09
vdd_drv__t604                              4.5
vdd_drv__t277                              4.5
x2_n4__t144                        2.56722e-09
x2_n5__t880                                4.5
x2_n5__t820                                4.5
x2_n4__t143                        2.56722e-09
vdd_drv__t603                              4.5
vdd_drv__t276                              4.5
x2_n4__t142                        2.56722e-09
x2_n5__t879                                4.5
x2_n5__t829                                4.5
x2_n4__t163                        2.56722e-09
vdd_drv__t613                              4.5
vdd_drv__t288                              4.5
x2_n4__t162                        2.56722e-09
x2_n5__t890                                4.5
x2_n5__t828                                4.5
x2_n4__t161                        2.56722e-09
vdd_drv__t612                              4.5
vdd_drv__t287                              4.5
x2_n4__t159                        2.56722e-09
x2_n5__t889                                4.5
x2_n5__t825                                4.5
x2_n4__t156                        2.56722e-09
vdd_drv__t608                              4.5
vdd_drv__t278                              4.5
x2_n4__t145                        2.56722e-09
x2_n5__t881                                4.5
x2_n5__t818                                4.5
x2_n4__t140                        2.56722e-09
vdd_drv__t601                              4.5
vdd_drv__t275                              4.5
x2_n4__t139                        2.56722e-09
x2_n5__t878                                4.5
x2_n5__t817                                4.5
x2_n4__t138                        2.56722e-09
vdd_drv__t600                              4.5
vdd_drv__t274                              4.5
x2_n4__t137                        2.56722e-09
x2_n5__t877                                4.5
x2_n5__t830                                4.5
x2_n4__t164                        2.56722e-09
vdd_drv__t614                              4.5
vdd_drv__t293                              4.5
x2_n4__t173                        2.56722e-09
x2_n5__t895                                4.5
x2_n5__t834                                4.5
x2_n4__t172                        2.56722e-09
vdd_drv__t618                              4.5
vdd_drv__t292                              4.5
x2_n4__t171                        2.56722e-09
x2_n5__t894                                4.5
x2_n5__t833                                4.5
x2_n4__t170                        2.56722e-09
vdd_drv__t617                              4.5
vdd_drv__t291                              4.5
x2_n4__t169                        2.56722e-09
x2_n5__t893                                4.5
x2_n5__t832                                4.5
x2_n4__t168                        2.56722e-09
vdd_drv__t616                              4.5
vdd_drv__t290                              4.5
x2_n4__t167                        2.56722e-09
x2_n5__t892                                4.5
x2_n5__t831                                4.5
x2_n4__t166                        2.56722e-09
vdd_drv__t615                              4.5
vdd_drv__t289                              4.5
x2_n4__t165                        2.56722e-09
x2_n5__t891                                4.5
x2_n5__t835                                4.5
x2_n4__t174                        2.56722e-09
vdd_drv__t619                              4.5
vdd_drv__t9                                4.5
x2_n4__t55                         2.56722e-09
x2_n5__t775                                4.5
x2_n5__t836                                4.5
x2_n4__t176                        2.56722e-09
vdd_drv__t11                               4.5
vdd_drv__t182                              4.5
x2_n4__t84                         2.56722e-09
x2_n5__t851                                4.5
x2_n5__t806                                4.5
x2_n4__t115                        2.56722e-09
vdd_drv__t527                              4.5
vdd_drv__t205                              4.5
x2_n4__t114                        2.56722e-09
x2_n5__t865                                4.5
x2_n5__t805                                4.5
x2_n4__t113                        2.56722e-09
vdd_drv__t526                              4.5
vdd_drv__t204                              4.5
x2_n4__t112                        2.56722e-09
x2_n5__t864                                4.5
x2_n5__t804                                4.5
x2_n4__t111                        2.56722e-09
vdd_drv__t525                              4.5
vdd_drv__t203                              4.5
x2_n4__t110                        2.56722e-09
x2_n5__t863                                4.5
x2_n5__t803                                4.5
x2_n4__t109                        2.56722e-09
vdd_drv__t524                              4.5
vdd_drv__t202                              4.5
x2_n4__t108                        2.56722e-09
x2_n5__t862                                4.5
x2_n5__t802                                4.5
x2_n4__t107                        2.56722e-09
vdd_drv__t523                              4.5
vdd_drv__t206                              4.5
x2_n4__t116                        2.56722e-09
x2_n5__t866                                4.5
x2_n5__t801                                4.5
x2_n4__t106                        2.56722e-09
vdd_drv__t521                              4.5
vdd_drv__t201                              4.5
x2_n4__t105                        2.56722e-09
x2_n5__t861                                4.5
x2_n5__t800                                4.5
x2_n4__t104                        2.56722e-09
vdd_drv__t520                              4.5
vdd_drv__t200                              4.5
x2_n4__t103                        2.56722e-09
x2_n5__t860                                4.5
x2_n5__t799                                4.5
x2_n4__t102                        2.56722e-09
vdd_drv__t519                              4.5
vdd_drv__t199                              4.5
x2_n4__t101                        2.56722e-09
x2_n5__t859                                4.5
x2_n5__t798                                4.5
x2_n4__t100                        2.56722e-09
vdd_drv__t518                              4.5
vdd_drv__t198                              4.5
x2_n4__t99                         2.56722e-09
x2_n5__t858                                4.5
x2_n5__t797                                4.5
x2_n4__t98                         2.56722e-09
vdd_drv__t517                              4.5
vdd_drv__t211                              4.5
x2_n4__t117                        2.56722e-09
x2_n5__t867                                4.5
x2_n5__t810                                4.5
x2_n4__t125                        2.56722e-09
vdd_drv__t537                              4.5
vdd_drv__t215                              4.5
x2_n4__t124                        2.56722e-09
x2_n5__t871                                4.5
x2_n5__t809                                4.5
x2_n4__t123                        2.56722e-09
vdd_drv__t536                              4.5
vdd_drv__t214                              4.5
x2_n4__t122                        2.56722e-09
x2_n5__t870                                4.5
x2_n5__t808                                4.5
x2_n4__t121                        2.56722e-09
vdd_drv__t535                              4.5
vdd_drv__t213                              4.5
x2_n4__t120                        2.56722e-09
x2_n5__t869                                4.5
x2_n5__t807                                4.5
x2_n4__t119                        2.56722e-09
vdd_drv__t534                              4.5
vdd_drv__t212                              4.5
x2_n4__t118                        2.56722e-09
x2_n5__t868                                4.5
x2_n5__t826                                4.5
x2_n4__t157                        2.56722e-09
vdd_drv__t609                              4.5
vdd_drv__t279                              4.5
x2_n4__t146                        2.56722e-09
x2_n5__t882                                4.5
x2_n5__t813                                4.5
x2_n4__t130                        2.56722e-09
vdd_drv__t564                              4.5
vdd_drv__t242                              4.5
x2_n4__t129                        2.56722e-09
x2_n5__t873                                4.5
x2_n5__t812                                4.5
x2_n4__t128                        2.56722e-09
vdd_drv__t563                              4.5
vdd_drv__t246                              4.5
x2_n4__t131                        2.56722e-09
x2_n5__t874                                4.5
x2_n5__t811                                4.5
x2_n4__t127                        2.56722e-09
vdd_drv__t561                              4.5
vdd_drv__t241                              4.5
x2_n4__t126                        2.56722e-09
x2_n5__t872                                4.5
x2_n5__t815                                4.5
x2_n4__t134                        2.56722e-09
vdd_drv__t576                              4.5
vdd_drv__t253                              4.5
x2_n4__t133                        2.56722e-09
x2_n5__t875                                4.5
x2_n5__t814                                4.5
x2_n4__t132                        2.56722e-09
vdd_drv__t575                              4.5
vdd_drv__t180                              4.5
x2_n4__t83                         2.56722e-09
x2_n5__t850                                4.5
x2_n5__t789                                4.5
x2_n4__t82                         2.56722e-09
vdd_drv__t501                              4.5
vdd_drv__t179                              4.5
x2_n4__t81                         2.56722e-09
x2_n5__t849                                4.5
x2_n5__t788                                4.5
x2_n4__t80                         2.56722e-09
vdd_drv__t500                              4.5
vdd_drv__t178                              4.5
x2_n4__t79                         2.56722e-09
x2_n5__t848                                4.5
x2_n5__t787                                4.5
x2_n4__t78                         2.56722e-09
vdd_drv__t498                              4.5
vdd_drv__t177                              4.5
x2_n4__t77                         2.56722e-09
x2_n5__t847                                4.5
x2_n5__t791                                4.5
x2_n4__t87                         2.56722e-09
vdd_drv__t511                              4.5
vdd_drv__t197                              4.5
x2_n4__t96                         2.56722e-09
x2_n5__t857                                4.5
x2_n5__t795                                4.5
x2_n4__t95                         2.56722e-09
vdd_drv__t515                              4.5
vdd_drv__t196                              4.5
x2_n4__t94                         2.56722e-09
x2_n5__t856                                4.5
x2_n5__t794                                4.5
x2_n4__t93                         2.56722e-09
vdd_drv__t514                              4.5
vdd_drv__t195                              4.5
x2_n4__t92                         2.56722e-09
x2_n5__t855                                4.5
x2_n5__t793                                4.5
x2_n4__t91                         2.56722e-09
vdd_drv__t513                              4.5
vdd_drv__t194                              4.5
x2_n4__t90                         2.56722e-09
x2_n5__t854                                4.5
x2_n5__t792                                4.5
x2_n4__t89                         2.56722e-09
vdd_drv__t512                              4.5
vdd_drv__t193                              4.5
x2_n4__t88                         2.56722e-09
x2_n5__t853                                4.5
x2_n5__t796                                4.5
x2_n4__t97                         2.56722e-09
vdd_drv__t516                              4.5
vdd_drv__t192                              4.5
x2_n4__t86                         2.56722e-09
x2_n5__t852                                4.5
x2_n5__t790                                4.5
x2_n4__t85                         2.56722e-09
vdd_drv__t510                              4.5
vdd_drv__t229                              4.5
x2_n5__t576                                4.5
out__t648                          2.32737e-09
out__t384                          2.32745e-09
x2_n5__t551                                4.5
vdd_drv__t529                              4.5
vdd_drv__t208                              4.5
x2_n5__t550                                4.5
out__t636                          2.32753e-09
out__t398                          2.32761e-09
x2_n5__t577                                4.5
vdd_drv__t550                              4.5
vdd_drv__t230                              4.5
x2_n5__t578                                4.5
out__t649                          2.32769e-09
out__t399                          2.32777e-09
x2_n5__t579                                4.5
vdd_drv__t551                              4.5
vdd_drv__t231                              4.5
x2_n5__t580                                4.5
out__t650                          2.32785e-09
out__t401                          2.32793e-09
x2_n5__t584                                4.5
vdd_drv__t557                              4.5
vdd_drv__t233                              4.5
x2_n5__t582                                4.5
out__t652                          2.32801e-09
out__t400                          2.32809e-09
x2_n5__t583                                4.5
vdd_drv__t556                              4.5
vdd_drv__t232                              4.5
x2_n5__t581                                4.5
out__t651                          2.32817e-09
out__t389                          2.32825e-09
x2_n5__t559                                4.5
vdd_drv__t538                              4.5
vdd_drv__t217                              4.5
x2_n5__t560                                4.5
out__t640                          2.32833e-09
out__t390                          2.32841e-09
x2_n5__t561                                4.5
vdd_drv__t539                              4.5
vdd_drv__t218                              4.5
x2_n5__t562                                4.5
out__t641                          2.32849e-09
out__t391                          2.32857e-09
x2_n5__t563                                4.5
vdd_drv__t540                              4.5
vdd_drv__t219                              4.5
x2_n5__t564                                4.5
out__t642                          2.32865e-09
out__t392                          2.32873e-09
x2_n5__t565                                4.5
vdd_drv__t541                              4.5
vdd_drv__t220                              4.5
x2_n5__t566                                4.5
out__t643                          2.32881e-09
out__t395                          2.32889e-09
x2_n5__t571                                4.5
vdd_drv__t547                              4.5
vdd_drv__t222                              4.5
x2_n5__t568                                4.5
out__t644                          2.32897e-09
out__t394                          2.32905e-09
x2_n5__t569                                4.5
vdd_drv__t543                              4.5
vdd_drv__t223                              4.5
x2_n5__t570                                4.5
out__t645                          2.32913e-09
out__t409                          2.32921e-09
x2_n5__t599                                4.5
vdd_drv__t577                              4.5
vdd_drv__t255                              4.5
x2_n5__t600                                4.5
out__t660                          2.32929e-09
out__t408                          2.32937e-09
x2_n5__t598                                4.5
vdd_drv__t573                              4.5
vdd_drv__t237                              4.5
x2_n5__t585                                4.5
out__t653                          2.32945e-09
out__t402                          2.32953e-09
x2_n5__t586                                4.5
vdd_drv__t558                              4.5
vdd_drv__t238                              4.5
x2_n5__t587                                4.5
out__t654                          2.32961e-09
out__t403                          2.32969e-09
x2_n5__t588                                4.5
vdd_drv__t559                              4.5
vdd_drv__t239                              4.5
x2_n5__t589                                4.5
out__t655                          2.32977e-09
out__t404                          2.32985e-09
x2_n5__t590                                4.5
vdd_drv__t560                              4.5
vdd_drv__t240                              4.5
x2_n5__t591                                4.5
out__t656                          2.32993e-09
out__t405                          2.33001e-09
x2_n5__t592                                4.5
vdd_drv__t565                              4.5
vdd_drv__t243                              4.5
x2_n5__t593                                4.5
out__t657                          2.33009e-09
out__t406                          2.33016e-09
x2_n5__t594                                4.5
vdd_drv__t566                              4.5
vdd_drv__t244                              4.5
x2_n5__t595                                4.5
out__t658                          2.33024e-09
out__t407                          2.33032e-09
x2_n5__t596                                4.5
vdd_drv__t567                              4.5
vdd_drv__t245                              4.5
x2_n5__t597                                4.5
out__t659                           2.3304e-09
out__t393                          2.33048e-09
x2_n5__t567                                4.5
vdd_drv__t542                              4.5
vdd_drv__t188                              4.5
x2_n5__t540                                4.5
out__t631                          2.33056e-09
out__t379                          2.33064e-09
x2_n5__t541                                4.5
vdd_drv__t507                              4.5
vdd_drv__t189                              4.5
x2_n5__t542                                4.5
out__t632                          2.33072e-09
out__t380                           2.3308e-09
x2_n5__t543                                4.5
vdd_drv__t508                              4.5
vdd_drv__t190                              4.5
x2_n5__t544                                4.5
out__t633                          2.33088e-09
out__t381                          2.33096e-09
x2_n5__t545                                4.5
vdd_drv__t509                              4.5
vdd_drv__t191                              4.5
x2_n5__t546                                4.5
out__t634                          2.33104e-09
out__t373                          2.33112e-09
x2_n5__t528                                4.5
vdd_drv__t499                              4.5
vdd_drv__t181                              4.5
x2_n5__t529                                4.5
out__t625                           2.3312e-09
out__t378                          2.33128e-09
x2_n5__t539                                4.5
vdd_drv__t506                              4.5
vdd_drv__t183                              4.5
x2_n5__t530                                4.5
out__t626                          2.33136e-09
out__t374                          2.33144e-09
x2_n5__t531                                4.5
vdd_drv__t502                              4.5
vdd_drv__t184                              4.5
x2_n5__t532                                4.5
out__t627                          2.33152e-09
out__t375                           2.3316e-09
x2_n5__t533                                4.5
vdd_drv__t503                              4.5
vdd_drv__t185                              4.5
x2_n5__t534                                4.5
out__t628                          2.33168e-09
out__t376                          2.33176e-09
x2_n5__t535                                4.5
vdd_drv__t504                              4.5
vdd_drv__t186                              4.5
x2_n5__t536                                4.5
out__t629                          2.33184e-09
out__t377                          2.33192e-09
x2_n5__t537                                4.5
vdd_drv__t505                              4.5
vdd_drv__t187                              4.5
x2_n5__t538                                4.5
out__t630                            2.332e-09
out__t382                          2.33208e-09
x2_n5__t547                                4.5
vdd_drv__t522                              4.5
vdd_drv__t207                              4.5
x2_n5__t548                                4.5
out__t635                          2.33216e-09
out__t383                          2.33224e-09
x2_n5__t549                                4.5
vdd_drv__t528                              4.5
vdd_drv__t8                                4.5
x2_n5__t221                                4.5
out__t220                          2.33232e-09
out__t416                           2.3225e-09
x2_n5__t613                                4.5
vdd_drv__t586                              4.5
vdd_drv__t263                              4.5
x2_n5__t616                                4.5
out__t668                          2.32258e-09
out__t385                          2.32266e-09
x2_n5__t552                                4.5
vdd_drv__t530                              4.5
vdd_drv__t209                              4.5
x2_n5__t553                                4.5
out__t637                          2.32274e-09
out__t386                          2.32282e-09
x2_n5__t554                                4.5
vdd_drv__t531                              4.5
vdd_drv__t210                              4.5
x2_n5__t555                                4.5
out__t638                           2.3229e-09
out__t387                          2.32298e-09
x2_n5__t556                                4.5
vdd_drv__t532                              4.5
vdd_drv__t216                              4.5
x2_n5__t558                                4.5
out__t639                          2.32306e-09
out__t388                          2.32314e-09
x2_n5__t557                                4.5
vdd_drv__t533                              4.5
vdd_drv__t305                              4.5
x2_n5__t662                                4.5
out__t691                          2.32322e-09
out__t441                           2.3233e-09
x2_n5__t663                                4.5
vdd_drv__t630                              4.5
vdd_drv__t309                              4.5
x2_n5__t670                                4.5
out__t694                          2.32338e-09
out__t446                          2.32346e-09
x2_n5__t671                                4.5
vdd_drv__t635                              4.5
vdd_drv__t310                              4.5
x2_n5__t672                                4.5
out__t695                          2.32354e-09
out__t447                          2.32362e-09
x2_n5__t673                                4.5
vdd_drv__t636                              4.5
vdd_drv__t311                              4.5
x2_n5__t674                                4.5
out__t696                           2.3237e-09
out__t448                          2.32378e-09
x2_n5__t675                                4.5
vdd_drv__t637                              4.5
vdd_drv__t312                              4.5
x2_n5__t676                                4.5
out__t697                          2.32386e-09
out__t449                          2.32394e-09
x2_n5__t677                                4.5
vdd_drv__t638                              4.5
vdd_drv__t313                              4.5
x2_n5__t678                                4.5
out__t698                          2.32402e-09
out__t445                           2.3241e-09
x2_n5__t669                                4.5
vdd_drv__t634                              4.5
vdd_drv__t294                              4.5
x2_n5__t641                                4.5
out__t680                          2.32418e-09
out__t431                          2.32426e-09
x2_n5__t642                                4.5
vdd_drv__t620                              4.5
vdd_drv__t295                              4.5
x2_n5__t643                                4.5
out__t681                          2.32434e-09
out__t432                          2.32442e-09
x2_n5__t644                                4.5
vdd_drv__t621                              4.5
vdd_drv__t296                              4.5
x2_n5__t645                                4.5
out__t682                           2.3245e-09
out__t433                          2.32458e-09
x2_n5__t646                                4.5
vdd_drv__t622                              4.5
vdd_drv__t297                              4.5
x2_n5__t647                                4.5
out__t683                          2.32466e-09
out__t434                          2.32474e-09
x2_n5__t648                                4.5
vdd_drv__t623                              4.5
vdd_drv__t298                              4.5
x2_n5__t649                                4.5
out__t684                          2.32482e-09
out__t439                          2.32489e-09
x2_n5__t660                                4.5
vdd_drv__t628                              4.5
vdd_drv__t300                              4.5
x2_n5__t651                                4.5
out__t686                          2.32497e-09
out__t435                          2.32505e-09
x2_n5__t652                                4.5
vdd_drv__t624                              4.5
vdd_drv__t301                              4.5
x2_n5__t653                                4.5
out__t687                          2.32513e-09
out__t436                          2.32521e-09
x2_n5__t654                                4.5
vdd_drv__t625                              4.5
vdd_drv__t302                              4.5
x2_n5__t655                                4.5
out__t688                          2.32529e-09
out__t437                          2.32537e-09
x2_n5__t656                                4.5
vdd_drv__t626                              4.5
vdd_drv__t273                              4.5
x2_n5__t638                                4.5
out__t678                          2.32545e-09
out__t425                          2.32553e-09
x2_n5__t629                                4.5
vdd_drv__t595                              4.5
vdd_drv__t269                              4.5
x2_n5__t630                                4.5
out__t674                          2.32561e-09
out__t426                          2.32569e-09
x2_n5__t631                                4.5
vdd_drv__t596                              4.5
vdd_drv__t270                              4.5
x2_n5__t632                                4.5
out__t675                          2.32577e-09
out__t427                          2.32585e-09
x2_n5__t633                                4.5
vdd_drv__t597                              4.5
vdd_drv__t271                              4.5
x2_n5__t634                                4.5
out__t676                          2.32593e-09
out__t428                          2.32601e-09
x2_n5__t635                                4.5
vdd_drv__t598                              4.5
vdd_drv__t272                              4.5
x2_n5__t636                                4.5
out__t677                          2.32609e-09
out__t429                          2.32617e-09
x2_n5__t637                                4.5
vdd_drv__t599                              4.5
vdd_drv__t268                              4.5
x2_n5__t628                                4.5
out__t673                          2.32625e-09
out__t410                          2.32633e-09
x2_n5__t601                                4.5
vdd_drv__t579                              4.5
vdd_drv__t256                              4.5
x2_n5__t602                                4.5
out__t661                          2.32641e-09
out__t411                          2.32649e-09
x2_n5__t603                                4.5
vdd_drv__t580                              4.5
vdd_drv__t257                              4.5
x2_n5__t604                                4.5
out__t662                          2.32657e-09
out__t412                          2.32665e-09
x2_n5__t605                                4.5
vdd_drv__t581                              4.5
vdd_drv__t258                              4.5
x2_n5__t606                                4.5
out__t663                          2.32673e-09
out__t413                          2.32681e-09
x2_n5__t607                                4.5
vdd_drv__t582                              4.5
vdd_drv__t259                              4.5
x2_n5__t608                                4.5
out__t664                          2.32689e-09
out__t419                          2.32697e-09
x2_n5__t618                                4.5
vdd_drv__t589                              4.5
vdd_drv__t260                              4.5
x2_n5__t609                                4.5
out__t665                          2.32705e-09
out__t414                          2.32713e-09
x2_n5__t610                                4.5
vdd_drv__t584                              4.5
vdd_drv__t261                              4.5
x2_n5__t611                                4.5
out__t666                          2.32721e-09
out__t415                          2.32729e-09
x2_n5__t612                                4.5
vdd_drv__t585                              4.5
vdd_drv__t228                              4.5
x2_n5__t574                                4.5
out__t647                          2.32242e-09
out__t418                          2.31739e-09
x2_n5__t617                                4.5
vdd_drv__t588                              4.5
vdd_drv__t285                              4.5
x2_n5__t639                                4.5
out__t679                          2.31747e-09
out__t430                          2.31755e-09
x2_n5__t640                                4.5
vdd_drv__t610                              4.5
vdd_drv__t56                               4.5
x2_n5__t304                                4.5
out__t513                          2.31763e-09
out__t261                          2.31771e-09
x2_n5__t305                                4.5
vdd_drv__t376                              4.5
vdd_drv__t57                               4.5
x2_n5__t306                                4.5
out__t514                          2.31779e-09
out__t262                          2.31787e-09
x2_n5__t307                                4.5
vdd_drv__t377                              4.5
vdd_drv__t58                               4.5
x2_n5__t308                                4.5
out__t515                          2.31795e-09
out__t263                          2.31803e-09
x2_n5__t309                                4.5
vdd_drv__t378                              4.5
vdd_drv__t63                               4.5
x2_n5__t320                                4.5
out__t520                          2.31811e-09
out__t265                          2.31819e-09
x2_n5__t311                                4.5
vdd_drv__t380                              4.5
vdd_drv__t59                               4.5
x2_n5__t312                                4.5
out__t516                          2.31827e-09
out__t266                          2.31835e-09
x2_n5__t313                                4.5
vdd_drv__t381                              4.5
vdd_drv__t60                               4.5
x2_n5__t314                                4.5
out__t517                          2.31843e-09
out__t267                          2.31851e-09
x2_n5__t315                                4.5
vdd_drv__t382                              4.5
vdd_drv__t61                               4.5
x2_n5__t316                                4.5
out__t518                          2.31859e-09
out__t268                          2.31867e-09
x2_n5__t317                                4.5
vdd_drv__t383                              4.5
vdd_drv__t62                               4.5
x2_n5__t318                                4.5
out__t519                          2.31875e-09
out__t269                          2.31883e-09
x2_n5__t319                                4.5
vdd_drv__t384                              4.5
vdd_drv__t79                               4.5
x2_n5__t333                                4.5
out__t527                          2.31891e-09
out__t281                          2.31899e-09
x2_n5__t344                                4.5
vdd_drv__t405                              4.5
vdd_drv__t85                               4.5
x2_n5__t345                                4.5
out__t533                          2.31907e-09
out__t282                          2.31915e-09
x2_n5__t346                                4.5
vdd_drv__t406                              4.5
vdd_drv__t86                               4.5
x2_n5__t347                                4.5
out__t534                          2.31923e-09
out__t283                          2.31931e-09
x2_n5__t348                                4.5
vdd_drv__t407                              4.5
vdd_drv__t87                               4.5
x2_n5__t349                                4.5
out__t535                          2.31939e-09
out__t284                          2.31947e-09
x2_n5__t350                                4.5
vdd_drv__t408                              4.5
vdd_drv__t88                               4.5
x2_n5__t351                                4.5
out__t536                          2.31955e-09
out__t235                          2.31963e-09
x2_n5__t250                                4.5
vdd_drv__t349                              4.5
vdd_drv__t13                               4.5
x2_n5__t222                                4.5
out__t471                          2.31971e-09
out__t221                          2.31979e-09
x2_n5__t223                                4.5
vdd_drv__t335                              4.5
vdd_drv__t14                               4.5
x2_n5__t224                                4.5
out__t472                          2.31987e-09
out__t222                          2.31995e-09
x2_n5__t225                                4.5
vdd_drv__t336                              4.5
vdd_drv__t15                               4.5
x2_n5__t226                                4.5
out__t473                          2.32003e-09
out__t223                          2.32011e-09
x2_n5__t227                                4.5
vdd_drv__t337                              4.5
vdd_drv__t16                               4.5
x2_n5__t228                                4.5
out__t474                          2.32019e-09
out__t224                          2.32026e-09
x2_n5__t229                                4.5
vdd_drv__t338                              4.5
vdd_drv__t17                               4.5
x2_n5__t230                                4.5
out__t475                          2.32034e-09
out__t229                          2.32042e-09
x2_n5__t239                                4.5
vdd_drv__t343                              4.5
vdd_drv__t18                               4.5
x2_n5__t232                                4.5
out__t476                           2.3205e-09
out__t226                          2.32058e-09
x2_n5__t233                                4.5
vdd_drv__t340                              4.5
vdd_drv__t19                               4.5
x2_n5__t234                                4.5
out__t477                          2.32066e-09
out__t227                          2.32074e-09
x2_n5__t235                                4.5
vdd_drv__t341                              4.5
vdd_drv__t20                               4.5
x2_n5__t236                                4.5
out__t478                          2.32082e-09
out__t228                           2.3209e-09
x2_n5__t237                                4.5
vdd_drv__t342                              4.5
vdd_drv__t21                               4.5
x2_n5__t238                                4.5
out__t479                          2.32098e-09
out__t225                          2.32106e-09
x2_n5__t231                                4.5
vdd_drv__t339                              4.5
vdd_drv__t37                               4.5
x2_n5__t271                                4.5
out__t495                          2.32114e-09
out__t251                          2.32122e-09
x2_n5__t283                                4.5
vdd_drv__t365                              4.5
vdd_drv__t44                               4.5
x2_n5__t284                                4.5
out__t502                           2.3213e-09
out__t252                          2.32138e-09
x2_n5__t285                                4.5
vdd_drv__t366                              4.5
vdd_drv__t45                               4.5
x2_n5__t286                                4.5
out__t503                          2.32146e-09
out__t253                          2.32154e-09
x2_n5__t287                                4.5
vdd_drv__t367                              4.5
vdd_drv__t47                               4.5
x2_n5__t289                                4.5
out__t505                          2.32162e-09
out__t254                           2.3217e-09
x2_n5__t290                                4.5
vdd_drv__t368                              4.5
vdd_drv__t49                               4.5
x2_n5__t293                                4.5
out__t507                          2.32178e-09
out__t256                          2.32186e-09
x2_n5__t294                                4.5
vdd_drv__t370                              4.5
vdd_drv__t50                               4.5
x2_n5__t295                                4.5
out__t508                          2.32194e-09
out__t257                          2.32202e-09
x2_n5__t296                                4.5
vdd_drv__t371                              4.5
vdd_drv__t51                               4.5
x2_n5__t297                                4.5
out__t509                           2.3221e-09
out__t258                          2.32218e-09
x2_n5__t298                                4.5
vdd_drv__t373                              4.5
vdd_drv__t34                               4.5
x2_n5__t267                                4.5
out__t492                          2.32226e-09
out__t397                          2.32234e-09
x2_n5__t575                                4.5
vdd_drv__t549                              4.5
vdd_drv__t35                               4.5
x2_n5__t268                                4.5
out__t493                          2.31254e-09
out__t245                          2.31261e-09
x2_n5__t269                                4.5
vdd_drv__t359                              4.5
vdd_drv__t36                               4.5
x2_n5__t270                                4.5
out__t494                          2.31269e-09
out__t250                          2.31277e-09
x2_n5__t281                                4.5
vdd_drv__t364                              4.5
vdd_drv__t38                               4.5
x2_n5__t272                                4.5
out__t496                          2.31285e-09
out__t246                          2.31293e-09
x2_n5__t273                                4.5
vdd_drv__t360                              4.5
vdd_drv__t39                               4.5
x2_n5__t274                                4.5
out__t497                          2.31301e-09
out__t247                          2.31309e-09
x2_n5__t275                                4.5
vdd_drv__t361                              4.5
vdd_drv__t40                               4.5
x2_n5__t276                                4.5
out__t498                          2.31317e-09
out__t248                          2.31325e-09
x2_n5__t277                                4.5
vdd_drv__t362                              4.5
vdd_drv__t41                               4.5
x2_n5__t278                                4.5
out__t499                          2.31333e-09
out__t249                          2.31341e-09
x2_n5__t279                                4.5
vdd_drv__t363                              4.5
vdd_drv__t42                               4.5
x2_n5__t280                                4.5
out__t500                          2.31349e-09
out__t279                          2.31357e-09
x2_n5__t342                                4.5
vdd_drv__t403                              4.5
vdd_drv__t100                              4.5
x2_n5__t374                                4.5
out__t548                          2.31365e-09
out__t342                          2.31373e-09
x2_n5__t467                                4.5
vdd_drv__t467                              4.5
vdd_drv__t147                              4.5
x2_n5__t468                                4.5
out__t595                          2.31381e-09
out__t343                          2.31389e-09
x2_n5__t469                                4.5
vdd_drv__t468                              4.5
vdd_drv__t148                              4.5
x2_n5__t470                                4.5
out__t596                          2.31397e-09
out__t344                          2.31404e-09
x2_n5__t471                                4.5
vdd_drv__t469                              4.5
vdd_drv__t149                              4.5
x2_n5__t472                                4.5
out__t597                          2.31412e-09
out__t345                           2.3142e-09
x2_n5__t473                                4.5
vdd_drv__t470                              4.5
vdd_drv__t150                              4.5
x2_n5__t474                                4.5
out__t598                          2.31428e-09
out__t371                          2.31436e-09
x2_n5__t526                                4.5
vdd_drv__t496                              4.5
vdd_drv__t171                              4.5
x2_n5__t516                                4.5
out__t619                          2.31444e-09
out__t352                          2.31452e-09
x2_n5__t487                                4.5
vdd_drv__t477                              4.5
vdd_drv__t157                              4.5
x2_n5__t488                                4.5
out__t605                           2.3146e-09
out__t353                          2.31468e-09
x2_n5__t489                                4.5
vdd_drv__t478                              4.5
vdd_drv__t158                              4.5
x2_n5__t490                                4.5
out__t606                          2.31476e-09
out__t354                          2.31484e-09
x2_n5__t491                                4.5
vdd_drv__t479                              4.5
vdd_drv__t159                              4.5
x2_n5__t492                                4.5
out__t607                          2.31492e-09
out__t355                            2.315e-09
x2_n5__t493                                4.5
vdd_drv__t480                              4.5
vdd_drv__t160                              4.5
x2_n5__t494                                4.5
out__t608                          2.31508e-09
out__t356                          2.31516e-09
x2_n5__t495                                4.5
vdd_drv__t481                              4.5
vdd_drv__t165                              4.5
x2_n5__t506                                4.5
out__t613                          2.31524e-09
out__t358                          2.31532e-09
x2_n5__t497                                4.5
vdd_drv__t483                              4.5
vdd_drv__t161                              4.5
x2_n5__t498                                4.5
out__t609                           2.3154e-09
out__t359                          2.31548e-09
x2_n5__t499                                4.5
vdd_drv__t484                              4.5
vdd_drv__t162                              4.5
x2_n5__t500                                4.5
out__t610                          2.31556e-09
out__t360                          2.31564e-09
x2_n5__t501                                4.5
vdd_drv__t485                              4.5
vdd_drv__t163                              4.5
x2_n5__t502                                4.5
out__t611                          2.31572e-09
out__t361                           2.3158e-09
x2_n5__t503                                4.5
vdd_drv__t486                              4.5
vdd_drv__t164                              4.5
x2_n5__t504                                4.5
out__t612                          2.31588e-09
out__t362                          2.31596e-09
x2_n5__t505                                4.5
vdd_drv__t487                              4.5
vdd_drv__t141                              4.5
x2_n5__t456                                4.5
out__t589                          2.31604e-09
out__t301                          2.31612e-09
x2_n5__t385                                4.5
vdd_drv__t425                              4.5
vdd_drv__t106                              4.5
x2_n5__t386                                4.5
out__t554                           2.3162e-09
out__t302                          2.31628e-09
x2_n5__t387                                4.5
vdd_drv__t426                              4.5
vdd_drv__t107                              4.5
x2_n5__t388                                4.5
out__t555                          2.31636e-09
out__t304                          2.31644e-09
x2_n5__t391                                4.5
vdd_drv__t428                              4.5
vdd_drv__t109                              4.5
x2_n5__t392                                4.5
out__t557                          2.31651e-09
out__t305                          2.31659e-09
x2_n5__t393                                4.5
vdd_drv__t429                              4.5
vdd_drv__t114                              4.5
x2_n5__t401                                4.5
out__t562                          2.31667e-09
out__t309                          2.31675e-09
x2_n5__t402                                4.5
vdd_drv__t433                              4.5
vdd_drv__t115                              4.5
x2_n5__t403                                4.5
out__t563                          2.31683e-09
out__t310                          2.31691e-09
x2_n5__t404                                4.5
vdd_drv__t434                              4.5
vdd_drv__t110                              4.5
x2_n5__t394                                4.5
out__t558                          2.31699e-09
out__t292                          2.31707e-09
x2_n5__t365                                4.5
vdd_drv__t416                              4.5
vdd_drv__t95                               4.5
x2_n5__t366                                4.5
out__t543                          2.31715e-09
out__t293                          2.31723e-09
x2_n5__t367                                4.5
vdd_drv__t417                              4.5
vdd_drv__t96                               4.5
x2_n5__t368                                4.5
out__t544                          2.31731e-09
out__t396                          2.31246e-09
x2_n5__t572                                4.5
vdd_drv__t548                              4.5
vdd_drv__t98                               4.5
x2_n5__t371                                4.5
out__t546                          2.31142e-09
out__t308                          2.31134e-09
x2_n5__t400                                4.5
vdd_drv__t432                              4.5
vdd_drv__t113                              4.5
x2_n5__t399                                4.5
out__t561                          2.31126e-09
out__t307                          2.31118e-09
x2_n5__t398                                4.5
vdd_drv__t431                              4.5
vdd_drv__t112                              4.5
x2_n5__t397                                4.5
out__t560                          2.31111e-09
out__t306                          2.31103e-09
x2_n5__t396                                4.5
vdd_drv__t430                              4.5
vdd_drv__t111                              4.5
x2_n5__t395                                4.5
out__t559                          2.31095e-09
out__t311                          2.31087e-09
x2_n5__t405                                4.5
vdd_drv__t435                              4.5
vdd_drv__t116                              4.5
x2_n5__t406                                4.5
out__t564                           2.3108e-09
out__t326                          2.31072e-09
x2_n5__t435                                4.5
vdd_drv__t450                              4.5
vdd_drv__t135                              4.5
x2_n5__t445                                4.5
out__t583                          2.31065e-09
out__t331                          2.31057e-09
x2_n5__t444                                4.5
vdd_drv__t455                              4.5
vdd_drv__t134                              4.5
x2_n5__t443                                4.5
out__t582                           2.3105e-09
out__t330                          2.31042e-09
x2_n5__t442                                4.5
vdd_drv__t454                              4.5
vdd_drv__t133                              4.5
x2_n5__t441                                4.5
out__t581                          2.31035e-09
out__t329                          2.31028e-09
x2_n5__t440                                4.5
vdd_drv__t453                              4.5
vdd_drv__t132                              4.5
x2_n5__t439                                4.5
out__t580                          2.31021e-09
out__t328                          2.31014e-09
x2_n5__t438                                4.5
vdd_drv__t452                              4.5
vdd_drv__t131                              4.5
x2_n5__t437                                4.5
out__t579                          2.31007e-09
out__t327                          2.31001e-09
x2_n5__t436                                4.5
vdd_drv__t451                              4.5
vdd_drv__t136                              4.5
x2_n5__t446                                4.5
out__t584                          2.30995e-09
out__t325                           2.3099e-09
x2_n5__t434                                4.5
vdd_drv__t449                              4.5
vdd_drv__t130                              4.5
x2_n5__t433                                4.5
out__t578                          2.30985e-09
out__t324                          2.30982e-09
x2_n5__t432                                4.5
vdd_drv__t448                              4.5
vdd_drv__t129                              4.5
x2_n5__t431                                4.5
out__t577                          2.30979e-09
out__t323                          2.30979e-09
x2_n5__t430                                4.5
vdd_drv__t447                              4.5
vdd_drv__t128                              4.5
x2_n5__t429                                4.5
out__t576                           2.3098e-09
out__t322                          2.30982e-09
x2_n5__t428                                4.5
vdd_drv__t446                              4.5
vdd_drv__t127                              4.5
x2_n5__t427                                4.5
out__t575                          2.30986e-09
out__t321                           2.3099e-09
x2_n5__t426                                4.5
vdd_drv__t445                              4.5
vdd_drv__t121                              4.5
x2_n5__t415                                4.5
out__t569                          2.30996e-09
out__t295                          2.31002e-09
x2_n5__t372                                4.5
vdd_drv__t419                              4.5
vdd_drv__t99                               4.5
x2_n5__t373                                4.5
out__t547                          2.31008e-09
out__t300                          2.31015e-09
x2_n5__t384                                4.5
vdd_drv__t424                              4.5
vdd_drv__t101                              4.5
x2_n5__t375                                4.5
out__t549                          2.31022e-09
out__t296                          2.31029e-09
x2_n5__t376                                4.5
vdd_drv__t420                              4.5
vdd_drv__t102                              4.5
x2_n5__t377                                4.5
out__t550                          2.31036e-09
out__t297                          2.31043e-09
x2_n5__t378                                4.5
vdd_drv__t421                              4.5
vdd_drv__t103                              4.5
x2_n5__t379                                4.5
out__t551                          2.31051e-09
out__t298                          2.31058e-09
x2_n5__t380                                4.5
vdd_drv__t422                              4.5
vdd_drv__t104                              4.5
x2_n5__t381                                4.5
out__t552                          2.31066e-09
out__t299                          2.31073e-09
x2_n5__t382                                4.5
vdd_drv__t423                              4.5
vdd_drv__t105                              4.5
x2_n5__t383                                4.5
out__t553                          2.31081e-09
out__t440                          2.31089e-09
x2_n5__t661                                4.5
vdd_drv__t629                              4.5
vdd_drv__t126                              4.5
x2_n5__t424                                4.5
out__t574                          2.31096e-09
out__t319                          2.31104e-09
x2_n5__t423                                4.5
vdd_drv__t443                              4.5
vdd_drv__t125                              4.5
x2_n5__t422                                4.5
out__t573                          2.31112e-09
out__t318                           2.3112e-09
x2_n5__t421                                4.5
vdd_drv__t442                              4.5
vdd_drv__t124                              4.5
x2_n5__t420                                4.5
out__t572                          2.31128e-09
out__t317                          2.31135e-09
x2_n5__t419                                4.5
vdd_drv__t441                              4.5
vdd_drv__t123                              4.5
x2_n5__t418                                4.5
out__t571                          2.31143e-09
out__t316                          2.31151e-09
x2_n5__t417                                4.5
vdd_drv__t440                              4.5
vdd_drv__t122                              4.5
x2_n5__t416                                4.5
out__t570                          2.31159e-09
out__t320                          2.31167e-09
x2_n5__t425                                4.5
vdd_drv__t444                              4.5
vdd_drv__t120                              4.5
x2_n5__t414                                4.5
out__t568                          2.31175e-09
out__t315                          2.31182e-09
x2_n5__t413                                4.5
vdd_drv__t439                              4.5
vdd_drv__t119                              4.5
x2_n5__t412                                4.5
out__t567                           2.3119e-09
out__t314                          2.31198e-09
x2_n5__t411                                4.5
vdd_drv__t438                              4.5
vdd_drv__t118                              4.5
x2_n5__t410                                4.5
out__t566                          2.31206e-09
out__t313                          2.31214e-09
x2_n5__t409                                4.5
vdd_drv__t437                              4.5
vdd_drv__t117                              4.5
x2_n5__t408                                4.5
out__t565                          2.31222e-09
out__t312                           2.3123e-09
x2_n5__t407                                4.5
vdd_drv__t436                              4.5
vdd_drv__t227                              4.5
x2_n5__t573                                4.5
out__t646                          2.31238e-09
out__t244                          2.31626e-09
x2_n5__t266                                4.5
vdd_drv__t358                              4.5
vdd_drv__t33                               4.5
x2_n5__t265                                4.5
out__t491                          2.31618e-09
out__t243                           2.3161e-09
x2_n5__t264                                4.5
vdd_drv__t357                              4.5
vdd_drv__t32                               4.5
x2_n5__t263                                4.5
out__t490                          2.31602e-09
out__t242                          2.31594e-09
x2_n5__t262                                4.5
vdd_drv__t356                              4.5
vdd_drv__t48                               4.5
x2_n5__t291                                4.5
out__t506                          2.31586e-09
out__t259                          2.31578e-09
x2_n5__t300                                4.5
vdd_drv__t374                              4.5
vdd_drv__t52                               4.5
x2_n5__t299                                4.5
out__t510                          2.31571e-09
out__t336                          2.31563e-09
x2_n5__t455                                4.5
vdd_drv__t460                              4.5
vdd_drv__t140                              4.5
x2_n5__t454                                4.5
out__t588                          2.31555e-09
out__t335                          2.31547e-09
x2_n5__t453                                4.5
vdd_drv__t459                              4.5
vdd_drv__t139                              4.5
x2_n5__t452                                4.5
out__t587                          2.31539e-09
out__t334                          2.31531e-09
x2_n5__t451                                4.5
vdd_drv__t458                              4.5
vdd_drv__t138                              4.5
x2_n5__t450                                4.5
out__t586                          2.31523e-09
out__t333                          2.31515e-09
x2_n5__t449                                4.5
vdd_drv__t457                              4.5
vdd_drv__t137                              4.5
x2_n5__t448                                4.5
out__t585                          2.31507e-09
out__t332                          2.31499e-09
x2_n5__t447                                4.5
vdd_drv__t456                              4.5
vdd_drv__t151                              4.5
x2_n5__t475                                4.5
out__t599                          2.31491e-09
out__t350                          2.31483e-09
x2_n5__t485                                4.5
vdd_drv__t475                              4.5
vdd_drv__t156                              4.5
x2_n5__t484                                4.5
out__t604                          2.31475e-09
out__t349                          2.31467e-09
x2_n5__t483                                4.5
vdd_drv__t474                              4.5
vdd_drv__t155                              4.5
x2_n5__t482                                4.5
out__t603                          2.31459e-09
out__t348                          2.31451e-09
x2_n5__t481                                4.5
vdd_drv__t473                              4.5
vdd_drv__t154                              4.5
x2_n5__t480                                4.5
out__t602                          2.31443e-09
out__t347                          2.31435e-09
x2_n5__t479                                4.5
vdd_drv__t472                              4.5
vdd_drv__t153                              4.5
x2_n5__t478                                4.5
out__t601                          2.31427e-09
out__t346                          2.31419e-09
x2_n5__t477                                4.5
vdd_drv__t471                              4.5
vdd_drv__t152                              4.5
x2_n5__t476                                4.5
out__t600                          2.31411e-09
out__t351                          2.31403e-09
x2_n5__t486                                4.5
vdd_drv__t476                              4.5
vdd_drv__t108                              4.5
x2_n5__t390                                4.5
out__t556                          2.31395e-09
out__t303                          2.31387e-09
x2_n5__t389                                4.5
vdd_drv__t427                              4.5
vdd_drv__t176                              4.5
x2_n5__t525                                4.5
out__t624                          2.31379e-09
out__t370                          2.31371e-09
x2_n5__t524                                4.5
vdd_drv__t495                              4.5
vdd_drv__t175                              4.5
x2_n5__t523                                4.5
out__t623                          2.31363e-09
out__t369                          2.31356e-09
x2_n5__t522                                4.5
vdd_drv__t494                              4.5
vdd_drv__t174                              4.5
x2_n5__t521                                4.5
out__t622                          2.31348e-09
out__t368                           2.3134e-09
x2_n5__t520                                4.5
vdd_drv__t493                              4.5
vdd_drv__t173                              4.5
x2_n5__t519                                4.5
out__t621                          2.31332e-09
out__t367                          2.31324e-09
x2_n5__t518                                4.5
vdd_drv__t492                              4.5
vdd_drv__t172                              4.5
x2_n5__t517                                4.5
out__t620                          2.31316e-09
out__t372                          2.31308e-09
x2_n5__t527                                4.5
vdd_drv__t497                              4.5
vdd_drv__t170                              4.5
x2_n5__t515                                4.5
out__t618                            2.313e-09
out__t366                          2.31292e-09
x2_n5__t514                                4.5
vdd_drv__t491                              4.5
vdd_drv__t169                              4.5
x2_n5__t513                                4.5
out__t617                          2.31284e-09
out__t365                          2.31276e-09
x2_n5__t512                                4.5
vdd_drv__t490                              4.5
vdd_drv__t168                              4.5
x2_n5__t511                                4.5
out__t616                          2.31268e-09
out__t364                           2.3126e-09
x2_n5__t510                                4.5
vdd_drv__t489                              4.5
vdd_drv__t167                              4.5
x2_n5__t509                                4.5
out__t615                          2.31252e-09
out__t363                          2.31244e-09
x2_n5__t508                                4.5
vdd_drv__t488                              4.5
vdd_drv__t166                              4.5
x2_n5__t507                                4.5
out__t614                          2.31236e-09
out__t357                          2.31229e-09
x2_n5__t496                                4.5
vdd_drv__t482                              4.5
vdd_drv__t146                              4.5
x2_n5__t465                                4.5
out__t594                          2.31221e-09
out__t340                          2.31213e-09
x2_n5__t464                                4.5
vdd_drv__t464                              4.5
vdd_drv__t145                              4.5
x2_n5__t463                                4.5
out__t593                          2.31205e-09
out__t339                          2.31197e-09
x2_n5__t462                                4.5
vdd_drv__t463                              4.5
vdd_drv__t144                              4.5
x2_n5__t461                                4.5
out__t592                          2.31189e-09
out__t338                          2.31181e-09
x2_n5__t460                                4.5
vdd_drv__t462                              4.5
vdd_drv__t143                              4.5
x2_n5__t459                                4.5
out__t591                          2.31173e-09
out__t337                          2.31165e-09
x2_n5__t458                                4.5
vdd_drv__t461                              4.5
vdd_drv__t142                              4.5
x2_n5__t457                                4.5
out__t590                          2.31158e-09
out__t341                           2.3115e-09
x2_n5__t466                                4.5
vdd_drv__t465                              4.5
vdd_drv__t97                               4.5
x2_n5__t369                                4.5
out__t545                          2.31634e-09
out__t255                          2.32137e-09
x2_n5__t292                                4.5
vdd_drv__t369                              4.5
vdd_drv__t55                               4.5
x2_n5__t303                                4.5
out__t512                          2.32129e-09
out__t260                          2.32121e-09
x2_n5__t302                                4.5
vdd_drv__t375                              4.5
vdd_drv__t54                               4.5
x2_n5__t301                                4.5
out__t511                          2.32113e-09
out__t270                          2.32105e-09
x2_n5__t321                                4.5
vdd_drv__t389                              4.5
vdd_drv__t73                               4.5
x2_n5__t323                                4.5
out__t521                          2.32097e-09
out__t271                          2.32089e-09
x2_n5__t322                                4.5
vdd_drv__t394                              4.5
vdd_drv__t80                               4.5
x2_n5__t334                                4.5
out__t528                          2.32081e-09
out__t280                          2.32073e-09
x2_n5__t343                                4.5
vdd_drv__t404                              4.5
vdd_drv__t78                               4.5
x2_n5__t332                                4.5
out__t526                          2.32065e-09
out__t275                          2.32057e-09
x2_n5__t331                                4.5
vdd_drv__t399                              4.5
vdd_drv__t77                               4.5
x2_n5__t330                                4.5
out__t525                          2.32049e-09
out__t274                          2.32041e-09
x2_n5__t329                                4.5
vdd_drv__t398                              4.5
vdd_drv__t76                               4.5
x2_n5__t328                                4.5
out__t524                          2.32033e-09
out__t273                          2.32025e-09
x2_n5__t327                                4.5
vdd_drv__t397                              4.5
vdd_drv__t75                               4.5
x2_n5__t326                                4.5
out__t523                          2.32017e-09
out__t272                          2.32009e-09
x2_n5__t325                                4.5
vdd_drv__t396                              4.5
vdd_drv__t74                               4.5
x2_n5__t324                                4.5
out__t522                          2.32001e-09
out__t286                          2.31993e-09
x2_n5__t353                                4.5
vdd_drv__t410                              4.5
vdd_drv__t93                               4.5
x2_n5__t363                                4.5
out__t541                          2.31985e-09
out__t291                          2.31977e-09
x2_n5__t362                                4.5
vdd_drv__t415                              4.5
vdd_drv__t92                               4.5
x2_n5__t361                                4.5
out__t540                          2.31969e-09
out__t290                          2.31961e-09
x2_n5__t360                                4.5
vdd_drv__t414                              4.5
vdd_drv__t91                               4.5
x2_n5__t359                                4.5
out__t539                          2.31953e-09
out__t289                          2.31945e-09
x2_n5__t358                                4.5
vdd_drv__t413                              4.5
vdd_drv__t90                               4.5
x2_n5__t357                                4.5
out__t538                          2.31937e-09
out__t288                          2.31929e-09
x2_n5__t356                                4.5
vdd_drv__t412                              4.5
vdd_drv__t89                               4.5
x2_n5__t355                                4.5
out__t537                          2.31921e-09
out__t287                          2.31913e-09
x2_n5__t354                                4.5
vdd_drv__t411                              4.5
vdd_drv__t94                               4.5
x2_n5__t364                                4.5
out__t542                          2.31905e-09
out__t285                          2.31897e-09
x2_n5__t352                                4.5
vdd_drv__t409                              4.5
vdd_drv__t46                               4.5
x2_n5__t288                                4.5
out__t504                           2.3189e-09
out__t240                          2.31882e-09
x2_n5__t260                                4.5
vdd_drv__t354                              4.5
vdd_drv__t31                               4.5
x2_n5__t259                                4.5
out__t489                          2.31874e-09
out__t239                          2.31866e-09
x2_n5__t258                                4.5
vdd_drv__t353                              4.5
vdd_drv__t30                               4.5
x2_n5__t257                                4.5
out__t488                          2.31858e-09
out__t238                           2.3185e-09
x2_n5__t256                                4.5
vdd_drv__t352                              4.5
vdd_drv__t29                               4.5
x2_n5__t255                                4.5
out__t487                          2.31842e-09
out__t237                          2.31834e-09
x2_n5__t254                                4.5
vdd_drv__t351                              4.5
vdd_drv__t28                               4.5
x2_n5__t253                                4.5
out__t486                          2.31826e-09
out__t236                          2.31818e-09
x2_n5__t252                                4.5
vdd_drv__t350                              4.5
vdd_drv__t27                               4.5
x2_n5__t251                                4.5
out__t485                           2.3181e-09
out__t241                          2.31802e-09
x2_n5__t261                                4.5
vdd_drv__t355                              4.5
vdd_drv__t26                               4.5
x2_n5__t249                                4.5
out__t484                          2.31794e-09
out__t234                          2.31786e-09
x2_n5__t248                                4.5
vdd_drv__t348                              4.5
vdd_drv__t25                               4.5
x2_n5__t247                                4.5
out__t483                          2.31778e-09
out__t233                           2.3177e-09
x2_n5__t246                                4.5
vdd_drv__t347                              4.5
vdd_drv__t24                               4.5
x2_n5__t245                                4.5
out__t482                          2.31762e-09
out__t232                          2.31754e-09
x2_n5__t244                                4.5
vdd_drv__t346                              4.5
vdd_drv__t23                               4.5
x2_n5__t243                                4.5
out__t481                          2.31746e-09
out__t231                          2.31738e-09
x2_n5__t242                                4.5
vdd_drv__t345                              4.5
vdd_drv__t22                               4.5
x2_n5__t241                                4.5
out__t480                           2.3173e-09
out__t230                          2.31722e-09
x2_n5__t240                                4.5
vdd_drv__t344                              4.5
vdd_drv__t43                               4.5
x2_n5__t282                                4.5
out__t501                          2.31714e-09
out__t264                          2.31706e-09
x2_n5__t310                                4.5
vdd_drv__t379                              4.5
vdd_drv__t84                               4.5
x2_n5__t341                                4.5
out__t532                          2.31698e-09
out__t278                           2.3169e-09
x2_n5__t340                                4.5
vdd_drv__t402                              4.5
vdd_drv__t83                               4.5
x2_n5__t339                                4.5
out__t531                          2.31682e-09
out__t277                          2.31674e-09
x2_n5__t338                                4.5
vdd_drv__t401                              4.5
vdd_drv__t82                               4.5
x2_n5__t337                                4.5
out__t530                          2.31666e-09
out__t276                          2.31658e-09
x2_n5__t336                                4.5
vdd_drv__t400                              4.5
vdd_drv__t81                               4.5
x2_n5__t335                                4.5
out__t529                           2.3165e-09
out__t294                          2.31642e-09
x2_n5__t370                                4.5
vdd_drv__t418                              4.5
vdd_drv__t314                              4.5
x2_n5__t679                                4.5
out__t699                          2.32624e-09
out__t444                          2.32616e-09
x2_n5__t668                                4.5
vdd_drv__t633                              4.5
vdd_drv__t308                              4.5
x2_n5__t667                                4.5
out__t693                          2.32608e-09
out__t443                            2.326e-09
x2_n5__t666                                4.5
vdd_drv__t632                              4.5
vdd_drv__t307                              4.5
x2_n5__t665                                4.5
out__t692                          2.32592e-09
out__t442                          2.32584e-09
x2_n5__t664                                4.5
vdd_drv__t631                              4.5
vdd_drv__t334                              4.5
x2_n5__t718                                4.5
out__t719                          2.32576e-09
out__t468                          2.32568e-09
x2_n5__t717                                4.5
vdd_drv__t657                              4.5
vdd_drv__t333                              4.5
x2_n5__t716                                4.5
out__t718                           2.3256e-09
out__t467                          2.32552e-09
x2_n5__t715                                4.5
vdd_drv__t656                              4.5
vdd_drv__t332                              4.5
x2_n5__t714                                4.5
out__t717                          2.32544e-09
out__t466                          2.32536e-09
x2_n5__t713                                4.5
vdd_drv__t655                              4.5
vdd_drv__t331                              4.5
x2_n5__t712                                4.5
out__t716                          2.32528e-09
out__t465                           2.3252e-09
x2_n5__t711                                4.5
vdd_drv__t654                              4.5
vdd_drv__t330                              4.5
x2_n5__t710                                4.5
out__t715                          2.32512e-09
out__t469                          2.32504e-09
x2_n5__t719                                4.5
vdd_drv__t658                              4.5
vdd_drv__t328                              4.5
x2_n5__t708                                4.5
out__t713                          2.32496e-09
out__t464                          2.32488e-09
x2_n5__t707                                4.5
vdd_drv__t653                              4.5
vdd_drv__t327                              4.5
x2_n5__t706                                4.5
out__t712                           2.3248e-09
out__t463                          2.32472e-09
x2_n5__t705                                4.5
vdd_drv__t652                              4.5
vdd_drv__t326                              4.5
x2_n5__t704                                4.5
out__t711                          2.32464e-09
out__t462                          2.32456e-09
x2_n5__t703                                4.5
vdd_drv__t651                              4.5
vdd_drv__t325                              4.5
x2_n5__t702                                4.5
out__t710                          2.32448e-09
out__t461                           2.3244e-09
x2_n5__t701                                4.5
vdd_drv__t650                              4.5
vdd_drv__t324                              4.5
x2_n5__t700                                4.5
out__t709                          2.32432e-09
out__t455                          2.32424e-09
x2_n5__t689                                4.5
vdd_drv__t644                              4.5
vdd_drv__t304                              4.5
x2_n5__t659                                4.5
out__t690                          2.32416e-09
out__t438                          2.32408e-09
x2_n5__t658                                4.5
vdd_drv__t627                              4.5
vdd_drv__t303                              4.5
x2_n5__t657                                4.5
out__t689                            2.324e-09
out__t417                          2.32392e-09
x2_n5__t615                                4.5
vdd_drv__t587                              4.5
vdd_drv__t262                              4.5
x2_n5__t614                                4.5
out__t667                          2.32384e-09
out__t424                          2.32376e-09
x2_n5__t627                                4.5
vdd_drv__t594                              4.5
vdd_drv__t267                              4.5
x2_n5__t626                                4.5
out__t672                          2.32368e-09
out__t423                           2.3236e-09
x2_n5__t625                                4.5
vdd_drv__t593                              4.5
vdd_drv__t266                              4.5
x2_n5__t624                                4.5
out__t671                          2.32352e-09
out__t422                          2.32344e-09
x2_n5__t623                                4.5
vdd_drv__t592                              4.5
vdd_drv__t265                              4.5
x2_n5__t622                                4.5
out__t670                          2.32336e-09
out__t421                          2.32329e-09
x2_n5__t621                                4.5
vdd_drv__t591                              4.5
vdd_drv__t264                              4.5
x2_n5__t620                                4.5
out__t669                          2.32321e-09
out__t420                          2.32313e-09
x2_n5__t619                                4.5
vdd_drv__t590                              4.5
vdd_drv__t299                              4.5
x2_n5__t650                                4.5
out__t685                          2.32305e-09
out__t460                          2.32297e-09
x2_n5__t698                                4.5
vdd_drv__t649                              4.5
vdd_drv__t322                              4.5
x2_n5__t697                                4.5
out__t707                          2.32289e-09
out__t459                          2.32281e-09
x2_n5__t696                                4.5
vdd_drv__t648                              4.5
vdd_drv__t321                              4.5
x2_n5__t695                                4.5
out__t706                          2.32273e-09
out__t458                          2.32265e-09
x2_n5__t694                                4.5
vdd_drv__t647                              4.5
vdd_drv__t320                              4.5
x2_n5__t693                                4.5
out__t705                          2.32257e-09
out__t457                          2.32249e-09
x2_n5__t692                                4.5
vdd_drv__t646                              4.5
vdd_drv__t319                              4.5
x2_n5__t691                                4.5
out__t704                          2.32241e-09
out__t456                          2.32233e-09
x2_n5__t690                                4.5
vdd_drv__t645                              4.5
vdd_drv__t323                              4.5
x2_n5__t699                                4.5
out__t708                          2.32225e-09
out__t454                          2.32217e-09
x2_n5__t688                                4.5
vdd_drv__t643                              4.5
vdd_drv__t318                              4.5
x2_n5__t687                                4.5
out__t703                          2.32209e-09
out__t453                          2.32201e-09
x2_n5__t686                                4.5
vdd_drv__t642                              4.5
vdd_drv__t317                              4.5
x2_n5__t685                                4.5
out__t702                          2.32193e-09
out__t452                          2.32185e-09
x2_n5__t684                                4.5
vdd_drv__t641                              4.5
vdd_drv__t316                              4.5
x2_n5__t683                                4.5
out__t701                          2.32177e-09
out__t451                          2.32169e-09
x2_n5__t682                                4.5
vdd_drv__t640                              4.5
vdd_drv__t315                              4.5
x2_n5__t681                                4.5
out__t700                          2.32161e-09
out__t450                          2.32153e-09
x2_n5__t680                                4.5
vdd_drv__t639                              4.5
vdd_drv__t329                              4.5
x2_n5__t709                                4.5
out__t714                          2.32145e-09
out__t470                          2.32632e-09
x2_n5__t720                                4.5
vdd_drv__t10                               4.5
in                                           0
in_drv                             9.82256e-10
out                                2.30939e-09
x1_inb                                    2.97
x1_na                                  2.05167
x1_nb                              1.53978e-09
x1_nbuf1                                   4.5
x1_nca                                     4.5
x1_ncb                              3.8755e-09
x2_n1                                      4.5
x2_n2                              2.08233e-09
x2_n3                                      4.5
x2_n4                              2.56722e-09
x2_n5                                      4.5
outcap                             2.30939e-09
vimeas#branch                                0
vin#branch                                   0
vgnd_logic#branch                  3.29748e-09
vsup_drv#branch                   -3.33894e-09
vsup_logic#branch                 -2.97434e-12

 Reference value :  0.00000e+00
 Reference value :  3.20000e-11
 Reference value :  1.92800e-09
 Reference value :  3.82800e-09
 Reference value :  5.62800e-09
 Reference value :  7.62800e-09
 Reference value :  9.42800e-09
 Reference value :  1.14280e-08
 Reference value :  1.34280e-08
 Reference value :  1.52280e-08
 Reference value :  1.71280e-08
 Reference value :  1.90280e-08
 Reference value :  2.02065e-08
 Reference value :  2.11500e-08
 Reference value :  2.27263e-08
 Reference value :  2.42263e-08
 Reference value :  2.55263e-08
 Reference value :  2.63599e-08
 Reference value :  2.71720e-08
 Reference value :  2.77720e-08
 Reference value :  2.95720e-08
 Reference value :  3.13720e-08
 Reference value :  3.32720e-08
 Reference value :  3.51720e-08
 Reference value :  3.70720e-08
 Reference value :  3.79720e-08
 Reference value :  3.99720e-08
 Reference value :  4.16720e-08
 Reference value :  4.36720e-08
 Reference value :  4.54720e-08
 Reference value :  4.74720e-08
 Reference value :  4.94720e-08
 Reference value :  5.10720e-08
 Reference value :  5.29720e-08
 Reference value :  5.48720e-08
 Reference value :  5.68720e-08
 Reference value :  5.86720e-08
 Reference value :  6.06720e-08
 Reference value :  6.26720e-08
 Reference value :  6.43720e-08
 Reference value :  6.61720e-08
 Reference value :  6.79720e-08
 Reference value :  6.98720e-08
 Reference value :  7.17720e-08
 Reference value :  7.36720e-08
 Reference value :  7.56720e-08
 Reference value :  7.75720e-08
 Reference value :  7.94720e-08
 Reference value :  8.12720e-08
 Reference value :  8.32720e-08
 Reference value :  8.50720e-08
 Reference value :  8.69720e-08
 Reference value :  8.89720e-08
 Reference value :  9.07720e-08
 Reference value :  9.27720e-08
 Reference value :  9.45720e-08
 Reference value :  9.64720e-08
 Reference value :  9.83720e-08
 Reference value :  1.00372e-07
 Reference value :  1.02272e-07
 Reference value :  1.03972e-07
 Reference value :  1.05972e-07
 Reference value :  1.06972e-07
 Reference value :  1.08872e-07
 Reference value :  1.10772e-07
 Reference value :  1.12772e-07
 Reference value :  1.14672e-07
 Reference value :  1.16672e-07
 Reference value :  1.18372e-07
 Reference value :  1.20372e-07
 Reference value :  1.22372e-07
 Reference value :  1.24272e-07
 Reference value :  1.26272e-07
 Reference value :  1.28072e-07
 Reference value :  1.30072e-07
 Reference value :  1.31872e-07
 Reference value :  1.33872e-07
 Reference value :  1.35772e-07
 Reference value :  1.37672e-07
 Reference value :  1.39672e-07
 Reference value :  1.41572e-07
 Reference value :  1.43572e-07
 Reference value :  1.45072e-07
 Reference value :  1.47072e-07
 Reference value :  1.48972e-07
 Reference value :  1.50972e-07
 Reference value :  1.52972e-07
 Reference value :  1.54772e-07
 Reference value :  1.56772e-07
 Reference value :  1.58672e-07
 Reference value :  1.60672e-07
 Reference value :  1.62472e-07
 Reference value :  1.64472e-07
 Reference value :  1.66372e-07
 Reference value :  1.68172e-07
 Reference value :  1.70172e-07
 Reference value :  1.71772e-07
 Reference value :  1.73472e-07
 Reference value :  1.75272e-07
 Reference value :  1.77272e-07
 Reference value :  1.79272e-07
 Reference value :  1.80072e-07
 Reference value :  1.82072e-07
 Reference value :  1.83872e-07
 Reference value :  1.85872e-07
 Reference value :  1.87772e-07
 Reference value :  1.89772e-07
 Reference value :  1.91672e-07
 Reference value :  1.93672e-07
 Reference value :  1.95672e-07
 Reference value :  1.97572e-07
 Reference value :  1.99572e-07
 Reference value :  2.01372e-07
 Reference value :  2.03272e-07
 Reference value :  2.05072e-07
 Reference value :  2.07072e-07
 Reference value :  2.09072e-07
 Reference value :  2.10972e-07
 Reference value :  2.12972e-07
 Reference value :  2.14872e-07
 Reference value :  2.16872e-07
 Reference value :  2.18772e-07
 Reference value :  2.20772e-07
 Reference value :  2.22772e-07
 Reference value :  2.24672e-07
 Reference value :  2.26672e-07
 Reference value :  2.28372e-07
 Reference value :  2.30372e-07
 Reference value :  2.32172e-07
 Reference value :  2.33972e-07
 Reference value :  2.35972e-07
 Reference value :  2.37772e-07
 Reference value :  2.39772e-07
 Reference value :  2.41472e-07
 Reference value :  2.43472e-07
 Reference value :  2.45372e-07
 Reference value :  2.47372e-07
 Reference value :  2.49272e-07
 Reference value :  2.51272e-07
 Reference value :  2.53272e-07
 Reference value :  2.55172e-07
 Reference value :  2.56372e-07
 Reference value :  2.57572e-07
 Reference value :  2.59572e-07
 Reference value :  2.61472e-07
 Reference value :  2.63472e-07
 Reference value :  2.65472e-07
 Reference value :  2.67472e-07
 Reference value :  2.69472e-07
 Reference value :  2.71272e-07
 Reference value :  2.73272e-07
 Reference value :  2.74872e-07
 Reference value :  2.76772e-07
 Reference value :  2.78772e-07
 Reference value :  2.80672e-07
 Reference value :  2.82472e-07
 Reference value :  2.84372e-07
 Reference value :  2.86372e-07
 Reference value :  2.88272e-07
 Reference value :  2.90272e-07
 Reference value :  2.92172e-07
 Reference value :  2.94172e-07
 Reference value :  2.96172e-07
 Reference value :  2.97872e-07
 Reference value :  2.99372e-07
 Reference value :  3.00572e-07
 Reference value :  3.02572e-07
 Reference value :  3.04472e-07
 Reference value :  3.06472e-07
 Reference value :  3.08472e-07
 Reference value :  3.10472e-07
 Reference value :  3.12472e-07
 Reference value :  3.14272e-07
 Reference value :  3.16272e-07
 Reference value :  3.17872e-07
 Reference value :  3.19872e-07
 Reference value :  3.21350e-07
 Reference value :  3.22275e-07
 Reference value :  3.23675e-07
 Reference value :  3.24654e-07
 Reference value :  3.26043e-07
 Reference value :  3.27054e-07
 Reference value :  3.28954e-07
 Reference value :  3.30854e-07
 Reference value :  3.32854e-07
 Reference value :  3.34554e-07
 Reference value :  3.36254e-07
 Reference value :  3.37754e-07
 Reference value :  3.38754e-07
 Reference value :  3.40654e-07
 Reference value :  3.42354e-07
 Reference value :  3.44354e-07
 Reference value :  3.46254e-07
 Reference value :  3.48254e-07
 Reference value :  3.50154e-07
 Reference value :  3.51954e-07
 Reference value :  3.53954e-07
 Reference value :  3.55454e-07
 Reference value :  3.57454e-07
 Reference value :  3.58654e-07
 Reference value :  3.60554e-07
 Reference value :  3.62554e-07
 Reference value :  3.64354e-07
 Reference value :  3.66354e-07
 Reference value :  3.68054e-07
 Reference value :  3.70054e-07
 Reference value :  3.71954e-07
 Reference value :  3.73954e-07
 Reference value :  3.75754e-07
 Reference value :  3.77554e-07
 Reference value :  3.79554e-07
 Reference value :  3.81454e-07
 Reference value :  3.83454e-07
 Reference value :  3.85254e-07
 Reference value :  3.87254e-07
 Reference value :  3.89254e-07
 Reference value :  3.90654e-07
 Reference value :  3.91454e-07
 Reference value :  3.93154e-07
 Reference value :  3.95154e-07
 Reference value :  3.96854e-07
 Reference value :  3.98854e-07
 Reference value :  4.00654e-07
 Reference value :  4.02654e-07
 Reference value :  4.04654e-07
 Reference value :  4.06454e-07
 Reference value :  4.08454e-07
 Reference value :  4.10254e-07
 Reference value :  4.12254e-07
 Reference value :  4.14054e-07
 Reference value :  4.16054e-07
 Reference value :  4.18054e-07
 Reference value :  4.19954e-07
 Reference value :  4.21754e-07
 Reference value :  4.23554e-07
 Reference value :  4.25454e-07
 Reference value :  4.27354e-07
 Reference value :  4.29354e-07
 Reference value :  4.31354e-07
 Reference value :  4.32754e-07
 Reference value :  4.34654e-07
 Reference value :  4.35754e-07
 Reference value :  4.36954e-07
 Reference value :  4.38654e-07
 Reference value :  4.40654e-07
 Reference value :  4.42554e-07
 Reference value :  4.44554e-07
 Reference value :  4.46454e-07
 Reference value :  4.48454e-07
 Reference value :  4.50454e-07
 Reference value :  4.52254e-07
 Reference value :  4.54254e-07
 Reference value :  4.56154e-07
 Reference value :  4.58154e-07
 Reference value :  4.60054e-07
 Reference value :  4.61854e-07
 Reference value :  4.63854e-07
 Reference value :  4.65654e-07
 Reference value :  4.67654e-07
 Reference value :  4.69554e-07
 Reference value :  4.71554e-07
 Reference value :  4.73454e-07
 Reference value :  4.75454e-07
 Reference value :  4.77454e-07
 Reference value :  4.79354e-07
 Reference value :  4.81154e-07
 Reference value :  4.81454e-07
 Reference value :  4.83454e-07
 Reference value :  4.85254e-07
 Reference value :  4.87254e-07
 Reference value :  4.89054e-07
 Reference value :  4.90854e-07
 Reference value :  4.92854e-07
 Reference value :  4.94754e-07
 Reference value :  4.96754e-07
 Reference value :  4.98554e-07
 Reference value :  5.00554e-07
 Reference value :  5.02554e-07
 Reference value :  5.04154e-07
 Reference value :  5.04954e-07
 Reference value :  5.06854e-07
 Reference value :  5.08854e-07
 Reference value :  5.10754e-07
 Reference value :  5.12754e-07
 Reference value :  5.14754e-07
 Reference value :  5.16754e-07
 Reference value :  5.18754e-07
 Reference value :  5.20554e-07
 Reference value :  5.21954e-07
 Reference value :  5.22754e-07
 Reference value :  5.24654e-07
 Reference value :  5.26454e-07
 Reference value :  5.28454e-07
 Reference value :  5.30454e-07
 Reference value :  5.32254e-07
 Reference value :  5.34254e-07
 Reference value :  5.36154e-07
 Reference value :  5.38154e-07
 Reference value :  5.40054e-07
 Reference value :  5.42054e-07
 Reference value :  5.44054e-07
 Reference value :  5.45854e-07
 Reference value :  5.47854e-07
 Reference value :  5.49754e-07
 Reference value :  5.51754e-07
 Reference value :  5.53654e-07
 Reference value :  5.55654e-07
 Reference value :  5.57654e-07
 Reference value :  5.59454e-07
 Reference value :  5.61354e-07
 Reference value :  5.62554e-07
 Reference value :  5.64554e-07
 Reference value :  5.65954e-07
 Reference value :  5.67254e-07
 Reference value :  5.68454e-07
 Reference value :  5.70454e-07
 Reference value :  5.72454e-07
 Reference value :  5.74354e-07
 Reference value :  5.76354e-07
 Reference value :  5.78254e-07
 Reference value :  5.80254e-07
 Reference value :  5.82054e-07
 Reference value :  5.84054e-07
 Reference value :  5.85854e-07
 Reference value :  5.87654e-07
 Reference value :  5.89654e-07
 Reference value :  5.91554e-07
 Reference value :  5.93554e-07
 Reference value :  5.95454e-07
 Reference value :  5.97454e-07
 Reference value :  5.99454e-07
 Reference value :  6.01354e-07
 Reference value :  6.03354e-07
 Reference value :  6.05154e-07
 Reference value :  6.07154e-07
 Reference value :  6.08954e-07
 Reference value :  6.09754e-07
 Reference value :  6.11454e-07
 Reference value :  6.13454e-07
 Reference value :  6.15454e-07
 Reference value :  6.17254e-07
 Reference value :  6.19254e-07
 Reference value :  6.21054e-07
 Reference value :  6.23054e-07
 Reference value :  6.24854e-07
 Reference value :  6.26854e-07
 Reference value :  6.28854e-07
 Reference value :  6.30654e-07
 Reference value :  6.32654e-07
 Reference value :  6.34554e-07
 Reference value :  6.36554e-07
 Reference value :  6.38454e-07
 Reference value :  6.40454e-07
 Reference value :  6.42454e-07
 Reference value :  6.44354e-07
 Reference value :  6.44954e-07
 Reference value :  6.46854e-07
 Reference value :  6.48854e-07
 Reference value :  6.50554e-07
 Reference value :  6.52554e-07
 Reference value :  6.54154e-07
 Reference value :  6.55254e-07
 Reference value :  6.55654e-07
 Reference value :  6.57654e-07
 Reference value :  6.59454e-07
 Reference value :  6.61454e-07
 Reference value :  6.63454e-07
 Reference value :  6.65254e-07
 Reference value :  6.67254e-07
 Reference value :  6.69054e-07
 Reference value :  6.71054e-07
 Reference value :  6.72854e-07
 Reference value :  6.74854e-07
 Reference value :  6.76854e-07
 Reference value :  6.78754e-07
 Reference value :  6.80754e-07
 Reference value :  6.82654e-07
 Reference value :  6.84654e-07
 Reference value :  6.86454e-07
 Reference value :  6.88454e-07
 Reference value :  6.90454e-07
 Reference value :  6.92154e-07
 Reference value :  6.94154e-07
 Reference value :  6.95954e-07
 Reference value :  6.97954e-07
 Reference value :  6.99654e-07
No. of Data Rows : 7034
trise10_90          =  4.53184e-09 targ=  3.13332e-08 trig=  2.68014e-08
tfall10_90          =  4.36819e-09 targ=  3.30918e-07 trig=  3.26550e-07
tpdlh               =  8.13536e-09 targ=  2.86354e-08 trig=  2.05000e-08
tpdhl               =  7.04193e-09 targ=  3.28542e-07 trig=  3.21500e-07
m_trise_s = 4.5318440000e-09
m_tfall_s = 4.3681920000e-09
m_tpdlh_s = 8.1353590000e-09
m_tpdhl_s = 7.0419250000e-09
m_ipeak_source_a = 1.0176889343e+00
m_ipeak_sink_a = 9.1879700054e-01
m_vout_max_v = 4.5025600793e+00
m_vout_min_v = -2.413733148e-03
m_vin_max_v = 2.9700000000e+00
m_vin_min_v = 0.0000000000e+00
m_indrv_max_v = 4.5121029137e+00
m_indrv_min_v = -4.915693537e-03
m_n1_max_v = 4.5076943850e+00
m_n1_min_v = -4.988362481e-03
m_n2_max_v = 4.5126627091e+00
m_n2_min_v = -7.023452874e-03
m_n3_max_v = 4.5109368910e+00
m_n3_min_v = -7.767366379e-03
m_n4_max_v = 4.5206707412e+00
m_n4_min_v = -1.081745920e-02
m_n5_max_v = 4.5245977006e+00
m_n5_min_v = -1.017163627e-02
Note: Simulation executed from .control section 

Note: vimeas: has no value, DC 0 assumed
