
Note: No compatibility mode selected!


Circuit: * gate-driver-core-drive-postlayout @ ff_-40c_vlogic3p30v-vdrv5p00v -- generated by sim/harness, do not edit

Doing analysis at TEMP = -40.000000 and TNOM = 27.000000

Using SPARSE 1.3 as Direct Linear Solver

Initial Transient Solution
--------------------------

Node                                   Voltage
----                                   -------
x1_inb__t1                                 3.3
in__t1                                       0
gnd_drv_gnd_logic__t299            2.52063e-12
gnd_logic                                    0
x2_n3__t1                                    5
x2_n2__t2                          2.10978e-09
gnd_drv_gnd_logic__t302            3.79452e-12
gnd_drv                            3.71573e-12
gnd_drv_gnd_logic__t407            4.04775e-11
x2_n5__t131                                  5
out__t174                          2.21283e-09
out__t61                           2.21278e-09
x2_n5__t121                                  5
gnd_drv_gnd_logic__t547            4.08329e-11
gnd_drv_gnd_logic__t402            4.11879e-11
x2_n5__t120                                  5
out__t169                          2.21271e-09
out__t49                           2.21262e-09
x2_n5__t93                                   5
gnd_drv_gnd_logic__t535            4.15423e-11
gnd_drv_gnd_logic__t386            4.18963e-11
x2_n5__t92                                   5
out__t153                          2.21252e-09
out__t60                           2.21239e-09
x2_n5__t119                                  5
gnd_drv_gnd_logic__t546            4.22514e-11
gnd_drv_gnd_logic__t387            4.26045e-11
x2_n5__t94                                   5
out__t154                          2.21226e-09
out__t62                           2.21211e-09
x2_n5__t122                                  5
gnd_drv_gnd_logic__t548            4.29573e-11
gnd_drv_gnd_logic__t408            4.33112e-11
x2_n5__t132                                  5
out__t175                          2.21195e-09
out__t67                           2.21178e-09
x2_n5__t133                                  5
gnd_drv_gnd_logic__t553            4.36633e-11
x2_n4__t185                        2.01647e-09
x2_n3__t5                                    5
gnd_drv_gnd_logic__t306            3.55578e-11
gnd_drv_gnd_logic__t409            4.40152e-11
x2_n5__t134                                  5
out__t176                           2.2116e-09
out__t68                           2.21142e-09
x2_n5__t135                                  5
gnd_drv_gnd_logic__t554            4.43681e-11
gnd_drv_gnd_logic__t410            4.47208e-11
x2_n5__t136                                  5
out__t177                          2.21123e-09
out__t69                           2.21104e-09
x2_n5__t137                                  5
gnd_drv_gnd_logic__t555            4.50718e-11
gnd_drv_gnd_logic__t411            4.54239e-11
x2_n5__t138                                  5
out__t178                          2.21084e-09
out__t70                           2.21064e-09
x2_n5__t139                                  5
gnd_drv_gnd_logic__t556            4.57758e-11
gnd_drv_gnd_logic__t416            4.61261e-11
x2_n5__t149                                  5
out__t183                          2.21044e-09
out__t72                           2.21023e-09
x2_n5__t141                                  5
gnd_drv_gnd_logic__t558            4.64775e-11
gnd_drv_gnd_logic__t412            4.68287e-11
x2_n5__t142                                  5
out__t179                          2.21002e-09
out__t73                           2.20981e-09
x2_n5__t143                                  5
gnd_drv_gnd_logic__t559            4.71797e-11
gnd_drv_gnd_logic__t508            3.54106e-11
x2_n3__t6                                    5
x2_n4__t184                        2.02608e-09
gnd_drv_gnd_logic__t413            4.75304e-11
x2_n5__t144                                  5
out__t180                           2.2096e-09
out__t74                           2.20938e-09
x2_n5__t145                                  5
gnd_drv_gnd_logic__t560             4.7881e-11
gnd_drv_gnd_logic__t414            4.82313e-11
x2_n5__t146                                  5
out__t181                          2.20917e-09
out__t75                           2.20895e-09
x2_n5__t147                                  5
gnd_drv_gnd_logic__t561            4.85814e-11
gnd_drv_gnd_logic__t415            4.89313e-11
x2_n5__t148                                  5
out__t182                          2.20873e-09
out__t71                           2.20851e-09
x2_n5__t140                                  5
gnd_drv_gnd_logic__t557             4.9281e-11
gnd_drv_gnd_logic__t399            4.96305e-11
x2_n5__t114                                  5
out__t166                          2.20829e-09
out__t58                           2.20807e-09
x2_n5__t115                                  5
gnd_drv_gnd_logic__t544            4.99798e-11
gnd_drv_gnd_logic__t400            5.03303e-11
x2_n5__t116                                  5
out__t167                          2.20785e-09
out__t59                           2.20763e-09
x2_n5__t117                                  5
gnd_drv_gnd_logic__t545            5.06792e-11
x2_n4__t183                        2.03575e-09
x2_n3__t18                                   5
gnd_drv_gnd_logic__t507            3.52615e-11
gnd_drv_gnd_logic__t401            5.10279e-11
x2_n5__t118                                  5
out__t168                          2.20741e-09
out__t36                           2.20718e-09
x2_n5__t70                                   5
gnd_drv_gnd_logic__t498            5.13763e-11
gnd_drv_gnd_logic__t426            5.17261e-11
x2_n5__t164                                  5
out__t192                          2.20696e-09
out__t44                           2.20673e-09
x2_n5__t85                                   5
gnd_drv_gnd_logic__t530            5.20741e-11
gnd_drv_gnd_logic__t308            5.24221e-11
x2_n5__t1                                    5
out__t0                            2.20651e-09
out__t108                           2.1975e-09
x2_n5__t216                                  5
gnd_drv_gnd_logic__t594            1.43215e-11
gnd_drv_gnd_logic__t451            1.46295e-11
x2_n5__t215                                  5
out__t217                          2.19774e-09
out__t107                          2.19797e-09
x2_n5__t213                                  5
gnd_drv_gnd_logic__t593            1.49419e-11
gnd_drv_gnd_logic__t449            1.52557e-11
x2_n5__t212                                  5
out__t215                          2.19821e-09
out__t106                          2.19845e-09
x2_n5__t211                                  5
gnd_drv_gnd_logic__t592            1.55738e-11
gnd_drv_gnd_logic__t358            3.51118e-11
x2_n3__t14                                   5
x2_n4__t189                        2.04548e-09
gnd_drv_gnd_logic__t448            1.58949e-11
x2_n5__t210                                  5
out__t214                          2.19868e-09
out__t105                          2.19892e-09
x2_n5__t209                                  5
gnd_drv_gnd_logic__t591            1.62174e-11
gnd_drv_gnd_logic__t450            1.65428e-11
x2_n5__t214                                  5
out__t216                          2.19916e-09
out__t103                          2.19939e-09
x2_n5__t207                                  5
gnd_drv_gnd_logic__t589             1.6871e-11
gnd_drv_gnd_logic__t447            1.72007e-11
x2_n5__t206                                  5
out__t213                          2.19963e-09
out__t102                          2.19987e-09
x2_n5__t205                                  5
gnd_drv_gnd_logic__t588            1.75333e-11
gnd_drv_gnd_logic__t446            1.78659e-11
x2_n5__t204                                  5
out__t212                           2.2001e-09
out__t79                           2.20034e-09
x2_n5__t158                                  5
gnd_drv_gnd_logic__t565            1.82013e-11
gnd_drv_gnd_logic__t427            1.85382e-11
x2_n5__t165                                  5
out__t193                          2.20058e-09
out__t81                           2.20081e-09
x2_n5__t163                                  5
gnd_drv_gnd_logic__t567            1.88765e-11
x2_n4__t179                        2.05528e-09
x2_n3__t13                                   5
gnd_drv_gnd_logic__t501            3.49601e-11
gnd_drv_gnd_logic__t425            1.92162e-11
x2_n5__t162                                  5
out__t191                          2.20105e-09
out__t95                           2.20128e-09
x2_n5__t190                                  5
gnd_drv_gnd_logic__t581            1.95559e-11
gnd_drv_gnd_logic__t441            1.98985e-11
x2_n5__t194                                  5
out__t207                          2.20152e-09
out__t109                          2.20176e-09
x2_n5__t219                                  5
gnd_drv_gnd_logic__t595             2.0241e-11
gnd_drv_gnd_logic__t453             2.0585e-11
x2_n5__t218                                  5
out__t219                          2.20199e-09
out__t104                          2.20223e-09
x2_n5__t208                                  5
gnd_drv_gnd_logic__t590            2.09289e-11
gnd_drv_gnd_logic__t438            2.12757e-11
x2_n5__t189                                  5
out__t204                          2.20246e-09
out__t94                            2.2027e-09
x2_n5__t188                                  5
gnd_drv_gnd_logic__t580            2.16225e-11
gnd_drv_gnd_logic__t437            2.19692e-11
x2_n5__t187                                  5
out__t203                          2.20293e-09
out__t93                           2.20316e-09
x2_n5__t186                                  5
gnd_drv_gnd_logic__t579            2.23173e-11
gnd_drv_gnd_logic__t357            3.48076e-11
x2_n3__t12                                   5
x2_n4__t188                        2.06513e-09
gnd_drv_gnd_logic__t396            2.26654e-11
x2_n5__t109                                  5
out__t163                           2.2034e-09
out__t96                           2.20363e-09
x2_n5__t192                                  5
gnd_drv_gnd_logic__t582             2.3015e-11
gnd_drv_gnd_logic__t439            2.33659e-11
x2_n5__t191                                  5
out__t205                          2.20387e-09
out__t55                            2.2041e-09
x2_n5__t108                                  5
gnd_drv_gnd_logic__t541            2.37153e-11
gnd_drv_gnd_logic__t395            2.40676e-11
x2_n5__t107                                  5
out__t162                          2.20433e-09
out__t54                           2.20457e-09
x2_n5__t106                                  5
gnd_drv_gnd_logic__t540            2.44184e-11
gnd_drv_gnd_logic__t394            2.47707e-11
x2_n5__t105                                  5
out__t161                           2.2048e-09
out__t57                           2.20503e-09
x2_n5__t113                                  5
gnd_drv_gnd_logic__t543            2.51229e-11
gnd_drv_gnd_logic__t392            2.54765e-11
x2_n5__t103                                  5
out__t159                          2.20527e-09
out__t53                            2.2055e-09
x2_n5__t102                                  5
gnd_drv_gnd_logic__t539              2.583e-11
x2_n4__t178                        2.07505e-09
x2_n3__t11                                   5
gnd_drv_gnd_logic__t500            3.46544e-11
gnd_drv_gnd_logic__t424            2.61835e-11
x2_n5__t161                                  5
out__t190                          2.20573e-09
out__t52                           2.20596e-09
x2_n5__t100                                  5
gnd_drv_gnd_logic__t538            2.65384e-11
gnd_drv_gnd_logic__t390            2.68933e-11
x2_n5__t99                                   5
out__t157                          2.20619e-09
out__t51                           2.20642e-09
x2_n5__t98                                   5
gnd_drv_gnd_logic__t537            2.72481e-11
gnd_drv_gnd_logic__t389            2.76029e-11
x2_n5__t97                                   5
out__t156                          2.20665e-09
out__t50                           2.20688e-09
x2_n5__t96                                   5
gnd_drv_gnd_logic__t536            2.79577e-11
gnd_drv_gnd_logic__t384            2.83138e-11
x2_n5__t86                                   5
out__t151                          2.20711e-09
out__t100                          2.20734e-09
x2_n5__t202                                  5
gnd_drv_gnd_logic__t586            2.86699e-11
gnd_drv_gnd_logic__t445            2.90259e-11
x2_n5__t201                                  5
out__t211                          2.20757e-09
out__t99                           2.20779e-09
x2_n5__t200                                  5
gnd_drv_gnd_logic__t585            2.93834e-11
gnd_drv_gnd_logic__t356            3.44989e-11
x2_n3__t10                                   5
x2_n4__t187                        2.08501e-09
gnd_drv_gnd_logic__t444            2.97393e-11
x2_n5__t199                                  5
out__t210                          2.20802e-09
out__t98                           2.20824e-09
x2_n5__t198                                  5
gnd_drv_gnd_logic__t584            3.00966e-11
gnd_drv_gnd_logic__t443            3.04539e-11
x2_n5__t197                                  5
out__t209                          2.20847e-09
out__t97                           2.20869e-09
x2_n5__t196                                  5
gnd_drv_gnd_logic__t583            3.08111e-11
gnd_drv_gnd_logic__t442            3.11683e-11
x2_n5__t195                                  5
out__t208                          2.20891e-09
out__t101                          2.20913e-09
x2_n5__t203                                  5
gnd_drv_gnd_logic__t587            3.15269e-11
gnd_drv_gnd_logic__t440            3.18839e-11
x2_n5__t193                                  5
out__t206                          2.20935e-09
out__t47                           2.20957e-09
x2_n5__t90                                   5
gnd_drv_gnd_logic__t533            3.22423e-11
gnd_drv_gnd_logic__t382            3.26007e-11
x2_n5__t80                                   5
out__t149                          2.20979e-09
out__t46                              2.21e-09
x2_n5__t88                                   5
gnd_drv_gnd_logic__t532             3.2959e-11
x2_n4__t177                        2.09503e-09
x2_n3__t9                                    5
gnd_drv_gnd_logic__t499            3.43412e-11
gnd_drv_gnd_logic__t344            1.65392e-11
x2_n5__t67                                   5
out__t142                          2.18465e-09
out__t33                           2.18488e-09
x2_n5__t64                                   5
gnd_drv_gnd_logic__t487            1.62186e-11
gnd_drv_gnd_logic__t343            1.58994e-11
x2_n5__t66                                   5
out__t141                          2.18511e-09
out__t34                           2.18534e-09
x2_n5__t65                                   5
gnd_drv_gnd_logic__t488            1.55829e-11
gnd_drv_gnd_logic__t428            1.52691e-11
x2_n5__t167                                  5
out__t194                          2.18557e-09
out__t39                            2.1858e-09
x2_n5__t76                                   5
gnd_drv_gnd_logic__t516            1.49566e-11
gnd_drv_gnd_logic__t338            1.46483e-11
x2_n5__t51                                   5
out__t136                          2.18603e-09
out__t24                           2.18626e-09
x2_n5__t50                                   5
gnd_drv_gnd_logic__t477            1.43442e-11
gnd_drv_gnd_logic__t337            1.40429e-11
x2_n5__t49                                   5
out__t135                          2.18649e-09
out__t23                           2.18671e-09
x2_n5__t48                                   5
gnd_drv_gnd_logic__t476            1.37458e-11
x1_na__t0                              2.45012
in__t2                                       0
gnd_drv_gnd_logic__t300            3.92133e-12
gnd_drv_gnd_logic__t355            3.41839e-11
x2_n3__t8                                    5
x2_n4__t186                        2.10509e-09
gnd_drv_gnd_logic__t391            1.34529e-11
x2_n5__t101                                  5
out__t158                          2.18694e-09
out__t22                           2.18718e-09
x2_n5__t47                                   5
gnd_drv_gnd_logic__t475            1.31657e-11
gnd_drv_gnd_logic__t336            1.28828e-11
x2_n5__t46                                   5
out__t134                          2.18741e-09
out__t21                           2.18764e-09
x2_n5__t45                                   5
gnd_drv_gnd_logic__t474             1.2607e-11
gnd_drv_gnd_logic__t335            1.23369e-11
x2_n5__t44                                   5
out__t133                          2.18787e-09
out__t25                            2.1881e-09
x2_n5__t52                                   5
gnd_drv_gnd_logic__t478            1.20739e-11
gnd_drv_gnd_logic__t333            1.18196e-11
x2_n5__t42                                   5
out__t131                          2.18833e-09
out__t20                           2.18856e-09
x2_n5__t41                                   5
gnd_drv_gnd_logic__t473            1.15739e-11
gnd_drv_gnd_logic__t332            1.13369e-11
x2_n5__t40                                   5
out__t130                          2.18879e-09
out__t19                           2.18902e-09
x2_n5__t39                                   5
gnd_drv_gnd_logic__t472            1.11115e-11
x2_n4__t182                         2.1152e-09
x2_n3__t17                                   5
gnd_drv_gnd_logic__t503            3.40242e-11
gnd_drv_gnd_logic__t331            1.08962e-11
x2_n5__t38                                   5
out__t129                          2.18925e-09
out__t18                           2.18949e-09
x2_n5__t37                                   5
gnd_drv_gnd_logic__t471            1.06954e-11
gnd_drv_gnd_logic__t330            1.05062e-11
x2_n5__t36                                   5
out__t128                          2.18972e-09
out__t31                           2.18995e-09
x2_n5__t61                                   5
gnd_drv_gnd_logic__t484             1.0333e-11
gnd_drv_gnd_logic__t345            1.01758e-11
x2_n5__t68                                   5
out__t143                          2.19018e-09
out__t82                           2.19042e-09
x2_n5__t166                                  5
gnd_drv_gnd_logic__t568            1.00362e-11
gnd_drv_gnd_logic__t421            9.91545e-12
x2_n5__t157                                  5
out__t188                          2.19065e-09
out__t83                           2.19088e-09
x2_n5__t168                                  5
gnd_drv_gnd_logic__t569            9.81518e-12
gnd_drv_gnd_logic__t420             9.7339e-12
x2_n5__t156                                  5
out__t187                          2.19112e-09
out__t78                           2.19135e-09
x2_n5__t155                                  5
gnd_drv_gnd_logic__t564            9.67601e-12
gnd_drv_gnd_logic__t360            3.38619e-11
x2_n3__t16                                   5
x2_n4__t190                        2.12534e-09
gnd_drv_gnd_logic__t419             9.6386e-12
x2_n5__t154                                  5
out__t186                          2.19159e-09
out__t77                           2.19182e-09
x2_n5__t153                                  5
gnd_drv_gnd_logic__t563            9.62606e-12
gnd_drv_gnd_logic__t418            9.63402e-12
x2_n5__t152                                  5
out__t185                          2.19205e-09
out__t76                           2.19229e-09
x2_n5__t151                                  5
gnd_drv_gnd_logic__t562            9.66686e-12
gnd_drv_gnd_logic__t417            9.72167e-12
x2_n5__t150                                  5
out__t184                          2.19253e-09
out__t87                           2.19276e-09
x2_n5__t175                                  5
gnd_drv_gnd_logic__t573            9.79699e-12
gnd_drv_gnd_logic__t436            9.89429e-12
x2_n5__t184                                  5
out__t202                            2.193e-09
out__t91                           2.19323e-09
x2_n5__t183                                  5
gnd_drv_gnd_logic__t577            1.00121e-11
gnd_drv_gnd_logic__t435            1.01489e-11
x2_n5__t182                                  5
out__t201                          2.19347e-09
out__t90                           2.19371e-09
x2_n5__t181                                  5
gnd_drv_gnd_logic__t576            1.03034e-11
x2_n4__t180                         2.1355e-09
x2_n3__t15                                   5
gnd_drv_gnd_logic__t502            3.36984e-11
gnd_drv_gnd_logic__t434            1.04739e-11
x2_n5__t180                                  5
out__t200                          2.19394e-09
out__t89                           2.19418e-09
x2_n5__t179                                  5
gnd_drv_gnd_logic__t575            1.06606e-11
gnd_drv_gnd_logic__t433            1.08619e-11
x2_n5__t178                                  5
out__t199                          2.19442e-09
out__t88                           2.19465e-09
x2_n5__t177                                  5
gnd_drv_gnd_logic__t574            1.10749e-11
gnd_drv_gnd_logic__t432            1.12997e-11
x2_n5__t176                                  5
out__t198                          2.19489e-09
out__t92                           2.19513e-09
x2_n5__t185                                  5
gnd_drv_gnd_logic__t578            1.15361e-11
gnd_drv_gnd_logic__t431            1.17828e-11
x2_n5__t174                                  5
out__t197                          2.19536e-09
out__t86                            2.1956e-09
x2_n5__t173                                  5
gnd_drv_gnd_logic__t572            1.20383e-11
gnd_drv_gnd_logic__t430            1.23011e-11
x2_n5__t172                                  5
out__t196                          2.19584e-09
out__t85                           2.19608e-09
x2_n5__t171                                  5
gnd_drv_gnd_logic__t571            1.25726e-11
gnd_drv_gnd_logic__t307            3.35335e-11
x2_n3__t7                                    5
x2_n4__t181                        2.14569e-09
gnd_drv_gnd_logic__t429              1.285e-11
x2_n5__t170                                  5
out__t195                          2.19631e-09
out__t84                           2.19655e-09
x2_n5__t169                                  5
gnd_drv_gnd_logic__t570            1.31347e-11
gnd_drv_gnd_logic__t388            1.34237e-11
x2_n5__t95                                   5
out__t155                          2.19679e-09
out__t45                           2.19702e-09
x2_n5__t87                                   5
gnd_drv_gnd_logic__t531            1.37186e-11
gnd_drv_gnd_logic__t452            1.40179e-11
x2_n5__t217                                  5
out__t218                          2.19726e-09
out__t110                          2.17227e-09
x2_n5__t220                                  5
gnd_drv_gnd_logic__t309            3.53435e-11
gnd_drv_gnd_logic__t328            3.49968e-11
x2_n5__t34                                   5
out__t126                          2.17249e-09
out__t14                           2.17271e-09
x2_n5__t26                                   5
gnd_drv_gnd_logic__t467            3.46499e-11
gnd_drv_gnd_logic__t326            3.43029e-11
x2_n5__t32                                   5
out__t124                          2.17294e-09
out__t17                           2.17316e-09
x2_n5__t31                                   5
gnd_drv_gnd_logic__t470            3.39571e-11
x2_n5__t747                                  5
x2_n4__t54                         2.52476e-09
gnd_drv_gnd_logic__t310            3.73419e-12
gnd_drv_gnd_logic__t325            3.36096e-11
x2_n5__t30                                   5
out__t123                          2.17338e-09
out__t16                            2.1736e-09
x2_n5__t29                                   5
gnd_drv_gnd_logic__t469            3.32635e-11
gnd_drv_gnd_logic__t324            3.29171e-11
x2_n5__t28                                   5
out__t122                          2.17383e-09
out__t15                           2.17405e-09
x2_n5__t27                                   5
gnd_drv_gnd_logic__t468            3.25706e-11
gnd_drv_gnd_logic__t329            3.22238e-11
x2_n5__t35                                   5
out__t127                          2.17427e-09
out__t13                           2.17449e-09
x2_n5__t25                                   5
gnd_drv_gnd_logic__t466            3.18769e-11
gnd_drv_gnd_logic__t323            3.15298e-11
x2_n5__t24                                   5
out__t121                          2.17472e-09
out__t12                           2.17494e-09
x2_n5__t23                                   5
gnd_drv_gnd_logic__t465            3.11825e-11
gnd_drv_gnd_logic__t322            3.08365e-11
x2_n5__t22                                   5
out__t120                          2.17516e-09
out__t11                           2.17539e-09
x2_n5__t21                                   5
gnd_drv_gnd_logic__t464            3.04903e-11
gnd_drv_gnd_logic__t379            3.73398e-12
x2_n4__t51                         2.52476e-09
x2_n5__t772                                  5
gnd_drv_gnd_logic__t321            3.01424e-11
x2_n5__t20                                   5
out__t119                          2.17561e-09
out__t10                           2.17583e-09
x2_n5__t19                                   5
gnd_drv_gnd_logic__t463            2.97972e-11
gnd_drv_gnd_logic__t320            2.94504e-11
x2_n5__t18                                   5
out__t118                          2.17606e-09
out__t27                           2.17628e-09
x2_n5__t54                                   5
gnd_drv_gnd_logic__t480            2.91035e-11
gnd_drv_gnd_logic__t370            2.87578e-11
x2_n5__t77                                   5
out__t147                          2.17651e-09
out__t35                           2.17673e-09
x2_n5__t69                                   5
gnd_drv_gnd_logic__t493            2.84104e-11
gnd_drv_gnd_logic__t369            2.80643e-11
x2_n5__t75                                   5
out__t146                          2.17695e-09
out__t38                           2.17718e-09
x2_n5__t74                                   5
gnd_drv_gnd_logic__t515            2.77195e-11
gnd_drv_gnd_logic__t368             2.7373e-11
x2_n5__t73                                   5
out__t145                           2.1774e-09
out__t37                           2.17763e-09
x2_n5__t72                                   5
gnd_drv_gnd_logic__t514            2.70278e-11
x2_n5__t746                                  5
x2_n4__t50                         2.52476e-09
gnd_drv_gnd_logic__t525            3.73377e-12
gnd_drv_gnd_logic__t367            2.66824e-11
x2_n5__t71                                   5
out__t144                          2.17785e-09
out__t32                           2.17808e-09
x2_n5__t63                                   5
gnd_drv_gnd_logic__t486            2.63368e-11
gnd_drv_gnd_logic__t342            2.59911e-11
x2_n5__t62                                   5
out__t140                           2.1783e-09
out__t2                            2.17853e-09
x2_n5__t3                                    5
gnd_drv_gnd_logic__t455            2.56466e-11
gnd_drv_gnd_logic__t319            2.53019e-11
x2_n5__t17                                   5
out__t117                          2.17875e-09
out__t1                            2.17898e-09
x2_n5__t2                                    5
gnd_drv_gnd_logic__t454             2.4957e-11
gnd_drv_gnd_logic__t341            2.46134e-11
x2_n5__t60                                   5
out__t139                           2.1792e-09
out__t30                           2.17943e-09
x2_n5__t59                                   5
gnd_drv_gnd_logic__t483            2.42696e-11
gnd_drv_gnd_logic__t340            2.39256e-11
x2_n5__t58                                   5
out__t138                          2.17966e-09
out__t29                           2.17988e-09
x2_n5__t57                                   5
gnd_drv_gnd_logic__t482            2.35828e-11
gnd_drv_gnd_logic__t378            3.73356e-12
x2_n4__t49                         2.52476e-09
x2_n5__t771                                  5
gnd_drv_gnd_logic__t339            2.32399e-11
x2_n5__t56                                   5
out__t137                          2.18011e-09
out__t28                           2.18033e-09
x2_n5__t55                                   5
gnd_drv_gnd_logic__t481            2.28968e-11
gnd_drv_gnd_logic__t334             2.2555e-11
x2_n5__t43                                   5
out__t132                          2.18056e-09
out__t26                           2.18079e-09
x2_n5__t53                                   5
gnd_drv_gnd_logic__t479            2.22144e-11
gnd_drv_gnd_logic__t327            2.18737e-11
x2_n5__t33                                   5
out__t125                          2.18101e-09
out__t9                            2.18124e-09
x2_n5__t16                                   5
gnd_drv_gnd_logic__t462            2.15327e-11
gnd_drv_gnd_logic__t318            2.11931e-11
x2_n5__t15                                   5
out__t116                          2.18146e-09
out__t8                            2.18169e-09
x2_n5__t14                                   5
gnd_drv_gnd_logic__t461            2.08547e-11
gnd_drv_gnd_logic__t317            2.05161e-11
x2_n5__t13                                   5
out__t115                          2.18192e-09
out__t7                            2.18215e-09
x2_n5__t12                                   5
gnd_drv_gnd_logic__t460            2.01788e-11
x2_n5__t745                                  5
x2_n4__t48                         2.52476e-09
gnd_drv_gnd_logic__t524            3.73335e-12
gnd_drv_gnd_logic__t316            1.98413e-11
x2_n5__t11                                   5
out__t114                          2.18237e-09
out__t6                             2.1826e-09
x2_n5__t10                                   5
gnd_drv_gnd_logic__t459            1.95065e-11
gnd_drv_gnd_logic__t315            1.91715e-11
x2_n5__t9                                    5
out__t113                          2.18283e-09
out__t5                            2.18306e-09
x2_n5__t8                                    5
gnd_drv_gnd_logic__t458            1.88378e-11
gnd_drv_gnd_logic__t314            1.85054e-11
x2_n5__t7                                    5
out__t112                          2.18328e-09
out__t4                            2.18351e-09
x2_n5__t6                                    5
gnd_drv_gnd_logic__t457            1.81743e-11
gnd_drv_gnd_logic__t313            1.78444e-11
x2_n5__t5                                    5
out__t111                          2.18374e-09
out__t3                            2.18397e-09
x2_n5__t4                                    5
gnd_drv_gnd_logic__t456            1.75158e-11
gnd_drv_gnd_logic__t422            1.71885e-11
x2_n5__t159                                  5
out__t189                          2.18419e-09
out__t80                           2.18442e-09
x2_n5__t160                                  5
gnd_drv_gnd_logic__t566            1.68639e-11
x1_nb__t1                          3.81474e-10
x1_inb__t2                                 3.3
gnd_drv_gnd_logic__t311             4.8869e-11
gnd_drv_gnd_logic__t377            3.73314e-12
x2_n4__t47                         2.52476e-09
x2_n5__t770                                  5
x2_n5__t744                                  5
x2_n4__t46                         2.52476e-09
gnd_drv_gnd_logic__t523            3.73293e-12
gnd_drv_gnd_logic__t376            3.73272e-12
x2_n4__t45                         2.52476e-09
x2_n5__t769                                  5
x2_n5__t743                                  5
x2_n4__t44                         2.52476e-09
gnd_drv_gnd_logic__t522            3.73251e-12
gnd_drv_gnd_logic__t380             3.7323e-12
x2_n4__t52                         2.52476e-09
x2_n5__t773                                  5
x2_n5__t741                                  5
x2_n4__t40                         2.52476e-09
gnd_drv_gnd_logic__t520            3.73209e-12
gnd_drv_gnd_logic__t362            3.73189e-12
x2_n4__t25                         2.52476e-09
x2_n5__t759                                  5
x2_n5__t738                                  5
x2_n4__t34                         2.52476e-09
gnd_drv_gnd_logic__t517            3.73168e-12
gnd_drv_gnd_logic__t366            3.73147e-12
x2_n4__t31                         2.52476e-09
x2_n5__t763                                  5
x2_n5__t735                                  5
x2_n4__t30                         2.52476e-09
gnd_drv_gnd_logic__t511            3.73126e-12
x1_nca__t2                                   5
vdd_logic__t3                              3.3
x1_na__t1                              2.45012
gnd_drv_gnd_logic__t363            3.73105e-12
x2_n4__t26                         2.52476e-09
x2_n5__t760                                  5
x2_n5__t742                                  5
x2_n4__t41                         2.52476e-09
gnd_drv_gnd_logic__t521            3.73084e-12
gnd_drv_gnd_logic__t373            3.73063e-12
x2_n4__t38                         2.52476e-09
x2_n5__t766                                  5
x2_n5__t737                                  5
x2_n4__t33                         2.52476e-09
gnd_drv_gnd_logic__t513            3.73042e-12
gnd_drv_gnd_logic__t365            3.73021e-12
x2_n4__t29                         2.52476e-09
x2_n5__t762                                  5
x2_n5__t740                                  5
x2_n4__t39                         2.52476e-09
gnd_drv_gnd_logic__t519               3.73e-12
gnd_drv_gnd_logic__t364            3.72979e-12
x2_n4__t28                         2.52476e-09
x2_n5__t761                                  5
x2_n5__t734                                  5
x2_n4__t27                         2.52476e-09
gnd_drv_gnd_logic__t510            3.72958e-12
gnd_drv_gnd_logic__t374            3.72938e-12
x2_n4__t42                         2.52476e-09
x2_n5__t767                                  5
x2_n5__t733                                  5
x2_n4__t24                         2.52476e-09
gnd_drv_gnd_logic__t509            3.72917e-12
x1_ncb__t0                         2.61933e-09
vdd_logic__t2                              3.3
x1_nb__t0                          2.07845e-09
gnd_drv_gnd_logic__t375            3.72896e-12
x2_n4__t43                         2.52476e-09
x2_n5__t768                                  5
x2_n5__t721                                  5
x2_n4__t1                          2.52476e-09
gnd_drv_gnd_logic__t485            3.72875e-12
gnd_drv_gnd_logic__t346            3.72854e-12
x2_n4__t2                          2.52476e-09
x2_n5__t748                                  5
x2_n5__t730                                  5
x2_n4__t20                         2.52476e-09
gnd_drv_gnd_logic__t504            3.72834e-12
gnd_drv_gnd_logic__t349            3.72813e-12
x2_n4__t9                          2.52476e-09
x2_n5__t751                                  5
x2_n5__t725                                  5
x2_n4__t8                          2.52476e-09
gnd_drv_gnd_logic__t492            3.72792e-12
gnd_drv_gnd_logic__t372            3.72771e-12
x2_n4__t37                         2.52476e-09
x2_n5__t765                                  5
x2_n5__t739                                  5
x2_n4__t36                         2.52476e-09
gnd_drv_gnd_logic__t518            3.72751e-12
gnd_drv_gnd_logic__t371             3.7273e-12
x2_n4__t35                         2.52476e-09
x2_n5__t764                                  5
x2_n5__t736                                  5
x2_n4__t32                         2.52476e-09
gnd_drv_gnd_logic__t512            3.72709e-12
x1_nbuf1__t3                                 5
x1_ncb__t3                         3.71149e-09
gnd_drv_gnd_logic__t305            3.74476e-12
gnd_drv_gnd_logic__t353            3.72688e-12
x2_n4__t17                         2.52476e-09
x2_n5__t755                                  5
x2_n5__t729                                  5
x2_n4__t16                         2.52476e-09
gnd_drv_gnd_logic__t497            3.72668e-12
gnd_drv_gnd_logic__t352            3.72647e-12
x2_n4__t15                         2.52476e-09
x2_n5__t754                                  5
x2_n5__t728                                  5
x2_n4__t14                         2.52476e-09
gnd_drv_gnd_logic__t496            3.72627e-12
gnd_drv_gnd_logic__t351            3.72606e-12
x2_n4__t13                         2.52476e-09
x2_n5__t753                                  5
x2_n5__t727                                  5
x2_n4__t12                         2.52476e-09
gnd_drv_gnd_logic__t495            3.72586e-12
gnd_drv_gnd_logic__t350            3.72565e-12
x2_n4__t11                         2.52476e-09
x2_n5__t752                                  5
x2_n5__t726                                  5
x2_n4__t10                         2.52476e-09
gnd_drv_gnd_logic__t494            3.72545e-12
gnd_drv_gnd_logic__t354            3.72524e-12
x2_n4__t18                         2.52476e-09
x2_n5__t756                                  5
x2_n5__t724                                  5
x2_n4__t7                          2.52476e-09
gnd_drv_gnd_logic__t491            3.72504e-12
in_drv__t3                         7.44142e-10
x1_nbuf1__t1                                 5
gnd_drv_gnd_logic__t303            4.48766e-11
gnd_drv_gnd_logic__t348            3.72483e-12
x2_n4__t6                          2.52476e-09
x2_n5__t750                                  5
x2_n5__t723                                  5
x2_n4__t5                          2.52476e-09
gnd_drv_gnd_logic__t490            3.72463e-12
gnd_drv_gnd_logic__t347            3.72443e-12
x2_n4__t4                          2.52476e-09
x2_n5__t749                                  5
x2_n5__t722                                  5
x2_n4__t3                          2.52476e-09
gnd_drv_gnd_logic__t489            3.72422e-12
gnd_drv_gnd_logic__t359            3.72402e-12
x2_n4__t19                         2.52476e-09
x2_n5__t757                                  5
x2_n5__t732                                  5
x2_n4__t23                         2.52476e-09
gnd_drv_gnd_logic__t506            3.72382e-12
gnd_drv_gnd_logic__t361            3.72362e-12
x2_n4__t22                         2.52476e-09
x2_n5__t758                                  5
x2_n5__t731                                  5
x2_n4__t21                         2.52476e-09
gnd_drv_gnd_logic__t505            3.72342e-12
gnd_drv_gnd_logic__t423            3.72322e-12
x2_n4__t53                         2.52476e-09
x2_n5__t774                                  5
x2_n5__t0                                    5
x2_n4__t0                          2.52476e-09
gnd_drv_gnd_logic__t312            3.72302e-12
x2_n1__t3                                    5
in_drv__t1                          9.7907e-10
gnd_drv_gnd_logic__t304            3.72684e-12
gnd_drv_gnd_logic__t385            3.33172e-11
x2_n5__t89                                   5
out__t152                          2.21021e-09
out__t42                           2.21042e-09
x2_n5__t82                                   5
gnd_drv_gnd_logic__t528            3.36753e-11
gnd_drv_gnd_logic__t383            3.40333e-11
x2_n5__t84                                   5
out__t150                          2.21063e-09
out__t43                           2.21083e-09
x2_n5__t83                                   5
gnd_drv_gnd_logic__t529            3.43927e-11
gnd_drv_gnd_logic__t381            3.47505e-11
x2_n5__t79                                   5
out__t148                          2.21103e-09
out__t40                           2.21122e-09
x2_n5__t78                                   5
gnd_drv_gnd_logic__t526            3.51097e-11
gnd_drv_gnd_logic__t393            3.54688e-11
x2_n5__t104                                  5
out__t160                          2.21141e-09
out__t56                            2.2116e-09
x2_n5__t111                                  5
gnd_drv_gnd_logic__t542            3.58277e-11
gnd_drv_gnd_logic__t397            3.61864e-11
x2_n5__t110                                  5
out__t164                          2.21178e-09
out__t41                           2.21195e-09
x2_n5__t81                                   5
gnd_drv_gnd_logic__t527             3.6545e-11
x2_n2__t0                          1.41632e-09
x2_n1__t0                                    5
gnd_drv_gnd_logic__t301            3.90833e-11
gnd_drv_gnd_logic__t398            3.69033e-11
x2_n5__t112                                  5
out__t165                          2.21211e-09
out__t48                           2.21226e-09
x2_n5__t91                                   5
gnd_drv_gnd_logic__t534            3.72615e-11
gnd_drv_gnd_logic__t406            3.76208e-11
x2_n5__t130                                  5
out__t173                           2.2124e-09
out__t66                           2.21252e-09
x2_n5__t129                                  5
gnd_drv_gnd_logic__t552            3.79784e-11
gnd_drv_gnd_logic__t405            3.83357e-11
x2_n5__t128                                  5
out__t172                          2.21263e-09
out__t65                           2.21272e-09
x2_n5__t127                                  5
gnd_drv_gnd_logic__t551             3.8694e-11
gnd_drv_gnd_logic__t404             3.9052e-11
x2_n5__t126                                  5
out__t171                          2.21279e-09
out__t64                           2.21283e-09
x2_n5__t125                                  5
gnd_drv_gnd_logic__t550             3.9408e-11
gnd_drv_gnd_logic__t403             3.9765e-11
x2_n5__t124                                  5
out__t170                          2.21286e-09
out__t63                           2.21286e-09
x2_n5__t123                                  5
gnd_drv_gnd_logic__t549            4.01215e-11
x1_inb__t0                                 3.3
in__t0                                       0
vdd_logic__t0                              3.3
vdd_logic                                  3.3
x1_nca__t0                                   5
x1_ncb__t1                         3.71149e-09
vdd_drv__t0                                  5
vdd_drv                                      5
x1_ncb__t4                         3.75601e-09
x1_nca__t1                                   5
vdd_drv__t671                                5
x1_nbuf1__t2                                 5
x1_ncb__t2                         3.71149e-09
vdd_drv__t6                                  5
in_drv__t2                         2.34407e-09
x1_nbuf1__t0                                 5
vdd_drv__t8                                  5
x2_n1__t2                                    5
in_drv__t0                          9.7907e-10
vdd_drv__t10                                 5
x2_n2__t3                          3.17147e-09
x2_n1__t1                                    5
vdd_drv__t12                                 5
x2_n3__t0                                    5
x2_n2__t1                          2.10978e-09
vdd_drv__t2                                  5
x2_n4__t207                        2.81022e-09
x2_n3__t2                                    5
vdd_drv__t4                                  5
vdd_drv__t1214                               5
x2_n3__t3                                    5
x2_n4__t206                        2.80591e-09
x2_n4__t196                        2.80163e-09
x2_n3__t30                                   5
vdd_drv__t1213                               5
vdd_drv__t894                                5
x2_n3__t29                                   5
x2_n4__t213                        2.79739e-09
x2_n4__t195                        2.79319e-09
x2_n3__t28                                   5
vdd_drv__t1212                               5
vdd_drv__t893                                5
x2_n3__t27                                   5
x2_n4__t212                        2.78903e-09
x2_n4__t194                        2.78491e-09
x2_n3__t26                                   5
vdd_drv__t1211                               5
vdd_drv__t911                                5
x2_n3__t44                                   5
x2_n4__t220                        2.78083e-09
x2_n4__t204                         2.7768e-09
x2_n3__t43                                   5
vdd_drv__t1233                               5
vdd_drv__t910                                5
x2_n3__t42                                   5
x2_n4__t219                        2.77282e-09
x2_n4__t205                         2.7689e-09
x2_n3__t45                                   5
vdd_drv__t1237                               5
vdd_drv__t909                                5
x2_n3__t41                                   5
x2_n4__t218                        2.76502e-09
x2_n4__t203                         2.7612e-09
x2_n3__t40                                   5
vdd_drv__t1231                               5
vdd_drv__t880                                5
x2_n3__t19                                   5
x2_n4__t208                        2.75744e-09
x2_n4__t199                        2.75375e-09
x2_n3__t36                                   5
vdd_drv__t1228                               5
vdd_drv__t907                                5
x2_n3__t35                                   5
x2_n4__t216                        2.75011e-09
x2_n4__t198                        2.74655e-09
x2_n3__t34                                   5
vdd_drv__t1227                               5
vdd_drv__t906                                5
x2_n3__t33                                   5
x2_n4__t215                        2.74306e-09
x2_n4__t197                        2.73964e-09
x2_n3__t32                                   5
vdd_drv__t1221                               5
vdd_drv__t885                                5
x2_n3__t25                                   5
x2_n4__t211                         2.7363e-09
x2_n4__t193                        2.73305e-09
x2_n3__t24                                   5
vdd_drv__t1205                               5
vdd_drv__t884                                5
x2_n3__t23                                   5
x2_n4__t210                        2.72988e-09
x2_n4__t192                         2.7268e-09
x2_n3__t22                                   5
vdd_drv__t1204                               5
vdd_drv__t883                                5
x2_n3__t21                                   5
x2_n4__t209                        2.72381e-09
x2_n4__t191                        2.72093e-09
x2_n3__t20                                   5
vdd_drv__t1203                               5
vdd_drv__t895                                5
x2_n3__t31                                   5
x2_n4__t214                        2.71815e-09
x2_n4__t202                        2.71547e-09
x2_n3__t39                                   5
vdd_drv__t1230                               5
vdd_drv__t908                                5
x2_n3__t38                                   5
x2_n4__t217                        2.71291e-09
x2_n4__t200                        2.71047e-09
x2_n3__t37                                   5
vdd_drv__t1229                               5
vdd_drv__t15                                 5
x2_n3__t4                                    5
x2_n4__t201                        2.70815e-09
vdd_drv__t913                                5
x2_n4__t135                        2.52476e-09
x2_n5__t876                                  5
x2_n5__t776                                  5
x2_n4__t56                         2.52476e-09
vdd_drv__t1031                               5
vdd_drv__t939                                5
x2_n4__t148                        2.52476e-09
x2_n5__t883                                  5
x2_n5__t784                                  5
x2_n4__t73                         2.52476e-09
vdd_drv__t1052                               5
vdd_drv__t943                                5
x2_n4__t155                        2.52476e-09
x2_n5__t887                                  5
x2_n5__t824                                  5
x2_n4__t154                        2.52476e-09
vdd_drv__t1266                               5
vdd_drv__t941                                5
x2_n4__t150                        2.52476e-09
x2_n5__t885                                  5
x2_n5__t816                                  5
x2_n4__t136                        2.52476e-09
vdd_drv__t1242                               5
vdd_drv__t731                                5
x2_n4__t74                         2.52476e-09
x2_n5__t846                                  5
x2_n5__t783                                  5
x2_n4__t72                         2.52476e-09
vdd_drv__t1051                               5
vdd_drv__t730                                5
x2_n4__t71                         2.52476e-09
x2_n5__t845                                  5
x2_n5__t782                                  5
x2_n4__t70                         2.52476e-09
vdd_drv__t1050                               5
vdd_drv__t729                                5
x2_n4__t69                         2.52476e-09
x2_n5__t844                                  5
x2_n5__t781                                  5
x2_n4__t68                         2.52476e-09
vdd_drv__t1049                               5
vdd_drv__t728                                5
x2_n4__t67                         2.52476e-09
x2_n5__t843                                  5
x2_n5__t785                                  5
x2_n4__t75                         2.52476e-09
vdd_drv__t1054                               5
vdd_drv__t727                                5
x2_n4__t66                         2.52476e-09
x2_n5__t842                                  5
x2_n5__t780                                  5
x2_n4__t65                         2.52476e-09
vdd_drv__t1047                               5
vdd_drv__t726                                5
x2_n4__t64                         2.52476e-09
x2_n5__t841                                  5
x2_n5__t779                                  5
x2_n4__t63                         2.52476e-09
vdd_drv__t1046                               5
vdd_drv__t725                                5
x2_n4__t62                         2.52476e-09
x2_n5__t840                                  5
x2_n5__t778                                  5
x2_n4__t61                         2.52476e-09
vdd_drv__t1045                               5
vdd_drv__t724                                5
x2_n4__t60                         2.52476e-09
x2_n5__t839                                  5
x2_n5__t777                                  5
x2_n4__t59                         2.52476e-09
vdd_drv__t1044                               5
vdd_drv__t723                                5
x2_n4__t58                         2.52476e-09
x2_n5__t838                                  5
x2_n5__t786                                  5
x2_n4__t76                         2.52476e-09
vdd_drv__t1125                               5
vdd_drv__t965                                5
x2_n4__t175                        2.52476e-09
x2_n5__t896                                  5
x2_n5__t819                                  5
x2_n4__t141                        2.52476e-09
vdd_drv__t1261                               5
vdd_drv__t940                                5
x2_n4__t149                        2.52476e-09
x2_n5__t884                                  5
x2_n5__t822                                  5
x2_n4__t151                        2.52476e-09
vdd_drv__t1264                               5
vdd_drv__t942                                5
x2_n4__t152                        2.52476e-09
x2_n5__t886                                  5
x2_n5__t823                                  5
x2_n4__t153                        2.52476e-09
vdd_drv__t1265                               5
vdd_drv__t712                                5
x2_n4__t57                         2.52476e-09
x2_n5__t837                                  5
x2_n5__t827                                  5
x2_n4__t160                        2.52476e-09
vdd_drv__t1270                               5
vdd_drv__t945                                5
x2_n4__t158                        2.52476e-09
x2_n5__t888                                  5
x2_n5__t821                                  5
x2_n4__t147                        2.52476e-09
vdd_drv__t1263                               5
vdd_drv__t936                                5
x2_n4__t144                        2.52476e-09
x2_n5__t880                                  5
x2_n5__t820                                  5
x2_n4__t143                        2.52476e-09
vdd_drv__t1262                               5
vdd_drv__t935                                5
x2_n4__t142                        2.52476e-09
x2_n5__t879                                  5
x2_n5__t829                                  5
x2_n4__t163                        2.52476e-09
vdd_drv__t1272                               5
vdd_drv__t947                                5
x2_n4__t162                        2.52476e-09
x2_n5__t890                                  5
x2_n5__t828                                  5
x2_n4__t161                        2.52476e-09
vdd_drv__t1271                               5
vdd_drv__t946                                5
x2_n4__t159                        2.52476e-09
x2_n5__t889                                  5
x2_n5__t825                                  5
x2_n4__t156                        2.52476e-09
vdd_drv__t1267                               5
vdd_drv__t937                                5
x2_n4__t145                        2.52476e-09
x2_n5__t881                                  5
x2_n5__t818                                  5
x2_n4__t140                        2.52476e-09
vdd_drv__t1260                               5
vdd_drv__t934                                5
x2_n4__t139                        2.52476e-09
x2_n5__t878                                  5
x2_n5__t817                                  5
x2_n4__t138                        2.52476e-09
vdd_drv__t1259                               5
vdd_drv__t933                                5
x2_n4__t137                        2.52476e-09
x2_n5__t877                                  5
x2_n5__t830                                  5
x2_n4__t164                        2.52476e-09
vdd_drv__t1273                               5
vdd_drv__t952                                5
x2_n4__t173                        2.52476e-09
x2_n5__t895                                  5
x2_n5__t834                                  5
x2_n4__t172                        2.52476e-09
vdd_drv__t1277                               5
vdd_drv__t951                                5
x2_n4__t171                        2.52476e-09
x2_n5__t894                                  5
x2_n5__t833                                  5
x2_n4__t170                        2.52476e-09
vdd_drv__t1276                               5
vdd_drv__t950                                5
x2_n4__t169                        2.52476e-09
x2_n5__t893                                  5
x2_n5__t832                                  5
x2_n4__t168                        2.52476e-09
vdd_drv__t1275                               5
vdd_drv__t949                                5
x2_n4__t167                        2.52476e-09
x2_n5__t892                                  5
x2_n5__t831                                  5
x2_n4__t166                        2.52476e-09
vdd_drv__t1274                               5
vdd_drv__t948                                5
x2_n4__t165                        2.52476e-09
x2_n5__t891                                  5
x2_n5__t835                                  5
x2_n4__t174                        2.52476e-09
vdd_drv__t1278                               5
vdd_drv__t20                                 5
x2_n4__t55                         2.52476e-09
x2_n5__t775                                  5
x2_n5__t836                                  5
x2_n4__t176                        2.52476e-09
vdd_drv__t669                                5
vdd_drv__t841                                5
x2_n4__t84                         2.52476e-09
x2_n5__t851                                  5
x2_n5__t806                                  5
x2_n4__t115                        2.52476e-09
vdd_drv__t1186                               5
vdd_drv__t864                                5
x2_n4__t114                        2.52476e-09
x2_n5__t865                                  5
x2_n5__t805                                  5
x2_n4__t113                        2.52476e-09
vdd_drv__t1185                               5
vdd_drv__t863                                5
x2_n4__t112                        2.52476e-09
x2_n5__t864                                  5
x2_n5__t804                                  5
x2_n4__t111                        2.52476e-09
vdd_drv__t1184                               5
vdd_drv__t862                                5
x2_n4__t110                        2.52476e-09
x2_n5__t863                                  5
x2_n5__t803                                  5
x2_n4__t109                        2.52476e-09
vdd_drv__t1183                               5
vdd_drv__t861                                5
x2_n4__t108                        2.52476e-09
x2_n5__t862                                  5
x2_n5__t802                                  5
x2_n4__t107                        2.52476e-09
vdd_drv__t1182                               5
vdd_drv__t865                                5
x2_n4__t116                        2.52476e-09
x2_n5__t866                                  5
x2_n5__t801                                  5
x2_n4__t106                        2.52476e-09
vdd_drv__t1180                               5
vdd_drv__t860                                5
x2_n4__t105                        2.52476e-09
x2_n5__t861                                  5
x2_n5__t800                                  5
x2_n4__t104                        2.52476e-09
vdd_drv__t1179                               5
vdd_drv__t859                                5
x2_n4__t103                        2.52476e-09
x2_n5__t860                                  5
x2_n5__t799                                  5
x2_n4__t102                        2.52476e-09
vdd_drv__t1178                               5
vdd_drv__t858                                5
x2_n4__t101                        2.52476e-09
x2_n5__t859                                  5
x2_n5__t798                                  5
x2_n4__t100                        2.52476e-09
vdd_drv__t1177                               5
vdd_drv__t857                                5
x2_n4__t99                         2.52476e-09
x2_n5__t858                                  5
x2_n5__t797                                  5
x2_n4__t98                         2.52476e-09
vdd_drv__t1176                               5
vdd_drv__t870                                5
x2_n4__t117                        2.52476e-09
x2_n5__t867                                  5
x2_n5__t810                                  5
x2_n4__t125                        2.52476e-09
vdd_drv__t1196                               5
vdd_drv__t874                                5
x2_n4__t124                        2.52476e-09
x2_n5__t871                                  5
x2_n5__t809                                  5
x2_n4__t123                        2.52476e-09
vdd_drv__t1195                               5
vdd_drv__t873                                5
x2_n4__t122                        2.52476e-09
x2_n5__t870                                  5
x2_n5__t808                                  5
x2_n4__t121                        2.52476e-09
vdd_drv__t1194                               5
vdd_drv__t872                                5
x2_n4__t120                        2.52476e-09
x2_n5__t869                                  5
x2_n5__t807                                  5
x2_n4__t119                        2.52476e-09
vdd_drv__t1193                               5
vdd_drv__t871                                5
x2_n4__t118                        2.52476e-09
x2_n5__t868                                  5
x2_n5__t826                                  5
x2_n4__t157                        2.52476e-09
vdd_drv__t1268                               5
vdd_drv__t938                                5
x2_n4__t146                        2.52476e-09
x2_n5__t882                                  5
x2_n5__t813                                  5
x2_n4__t130                        2.52476e-09
vdd_drv__t1223                               5
vdd_drv__t901                                5
x2_n4__t129                        2.52476e-09
x2_n5__t873                                  5
x2_n5__t812                                  5
x2_n4__t128                        2.52476e-09
vdd_drv__t1222                               5
vdd_drv__t905                                5
x2_n4__t131                        2.52476e-09
x2_n5__t874                                  5
x2_n5__t811                                  5
x2_n4__t127                        2.52476e-09
vdd_drv__t1220                               5
vdd_drv__t900                                5
x2_n4__t126                        2.52476e-09
x2_n5__t872                                  5
x2_n5__t815                                  5
x2_n4__t134                        2.52476e-09
vdd_drv__t1235                               5
vdd_drv__t912                                5
x2_n4__t133                        2.52476e-09
x2_n5__t875                                  5
x2_n5__t814                                  5
x2_n4__t132                        2.52476e-09
vdd_drv__t1234                               5
vdd_drv__t839                                5
x2_n4__t83                         2.52476e-09
x2_n5__t850                                  5
x2_n5__t789                                  5
x2_n4__t82                         2.52476e-09
vdd_drv__t1160                               5
vdd_drv__t838                                5
x2_n4__t81                         2.52476e-09
x2_n5__t849                                  5
x2_n5__t788                                  5
x2_n4__t80                         2.52476e-09
vdd_drv__t1159                               5
vdd_drv__t837                                5
x2_n4__t79                         2.52476e-09
x2_n5__t848                                  5
x2_n5__t787                                  5
x2_n4__t78                         2.52476e-09
vdd_drv__t1157                               5
vdd_drv__t836                                5
x2_n4__t77                         2.52476e-09
x2_n5__t847                                  5
x2_n5__t791                                  5
x2_n4__t87                         2.52476e-09
vdd_drv__t1170                               5
vdd_drv__t856                                5
x2_n4__t96                         2.52476e-09
x2_n5__t857                                  5
x2_n5__t795                                  5
x2_n4__t95                         2.52476e-09
vdd_drv__t1174                               5
vdd_drv__t855                                5
x2_n4__t94                         2.52476e-09
x2_n5__t856                                  5
x2_n5__t794                                  5
x2_n4__t93                         2.52476e-09
vdd_drv__t1173                               5
vdd_drv__t854                                5
x2_n4__t92                         2.52476e-09
x2_n5__t855                                  5
x2_n5__t793                                  5
x2_n4__t91                         2.52476e-09
vdd_drv__t1172                               5
vdd_drv__t853                                5
x2_n4__t90                         2.52476e-09
x2_n5__t854                                  5
x2_n5__t792                                  5
x2_n4__t89                         2.52476e-09
vdd_drv__t1171                               5
vdd_drv__t852                                5
x2_n4__t88                         2.52476e-09
x2_n5__t853                                  5
x2_n5__t796                                  5
x2_n4__t97                         2.52476e-09
vdd_drv__t1175                               5
vdd_drv__t851                                5
x2_n4__t86                         2.52476e-09
x2_n5__t852                                  5
x2_n5__t790                                  5
x2_n4__t85                         2.52476e-09
vdd_drv__t1169                               5
vdd_drv__t888                                5
x2_n5__t576                                  5
out__t648                          2.23554e-09
out__t384                          2.23563e-09
x2_n5__t551                                  5
vdd_drv__t1188                               5
vdd_drv__t867                                5
x2_n5__t550                                  5
out__t636                          2.23572e-09
out__t398                          2.23581e-09
x2_n5__t577                                  5
vdd_drv__t1209                               5
vdd_drv__t889                                5
x2_n5__t578                                  5
out__t649                           2.2359e-09
out__t399                          2.23599e-09
x2_n5__t579                                  5
vdd_drv__t1210                               5
vdd_drv__t890                                5
x2_n5__t580                                  5
out__t650                          2.23608e-09
out__t401                          2.23617e-09
x2_n5__t584                                  5
vdd_drv__t1216                               5
vdd_drv__t892                                5
x2_n5__t582                                  5
out__t652                          2.23626e-09
out__t400                          2.23635e-09
x2_n5__t583                                  5
vdd_drv__t1215                               5
vdd_drv__t891                                5
x2_n5__t581                                  5
out__t651                          2.23644e-09
out__t389                          2.23653e-09
x2_n5__t559                                  5
vdd_drv__t1197                               5
vdd_drv__t876                                5
x2_n5__t560                                  5
out__t640                          2.23662e-09
out__t390                          2.23671e-09
x2_n5__t561                                  5
vdd_drv__t1198                               5
vdd_drv__t877                                5
x2_n5__t562                                  5
out__t641                           2.2368e-09
out__t391                          2.23689e-09
x2_n5__t563                                  5
vdd_drv__t1199                               5
vdd_drv__t878                                5
x2_n5__t564                                  5
out__t642                          2.23698e-09
out__t392                          2.23707e-09
x2_n5__t565                                  5
vdd_drv__t1200                               5
vdd_drv__t879                                5
x2_n5__t566                                  5
out__t643                          2.23716e-09
out__t395                          2.23725e-09
x2_n5__t571                                  5
vdd_drv__t1206                               5
vdd_drv__t881                                5
x2_n5__t568                                  5
out__t644                          2.23734e-09
out__t394                          2.23743e-09
x2_n5__t569                                  5
vdd_drv__t1202                               5
vdd_drv__t882                                5
x2_n5__t570                                  5
out__t645                          2.23752e-09
out__t409                          2.23761e-09
x2_n5__t599                                  5
vdd_drv__t1236                               5
vdd_drv__t914                                5
x2_n5__t600                                  5
out__t660                           2.2377e-09
out__t408                           2.2378e-09
x2_n5__t598                                  5
vdd_drv__t1232                               5
vdd_drv__t896                                5
x2_n5__t585                                  5
out__t653                          2.23789e-09
out__t402                          2.23798e-09
x2_n5__t586                                  5
vdd_drv__t1217                               5
vdd_drv__t897                                5
x2_n5__t587                                  5
out__t654                          2.23807e-09
out__t403                          2.23816e-09
x2_n5__t588                                  5
vdd_drv__t1218                               5
vdd_drv__t898                                5
x2_n5__t589                                  5
out__t655                          2.23825e-09
out__t404                          2.23834e-09
x2_n5__t590                                  5
vdd_drv__t1219                               5
vdd_drv__t899                                5
x2_n5__t591                                  5
out__t656                          2.23843e-09
out__t405                          2.23852e-09
x2_n5__t592                                  5
vdd_drv__t1224                               5
vdd_drv__t902                                5
x2_n5__t593                                  5
out__t657                          2.23861e-09
out__t406                           2.2387e-09
x2_n5__t594                                  5
vdd_drv__t1225                               5
vdd_drv__t903                                5
x2_n5__t595                                  5
out__t658                          2.23879e-09
out__t407                          2.23888e-09
x2_n5__t596                                  5
vdd_drv__t1226                               5
vdd_drv__t904                                5
x2_n5__t597                                  5
out__t659                          2.23897e-09
out__t393                          2.23906e-09
x2_n5__t567                                  5
vdd_drv__t1201                               5
vdd_drv__t847                                5
x2_n5__t540                                  5
out__t631                          2.23915e-09
out__t379                          2.23924e-09
x2_n5__t541                                  5
vdd_drv__t1166                               5
vdd_drv__t848                                5
x2_n5__t542                                  5
out__t632                          2.23933e-09
out__t380                          2.23942e-09
x2_n5__t543                                  5
vdd_drv__t1167                               5
vdd_drv__t849                                5
x2_n5__t544                                  5
out__t633                          2.23951e-09
out__t381                           2.2396e-09
x2_n5__t545                                  5
vdd_drv__t1168                               5
vdd_drv__t850                                5
x2_n5__t546                                  5
out__t634                          2.23969e-09
out__t373                          2.23978e-09
x2_n5__t528                                  5
vdd_drv__t1158                               5
vdd_drv__t840                                5
x2_n5__t529                                  5
out__t625                          2.23987e-09
out__t378                          2.23996e-09
x2_n5__t539                                  5
vdd_drv__t1165                               5
vdd_drv__t842                                5
x2_n5__t530                                  5
out__t626                          2.24005e-09
out__t374                          2.24015e-09
x2_n5__t531                                  5
vdd_drv__t1161                               5
vdd_drv__t843                                5
x2_n5__t532                                  5
out__t627                          2.24024e-09
out__t375                          2.24033e-09
x2_n5__t533                                  5
vdd_drv__t1162                               5
vdd_drv__t844                                5
x2_n5__t534                                  5
out__t628                          2.24042e-09
out__t376                          2.24051e-09
x2_n5__t535                                  5
vdd_drv__t1163                               5
vdd_drv__t845                                5
x2_n5__t536                                  5
out__t629                           2.2406e-09
out__t377                          2.24069e-09
x2_n5__t537                                  5
vdd_drv__t1164                               5
vdd_drv__t846                                5
x2_n5__t538                                  5
out__t630                          2.24078e-09
out__t382                          2.24087e-09
x2_n5__t547                                  5
vdd_drv__t1181                               5
vdd_drv__t866                                5
x2_n5__t548                                  5
out__t635                          2.24096e-09
out__t383                          2.24105e-09
x2_n5__t549                                  5
vdd_drv__t1187                               5
vdd_drv__t19                                 5
x2_n5__t221                                  5
out__t220                          2.24114e-09
out__t416                          2.23002e-09
x2_n5__t613                                  5
vdd_drv__t1245                               5
vdd_drv__t922                                5
x2_n5__t616                                  5
out__t668                          2.23011e-09
out__t385                          2.23021e-09
x2_n5__t552                                  5
vdd_drv__t1189                               5
vdd_drv__t868                                5
x2_n5__t553                                  5
out__t637                           2.2303e-09
out__t386                          2.23039e-09
x2_n5__t554                                  5
vdd_drv__t1190                               5
vdd_drv__t869                                5
x2_n5__t555                                  5
out__t638                          2.23048e-09
out__t387                          2.23057e-09
x2_n5__t556                                  5
vdd_drv__t1191                               5
vdd_drv__t875                                5
x2_n5__t558                                  5
out__t639                          2.23066e-09
out__t388                          2.23075e-09
x2_n5__t557                                  5
vdd_drv__t1192                               5
vdd_drv__t964                                5
x2_n5__t662                                  5
out__t691                          2.23084e-09
out__t441                          2.23093e-09
x2_n5__t663                                  5
vdd_drv__t1289                               5
vdd_drv__t968                                5
x2_n5__t670                                  5
out__t694                          2.23102e-09
out__t446                          2.23111e-09
x2_n5__t671                                  5
vdd_drv__t1294                               5
vdd_drv__t969                                5
x2_n5__t672                                  5
out__t695                           2.2312e-09
out__t447                          2.23129e-09
x2_n5__t673                                  5
vdd_drv__t1295                               5
vdd_drv__t970                                5
x2_n5__t674                                  5
out__t696                          2.23138e-09
out__t448                          2.23147e-09
x2_n5__t675                                  5
vdd_drv__t1296                               5
vdd_drv__t971                                5
x2_n5__t676                                  5
out__t697                          2.23156e-09
out__t449                          2.23165e-09
x2_n5__t677                                  5
vdd_drv__t1297                               5
vdd_drv__t972                                5
x2_n5__t678                                  5
out__t698                          2.23174e-09
out__t445                          2.23183e-09
x2_n5__t669                                  5
vdd_drv__t1293                               5
vdd_drv__t953                                5
x2_n5__t641                                  5
out__t680                          2.23192e-09
out__t431                          2.23201e-09
x2_n5__t642                                  5
vdd_drv__t1279                               5
vdd_drv__t954                                5
x2_n5__t643                                  5
out__t681                           2.2321e-09
out__t432                          2.23219e-09
x2_n5__t644                                  5
vdd_drv__t1280                               5
vdd_drv__t955                                5
x2_n5__t645                                  5
out__t682                          2.23228e-09
out__t433                          2.23237e-09
x2_n5__t646                                  5
vdd_drv__t1281                               5
vdd_drv__t956                                5
x2_n5__t647                                  5
out__t683                          2.23246e-09
out__t434                          2.23255e-09
x2_n5__t648                                  5
vdd_drv__t1282                               5
vdd_drv__t957                                5
x2_n5__t649                                  5
out__t684                          2.23264e-09
out__t439                          2.23273e-09
x2_n5__t660                                  5
vdd_drv__t1287                               5
vdd_drv__t959                                5
x2_n5__t651                                  5
out__t686                          2.23283e-09
out__t435                          2.23292e-09
x2_n5__t652                                  5
vdd_drv__t1283                               5
vdd_drv__t960                                5
x2_n5__t653                                  5
out__t687                          2.23301e-09
out__t436                           2.2331e-09
x2_n5__t654                                  5
vdd_drv__t1284                               5
vdd_drv__t961                                5
x2_n5__t655                                  5
out__t688                          2.23319e-09
out__t437                          2.23328e-09
x2_n5__t656                                  5
vdd_drv__t1285                               5
vdd_drv__t932                                5
x2_n5__t638                                  5
out__t678                          2.23337e-09
out__t425                          2.23346e-09
x2_n5__t629                                  5
vdd_drv__t1254                               5
vdd_drv__t928                                5
x2_n5__t630                                  5
out__t674                          2.23355e-09
out__t426                          2.23364e-09
x2_n5__t631                                  5
vdd_drv__t1255                               5
vdd_drv__t929                                5
x2_n5__t632                                  5
out__t675                          2.23373e-09
out__t427                          2.23382e-09
x2_n5__t633                                  5
vdd_drv__t1256                               5
vdd_drv__t930                                5
x2_n5__t634                                  5
out__t676                          2.23391e-09
out__t428                            2.234e-09
x2_n5__t635                                  5
vdd_drv__t1257                               5
vdd_drv__t931                                5
x2_n5__t636                                  5
out__t677                          2.23409e-09
out__t429                          2.23418e-09
x2_n5__t637                                  5
vdd_drv__t1258                               5
vdd_drv__t927                                5
x2_n5__t628                                  5
out__t673                          2.23427e-09
out__t410                          2.23436e-09
x2_n5__t601                                  5
vdd_drv__t1238                               5
vdd_drv__t915                                5
x2_n5__t602                                  5
out__t661                          2.23445e-09
out__t411                          2.23454e-09
x2_n5__t603                                  5
vdd_drv__t1239                               5
vdd_drv__t916                                5
x2_n5__t604                                  5
out__t662                          2.23463e-09
out__t412                          2.23472e-09
x2_n5__t605                                  5
vdd_drv__t1240                               5
vdd_drv__t917                                5
x2_n5__t606                                  5
out__t663                          2.23481e-09
out__t413                           2.2349e-09
x2_n5__t607                                  5
vdd_drv__t1241                               5
vdd_drv__t918                                5
x2_n5__t608                                  5
out__t664                          2.23499e-09
out__t419                          2.23508e-09
x2_n5__t618                                  5
vdd_drv__t1248                               5
vdd_drv__t919                                5
x2_n5__t609                                  5
out__t665                          2.23517e-09
out__t414                          2.23527e-09
x2_n5__t610                                  5
vdd_drv__t1243                               5
vdd_drv__t920                                5
x2_n5__t611                                  5
out__t666                          2.23536e-09
out__t415                          2.23545e-09
x2_n5__t612                                  5
vdd_drv__t1244                               5
vdd_drv__t887                                5
x2_n5__t574                                  5
out__t647                          2.22993e-09
out__t418                          2.22424e-09
x2_n5__t617                                  5
vdd_drv__t1247                               5
vdd_drv__t944                                5
x2_n5__t639                                  5
out__t679                          2.22433e-09
out__t430                          2.22443e-09
x2_n5__t640                                  5
vdd_drv__t1269                               5
vdd_drv__t715                                5
x2_n5__t304                                  5
out__t513                          2.22451e-09
out__t261                          2.22461e-09
x2_n5__t305                                  5
vdd_drv__t1035                               5
vdd_drv__t716                                5
x2_n5__t306                                  5
out__t514                           2.2247e-09
out__t262                          2.22479e-09
x2_n5__t307                                  5
vdd_drv__t1036                               5
vdd_drv__t717                                5
x2_n5__t308                                  5
out__t515                          2.22488e-09
out__t263                          2.22497e-09
x2_n5__t309                                  5
vdd_drv__t1037                               5
vdd_drv__t722                                5
x2_n5__t320                                  5
out__t520                          2.22506e-09
out__t265                          2.22515e-09
x2_n5__t311                                  5
vdd_drv__t1039                               5
vdd_drv__t718                                5
x2_n5__t312                                  5
out__t516                          2.22524e-09
out__t266                          2.22533e-09
x2_n5__t313                                  5
vdd_drv__t1040                               5
vdd_drv__t719                                5
x2_n5__t314                                  5
out__t517                          2.22542e-09
out__t267                          2.22551e-09
x2_n5__t315                                  5
vdd_drv__t1041                               5
vdd_drv__t720                                5
x2_n5__t316                                  5
out__t518                           2.2256e-09
out__t268                          2.22569e-09
x2_n5__t317                                  5
vdd_drv__t1042                               5
vdd_drv__t721                                5
x2_n5__t318                                  5
out__t519                          2.22578e-09
out__t269                          2.22587e-09
x2_n5__t319                                  5
vdd_drv__t1043                               5
vdd_drv__t738                                5
x2_n5__t333                                  5
out__t527                          2.22596e-09
out__t281                          2.22605e-09
x2_n5__t344                                  5
vdd_drv__t1064                               5
vdd_drv__t744                                5
x2_n5__t345                                  5
out__t533                          2.22614e-09
out__t282                          2.22623e-09
x2_n5__t346                                  5
vdd_drv__t1065                               5
vdd_drv__t745                                5
x2_n5__t347                                  5
out__t534                          2.22632e-09
out__t283                          2.22641e-09
x2_n5__t348                                  5
vdd_drv__t1066                               5
vdd_drv__t746                                5
x2_n5__t349                                  5
out__t535                           2.2265e-09
out__t284                          2.22659e-09
x2_n5__t350                                  5
vdd_drv__t1067                               5
vdd_drv__t747                                5
x2_n5__t351                                  5
out__t536                          2.22668e-09
out__t235                          2.22677e-09
x2_n5__t250                                  5
vdd_drv__t1008                               5
vdd_drv__t672                                5
x2_n5__t222                                  5
out__t471                          2.22686e-09
out__t221                          2.22695e-09
x2_n5__t223                                  5
vdd_drv__t994                                5
vdd_drv__t673                                5
x2_n5__t224                                  5
out__t472                          2.22704e-09
out__t222                          2.22713e-09
x2_n5__t225                                  5
vdd_drv__t995                                5
vdd_drv__t674                                5
x2_n5__t226                                  5
out__t473                          2.22722e-09
out__t223                          2.22731e-09
x2_n5__t227                                  5
vdd_drv__t996                                5
vdd_drv__t675                                5
x2_n5__t228                                  5
out__t474                          2.22741e-09
out__t224                           2.2275e-09
x2_n5__t229                                  5
vdd_drv__t997                                5
vdd_drv__t676                                5
x2_n5__t230                                  5
out__t475                          2.22759e-09
out__t229                          2.22768e-09
x2_n5__t239                                  5
vdd_drv__t1002                               5
vdd_drv__t677                                5
x2_n5__t232                                  5
out__t476                          2.22777e-09
out__t226                          2.22786e-09
x2_n5__t233                                  5
vdd_drv__t999                                5
vdd_drv__t678                                5
x2_n5__t234                                  5
out__t477                          2.22795e-09
out__t227                          2.22804e-09
x2_n5__t235                                  5
vdd_drv__t1000                               5
vdd_drv__t679                                5
x2_n5__t236                                  5
out__t478                          2.22813e-09
out__t228                          2.22822e-09
x2_n5__t237                                  5
vdd_drv__t1001                               5
vdd_drv__t680                                5
x2_n5__t238                                  5
out__t479                          2.22831e-09
out__t225                           2.2284e-09
x2_n5__t231                                  5
vdd_drv__t998                                5
vdd_drv__t696                                5
x2_n5__t271                                  5
out__t495                          2.22849e-09
out__t251                          2.22858e-09
x2_n5__t283                                  5
vdd_drv__t1024                               5
vdd_drv__t703                                5
x2_n5__t284                                  5
out__t502                          2.22867e-09
out__t252                          2.22876e-09
x2_n5__t285                                  5
vdd_drv__t1025                               5
vdd_drv__t704                                5
x2_n5__t286                                  5
out__t503                          2.22885e-09
out__t253                          2.22894e-09
x2_n5__t287                                  5
vdd_drv__t1026                               5
vdd_drv__t706                                5
x2_n5__t289                                  5
out__t505                          2.22903e-09
out__t254                          2.22912e-09
x2_n5__t290                                  5
vdd_drv__t1027                               5
vdd_drv__t708                                5
x2_n5__t293                                  5
out__t507                          2.22921e-09
out__t256                           2.2293e-09
x2_n5__t294                                  5
vdd_drv__t1029                               5
vdd_drv__t709                                5
x2_n5__t295                                  5
out__t508                          2.22939e-09
out__t257                          2.22948e-09
x2_n5__t296                                  5
vdd_drv__t1030                               5
vdd_drv__t710                                5
x2_n5__t297                                  5
out__t509                          2.22957e-09
out__t258                          2.22966e-09
x2_n5__t298                                  5
vdd_drv__t1032                               5
vdd_drv__t693                                5
x2_n5__t267                                  5
out__t492                          2.22975e-09
out__t397                          2.22984e-09
x2_n5__t575                                  5
vdd_drv__t1208                               5
vdd_drv__t694                                5
x2_n5__t268                                  5
out__t493                          2.21875e-09
out__t245                          2.21884e-09
x2_n5__t269                                  5
vdd_drv__t1018                               5
vdd_drv__t695                                5
x2_n5__t270                                  5
out__t494                          2.21893e-09
out__t250                          2.21902e-09
x2_n5__t281                                  5
vdd_drv__t1023                               5
vdd_drv__t697                                5
x2_n5__t272                                  5
out__t496                          2.21911e-09
out__t246                           2.2192e-09
x2_n5__t273                                  5
vdd_drv__t1019                               5
vdd_drv__t698                                5
x2_n5__t274                                  5
out__t497                          2.21929e-09
out__t247                          2.21938e-09
x2_n5__t275                                  5
vdd_drv__t1020                               5
vdd_drv__t699                                5
x2_n5__t276                                  5
out__t498                          2.21947e-09
out__t248                          2.21956e-09
x2_n5__t277                                  5
vdd_drv__t1021                               5
vdd_drv__t700                                5
x2_n5__t278                                  5
out__t499                          2.21965e-09
out__t249                          2.21974e-09
x2_n5__t279                                  5
vdd_drv__t1022                               5
vdd_drv__t701                                5
x2_n5__t280                                  5
out__t500                          2.21983e-09
out__t279                          2.21992e-09
x2_n5__t342                                  5
vdd_drv__t1062                               5
vdd_drv__t759                                5
x2_n5__t374                                  5
out__t548                          2.22001e-09
out__t342                           2.2201e-09
x2_n5__t467                                  5
vdd_drv__t1126                               5
vdd_drv__t806                                5
x2_n5__t468                                  5
out__t595                          2.22019e-09
out__t343                          2.22028e-09
x2_n5__t469                                  5
vdd_drv__t1127                               5
vdd_drv__t807                                5
x2_n5__t470                                  5
out__t596                          2.22037e-09
out__t344                          2.22046e-09
x2_n5__t471                                  5
vdd_drv__t1128                               5
vdd_drv__t808                                5
x2_n5__t472                                  5
out__t597                          2.22055e-09
out__t345                          2.22064e-09
x2_n5__t473                                  5
vdd_drv__t1129                               5
vdd_drv__t809                                5
x2_n5__t474                                  5
out__t598                          2.22073e-09
out__t371                          2.22082e-09
x2_n5__t526                                  5
vdd_drv__t1155                               5
vdd_drv__t830                                5
x2_n5__t516                                  5
out__t619                          2.22091e-09
out__t352                            2.221e-09
x2_n5__t487                                  5
vdd_drv__t1136                               5
vdd_drv__t816                                5
x2_n5__t488                                  5
out__t605                          2.22109e-09
out__t353                          2.22118e-09
x2_n5__t489                                  5
vdd_drv__t1137                               5
vdd_drv__t817                                5
x2_n5__t490                                  5
out__t606                          2.22127e-09
out__t354                          2.22136e-09
x2_n5__t491                                  5
vdd_drv__t1138                               5
vdd_drv__t818                                5
x2_n5__t492                                  5
out__t607                          2.22145e-09
out__t355                          2.22154e-09
x2_n5__t493                                  5
vdd_drv__t1139                               5
vdd_drv__t819                                5
x2_n5__t494                                  5
out__t608                          2.22163e-09
out__t356                          2.22172e-09
x2_n5__t495                                  5
vdd_drv__t1140                               5
vdd_drv__t824                                5
x2_n5__t506                                  5
out__t613                          2.22181e-09
out__t358                           2.2219e-09
x2_n5__t497                                  5
vdd_drv__t1142                               5
vdd_drv__t820                                5
x2_n5__t498                                  5
out__t609                          2.22199e-09
out__t359                          2.22208e-09
x2_n5__t499                                  5
vdd_drv__t1143                               5
vdd_drv__t821                                5
x2_n5__t500                                  5
out__t610                          2.22217e-09
out__t360                          2.22226e-09
x2_n5__t501                                  5
vdd_drv__t1144                               5
vdd_drv__t822                                5
x2_n5__t502                                  5
out__t611                          2.22235e-09
out__t361                          2.22244e-09
x2_n5__t503                                  5
vdd_drv__t1145                               5
vdd_drv__t823                                5
x2_n5__t504                                  5
out__t612                          2.22253e-09
out__t362                          2.22262e-09
x2_n5__t505                                  5
vdd_drv__t1146                               5
vdd_drv__t800                                5
x2_n5__t456                                  5
out__t589                          2.22271e-09
out__t301                           2.2228e-09
x2_n5__t385                                  5
vdd_drv__t1084                               5
vdd_drv__t765                                5
x2_n5__t386                                  5
out__t554                          2.22289e-09
out__t302                          2.22298e-09
x2_n5__t387                                  5
vdd_drv__t1085                               5
vdd_drv__t766                                5
x2_n5__t388                                  5
out__t555                          2.22307e-09
out__t304                          2.22316e-09
x2_n5__t391                                  5
vdd_drv__t1087                               5
vdd_drv__t768                                5
x2_n5__t392                                  5
out__t557                          2.22325e-09
out__t305                          2.22334e-09
x2_n5__t393                                  5
vdd_drv__t1088                               5
vdd_drv__t773                                5
x2_n5__t401                                  5
out__t562                          2.22343e-09
out__t309                          2.22352e-09
x2_n5__t402                                  5
vdd_drv__t1092                               5
vdd_drv__t774                                5
x2_n5__t403                                  5
out__t563                          2.22361e-09
out__t310                           2.2237e-09
x2_n5__t404                                  5
vdd_drv__t1093                               5
vdd_drv__t769                                5
x2_n5__t394                                  5
out__t558                          2.22379e-09
out__t292                          2.22388e-09
x2_n5__t365                                  5
vdd_drv__t1075                               5
vdd_drv__t754                                5
x2_n5__t366                                  5
out__t543                          2.22397e-09
out__t293                          2.22406e-09
x2_n5__t367                                  5
vdd_drv__t1076                               5
vdd_drv__t755                                5
x2_n5__t368                                  5
out__t544                          2.22415e-09
out__t396                          2.21866e-09
x2_n5__t572                                  5
vdd_drv__t1207                               5
vdd_drv__t757                                5
x2_n5__t371                                  5
out__t546                          2.21748e-09
out__t308                           2.2174e-09
x2_n5__t400                                  5
vdd_drv__t1091                               5
vdd_drv__t772                                5
x2_n5__t399                                  5
out__t561                          2.21731e-09
out__t307                          2.21722e-09
x2_n5__t398                                  5
vdd_drv__t1090                               5
vdd_drv__t771                                5
x2_n5__t397                                  5
out__t560                          2.21713e-09
out__t306                          2.21704e-09
x2_n5__t396                                  5
vdd_drv__t1089                               5
vdd_drv__t770                                5
x2_n5__t395                                  5
out__t559                          2.21696e-09
out__t311                          2.21687e-09
x2_n5__t405                                  5
vdd_drv__t1094                               5
vdd_drv__t775                                5
x2_n5__t406                                  5
out__t564                          2.21678e-09
out__t326                           2.2167e-09
x2_n5__t435                                  5
vdd_drv__t1109                               5
vdd_drv__t794                                5
x2_n5__t445                                  5
out__t583                          2.21661e-09
out__t331                          2.21652e-09
x2_n5__t444                                  5
vdd_drv__t1114                               5
vdd_drv__t793                                5
x2_n5__t443                                  5
out__t582                          2.21644e-09
out__t330                          2.21635e-09
x2_n5__t442                                  5
vdd_drv__t1113                               5
vdd_drv__t792                                5
x2_n5__t441                                  5
out__t581                          2.21627e-09
out__t329                          2.21619e-09
x2_n5__t440                                  5
vdd_drv__t1112                               5
vdd_drv__t791                                5
x2_n5__t439                                  5
out__t580                          2.21611e-09
out__t328                          2.21603e-09
x2_n5__t438                                  5
vdd_drv__t1111                               5
vdd_drv__t790                                5
x2_n5__t437                                  5
out__t579                          2.21596e-09
out__t327                          2.21589e-09
x2_n5__t436                                  5
vdd_drv__t1110                               5
vdd_drv__t795                                5
x2_n5__t446                                  5
out__t584                          2.21582e-09
out__t325                          2.21576e-09
x2_n5__t434                                  5
vdd_drv__t1108                               5
vdd_drv__t789                                5
x2_n5__t433                                  5
out__t578                          2.21571e-09
out__t324                          2.21567e-09
x2_n5__t432                                  5
vdd_drv__t1107                               5
vdd_drv__t788                                5
x2_n5__t431                                  5
out__t577                          2.21565e-09
out__t323                          2.21564e-09
x2_n5__t430                                  5
vdd_drv__t1106                               5
vdd_drv__t787                                5
x2_n5__t429                                  5
out__t576                          2.21565e-09
out__t322                          2.21568e-09
x2_n5__t428                                  5
vdd_drv__t1105                               5
vdd_drv__t786                                5
x2_n5__t427                                  5
out__t575                          2.21572e-09
out__t321                          2.21577e-09
x2_n5__t426                                  5
vdd_drv__t1104                               5
vdd_drv__t780                                5
x2_n5__t415                                  5
out__t569                          2.21583e-09
out__t295                           2.2159e-09
x2_n5__t372                                  5
vdd_drv__t1078                               5
vdd_drv__t758                                5
x2_n5__t373                                  5
out__t547                          2.21597e-09
out__t300                          2.21605e-09
x2_n5__t384                                  5
vdd_drv__t1083                               5
vdd_drv__t760                                5
x2_n5__t375                                  5
out__t549                          2.21612e-09
out__t296                           2.2162e-09
x2_n5__t376                                  5
vdd_drv__t1079                               5
vdd_drv__t761                                5
x2_n5__t377                                  5
out__t550                          2.21629e-09
out__t297                          2.21637e-09
x2_n5__t378                                  5
vdd_drv__t1080                               5
vdd_drv__t762                                5
x2_n5__t379                                  5
out__t551                          2.21645e-09
out__t298                          2.21654e-09
x2_n5__t380                                  5
vdd_drv__t1081                               5
vdd_drv__t763                                5
x2_n5__t381                                  5
out__t552                          2.21662e-09
out__t299                          2.21671e-09
x2_n5__t382                                  5
vdd_drv__t1082                               5
vdd_drv__t764                                5
x2_n5__t383                                  5
out__t553                           2.2168e-09
out__t440                          2.21688e-09
x2_n5__t661                                  5
vdd_drv__t1288                               5
vdd_drv__t785                                5
x2_n5__t424                                  5
out__t574                          2.21697e-09
out__t319                          2.21706e-09
x2_n5__t423                                  5
vdd_drv__t1102                               5
vdd_drv__t784                                5
x2_n5__t422                                  5
out__t573                          2.21715e-09
out__t318                          2.21723e-09
x2_n5__t421                                  5
vdd_drv__t1101                               5
vdd_drv__t783                                5
x2_n5__t420                                  5
out__t572                          2.21732e-09
out__t317                          2.21741e-09
x2_n5__t419                                  5
vdd_drv__t1100                               5
vdd_drv__t782                                5
x2_n5__t418                                  5
out__t571                           2.2175e-09
out__t316                          2.21759e-09
x2_n5__t417                                  5
vdd_drv__t1099                               5
vdd_drv__t781                                5
x2_n5__t416                                  5
out__t570                          2.21768e-09
out__t320                          2.21776e-09
x2_n5__t425                                  5
vdd_drv__t1103                               5
vdd_drv__t779                                5
x2_n5__t414                                  5
out__t568                          2.21785e-09
out__t315                          2.21794e-09
x2_n5__t413                                  5
vdd_drv__t1098                               5
vdd_drv__t778                                5
x2_n5__t412                                  5
out__t567                          2.21803e-09
out__t314                          2.21812e-09
x2_n5__t411                                  5
vdd_drv__t1097                               5
vdd_drv__t777                                5
x2_n5__t410                                  5
out__t566                          2.21821e-09
out__t313                           2.2183e-09
x2_n5__t409                                  5
vdd_drv__t1096                               5
vdd_drv__t776                                5
x2_n5__t408                                  5
out__t565                          2.21839e-09
out__t312                          2.21848e-09
x2_n5__t407                                  5
vdd_drv__t1095                               5
vdd_drv__t886                                5
x2_n5__t573                                  5
out__t646                          2.21857e-09
out__t244                          2.22297e-09
x2_n5__t266                                  5
vdd_drv__t1017                               5
vdd_drv__t692                                5
x2_n5__t265                                  5
out__t491                          2.22288e-09
out__t243                          2.22279e-09
x2_n5__t264                                  5
vdd_drv__t1016                               5
vdd_drv__t691                                5
x2_n5__t263                                  5
out__t490                           2.2227e-09
out__t242                          2.22261e-09
x2_n5__t262                                  5
vdd_drv__t1015                               5
vdd_drv__t707                                5
x2_n5__t291                                  5
out__t506                          2.22252e-09
out__t259                          2.22242e-09
x2_n5__t300                                  5
vdd_drv__t1033                               5
vdd_drv__t711                                5
x2_n5__t299                                  5
out__t510                          2.22233e-09
out__t336                          2.22224e-09
x2_n5__t455                                  5
vdd_drv__t1119                               5
vdd_drv__t799                                5
x2_n5__t454                                  5
out__t588                          2.22215e-09
out__t335                          2.22206e-09
x2_n5__t453                                  5
vdd_drv__t1118                               5
vdd_drv__t798                                5
x2_n5__t452                                  5
out__t587                          2.22197e-09
out__t334                          2.22188e-09
x2_n5__t451                                  5
vdd_drv__t1117                               5
vdd_drv__t797                                5
x2_n5__t450                                  5
out__t586                          2.22179e-09
out__t333                           2.2217e-09
x2_n5__t449                                  5
vdd_drv__t1116                               5
vdd_drv__t796                                5
x2_n5__t448                                  5
out__t585                          2.22161e-09
out__t332                          2.22152e-09
x2_n5__t447                                  5
vdd_drv__t1115                               5
vdd_drv__t810                                5
x2_n5__t475                                  5
out__t599                          2.22143e-09
out__t350                          2.22134e-09
x2_n5__t485                                  5
vdd_drv__t1134                               5
vdd_drv__t815                                5
x2_n5__t484                                  5
out__t604                          2.22125e-09
out__t349                          2.22116e-09
x2_n5__t483                                  5
vdd_drv__t1133                               5
vdd_drv__t814                                5
x2_n5__t482                                  5
out__t603                          2.22107e-09
out__t348                          2.22098e-09
x2_n5__t481                                  5
vdd_drv__t1132                               5
vdd_drv__t813                                5
x2_n5__t480                                  5
out__t602                          2.22089e-09
out__t347                           2.2208e-09
x2_n5__t479                                  5
vdd_drv__t1131                               5
vdd_drv__t812                                5
x2_n5__t478                                  5
out__t601                          2.22071e-09
out__t346                          2.22062e-09
x2_n5__t477                                  5
vdd_drv__t1130                               5
vdd_drv__t811                                5
x2_n5__t476                                  5
out__t600                          2.22053e-09
out__t351                          2.22044e-09
x2_n5__t486                                  5
vdd_drv__t1135                               5
vdd_drv__t767                                5
x2_n5__t390                                  5
out__t556                          2.22035e-09
out__t303                          2.22026e-09
x2_n5__t389                                  5
vdd_drv__t1086                               5
vdd_drv__t835                                5
x2_n5__t525                                  5
out__t624                          2.22017e-09
out__t370                          2.22008e-09
x2_n5__t524                                  5
vdd_drv__t1154                               5
vdd_drv__t834                                5
x2_n5__t523                                  5
out__t623                          2.21999e-09
out__t369                           2.2199e-09
x2_n5__t522                                  5
vdd_drv__t1153                               5
vdd_drv__t833                                5
x2_n5__t521                                  5
out__t622                          2.21981e-09
out__t368                          2.21972e-09
x2_n5__t520                                  5
vdd_drv__t1152                               5
vdd_drv__t832                                5
x2_n5__t519                                  5
out__t621                          2.21963e-09
out__t367                          2.21954e-09
x2_n5__t518                                  5
vdd_drv__t1151                               5
vdd_drv__t831                                5
x2_n5__t517                                  5
out__t620                          2.21945e-09
out__t372                          2.21936e-09
x2_n5__t527                                  5
vdd_drv__t1156                               5
vdd_drv__t829                                5
x2_n5__t515                                  5
out__t618                          2.21927e-09
out__t366                          2.21918e-09
x2_n5__t514                                  5
vdd_drv__t1150                               5
vdd_drv__t828                                5
x2_n5__t513                                  5
out__t617                          2.21909e-09
out__t365                            2.219e-09
x2_n5__t512                                  5
vdd_drv__t1149                               5
vdd_drv__t827                                5
x2_n5__t511                                  5
out__t616                          2.21891e-09
out__t364                          2.21882e-09
x2_n5__t510                                  5
vdd_drv__t1148                               5
vdd_drv__t826                                5
x2_n5__t509                                  5
out__t615                          2.21873e-09
out__t363                          2.21864e-09
x2_n5__t508                                  5
vdd_drv__t1147                               5
vdd_drv__t825                                5
x2_n5__t507                                  5
out__t614                          2.21855e-09
out__t357                          2.21846e-09
x2_n5__t496                                  5
vdd_drv__t1141                               5
vdd_drv__t805                                5
x2_n5__t465                                  5
out__t594                          2.21838e-09
out__t340                          2.21829e-09
x2_n5__t464                                  5
vdd_drv__t1123                               5
vdd_drv__t804                                5
x2_n5__t463                                  5
out__t593                           2.2182e-09
out__t339                          2.21811e-09
x2_n5__t462                                  5
vdd_drv__t1122                               5
vdd_drv__t803                                5
x2_n5__t461                                  5
out__t592                          2.21802e-09
out__t338                          2.21793e-09
x2_n5__t460                                  5
vdd_drv__t1121                               5
vdd_drv__t802                                5
x2_n5__t459                                  5
out__t591                          2.21784e-09
out__t337                          2.21775e-09
x2_n5__t458                                  5
vdd_drv__t1120                               5
vdd_drv__t801                                5
x2_n5__t457                                  5
out__t590                          2.21766e-09
out__t341                          2.21757e-09
x2_n5__t466                                  5
vdd_drv__t1124                               5
vdd_drv__t756                                5
x2_n5__t369                                  5
out__t545                          2.22306e-09
out__t255                          2.22875e-09
x2_n5__t292                                  5
vdd_drv__t1028                               5
vdd_drv__t714                                5
x2_n5__t303                                  5
out__t512                          2.22865e-09
out__t260                          2.22856e-09
x2_n5__t302                                  5
vdd_drv__t1034                               5
vdd_drv__t713                                5
x2_n5__t301                                  5
out__t511                          2.22847e-09
out__t270                          2.22838e-09
x2_n5__t321                                  5
vdd_drv__t1048                               5
vdd_drv__t732                                5
x2_n5__t323                                  5
out__t521                          2.22829e-09
out__t271                           2.2282e-09
x2_n5__t322                                  5
vdd_drv__t1053                               5
vdd_drv__t739                                5
x2_n5__t334                                  5
out__t528                          2.22811e-09
out__t280                          2.22802e-09
x2_n5__t343                                  5
vdd_drv__t1063                               5
vdd_drv__t737                                5
x2_n5__t332                                  5
out__t526                          2.22793e-09
out__t275                          2.22784e-09
x2_n5__t331                                  5
vdd_drv__t1058                               5
vdd_drv__t736                                5
x2_n5__t330                                  5
out__t525                          2.22775e-09
out__t274                          2.22766e-09
x2_n5__t329                                  5
vdd_drv__t1057                               5
vdd_drv__t735                                5
x2_n5__t328                                  5
out__t524                          2.22757e-09
out__t273                          2.22748e-09
x2_n5__t327                                  5
vdd_drv__t1056                               5
vdd_drv__t734                                5
x2_n5__t326                                  5
out__t523                          2.22739e-09
out__t272                           2.2273e-09
x2_n5__t325                                  5
vdd_drv__t1055                               5
vdd_drv__t733                                5
x2_n5__t324                                  5
out__t522                          2.22721e-09
out__t286                          2.22712e-09
x2_n5__t353                                  5
vdd_drv__t1069                               5
vdd_drv__t752                                5
x2_n5__t363                                  5
out__t541                          2.22703e-09
out__t291                          2.22694e-09
x2_n5__t362                                  5
vdd_drv__t1074                               5
vdd_drv__t751                                5
x2_n5__t361                                  5
out__t540                          2.22685e-09
out__t290                          2.22676e-09
x2_n5__t360                                  5
vdd_drv__t1073                               5
vdd_drv__t750                                5
x2_n5__t359                                  5
out__t539                          2.22667e-09
out__t289                          2.22658e-09
x2_n5__t358                                  5
vdd_drv__t1072                               5
vdd_drv__t749                                5
x2_n5__t357                                  5
out__t538                          2.22649e-09
out__t288                           2.2264e-09
x2_n5__t356                                  5
vdd_drv__t1071                               5
vdd_drv__t748                                5
x2_n5__t355                                  5
out__t537                          2.22631e-09
out__t287                          2.22622e-09
x2_n5__t354                                  5
vdd_drv__t1070                               5
vdd_drv__t753                                5
x2_n5__t364                                  5
out__t542                          2.22613e-09
out__t285                          2.22604e-09
x2_n5__t352                                  5
vdd_drv__t1068                               5
vdd_drv__t705                                5
x2_n5__t288                                  5
out__t504                          2.22595e-09
out__t240                          2.22586e-09
x2_n5__t260                                  5
vdd_drv__t1013                               5
vdd_drv__t690                                5
x2_n5__t259                                  5
out__t489                          2.22576e-09
out__t239                          2.22567e-09
x2_n5__t258                                  5
vdd_drv__t1012                               5
vdd_drv__t689                                5
x2_n5__t257                                  5
out__t488                          2.22558e-09
out__t238                          2.22549e-09
x2_n5__t256                                  5
vdd_drv__t1011                               5
vdd_drv__t688                                5
x2_n5__t255                                  5
out__t487                           2.2254e-09
out__t237                          2.22531e-09
x2_n5__t254                                  5
vdd_drv__t1010                               5
vdd_drv__t687                                5
x2_n5__t253                                  5
out__t486                          2.22522e-09
out__t236                          2.22513e-09
x2_n5__t252                                  5
vdd_drv__t1009                               5
vdd_drv__t686                                5
x2_n5__t251                                  5
out__t485                          2.22504e-09
out__t241                          2.22495e-09
x2_n5__t261                                  5
vdd_drv__t1014                               5
vdd_drv__t685                                5
x2_n5__t249                                  5
out__t484                          2.22486e-09
out__t234                          2.22477e-09
x2_n5__t248                                  5
vdd_drv__t1007                               5
vdd_drv__t684                                5
x2_n5__t247                                  5
out__t483                          2.22468e-09
out__t233                          2.22459e-09
x2_n5__t246                                  5
vdd_drv__t1006                               5
vdd_drv__t683                                5
x2_n5__t245                                  5
out__t482                           2.2245e-09
out__t232                          2.22441e-09
x2_n5__t244                                  5
vdd_drv__t1005                               5
vdd_drv__t682                                5
x2_n5__t243                                  5
out__t481                          2.22432e-09
out__t231                          2.22423e-09
x2_n5__t242                                  5
vdd_drv__t1004                               5
vdd_drv__t681                                5
x2_n5__t241                                  5
out__t480                          2.22414e-09
out__t230                          2.22405e-09
x2_n5__t240                                  5
vdd_drv__t1003                               5
vdd_drv__t702                                5
x2_n5__t282                                  5
out__t501                          2.22396e-09
out__t264                          2.22387e-09
x2_n5__t310                                  5
vdd_drv__t1038                               5
vdd_drv__t743                                5
x2_n5__t341                                  5
out__t532                          2.22378e-09
out__t278                          2.22369e-09
x2_n5__t340                                  5
vdd_drv__t1061                               5
vdd_drv__t742                                5
x2_n5__t339                                  5
out__t531                           2.2236e-09
out__t277                          2.22351e-09
x2_n5__t338                                  5
vdd_drv__t1060                               5
vdd_drv__t741                                5
x2_n5__t337                                  5
out__t530                          2.22342e-09
out__t276                          2.22333e-09
x2_n5__t336                                  5
vdd_drv__t1059                               5
vdd_drv__t740                                5
x2_n5__t335                                  5
out__t529                          2.22324e-09
out__t294                          2.22315e-09
x2_n5__t370                                  5
vdd_drv__t1077                               5
vdd_drv__t973                                5
x2_n5__t679                                  5
out__t699                          2.23426e-09
out__t444                          2.23417e-09
x2_n5__t668                                  5
vdd_drv__t1292                               5
vdd_drv__t967                                5
x2_n5__t667                                  5
out__t693                          2.23408e-09
out__t443                          2.23399e-09
x2_n5__t666                                  5
vdd_drv__t1291                               5
vdd_drv__t966                                5
x2_n5__t665                                  5
out__t692                           2.2339e-09
out__t442                           2.2338e-09
x2_n5__t664                                  5
vdd_drv__t1290                               5
vdd_drv__t993                                5
x2_n5__t718                                  5
out__t719                          2.23371e-09
out__t468                          2.23362e-09
x2_n5__t717                                  5
vdd_drv__t1316                               5
vdd_drv__t992                                5
x2_n5__t716                                  5
out__t718                          2.23353e-09
out__t467                          2.23344e-09
x2_n5__t715                                  5
vdd_drv__t1315                               5
vdd_drv__t991                                5
x2_n5__t714                                  5
out__t717                          2.23335e-09
out__t466                          2.23326e-09
x2_n5__t713                                  5
vdd_drv__t1314                               5
vdd_drv__t990                                5
x2_n5__t712                                  5
out__t716                          2.23317e-09
out__t465                          2.23308e-09
x2_n5__t711                                  5
vdd_drv__t1313                               5
vdd_drv__t989                                5
x2_n5__t710                                  5
out__t715                          2.23299e-09
out__t469                           2.2329e-09
x2_n5__t719                                  5
vdd_drv__t1317                               5
vdd_drv__t987                                5
x2_n5__t708                                  5
out__t713                          2.23281e-09
out__t464                          2.23272e-09
x2_n5__t707                                  5
vdd_drv__t1312                               5
vdd_drv__t986                                5
x2_n5__t706                                  5
out__t712                          2.23263e-09
out__t463                          2.23254e-09
x2_n5__t705                                  5
vdd_drv__t1311                               5
vdd_drv__t985                                5
x2_n5__t704                                  5
out__t711                          2.23245e-09
out__t462                          2.23236e-09
x2_n5__t703                                  5
vdd_drv__t1310                               5
vdd_drv__t984                                5
x2_n5__t702                                  5
out__t710                          2.23227e-09
out__t461                          2.23218e-09
x2_n5__t701                                  5
vdd_drv__t1309                               5
vdd_drv__t983                                5
x2_n5__t700                                  5
out__t709                          2.23209e-09
out__t455                            2.232e-09
x2_n5__t689                                  5
vdd_drv__t1303                               5
vdd_drv__t963                                5
x2_n5__t659                                  5
out__t690                          2.23191e-09
out__t438                          2.23182e-09
x2_n5__t658                                  5
vdd_drv__t1286                               5
vdd_drv__t962                                5
x2_n5__t657                                  5
out__t689                          2.23173e-09
out__t417                          2.23164e-09
x2_n5__t615                                  5
vdd_drv__t1246                               5
vdd_drv__t921                                5
x2_n5__t614                                  5
out__t667                          2.23155e-09
out__t424                          2.23146e-09
x2_n5__t627                                  5
vdd_drv__t1253                               5
vdd_drv__t926                                5
x2_n5__t626                                  5
out__t672                          2.23137e-09
out__t423                          2.23128e-09
x2_n5__t625                                  5
vdd_drv__t1252                               5
vdd_drv__t925                                5
x2_n5__t624                                  5
out__t671                          2.23118e-09
out__t422                          2.23109e-09
x2_n5__t623                                  5
vdd_drv__t1251                               5
vdd_drv__t924                                5
x2_n5__t622                                  5
out__t670                            2.231e-09
out__t421                          2.23091e-09
x2_n5__t621                                  5
vdd_drv__t1250                               5
vdd_drv__t923                                5
x2_n5__t620                                  5
out__t669                          2.23082e-09
out__t420                          2.23073e-09
x2_n5__t619                                  5
vdd_drv__t1249                               5
vdd_drv__t958                                5
x2_n5__t650                                  5
out__t685                          2.23064e-09
out__t460                          2.23055e-09
x2_n5__t698                                  5
vdd_drv__t1308                               5
vdd_drv__t981                                5
x2_n5__t697                                  5
out__t707                          2.23046e-09
out__t459                          2.23037e-09
x2_n5__t696                                  5
vdd_drv__t1307                               5
vdd_drv__t980                                5
x2_n5__t695                                  5
out__t706                          2.23028e-09
out__t458                          2.23019e-09
x2_n5__t694                                  5
vdd_drv__t1306                               5
vdd_drv__t979                                5
x2_n5__t693                                  5
out__t705                           2.2301e-09
out__t457                          2.23001e-09
x2_n5__t692                                  5
vdd_drv__t1305                               5
vdd_drv__t978                                5
x2_n5__t691                                  5
out__t704                          2.22992e-09
out__t456                          2.22983e-09
x2_n5__t690                                  5
vdd_drv__t1304                               5
vdd_drv__t982                                5
x2_n5__t699                                  5
out__t708                          2.22974e-09
out__t454                          2.22965e-09
x2_n5__t688                                  5
vdd_drv__t1302                               5
vdd_drv__t977                                5
x2_n5__t687                                  5
out__t703                          2.22956e-09
out__t453                          2.22947e-09
x2_n5__t686                                  5
vdd_drv__t1301                               5
vdd_drv__t976                                5
x2_n5__t685                                  5
out__t702                          2.22938e-09
out__t452                          2.22929e-09
x2_n5__t684                                  5
vdd_drv__t1300                               5
vdd_drv__t975                                5
x2_n5__t683                                  5
out__t701                           2.2292e-09
out__t451                          2.22911e-09
x2_n5__t682                                  5
vdd_drv__t1299                               5
vdd_drv__t974                                5
x2_n5__t681                                  5
out__t700                          2.22902e-09
out__t450                          2.22893e-09
x2_n5__t680                                  5
vdd_drv__t1298                               5
vdd_drv__t988                                5
x2_n5__t709                                  5
out__t714                          2.22884e-09
out__t470                          2.23435e-09
x2_n5__t720                                  5
vdd_drv__t668                                5
in                                           0
in_drv                              9.7907e-10
out                                2.21519e-09
x1_inb                                     3.3
x1_na                                  2.45012
x1_nb                              1.22996e-09
x1_nbuf1                                     5
x1_nca                                       5
x1_ncb                             3.71149e-09
x2_n1                                        5
x2_n2                              2.10978e-09
x2_n3                                        5
x2_n4                              2.52476e-09
x2_n5                                        5
outcap                             2.21519e-09
vimeas#branch                                0
vin#branch                                   0
vgnd_logic#branch                  3.72771e-09
vsup_drv#branch                   -3.89364e-09
vsup_logic#branch                 -3.56226e-12

 Reference value :  0.00000e+00
 Reference value :  4.62800e-09
 Reference value :  1.05280e-08
 Reference value :  1.65280e-08
 Reference value :  2.03434e-08
 Reference value :  2.13420e-08
 Reference value :  2.34702e-08
 Reference value :  2.46881e-08
 Reference value :  2.50863e-08
 Reference value :  2.80226e-08
 Reference value :  3.38226e-08
 Reference value :  3.93226e-08
 Reference value :  4.49226e-08
 Reference value :  5.09226e-08
 Reference value :  5.60226e-08
 Reference value :  6.01226e-08
 Reference value :  6.42226e-08
 Reference value :  6.82226e-08
 Reference value :  7.23226e-08
 Reference value :  7.64226e-08
 Reference value :  8.04226e-08
 Reference value :  8.45226e-08
 Reference value :  8.85226e-08
 Reference value :  9.26226e-08
 Reference value :  9.66226e-08
 Reference value :  1.00623e-07
 Reference value :  1.04523e-07
 Reference value :  1.08423e-07
 Reference value :  1.12323e-07
 Reference value :  1.16223e-07
 Reference value :  1.20223e-07
 Reference value :  1.24223e-07
 Reference value :  1.28223e-07
 Reference value :  1.32323e-07
 Reference value :  1.36323e-07
 Reference value :  1.40323e-07
 Reference value :  1.44323e-07
 Reference value :  1.48323e-07
 Reference value :  1.52423e-07
 Reference value :  1.56423e-07
 Reference value :  1.60523e-07
 Reference value :  1.64523e-07
 Reference value :  1.68523e-07
 Reference value :  1.72523e-07
 Reference value :  1.76623e-07
 Reference value :  1.80623e-07
 Reference value :  1.84623e-07
 Reference value :  1.88623e-07
 Reference value :  1.92623e-07
 Reference value :  1.96623e-07
 Reference value :  2.00523e-07
 Reference value :  2.04523e-07
 Reference value :  2.08523e-07
 Reference value :  2.12523e-07
 Reference value :  2.16523e-07
 Reference value :  2.20523e-07
 Reference value :  2.24523e-07
 Reference value :  2.28623e-07
 Reference value :  2.32723e-07
 Reference value :  2.36723e-07
 Reference value :  2.40723e-07
 Reference value :  2.44623e-07
 Reference value :  2.48623e-07
 Reference value :  2.52723e-07
 Reference value :  2.56823e-07
 Reference value :  2.60823e-07
 Reference value :  2.64823e-07
 Reference value :  2.68923e-07
 Reference value :  2.72923e-07
 Reference value :  2.76923e-07
 Reference value :  2.81023e-07
 Reference value :  2.85023e-07
 Reference value :  2.89023e-07
 Reference value :  2.93023e-07
 Reference value :  2.97023e-07
 Reference value :  3.01023e-07
 Reference value :  3.04923e-07
 Reference value :  3.08923e-07
 Reference value :  3.12923e-07
 Reference value :  3.16923e-07
 Reference value :  3.20911e-07
 Reference value :  3.21941e-07
 Reference value :  3.23239e-07
 Reference value :  3.24300e-07
 Reference value :  3.24944e-07
 Reference value :  3.26728e-07
 Reference value :  3.32528e-07
 Reference value :  3.38328e-07
 Reference value :  3.44128e-07
 Reference value :  3.49928e-07
 Reference value :  3.55728e-07
 Reference value :  3.61628e-07
 Reference value :  3.67428e-07
 Reference value :  3.73228e-07
 Reference value :  3.79028e-07
 Reference value :  3.84828e-07
 Reference value :  3.90728e-07
 Reference value :  3.96428e-07
 Reference value :  4.02128e-07
 Reference value :  4.07928e-07
 Reference value :  4.13728e-07
 Reference value :  4.19628e-07
 Reference value :  4.25428e-07
 Reference value :  4.31228e-07
 Reference value :  4.37128e-07
 Reference value :  4.43028e-07
 Reference value :  4.48828e-07
 Reference value :  4.54528e-07
 Reference value :  4.60428e-07
 Reference value :  4.66228e-07
 Reference value :  4.72128e-07
 Reference value :  4.77928e-07
 Reference value :  4.83728e-07
 Reference value :  4.89528e-07
 Reference value :  4.95328e-07
 Reference value :  5.01128e-07
 Reference value :  5.06928e-07
 Reference value :  5.12828e-07
 Reference value :  5.18728e-07
 Reference value :  5.24628e-07
 Reference value :  5.30528e-07
 Reference value :  5.36328e-07
 Reference value :  5.42128e-07
 Reference value :  5.47828e-07
 Reference value :  5.53628e-07
 Reference value :  5.59428e-07
 Reference value :  5.65328e-07
 Reference value :  5.71228e-07
 Reference value :  5.77028e-07
 Reference value :  5.82828e-07
 Reference value :  5.88728e-07
 Reference value :  5.94628e-07
 Reference value :  6.00528e-07
 Reference value :  6.06328e-07
 Reference value :  6.12228e-07
 Reference value :  6.18128e-07
 Reference value :  6.24028e-07
 Reference value :  6.29928e-07
 Reference value :  6.35828e-07
 Reference value :  6.41728e-07
 Reference value :  6.47528e-07
 Reference value :  6.53428e-07
 Reference value :  6.59328e-07
 Reference value :  6.65128e-07
 Reference value :  6.71028e-07
 Reference value :  6.76828e-07
 Reference value :  6.82628e-07
 Reference value :  6.88428e-07
 Reference value :  6.93728e-07
 Reference value :  6.99628e-07
No. of Data Rows : 7205
trise10_90          =  3.59631e-09 targ=  2.89559e-08 trig=  2.53596e-08
tfall10_90          =  3.52181e-09 targ=  3.28887e-07 trig=  3.25365e-07
tpdlh               =  6.30265e-09 targ=  2.68026e-08 trig=  2.05000e-08
tpdhl               =  5.45220e-09 targ=  3.26952e-07 trig=  3.21500e-07
m_trise_s = 3.5963080000e-09
m_tfall_s = 3.5218130000e-09
m_tpdlh_s = 6.3026480000e-09
m_tpdhl_s = 5.4521990000e-09
m_ipeak_source_a = 1.4296211929e+00
m_ipeak_sink_a = 1.2854906519e+00
m_vout_max_v = 5.0037115369e+00
m_vout_min_v = -2.418256997e-03
m_vin_max_v = 3.3000000000e+00
m_vin_min_v = 0.0000000000e+00
m_indrv_max_v = 5.0096416056e+00
m_indrv_min_v = -3.063394082e-03
m_n1_max_v = 5.0059365333e+00
m_n1_min_v = -3.764644300e-03
m_n2_max_v = 5.0109677157e+00
m_n2_min_v = -6.704180109e-03
m_n3_max_v = 5.0082436806e+00
m_n3_min_v = -7.577355382e-03
m_n4_max_v = 5.0152660412e+00
m_n4_min_v = -1.076461160e-02
m_n5_max_v = 5.0267652170e+00
m_n5_min_v = -1.159415784e-02
Note: Simulation executed from .control section 

Note: vimeas: has no value, DC 0 assumed
