
Note: No compatibility mode selected!


Circuit: * gate-driver-core-drive-postlayout @ tt_125c_vlogic3p30v-vdrv6p00v -- generated by sim/harness, do not edit

Doing analysis at TEMP = 125.000000 and TNOM = 27.000000

Using SPARSE 1.3 as Direct Linear Solver

Initial Transient Solution
--------------------------

Node                                   Voltage
----                                   -------
x1_inb__t1                                 3.3
in__t1                                       0
gnd_drv_gnd_logic__t299            1.10608e-08
gnd_logic                                    0
x2_n3__t1                                    6
x2_n2__t2                          8.14974e-09
gnd_drv_gnd_logic__t302            1.38132e-09
gnd_drv                            1.74369e-11
gnd_drv_gnd_logic__t407            8.73619e-11
x2_n5__t131                                  6
out__t174                          7.90833e-09
out__t61                           7.90824e-09
x2_n5__t121                                  6
gnd_drv_gnd_logic__t547            8.80442e-11
gnd_drv_gnd_logic__t402            8.87259e-11
x2_n5__t120                                  6
out__t169                           7.9081e-09
out__t49                           7.90793e-09
x2_n5__t93                                   6
gnd_drv_gnd_logic__t535            8.94071e-11
gnd_drv_gnd_logic__t386            9.00879e-11
x2_n5__t92                                   6
out__t153                          7.90773e-09
out__t60                           7.90749e-09
x2_n5__t119                                  6
gnd_drv_gnd_logic__t546             9.0771e-11
gnd_drv_gnd_logic__t387            9.14509e-11
x2_n5__t94                                   6
out__t154                          7.90723e-09
out__t62                           7.90694e-09
x2_n5__t122                                  6
gnd_drv_gnd_logic__t548            9.21304e-11
gnd_drv_gnd_logic__t408            9.28123e-11
x2_n5__t132                                  6
out__t175                          7.90664e-09
out__t67                           7.90632e-09
x2_n5__t133                                  6
gnd_drv_gnd_logic__t553            9.34912e-11
x2_n4__t185                        7.31153e-09
x2_n3__t5                                    6
gnd_drv_gnd_logic__t306            7.88613e-11
gnd_drv_gnd_logic__t409            9.41697e-11
x2_n5__t134                                  6
out__t176                          7.90598e-09
out__t68                           7.90563e-09
x2_n5__t135                                  6
gnd_drv_gnd_logic__t554            9.48507e-11
gnd_drv_gnd_logic__t410            9.55314e-11
x2_n5__t136                                  6
out__t177                          7.90527e-09
out__t69                            7.9049e-09
x2_n5__t137                                  6
gnd_drv_gnd_logic__t555            9.62091e-11
gnd_drv_gnd_logic__t411            9.68892e-11
x2_n5__t138                                  6
out__t178                          7.90453e-09
out__t70                           7.90414e-09
x2_n5__t139                                  6
gnd_drv_gnd_logic__t556            9.75691e-11
gnd_drv_gnd_logic__t416            9.82461e-11
x2_n5__t149                                  6
out__t183                          7.90375e-09
out__t72                           7.90336e-09
x2_n5__t141                                  6
gnd_drv_gnd_logic__t558            9.89255e-11
gnd_drv_gnd_logic__t412            9.96046e-11
x2_n5__t142                                  6
out__t179                          7.90296e-09
out__t73                           7.90256e-09
x2_n5__t143                                  6
gnd_drv_gnd_logic__t559            1.00284e-10
gnd_drv_gnd_logic__t508            7.84535e-11
x2_n3__t6                                    6
x2_n4__t184                          7.332e-09
gnd_drv_gnd_logic__t413            1.00962e-10
x2_n5__t144                                  6
out__t180                          7.90215e-09
out__t74                           7.90174e-09
x2_n5__t145                                  6
gnd_drv_gnd_logic__t560            1.01641e-10
gnd_drv_gnd_logic__t414            1.02319e-10
x2_n5__t146                                  6
out__t181                          7.90133e-09
out__t75                           7.90091e-09
x2_n5__t147                                  6
gnd_drv_gnd_logic__t561            1.02997e-10
gnd_drv_gnd_logic__t415            1.03675e-10
x2_n5__t148                                  6
out__t182                          7.90049e-09
out__t71                           7.90007e-09
x2_n5__t140                                  6
gnd_drv_gnd_logic__t557            1.04353e-10
gnd_drv_gnd_logic__t399             1.0503e-10
x2_n5__t114                                  6
out__t166                          7.89965e-09
out__t58                           7.89923e-09
x2_n5__t115                                  6
gnd_drv_gnd_logic__t544            1.05707e-10
gnd_drv_gnd_logic__t400            1.06387e-10
x2_n5__t116                                  6
out__t167                           7.8988e-09
out__t59                           7.89838e-09
x2_n5__t117                                  6
gnd_drv_gnd_logic__t545            1.07064e-10
x2_n4__t183                        7.35254e-09
x2_n3__t18                                   6
gnd_drv_gnd_logic__t507            7.80429e-11
gnd_drv_gnd_logic__t401             1.0774e-10
x2_n5__t118                                  6
out__t168                          7.89795e-09
out__t36                           7.89752e-09
x2_n5__t70                                   6
gnd_drv_gnd_logic__t498            1.08417e-10
gnd_drv_gnd_logic__t426            1.09096e-10
x2_n5__t164                                  6
out__t192                           7.8971e-09
out__t44                           7.89666e-09
x2_n5__t85                                   6
gnd_drv_gnd_logic__t530            1.09772e-10
gnd_drv_gnd_logic__t308            1.10447e-10
x2_n5__t1                                    6
out__t0                            7.89624e-09
out__t108                          7.87924e-09
x2_n5__t216                                  6
gnd_drv_gnd_logic__t594            3.75635e-11
gnd_drv_gnd_logic__t451            3.81483e-11
x2_n5__t215                                  6
out__t217                          7.87969e-09
out__t107                          7.88014e-09
x2_n5__t213                                  6
gnd_drv_gnd_logic__t593            3.87415e-11
gnd_drv_gnd_logic__t449            3.93373e-11
x2_n5__t212                                  6
out__t215                          7.88059e-09
out__t106                          7.88104e-09
x2_n5__t211                                  6
gnd_drv_gnd_logic__t592            3.99415e-11
gnd_drv_gnd_logic__t358             7.7632e-11
x2_n3__t14                                   6
x2_n4__t189                        7.37312e-09
gnd_drv_gnd_logic__t448            4.05512e-11
x2_n5__t210                                  6
out__t214                          7.88148e-09
out__t105                          7.88193e-09
x2_n5__t209                                  6
gnd_drv_gnd_logic__t591            4.11637e-11
gnd_drv_gnd_logic__t450            4.17817e-11
x2_n5__t214                                  6
out__t216                          7.88238e-09
out__t103                          7.88283e-09
x2_n5__t207                                  6
gnd_drv_gnd_logic__t589            4.24052e-11
gnd_drv_gnd_logic__t447            4.30315e-11
x2_n5__t206                                  6
out__t213                          7.88328e-09
out__t102                          7.88373e-09
x2_n5__t205                                  6
gnd_drv_gnd_logic__t588            4.36633e-11
gnd_drv_gnd_logic__t446            4.42951e-11
x2_n5__t204                                  6
out__t212                          7.88418e-09
out__t79                           7.88462e-09
x2_n5__t158                                  6
gnd_drv_gnd_logic__t565            4.49324e-11
gnd_drv_gnd_logic__t427            4.55724e-11
x2_n5__t165                                  6
out__t193                          7.88507e-09
out__t81                           7.88552e-09
x2_n5__t163                                  6
gnd_drv_gnd_logic__t567            4.62152e-11
x2_n4__t179                        7.39375e-09
x2_n3__t13                                   6
gnd_drv_gnd_logic__t501            7.72181e-11
gnd_drv_gnd_logic__t425            4.68607e-11
x2_n5__t162                                  6
out__t191                          7.88597e-09
out__t95                           7.88641e-09
x2_n5__t190                                  6
gnd_drv_gnd_logic__t581            4.75062e-11
gnd_drv_gnd_logic__t441            4.81572e-11
x2_n5__t194                                  6
out__t207                          7.88686e-09
out__t109                          7.88731e-09
x2_n5__t219                                  6
gnd_drv_gnd_logic__t595            4.88081e-11
gnd_drv_gnd_logic__t453            4.94618e-11
x2_n5__t218                                  6
out__t219                          7.88775e-09
out__t104                           7.8882e-09
x2_n5__t208                                  6
gnd_drv_gnd_logic__t590            5.01155e-11
gnd_drv_gnd_logic__t438            5.07747e-11
x2_n5__t189                                  6
out__t204                          7.88865e-09
out__t94                           7.88909e-09
x2_n5__t188                                  6
gnd_drv_gnd_logic__t580            5.14338e-11
gnd_drv_gnd_logic__t437            5.20929e-11
x2_n5__t187                                  6
out__t203                          7.88954e-09
out__t93                           7.88998e-09
x2_n5__t186                                  6
gnd_drv_gnd_logic__t579            5.27548e-11
gnd_drv_gnd_logic__t357            7.68037e-11
x2_n3__t12                                   6
x2_n4__t188                        7.41443e-09
gnd_drv_gnd_logic__t396            5.34166e-11
x2_n5__t109                                  6
out__t163                          7.89043e-09
out__t96                           7.89087e-09
x2_n5__t192                                  6
gnd_drv_gnd_logic__t582            5.40811e-11
gnd_drv_gnd_logic__t439            5.47484e-11
x2_n5__t191                                  6
out__t205                          7.89131e-09
out__t55                           7.89176e-09
x2_n5__t108                                  6
gnd_drv_gnd_logic__t541            5.54129e-11
gnd_drv_gnd_logic__t395            5.60828e-11
x2_n5__t107                                  6
out__t162                           7.8922e-09
out__t54                           7.89264e-09
x2_n5__t106                                  6
gnd_drv_gnd_logic__t540              5.675e-11
gnd_drv_gnd_logic__t394            5.74198e-11
x2_n5__t105                                  6
out__t161                          7.89308e-09
out__t57                           7.89352e-09
x2_n5__t113                                  6
gnd_drv_gnd_logic__t543            5.80897e-11
gnd_drv_gnd_logic__t392            5.87622e-11
x2_n5__t103                                  6
out__t159                          7.89396e-09
out__t53                            7.8944e-09
x2_n5__t102                                  6
gnd_drv_gnd_logic__t539            5.94348e-11
x2_n4__t178                        7.43513e-09
x2_n3__t11                                   6
gnd_drv_gnd_logic__t500            7.63889e-11
gnd_drv_gnd_logic__t424            6.01072e-11
x2_n5__t161                                  6
out__t190                          7.89484e-09
out__t52                           7.89528e-09
x2_n5__t100                                  6
gnd_drv_gnd_logic__t538            6.07824e-11
gnd_drv_gnd_logic__t390            6.14576e-11
x2_n5__t99                                   6
out__t157                          7.89572e-09
out__t51                           7.89616e-09
x2_n5__t98                                   6
gnd_drv_gnd_logic__t537            6.21327e-11
gnd_drv_gnd_logic__t389            6.28078e-11
x2_n5__t97                                   6
out__t156                          7.89659e-09
out__t50                           7.89703e-09
x2_n5__t96                                   6
gnd_drv_gnd_logic__t536            6.34828e-11
gnd_drv_gnd_logic__t384            6.41605e-11
x2_n5__t86                                   6
out__t151                          7.89746e-09
out__t100                           7.8979e-09
x2_n5__t202                                  6
gnd_drv_gnd_logic__t586            6.48382e-11
gnd_drv_gnd_logic__t445            6.55159e-11
x2_n5__t201                                  6
out__t211                          7.89833e-09
out__t99                           7.89876e-09
x2_n5__t200                                  6
gnd_drv_gnd_logic__t585            6.61962e-11
gnd_drv_gnd_logic__t356            7.59709e-11
x2_n3__t10                                   6
x2_n4__t187                        7.45586e-09
gnd_drv_gnd_logic__t444            6.68738e-11
x2_n5__t199                                  6
out__t210                          7.89919e-09
out__t98                           7.89962e-09
x2_n5__t198                                  6
gnd_drv_gnd_logic__t584             6.7554e-11
gnd_drv_gnd_logic__t443            6.82342e-11
x2_n5__t197                                  6
out__t209                          7.90004e-09
out__t97                           7.90046e-09
x2_n5__t196                                  6
gnd_drv_gnd_logic__t583            6.89143e-11
gnd_drv_gnd_logic__t442            6.95944e-11
x2_n5__t195                                  6
out__t208                          7.90089e-09
out__t101                           7.9013e-09
x2_n5__t203                                  6
gnd_drv_gnd_logic__t587            7.02772e-11
gnd_drv_gnd_logic__t440            7.09572e-11
x2_n5__t193                                  6
out__t206                          7.90172e-09
out__t47                           7.90213e-09
x2_n5__t90                                   6
gnd_drv_gnd_logic__t533            7.16398e-11
gnd_drv_gnd_logic__t382            7.23224e-11
x2_n5__t80                                   6
out__t149                          7.90254e-09
out__t46                           7.90295e-09
x2_n5__t88                                   6
gnd_drv_gnd_logic__t532            7.30049e-11
x2_n4__t177                        7.47661e-09
x2_n3__t9                                    6
gnd_drv_gnd_logic__t499            7.55497e-11
gnd_drv_gnd_logic__t344            4.18509e-11
x2_n5__t67                                   6
out__t142                          7.85467e-09
out__t33                           7.85512e-09
x2_n5__t64                                   6
gnd_drv_gnd_logic__t487            4.12378e-11
gnd_drv_gnd_logic__t343            4.06273e-11
x2_n5__t66                                   6
out__t141                          7.85556e-09
out__t34                             7.856e-09
x2_n5__t65                                   6
gnd_drv_gnd_logic__t488            4.00222e-11
gnd_drv_gnd_logic__t428            3.94224e-11
x2_n5__t167                                  6
out__t194                          7.85644e-09
out__t39                           7.85688e-09
x2_n5__t76                                   6
gnd_drv_gnd_logic__t516            3.88253e-11
gnd_drv_gnd_logic__t338            3.82363e-11
x2_n5__t51                                   6
out__t136                          7.85733e-09
out__t24                           7.85777e-09
x2_n5__t50                                   6
gnd_drv_gnd_logic__t477            3.76555e-11
gnd_drv_gnd_logic__t337            3.70801e-11
x2_n5__t49                                   6
out__t135                          7.85821e-09
out__t23                           7.85866e-09
x2_n5__t48                                   6
gnd_drv_gnd_logic__t476            3.65128e-11
x1_na__t0                              2.43092
in__t2                                       0
gnd_drv_gnd_logic__t300            2.49369e-08
gnd_drv_gnd_logic__t355            7.51305e-11
x2_n3__t8                                    6
x2_n4__t186                        7.49737e-09
gnd_drv_gnd_logic__t391            3.59537e-11
x2_n5__t101                                  6
out__t158                           7.8591e-09
out__t22                           7.85954e-09
x2_n5__t47                                   6
gnd_drv_gnd_logic__t475            3.54056e-11
gnd_drv_gnd_logic__t336            3.48656e-11
x2_n5__t46                                   6
out__t134                          7.85999e-09
out__t21                           7.86043e-09
x2_n5__t45                                   6
gnd_drv_gnd_logic__t474            3.43394e-11
gnd_drv_gnd_logic__t335            3.38241e-11
x2_n5__t44                                   6
out__t133                          7.86087e-09
out__t25                           7.86132e-09
x2_n5__t52                                   6
gnd_drv_gnd_logic__t478            3.33227e-11
gnd_drv_gnd_logic__t333            3.28377e-11
x2_n5__t42                                   6
out__t131                          7.86176e-09
out__t20                           7.86221e-09
x2_n5__t41                                   6
gnd_drv_gnd_logic__t473            3.23693e-11
gnd_drv_gnd_logic__t332            3.19174e-11
x2_n5__t40                                   6
out__t130                          7.86265e-09
out__t19                            7.8631e-09
x2_n5__t39                                   6
gnd_drv_gnd_logic__t472            3.14877e-11
x2_n4__t182                        7.51813e-09
x2_n3__t17                                   6
gnd_drv_gnd_logic__t503            7.47079e-11
gnd_drv_gnd_logic__t331            3.10773e-11
x2_n5__t38                                   6
out__t129                          7.86354e-09
out__t18                           7.86399e-09
x2_n5__t37                                   6
gnd_drv_gnd_logic__t471            3.06947e-11
gnd_drv_gnd_logic__t330            3.03341e-11
x2_n5__t36                                   6
out__t128                          7.86443e-09
out__t31                           7.86488e-09
x2_n5__t61                                   6
gnd_drv_gnd_logic__t484            3.00041e-11
gnd_drv_gnd_logic__t345            2.97046e-11
x2_n5__t68                                   6
out__t143                          7.86532e-09
out__t82                           7.86577e-09
x2_n5__t166                                  6
gnd_drv_gnd_logic__t568            2.94384e-11
gnd_drv_gnd_logic__t421            2.92083e-11
x2_n5__t157                                  6
out__t188                          7.86622e-09
out__t83                           7.86666e-09
x2_n5__t168                                  6
gnd_drv_gnd_logic__t569            2.90171e-11
gnd_drv_gnd_logic__t420             2.8862e-11
x2_n5__t156                                  6
out__t187                          7.86711e-09
out__t78                           7.86756e-09
x2_n5__t155                                  6
gnd_drv_gnd_logic__t564            2.87514e-11
gnd_drv_gnd_logic__t360            7.42819e-11
x2_n3__t16                                   6
x2_n4__t190                        7.53886e-09
gnd_drv_gnd_logic__t419            2.86797e-11
x2_n5__t154                                  6
out__t186                          7.86801e-09
out__t77                           7.86845e-09
x2_n5__t153                                  6
gnd_drv_gnd_logic__t563            2.86553e-11
gnd_drv_gnd_logic__t418            2.86699e-11
x2_n5__t152                                  6
out__t185                           7.8689e-09
out__t76                           7.86935e-09
x2_n5__t151                                  6
gnd_drv_gnd_logic__t562            2.87317e-11
gnd_drv_gnd_logic__t417            2.88353e-11
x2_n5__t150                                  6
out__t184                           7.8698e-09
out__t87                           7.87025e-09
x2_n5__t175                                  6
gnd_drv_gnd_logic__t573            2.89779e-11
gnd_drv_gnd_logic__t436            2.91622e-11
x2_n5__t184                                  6
out__t202                           7.8707e-09
out__t91                           7.87115e-09
x2_n5__t183                                  6
gnd_drv_gnd_logic__t577            2.93854e-11
gnd_drv_gnd_logic__t435            2.96448e-11
x2_n5__t182                                  6
out__t201                          7.87159e-09
out__t90                           7.87204e-09
x2_n5__t181                                  6
gnd_drv_gnd_logic__t576            2.99377e-11
x2_n4__t180                        7.55957e-09
x2_n3__t15                                   6
gnd_drv_gnd_logic__t502             7.3855e-11
gnd_drv_gnd_logic__t434            3.02611e-11
x2_n5__t180                                  6
out__t200                          7.87249e-09
out__t89                           7.87294e-09
x2_n5__t179                                  6
gnd_drv_gnd_logic__t575            3.06152e-11
gnd_drv_gnd_logic__t433            3.09971e-11
x2_n5__t178                                  6
out__t199                          7.87339e-09
out__t88                           7.87384e-09
x2_n5__t177                                  6
gnd_drv_gnd_logic__t574            3.14013e-11
gnd_drv_gnd_logic__t432            3.18277e-11
x2_n5__t176                                  6
out__t198                          7.87429e-09
out__t92                           7.87474e-09
x2_n5__t185                                  6
gnd_drv_gnd_logic__t578            3.22763e-11
gnd_drv_gnd_logic__t431            3.27445e-11
x2_n5__t174                                  6
out__t197                          7.87519e-09
out__t86                           7.87564e-09
x2_n5__t173                                  6
gnd_drv_gnd_logic__t572            3.32293e-11
gnd_drv_gnd_logic__t430             3.3728e-11
x2_n5__t172                                  6
out__t196                          7.87609e-09
out__t85                           7.87654e-09
x2_n5__t171                                  6
gnd_drv_gnd_logic__t571            3.42434e-11
gnd_drv_gnd_logic__t307            7.34271e-11
x2_n3__t7                                    6
x2_n4__t181                        7.58024e-09
gnd_drv_gnd_logic__t429            3.47699e-11
x2_n5__t170                                  6
out__t195                          7.87699e-09
out__t84                           7.87744e-09
x2_n5__t169                                  6
gnd_drv_gnd_logic__t570            3.53103e-11
gnd_drv_gnd_logic__t388            3.58591e-11
x2_n5__t95                                   6
out__t155                          7.87789e-09
out__t45                           7.87834e-09
x2_n5__t87                                   6
gnd_drv_gnd_logic__t531            3.64189e-11
gnd_drv_gnd_logic__t452            3.69871e-11
x2_n5__t217                                  6
out__t218                          7.87879e-09
out__t110                          7.83055e-09
x2_n5__t220                                  6
gnd_drv_gnd_logic__t309            7.80584e-11
gnd_drv_gnd_logic__t328            7.73865e-11
x2_n5__t34                                   6
out__t126                          7.83098e-09
out__t14                           7.83142e-09
x2_n5__t26                                   6
gnd_drv_gnd_logic__t467            7.67145e-11
gnd_drv_gnd_logic__t326            7.60422e-11
x2_n5__t32                                   6
out__t124                          7.83185e-09
out__t17                           7.83229e-09
x2_n5__t31                                   6
gnd_drv_gnd_logic__t470            7.53725e-11
x2_n5__t747                                  6
x2_n4__t54                         8.29203e-09
gnd_drv_gnd_logic__t310            3.32592e-10
gnd_drv_gnd_logic__t325            7.46999e-11
x2_n5__t30                                   6
out__t123                          7.83272e-09
out__t16                           7.83316e-09
x2_n5__t29                                   6
gnd_drv_gnd_logic__t469            7.40298e-11
gnd_drv_gnd_logic__t324            7.33595e-11
x2_n5__t28                                   6
out__t122                           7.8336e-09
out__t15                           7.83403e-09
x2_n5__t27                                   6
gnd_drv_gnd_logic__t468             7.2689e-11
gnd_drv_gnd_logic__t329            7.20184e-11
x2_n5__t35                                   6
out__t127                          7.83447e-09
out__t13                           7.83491e-09
x2_n5__t25                                   6
gnd_drv_gnd_logic__t466            7.13475e-11
gnd_drv_gnd_logic__t323            7.06765e-11
x2_n5__t24                                   6
out__t121                          7.83534e-09
out__t12                           7.83578e-09
x2_n5__t23                                   6
gnd_drv_gnd_logic__t465            7.00052e-11
gnd_drv_gnd_logic__t322            6.93365e-11
x2_n5__t22                                   6
out__t120                          7.83621e-09
out__t11                           7.83665e-09
x2_n5__t21                                   6
gnd_drv_gnd_logic__t464            6.86677e-11
gnd_drv_gnd_logic__t379            3.29015e-10
x2_n4__t51                         8.29203e-09
x2_n5__t772                                  6
gnd_drv_gnd_logic__t321            6.79959e-11
x2_n5__t20                                   6
out__t119                          7.83709e-09
out__t10                           7.83753e-09
x2_n5__t19                                   6
gnd_drv_gnd_logic__t463            6.73293e-11
gnd_drv_gnd_logic__t320            6.66599e-11
x2_n5__t18                                   6
out__t118                          7.83796e-09
out__t27                            7.8384e-09
x2_n5__t54                                   6
gnd_drv_gnd_logic__t480            6.59902e-11
gnd_drv_gnd_logic__t370            6.53232e-11
x2_n5__t77                                   6
out__t147                          7.83884e-09
out__t35                           7.83928e-09
x2_n5__t69                                   6
gnd_drv_gnd_logic__t493            6.46531e-11
gnd_drv_gnd_logic__t369            6.39857e-11
x2_n5__t75                                   6
out__t146                          7.83971e-09
out__t38                           7.84015e-09
x2_n5__t74                                   6
gnd_drv_gnd_logic__t515            6.33208e-11
gnd_drv_gnd_logic__t368            6.26529e-11
x2_n5__t73                                   6
out__t145                          7.84059e-09
out__t37                           7.84103e-09
x2_n5__t72                                   6
gnd_drv_gnd_logic__t514            6.19876e-11
x2_n5__t746                                  6
x2_n4__t50                         8.29203e-09
gnd_drv_gnd_logic__t525            3.25423e-10
gnd_drv_gnd_logic__t367            6.13221e-11
x2_n5__t71                                   6
out__t144                          7.84147e-09
out__t32                            7.8419e-09
x2_n5__t63                                   6
gnd_drv_gnd_logic__t486            6.06565e-11
gnd_drv_gnd_logic__t342            5.99906e-11
x2_n5__t62                                   6
out__t140                          7.84235e-09
out__t2                            7.84278e-09
x2_n5__t3                                    6
gnd_drv_gnd_logic__t455            5.93273e-11
gnd_drv_gnd_logic__t319            5.86639e-11
x2_n5__t17                                   6
out__t117                          7.84322e-09
out__t1                            7.84366e-09
x2_n5__t2                                    6
gnd_drv_gnd_logic__t454            5.80002e-11
gnd_drv_gnd_logic__t341            5.73391e-11
x2_n5__t60                                   6
out__t139                           7.8441e-09
out__t30                           7.84454e-09
x2_n5__t59                                   6
gnd_drv_gnd_logic__t483            5.66778e-11
gnd_drv_gnd_logic__t340            5.60163e-11
x2_n5__t58                                   6
out__t138                          7.84498e-09
out__t29                           7.84542e-09
x2_n5__t57                                   6
gnd_drv_gnd_logic__t482            5.53574e-11
gnd_drv_gnd_logic__t378            3.21846e-10
x2_n4__t49                         8.29203e-09
x2_n5__t771                                  6
gnd_drv_gnd_logic__t339            5.46983e-11
x2_n5__t56                                   6
out__t137                          7.84586e-09
out__t28                            7.8463e-09
x2_n5__t55                                   6
gnd_drv_gnd_logic__t481             5.4039e-11
gnd_drv_gnd_logic__t334            5.33823e-11
x2_n5__t43                                   6
out__t132                          7.84674e-09
out__t26                           7.84718e-09
x2_n5__t53                                   6
gnd_drv_gnd_logic__t479            5.27282e-11
gnd_drv_gnd_logic__t327            5.20739e-11
x2_n5__t33                                   6
out__t125                          7.84762e-09
out__t9                            7.84806e-09
x2_n5__t16                                   6
gnd_drv_gnd_logic__t462            5.14194e-11
gnd_drv_gnd_logic__t318            5.07674e-11
x2_n5__t15                                   6
out__t116                           7.8485e-09
out__t8                            7.84894e-09
x2_n5__t14                                   6
gnd_drv_gnd_logic__t461            5.01181e-11
gnd_drv_gnd_logic__t317            4.94685e-11
x2_n5__t13                                   6
out__t115                          7.84938e-09
out__t7                            7.84982e-09
x2_n5__t12                                   6
gnd_drv_gnd_logic__t460            4.88216e-11
x2_n5__t745                                  6
x2_n4__t48                         8.29203e-09
gnd_drv_gnd_logic__t524            3.18255e-10
gnd_drv_gnd_logic__t316            4.81745e-11
x2_n5__t11                                   6
out__t114                          7.85026e-09
out__t6                             7.8507e-09
x2_n5__t10                                   6
gnd_drv_gnd_logic__t459            4.75327e-11
gnd_drv_gnd_logic__t315            4.68907e-11
x2_n5__t9                                    6
out__t113                          7.85114e-09
out__t5                            7.85158e-09
x2_n5__t8                                    6
gnd_drv_gnd_logic__t458            4.62513e-11
gnd_drv_gnd_logic__t314            4.56145e-11
x2_n5__t7                                    6
out__t112                          7.85202e-09
out__t4                            7.85246e-09
x2_n5__t6                                    6
gnd_drv_gnd_logic__t457            4.49803e-11
gnd_drv_gnd_logic__t313            4.43487e-11
x2_n5__t5                                    6
out__t111                           7.8529e-09
out__t3                            7.85335e-09
x2_n5__t4                                    6
gnd_drv_gnd_logic__t456            4.37197e-11
gnd_drv_gnd_logic__t422            4.30932e-11
x2_n5__t159                                  6
out__t189                          7.85379e-09
out__t80                           7.85423e-09
x2_n5__t160                                  6
gnd_drv_gnd_logic__t566            4.24721e-11
x1_nb__t1                          9.06591e-10
x1_inb__t2                                 3.3
gnd_drv_gnd_logic__t311            7.32667e-11
gnd_drv_gnd_logic__t377            3.14678e-10
x2_n4__t47                         8.29203e-09
x2_n5__t770                                  6
x2_n5__t744                                  6
x2_n4__t46                         8.29203e-09
gnd_drv_gnd_logic__t523            3.11086e-10
gnd_drv_gnd_logic__t376            3.07509e-10
x2_n4__t45                         8.29203e-09
x2_n5__t769                                  6
x2_n5__t743                                  6
x2_n4__t44                         8.29203e-09
gnd_drv_gnd_logic__t522            3.03932e-10
gnd_drv_gnd_logic__t380            3.00355e-10
x2_n4__t52                         8.29203e-09
x2_n5__t773                                  6
x2_n5__t741                                  6
x2_n4__t40                         8.29203e-09
gnd_drv_gnd_logic__t520            2.96764e-10
gnd_drv_gnd_logic__t362            2.93201e-10
x2_n4__t25                         8.29203e-09
x2_n5__t759                                  6
x2_n5__t738                                  6
x2_n4__t34                         8.29203e-09
gnd_drv_gnd_logic__t517            2.89624e-10
gnd_drv_gnd_logic__t366            2.86047e-10
x2_n4__t31                         8.29203e-09
x2_n5__t763                                  6
x2_n5__t735                                  6
x2_n4__t30                         8.29203e-09
gnd_drv_gnd_logic__t511             2.8247e-10
x1_nca__t2                             5.99999
vdd_logic__t3                              3.3
x1_na__t1                              2.43092
gnd_drv_gnd_logic__t363            2.78893e-10
x2_n4__t26                         8.29203e-09
x2_n5__t760                                  6
x2_n5__t742                                  6
x2_n4__t41                         8.29203e-09
gnd_drv_gnd_logic__t521             2.7533e-10
gnd_drv_gnd_logic__t373            2.71753e-10
x2_n4__t38                         8.29203e-09
x2_n5__t766                                  6
x2_n5__t737                                  6
x2_n4__t33                         8.29203e-09
gnd_drv_gnd_logic__t513            2.68191e-10
gnd_drv_gnd_logic__t365            2.64628e-10
x2_n4__t29                         8.29203e-09
x2_n5__t762                                  6
x2_n5__t740                                  6
x2_n4__t39                         8.29203e-09
gnd_drv_gnd_logic__t519            2.61065e-10
gnd_drv_gnd_logic__t364            2.57503e-10
x2_n4__t28                         8.29203e-09
x2_n5__t761                                  6
x2_n5__t734                                  6
x2_n4__t27                         8.29203e-09
gnd_drv_gnd_logic__t510             2.5394e-10
gnd_drv_gnd_logic__t374            2.50378e-10
x2_n4__t42                         8.29203e-09
x2_n5__t767                                  6
x2_n5__t733                                  6
x2_n4__t24                         8.29203e-09
gnd_drv_gnd_logic__t509            2.46829e-10
x1_ncb__t0                         5.09414e-09
vdd_logic__t2                              3.3
x1_nb__t0                          3.45077e-09
gnd_drv_gnd_logic__t375            2.43267e-10
x2_n4__t43                         8.29203e-09
x2_n5__t768                                  6
x2_n5__t721                                  6
x2_n4__t1                          8.29203e-09
gnd_drv_gnd_logic__t485            2.39719e-10
gnd_drv_gnd_logic__t346             2.3617e-10
x2_n4__t2                          8.29203e-09
x2_n5__t748                                  6
x2_n5__t730                                  6
x2_n4__t20                         8.29203e-09
gnd_drv_gnd_logic__t504            2.32622e-10
gnd_drv_gnd_logic__t349            2.29074e-10
x2_n4__t9                          8.29203e-09
x2_n5__t751                                  6
x2_n5__t725                                  6
x2_n4__t8                          8.29203e-09
gnd_drv_gnd_logic__t492             2.2554e-10
gnd_drv_gnd_logic__t372            2.21992e-10
x2_n4__t37                         8.29203e-09
x2_n5__t765                                  6
x2_n5__t739                                  6
x2_n4__t36                         8.29203e-09
gnd_drv_gnd_logic__t518            2.18458e-10
gnd_drv_gnd_logic__t371            2.14924e-10
x2_n4__t35                         8.29203e-09
x2_n5__t764                                  6
x2_n5__t736                                  6
x2_n4__t32                         8.29203e-09
gnd_drv_gnd_logic__t512            2.11405e-10
x1_nbuf1__t3                                 6
x1_ncb__t3                         6.73155e-09
gnd_drv_gnd_logic__t305             5.0302e-10
gnd_drv_gnd_logic__t353            2.07871e-10
x2_n4__t17                         8.29203e-09
x2_n5__t755                                  6
x2_n5__t729                                  6
x2_n4__t16                         8.29203e-09
gnd_drv_gnd_logic__t497            2.04352e-10
gnd_drv_gnd_logic__t352            2.00833e-10
x2_n4__t15                         8.29203e-09
x2_n5__t754                                  6
x2_n5__t728                                  6
x2_n4__t14                         8.29203e-09
gnd_drv_gnd_logic__t496            1.97313e-10
gnd_drv_gnd_logic__t351            1.93808e-10
x2_n4__t13                         8.29203e-09
x2_n5__t753                                  6
x2_n5__t727                                  6
x2_n4__t12                         8.29203e-09
gnd_drv_gnd_logic__t495            1.90303e-10
gnd_drv_gnd_logic__t350            1.86798e-10
x2_n4__t11                         8.29203e-09
x2_n5__t752                                  6
x2_n5__t726                                  6
x2_n4__t10                         8.29203e-09
gnd_drv_gnd_logic__t494            1.83308e-10
gnd_drv_gnd_logic__t354            1.79817e-10
x2_n4__t18                         8.29203e-09
x2_n5__t756                                  6
x2_n5__t724                                  6
x2_n4__t7                          8.29203e-09
gnd_drv_gnd_logic__t491            1.76341e-10
in_drv__t3                          3.1372e-09
x1_nbuf1__t1                                 6
gnd_drv_gnd_logic__t303            1.11638e-10
gnd_drv_gnd_logic__t348            1.72865e-10
x2_n4__t6                          8.29203e-09
x2_n5__t750                                  6
x2_n5__t723                                  6
x2_n4__t5                          8.29203e-09
gnd_drv_gnd_logic__t490            1.69389e-10
gnd_drv_gnd_logic__t347            1.65928e-10
x2_n4__t4                          8.29203e-09
x2_n5__t749                                  6
x2_n5__t722                                  6
x2_n4__t3                          8.29203e-09
gnd_drv_gnd_logic__t489             1.6248e-10
gnd_drv_gnd_logic__t359            1.59033e-10
x2_n4__t19                         8.29203e-09
x2_n5__t757                                  6
x2_n5__t732                                  6
x2_n4__t23                         8.29203e-09
gnd_drv_gnd_logic__t506            1.55586e-10
gnd_drv_gnd_logic__t361            1.52167e-10
x2_n4__t22                         8.29203e-09
x2_n5__t758                                  6
x2_n5__t731                                  6
x2_n4__t21                         8.29203e-09
gnd_drv_gnd_logic__t505            1.48749e-10
gnd_drv_gnd_logic__t423            1.45345e-10
x2_n4__t53                         8.29203e-09
x2_n5__t774                                  6
x2_n5__t0                                    6
x2_n4__t0                          8.29203e-09
gnd_drv_gnd_logic__t312            1.41941e-10
x2_n1__t3                                    6
in_drv__t1                         3.67486e-09
gnd_drv_gnd_logic__t304            1.92721e-10
gnd_drv_gnd_logic__t385            7.36873e-11
x2_n5__t89                                   6
out__t152                          7.90335e-09
out__t42                           7.90375e-09
x2_n5__t82                                   6
gnd_drv_gnd_logic__t528            7.43697e-11
gnd_drv_gnd_logic__t383            7.50519e-11
x2_n5__t84                                   6
out__t150                          7.90414e-09
out__t43                           7.90453e-09
x2_n5__t83                                   6
gnd_drv_gnd_logic__t529            7.57368e-11
gnd_drv_gnd_logic__t381            7.64189e-11
x2_n5__t79                                   6
out__t148                           7.9049e-09
out__t40                           7.90527e-09
x2_n5__t78                                   6
gnd_drv_gnd_logic__t526            7.71036e-11
gnd_drv_gnd_logic__t393            7.77882e-11
x2_n5__t104                                  6
out__t160                          7.90564e-09
out__t56                           7.90599e-09
x2_n5__t111                                  6
gnd_drv_gnd_logic__t542            7.84726e-11
gnd_drv_gnd_logic__t397            7.91569e-11
x2_n5__t110                                  6
out__t164                          7.90632e-09
out__t41                           7.90665e-09
x2_n5__t81                                   6
gnd_drv_gnd_logic__t527             7.9841e-11
x2_n2__t0                          6.46021e-09
x2_n1__t0                                    6
gnd_drv_gnd_logic__t301            1.03606e-10
gnd_drv_gnd_logic__t398            8.05249e-11
x2_n5__t112                                  6
out__t165                          7.90695e-09
out__t48                           7.90724e-09
x2_n5__t91                                   6
gnd_drv_gnd_logic__t534            8.12086e-11
gnd_drv_gnd_logic__t406            8.18947e-11
x2_n5__t130                                  6
out__t173                           7.9075e-09
out__t66                           7.90773e-09
x2_n5__t129                                  6
gnd_drv_gnd_logic__t552            8.25778e-11
gnd_drv_gnd_logic__t405            8.32606e-11
x2_n5__t128                                  6
out__t172                          7.90794e-09
out__t65                           7.90811e-09
x2_n5__t127                                  6
gnd_drv_gnd_logic__t551            8.39458e-11
gnd_drv_gnd_logic__t404            8.46305e-11
x2_n5__t126                                  6
out__t171                          7.90824e-09
out__t64                           7.90833e-09
x2_n5__t125                                  6
gnd_drv_gnd_logic__t550            8.53121e-11
gnd_drv_gnd_logic__t403            8.59959e-11
x2_n5__t124                                  6
out__t170                          7.90837e-09
out__t63                           7.90837e-09
x2_n5__t123                                  6
gnd_drv_gnd_logic__t549            8.66791e-11
x1_inb__t0                                 3.3
in__t0                                       0
vdd_logic__t0                              3.3
vdd_logic                                  3.3
x1_nca__t0                             5.99999
x1_ncb__t1                         6.73155e-09
vdd_drv__t0                                  6
vdd_drv                                      6
x1_ncb__t4                          6.7983e-09
x1_nca__t1                             5.99999
vdd_drv__t671                                6
x1_nbuf1__t2                                 6
x1_ncb__t2                         6.73155e-09
vdd_drv__t6                                  6
in_drv__t2                         6.79882e-09
x1_nbuf1__t0                                 6
vdd_drv__t8                                  6
x2_n1__t2                                    6
in_drv__t0                         3.67486e-09
vdd_drv__t10                                 6
x2_n2__t3                          1.07364e-08
x2_n1__t1                                    6
vdd_drv__t12                                 6
x2_n3__t0                                    6
x2_n2__t1                          8.14974e-09
vdd_drv__t2                                  6
x2_n4__t207                         8.8353e-09
x2_n3__t2                                    6
vdd_drv__t4                                  6
vdd_drv__t1214                               6
x2_n3__t3                                    6
x2_n4__t206                        8.82709e-09
x2_n4__t196                        8.81895e-09
x2_n3__t30                                   6
vdd_drv__t1213                               6
vdd_drv__t894                                6
x2_n3__t29                                   6
x2_n4__t213                        8.81088e-09
x2_n4__t195                        8.80288e-09
x2_n3__t28                                   6
vdd_drv__t1212                               6
vdd_drv__t893                                6
x2_n3__t27                                   6
x2_n4__t212                        8.79496e-09
x2_n4__t194                        8.78712e-09
x2_n3__t26                                   6
vdd_drv__t1211                               6
vdd_drv__t911                                6
x2_n3__t44                                   6
x2_n4__t220                        8.77937e-09
x2_n4__t204                         8.7717e-09
x2_n3__t43                                   6
vdd_drv__t1233                               6
vdd_drv__t910                                6
x2_n3__t42                                   6
x2_n4__t219                        8.76413e-09
x2_n4__t205                        8.75665e-09
x2_n3__t45                                   6
vdd_drv__t1237                               6
vdd_drv__t909                                6
x2_n3__t41                                   6
x2_n4__t218                        8.74928e-09
x2_n4__t203                        8.74201e-09
x2_n3__t40                                   6
vdd_drv__t1231                               6
vdd_drv__t880                                6
x2_n3__t19                                   6
x2_n4__t208                        8.73486e-09
x2_n4__t199                        8.72782e-09
x2_n3__t36                                   6
vdd_drv__t1228                               6
vdd_drv__t907                                6
x2_n3__t35                                   6
x2_n4__t216                        8.72091e-09
x2_n4__t198                        8.71413e-09
x2_n3__t34                                   6
vdd_drv__t1227                               6
vdd_drv__t906                                6
x2_n3__t33                                   6
x2_n4__t215                        8.70748e-09
x2_n4__t197                        8.70098e-09
x2_n3__t32                                   6
vdd_drv__t1221                               6
vdd_drv__t885                                6
x2_n3__t25                                   6
x2_n4__t211                        8.69462e-09
x2_n4__t193                        8.68843e-09
x2_n3__t24                                   6
vdd_drv__t1205                               6
vdd_drv__t884                                6
x2_n3__t23                                   6
x2_n4__t210                         8.6824e-09
x2_n4__t192                        8.67654e-09
x2_n3__t22                                   6
vdd_drv__t1204                               6
vdd_drv__t883                                6
x2_n3__t21                                   6
x2_n4__t209                        8.67086e-09
x2_n4__t191                        8.66537e-09
x2_n3__t20                                   6
vdd_drv__t1203                               6
vdd_drv__t895                                6
x2_n3__t31                                   6
x2_n4__t214                        8.66007e-09
x2_n4__t202                        8.65498e-09
x2_n3__t39                                   6
vdd_drv__t1230                               6
vdd_drv__t908                                6
x2_n3__t38                                   6
x2_n4__t217                        8.65011e-09
x2_n4__t200                        8.64546e-09
x2_n3__t37                                   6
vdd_drv__t1229                               6
vdd_drv__t15                                 6
x2_n3__t4                                    6
x2_n4__t201                        8.64104e-09
vdd_drv__t913                                6
x2_n4__t135                        8.29203e-09
x2_n5__t876                                  6
x2_n5__t776                                  6
x2_n4__t56                         8.29203e-09
vdd_drv__t1031                               6
vdd_drv__t939                                6
x2_n4__t148                        8.29203e-09
x2_n5__t883                                  6
x2_n5__t784                                  6
x2_n4__t73                         8.29203e-09
vdd_drv__t1052                               6
vdd_drv__t943                                6
x2_n4__t155                        8.29203e-09
x2_n5__t887                                  6
x2_n5__t824                                  6
x2_n4__t154                        8.29203e-09
vdd_drv__t1266                               6
vdd_drv__t941                                6
x2_n4__t150                        8.29203e-09
x2_n5__t885                                  6
x2_n5__t816                                  6
x2_n4__t136                        8.29203e-09
vdd_drv__t1242                               6
vdd_drv__t731                                6
x2_n4__t74                         8.29203e-09
x2_n5__t846                                  6
x2_n5__t783                                  6
x2_n4__t72                         8.29203e-09
vdd_drv__t1051                               6
vdd_drv__t730                                6
x2_n4__t71                         8.29203e-09
x2_n5__t845                                  6
x2_n5__t782                                  6
x2_n4__t70                         8.29203e-09
vdd_drv__t1050                               6
vdd_drv__t729                                6
x2_n4__t69                         8.29203e-09
x2_n5__t844                                  6
x2_n5__t781                                  6
x2_n4__t68                         8.29203e-09
vdd_drv__t1049                               6
vdd_drv__t728                                6
x2_n4__t67                         8.29203e-09
x2_n5__t843                                  6
x2_n5__t785                                  6
x2_n4__t75                         8.29203e-09
vdd_drv__t1054                               6
vdd_drv__t727                                6
x2_n4__t66                         8.29203e-09
x2_n5__t842                                  6
x2_n5__t780                                  6
x2_n4__t65                         8.29203e-09
vdd_drv__t1047                               6
vdd_drv__t726                                6
x2_n4__t64                         8.29203e-09
x2_n5__t841                                  6
x2_n5__t779                                  6
x2_n4__t63                         8.29203e-09
vdd_drv__t1046                               6
vdd_drv__t725                                6
x2_n4__t62                         8.29203e-09
x2_n5__t840                                  6
x2_n5__t778                                  6
x2_n4__t61                         8.29203e-09
vdd_drv__t1045                               6
vdd_drv__t724                                6
x2_n4__t60                         8.29203e-09
x2_n5__t839                                  6
x2_n5__t777                                  6
x2_n4__t59                         8.29203e-09
vdd_drv__t1044                               6
vdd_drv__t723                                6
x2_n4__t58                         8.29203e-09
x2_n5__t838                                  6
x2_n5__t786                                  6
x2_n4__t76                         8.29203e-09
vdd_drv__t1125                               6
vdd_drv__t965                                6
x2_n4__t175                        8.29203e-09
x2_n5__t896                                  6
x2_n5__t819                                  6
x2_n4__t141                        8.29203e-09
vdd_drv__t1261                               6
vdd_drv__t940                                6
x2_n4__t149                        8.29203e-09
x2_n5__t884                                  6
x2_n5__t822                                  6
x2_n4__t151                        8.29203e-09
vdd_drv__t1264                               6
vdd_drv__t942                                6
x2_n4__t152                        8.29203e-09
x2_n5__t886                                  6
x2_n5__t823                                  6
x2_n4__t153                        8.29203e-09
vdd_drv__t1265                               6
vdd_drv__t712                                6
x2_n4__t57                         8.29203e-09
x2_n5__t837                                  6
x2_n5__t827                                  6
x2_n4__t160                        8.29203e-09
vdd_drv__t1270                               6
vdd_drv__t945                                6
x2_n4__t158                        8.29203e-09
x2_n5__t888                                  6
x2_n5__t821                                  6
x2_n4__t147                        8.29203e-09
vdd_drv__t1263                               6
vdd_drv__t936                                6
x2_n4__t144                        8.29203e-09
x2_n5__t880                                  6
x2_n5__t820                                  6
x2_n4__t143                        8.29203e-09
vdd_drv__t1262                               6
vdd_drv__t935                                6
x2_n4__t142                        8.29203e-09
x2_n5__t879                                  6
x2_n5__t829                                  6
x2_n4__t163                        8.29203e-09
vdd_drv__t1272                               6
vdd_drv__t947                                6
x2_n4__t162                        8.29203e-09
x2_n5__t890                                  6
x2_n5__t828                                  6
x2_n4__t161                        8.29203e-09
vdd_drv__t1271                               6
vdd_drv__t946                                6
x2_n4__t159                        8.29203e-09
x2_n5__t889                                  6
x2_n5__t825                                  6
x2_n4__t156                        8.29203e-09
vdd_drv__t1267                               6
vdd_drv__t937                                6
x2_n4__t145                        8.29203e-09
x2_n5__t881                                  6
x2_n5__t818                                  6
x2_n4__t140                        8.29203e-09
vdd_drv__t1260                               6
vdd_drv__t934                                6
x2_n4__t139                        8.29203e-09
x2_n5__t878                                  6
x2_n5__t817                                  6
x2_n4__t138                        8.29203e-09
vdd_drv__t1259                               6
vdd_drv__t933                                6
x2_n4__t137                        8.29203e-09
x2_n5__t877                                  6
x2_n5__t830                                  6
x2_n4__t164                        8.29203e-09
vdd_drv__t1273                               6
vdd_drv__t952                                6
x2_n4__t173                        8.29203e-09
x2_n5__t895                                  6
x2_n5__t834                                  6
x2_n4__t172                        8.29203e-09
vdd_drv__t1277                               6
vdd_drv__t951                                6
x2_n4__t171                        8.29203e-09
x2_n5__t894                                  6
x2_n5__t833                                  6
x2_n4__t170                        8.29203e-09
vdd_drv__t1276                               6
vdd_drv__t950                                6
x2_n4__t169                        8.29203e-09
x2_n5__t893                                  6
x2_n5__t832                                  6
x2_n4__t168                        8.29203e-09
vdd_drv__t1275                               6
vdd_drv__t949                                6
x2_n4__t167                        8.29203e-09
x2_n5__t892                                  6
x2_n5__t831                                  6
x2_n4__t166                        8.29203e-09
vdd_drv__t1274                               6
vdd_drv__t948                                6
x2_n4__t165                        8.29203e-09
x2_n5__t891                                  6
x2_n5__t835                                  6
x2_n4__t174                        8.29203e-09
vdd_drv__t1278                               6
vdd_drv__t20                                 6
x2_n4__t55                         8.29203e-09
x2_n5__t775                                  6
x2_n5__t836                                  6
x2_n4__t176                        8.29203e-09
vdd_drv__t669                                6
vdd_drv__t841                                6
x2_n4__t84                         8.29203e-09
x2_n5__t851                                  6
x2_n5__t806                                  6
x2_n4__t115                        8.29203e-09
vdd_drv__t1186                               6
vdd_drv__t864                                6
x2_n4__t114                        8.29203e-09
x2_n5__t865                                  6
x2_n5__t805                                  6
x2_n4__t113                        8.29203e-09
vdd_drv__t1185                               6
vdd_drv__t863                                6
x2_n4__t112                        8.29203e-09
x2_n5__t864                                  6
x2_n5__t804                                  6
x2_n4__t111                        8.29203e-09
vdd_drv__t1184                               6
vdd_drv__t862                                6
x2_n4__t110                        8.29203e-09
x2_n5__t863                                  6
x2_n5__t803                                  6
x2_n4__t109                        8.29203e-09
vdd_drv__t1183                               6
vdd_drv__t861                                6
x2_n4__t108                        8.29203e-09
x2_n5__t862                                  6
x2_n5__t802                                  6
x2_n4__t107                        8.29203e-09
vdd_drv__t1182                               6
vdd_drv__t865                                6
x2_n4__t116                        8.29203e-09
x2_n5__t866                                  6
x2_n5__t801                                  6
x2_n4__t106                        8.29203e-09
vdd_drv__t1180                               6
vdd_drv__t860                                6
x2_n4__t105                        8.29203e-09
x2_n5__t861                                  6
x2_n5__t800                                  6
x2_n4__t104                        8.29203e-09
vdd_drv__t1179                               6
vdd_drv__t859                                6
x2_n4__t103                        8.29203e-09
x2_n5__t860                                  6
x2_n5__t799                                  6
x2_n4__t102                        8.29203e-09
vdd_drv__t1178                               6
vdd_drv__t858                                6
x2_n4__t101                        8.29203e-09
x2_n5__t859                                  6
x2_n5__t798                                  6
x2_n4__t100                        8.29203e-09
vdd_drv__t1177                               6
vdd_drv__t857                                6
x2_n4__t99                         8.29203e-09
x2_n5__t858                                  6
x2_n5__t797                                  6
x2_n4__t98                         8.29203e-09
vdd_drv__t1176                               6
vdd_drv__t870                                6
x2_n4__t117                        8.29203e-09
x2_n5__t867                                  6
x2_n5__t810                                  6
x2_n4__t125                        8.29203e-09
vdd_drv__t1196                               6
vdd_drv__t874                                6
x2_n4__t124                        8.29203e-09
x2_n5__t871                                  6
x2_n5__t809                                  6
x2_n4__t123                        8.29203e-09
vdd_drv__t1195                               6
vdd_drv__t873                                6
x2_n4__t122                        8.29203e-09
x2_n5__t870                                  6
x2_n5__t808                                  6
x2_n4__t121                        8.29203e-09
vdd_drv__t1194                               6
vdd_drv__t872                                6
x2_n4__t120                        8.29203e-09
x2_n5__t869                                  6
x2_n5__t807                                  6
x2_n4__t119                        8.29203e-09
vdd_drv__t1193                               6
vdd_drv__t871                                6
x2_n4__t118                        8.29203e-09
x2_n5__t868                                  6
x2_n5__t826                                  6
x2_n4__t157                        8.29203e-09
vdd_drv__t1268                               6
vdd_drv__t938                                6
x2_n4__t146                        8.29203e-09
x2_n5__t882                                  6
x2_n5__t813                                  6
x2_n4__t130                        8.29203e-09
vdd_drv__t1223                               6
vdd_drv__t901                                6
x2_n4__t129                        8.29203e-09
x2_n5__t873                                  6
x2_n5__t812                                  6
x2_n4__t128                        8.29203e-09
vdd_drv__t1222                               6
vdd_drv__t905                                6
x2_n4__t131                        8.29203e-09
x2_n5__t874                                  6
x2_n5__t811                                  6
x2_n4__t127                        8.29203e-09
vdd_drv__t1220                               6
vdd_drv__t900                                6
x2_n4__t126                        8.29203e-09
x2_n5__t872                                  6
x2_n5__t815                                  6
x2_n4__t134                        8.29203e-09
vdd_drv__t1235                               6
vdd_drv__t912                                6
x2_n4__t133                        8.29203e-09
x2_n5__t875                                  6
x2_n5__t814                                  6
x2_n4__t132                        8.29203e-09
vdd_drv__t1234                               6
vdd_drv__t839                                6
x2_n4__t83                         8.29203e-09
x2_n5__t850                                  6
x2_n5__t789                                  6
x2_n4__t82                         8.29203e-09
vdd_drv__t1160                               6
vdd_drv__t838                                6
x2_n4__t81                         8.29203e-09
x2_n5__t849                                  6
x2_n5__t788                                  6
x2_n4__t80                         8.29203e-09
vdd_drv__t1159                               6
vdd_drv__t837                                6
x2_n4__t79                         8.29203e-09
x2_n5__t848                                  6
x2_n5__t787                                  6
x2_n4__t78                         8.29203e-09
vdd_drv__t1157                               6
vdd_drv__t836                                6
x2_n4__t77                         8.29203e-09
x2_n5__t847                                  6
x2_n5__t791                                  6
x2_n4__t87                         8.29203e-09
vdd_drv__t1170                               6
vdd_drv__t856                                6
x2_n4__t96                         8.29203e-09
x2_n5__t857                                  6
x2_n5__t795                                  6
x2_n4__t95                         8.29203e-09
vdd_drv__t1174                               6
vdd_drv__t855                                6
x2_n4__t94                         8.29203e-09
x2_n5__t856                                  6
x2_n5__t794                                  6
x2_n4__t93                         8.29203e-09
vdd_drv__t1173                               6
vdd_drv__t854                                6
x2_n4__t92                         8.29203e-09
x2_n5__t855                                  6
x2_n5__t793                                  6
x2_n4__t91                         8.29203e-09
vdd_drv__t1172                               6
vdd_drv__t853                                6
x2_n4__t90                         8.29203e-09
x2_n5__t854                                  6
x2_n5__t792                                  6
x2_n4__t89                         8.29203e-09
vdd_drv__t1171                               6
vdd_drv__t852                                6
x2_n4__t88                         8.29203e-09
x2_n5__t853                                  6
x2_n5__t796                                  6
x2_n4__t97                         8.29203e-09
vdd_drv__t1175                               6
vdd_drv__t851                                6
x2_n4__t86                         8.29203e-09
x2_n5__t852                                  6
x2_n5__t790                                  6
x2_n4__t85                         8.29203e-09
vdd_drv__t1169                               6
vdd_drv__t888                                6
x2_n5__t576                                  6
out__t648                          7.95153e-09
out__t384                           7.9517e-09
x2_n5__t551                                  6
vdd_drv__t1188                               6
vdd_drv__t867                                6
x2_n5__t550                                  6
out__t636                          7.95188e-09
out__t398                          7.95205e-09
x2_n5__t577                                  6
vdd_drv__t1209                               6
vdd_drv__t889                                6
x2_n5__t578                                  6
out__t649                          7.95222e-09
out__t399                          7.95239e-09
x2_n5__t579                                  6
vdd_drv__t1210                               6
vdd_drv__t890                                6
x2_n5__t580                                  6
out__t650                          7.95257e-09
out__t401                          7.95274e-09
x2_n5__t584                                  6
vdd_drv__t1216                               6
vdd_drv__t892                                6
x2_n5__t582                                  6
out__t652                          7.95291e-09
out__t400                          7.95308e-09
x2_n5__t583                                  6
vdd_drv__t1215                               6
vdd_drv__t891                                6
x2_n5__t581                                  6
out__t651                          7.95325e-09
out__t389                          7.95343e-09
x2_n5__t559                                  6
vdd_drv__t1197                               6
vdd_drv__t876                                6
x2_n5__t560                                  6
out__t640                           7.9536e-09
out__t390                          7.95377e-09
x2_n5__t561                                  6
vdd_drv__t1198                               6
vdd_drv__t877                                6
x2_n5__t562                                  6
out__t641                          7.95394e-09
out__t391                          7.95411e-09
x2_n5__t563                                  6
vdd_drv__t1199                               6
vdd_drv__t878                                6
x2_n5__t564                                  6
out__t642                          7.95428e-09
out__t392                          7.95446e-09
x2_n5__t565                                  6
vdd_drv__t1200                               6
vdd_drv__t879                                6
x2_n5__t566                                  6
out__t643                          7.95463e-09
out__t395                           7.9548e-09
x2_n5__t571                                  6
vdd_drv__t1206                               6
vdd_drv__t881                                6
x2_n5__t568                                  6
out__t644                          7.95497e-09
out__t394                          7.95514e-09
x2_n5__t569                                  6
vdd_drv__t1202                               6
vdd_drv__t882                                6
x2_n5__t570                                  6
out__t645                          7.95532e-09
out__t409                          7.95549e-09
x2_n5__t599                                  6
vdd_drv__t1236                               6
vdd_drv__t914                                6
x2_n5__t600                                  6
out__t660                          7.95566e-09
out__t408                          7.95583e-09
x2_n5__t598                                  6
vdd_drv__t1232                               6
vdd_drv__t896                                6
x2_n5__t585                                  6
out__t653                          7.95601e-09
out__t402                          7.95618e-09
x2_n5__t586                                  6
vdd_drv__t1217                               6
vdd_drv__t897                                6
x2_n5__t587                                  6
out__t654                          7.95635e-09
out__t403                          7.95652e-09
x2_n5__t588                                  6
vdd_drv__t1218                               6
vdd_drv__t898                                6
x2_n5__t589                                  6
out__t655                          7.95669e-09
out__t404                          7.95686e-09
x2_n5__t590                                  6
vdd_drv__t1219                               6
vdd_drv__t899                                6
x2_n5__t591                                  6
out__t656                          7.95704e-09
out__t405                          7.95721e-09
x2_n5__t592                                  6
vdd_drv__t1224                               6
vdd_drv__t902                                6
x2_n5__t593                                  6
out__t657                          7.95738e-09
out__t406                          7.95755e-09
x2_n5__t594                                  6
vdd_drv__t1225                               6
vdd_drv__t903                                6
x2_n5__t595                                  6
out__t658                          7.95772e-09
out__t407                           7.9579e-09
x2_n5__t596                                  6
vdd_drv__t1226                               6
vdd_drv__t904                                6
x2_n5__t597                                  6
out__t659                          7.95807e-09
out__t393                          7.95824e-09
x2_n5__t567                                  6
vdd_drv__t1201                               6
vdd_drv__t847                                6
x2_n5__t540                                  6
out__t631                          7.95841e-09
out__t379                          7.95858e-09
x2_n5__t541                                  6
vdd_drv__t1166                               6
vdd_drv__t848                                6
x2_n5__t542                                  6
out__t632                          7.95876e-09
out__t380                          7.95893e-09
x2_n5__t543                                  6
vdd_drv__t1167                               6
vdd_drv__t849                                6
x2_n5__t544                                  6
out__t633                           7.9591e-09
out__t381                          7.95927e-09
x2_n5__t545                                  6
vdd_drv__t1168                               6
vdd_drv__t850                                6
x2_n5__t546                                  6
out__t634                          7.95944e-09
out__t373                          7.95962e-09
x2_n5__t528                                  6
vdd_drv__t1158                               6
vdd_drv__t840                                6
x2_n5__t529                                  6
out__t625                          7.95979e-09
out__t378                          7.95996e-09
x2_n5__t539                                  6
vdd_drv__t1165                               6
vdd_drv__t842                                6
x2_n5__t530                                  6
out__t626                          7.96013e-09
out__t374                           7.9603e-09
x2_n5__t531                                  6
vdd_drv__t1161                               6
vdd_drv__t843                                6
x2_n5__t532                                  6
out__t627                          7.96048e-09
out__t375                          7.96065e-09
x2_n5__t533                                  6
vdd_drv__t1162                               6
vdd_drv__t844                                6
x2_n5__t534                                  6
out__t628                          7.96082e-09
out__t376                          7.96099e-09
x2_n5__t535                                  6
vdd_drv__t1163                               6
vdd_drv__t845                                6
x2_n5__t536                                  6
out__t629                          7.96116e-09
out__t377                          7.96134e-09
x2_n5__t537                                  6
vdd_drv__t1164                               6
vdd_drv__t846                                6
x2_n5__t538                                  6
out__t630                          7.96151e-09
out__t382                          7.96168e-09
x2_n5__t547                                  6
vdd_drv__t1181                               6
vdd_drv__t866                                6
x2_n5__t548                                  6
out__t635                          7.96185e-09
out__t383                          7.96202e-09
x2_n5__t549                                  6
vdd_drv__t1187                               6
vdd_drv__t19                                 6
x2_n5__t221                                  6
out__t220                           7.9622e-09
out__t416                          7.94104e-09
x2_n5__t613                                  6
vdd_drv__t1245                               6
vdd_drv__t922                                6
x2_n5__t616                                  6
out__t668                          7.94122e-09
out__t385                          7.94139e-09
x2_n5__t552                                  6
vdd_drv__t1189                               6
vdd_drv__t868                                6
x2_n5__t553                                  6
out__t637                          7.94156e-09
out__t386                          7.94173e-09
x2_n5__t554                                  6
vdd_drv__t1190                               6
vdd_drv__t869                                6
x2_n5__t555                                  6
out__t638                           7.9419e-09
out__t387                          7.94208e-09
x2_n5__t556                                  6
vdd_drv__t1191                               6
vdd_drv__t875                                6
x2_n5__t558                                  6
out__t639                          7.94225e-09
out__t388                          7.94242e-09
x2_n5__t557                                  6
vdd_drv__t1192                               6
vdd_drv__t964                                6
x2_n5__t662                                  6
out__t691                          7.94259e-09
out__t441                          7.94276e-09
x2_n5__t663                                  6
vdd_drv__t1289                               6
vdd_drv__t968                                6
x2_n5__t670                                  6
out__t694                          7.94294e-09
out__t446                          7.94311e-09
x2_n5__t671                                  6
vdd_drv__t1294                               6
vdd_drv__t969                                6
x2_n5__t672                                  6
out__t695                          7.94328e-09
out__t447                          7.94345e-09
x2_n5__t673                                  6
vdd_drv__t1295                               6
vdd_drv__t970                                6
x2_n5__t674                                  6
out__t696                          7.94362e-09
out__t448                           7.9438e-09
x2_n5__t675                                  6
vdd_drv__t1296                               6
vdd_drv__t971                                6
x2_n5__t676                                  6
out__t697                          7.94397e-09
out__t449                          7.94414e-09
x2_n5__t677                                  6
vdd_drv__t1297                               6
vdd_drv__t972                                6
x2_n5__t678                                  6
out__t698                          7.94431e-09
out__t445                          7.94448e-09
x2_n5__t669                                  6
vdd_drv__t1293                               6
vdd_drv__t953                                6
x2_n5__t641                                  6
out__t680                          7.94465e-09
out__t431                          7.94483e-09
x2_n5__t642                                  6
vdd_drv__t1279                               6
vdd_drv__t954                                6
x2_n5__t643                                  6
out__t681                            7.945e-09
out__t432                          7.94517e-09
x2_n5__t644                                  6
vdd_drv__t1280                               6
vdd_drv__t955                                6
x2_n5__t645                                  6
out__t682                          7.94534e-09
out__t433                          7.94552e-09
x2_n5__t646                                  6
vdd_drv__t1281                               6
vdd_drv__t956                                6
x2_n5__t647                                  6
out__t683                          7.94569e-09
out__t434                          7.94586e-09
x2_n5__t648                                  6
vdd_drv__t1282                               6
vdd_drv__t957                                6
x2_n5__t649                                  6
out__t684                          7.94603e-09
out__t439                           7.9462e-09
x2_n5__t660                                  6
vdd_drv__t1287                               6
vdd_drv__t959                                6
x2_n5__t651                                  6
out__t686                          7.94637e-09
out__t435                          7.94655e-09
x2_n5__t652                                  6
vdd_drv__t1283                               6
vdd_drv__t960                                6
x2_n5__t653                                  6
out__t687                          7.94672e-09
out__t436                          7.94689e-09
x2_n5__t654                                  6
vdd_drv__t1284                               6
vdd_drv__t961                                6
x2_n5__t655                                  6
out__t688                          7.94706e-09
out__t437                          7.94723e-09
x2_n5__t656                                  6
vdd_drv__t1285                               6
vdd_drv__t932                                6
x2_n5__t638                                  6
out__t678                          7.94741e-09
out__t425                          7.94758e-09
x2_n5__t629                                  6
vdd_drv__t1254                               6
vdd_drv__t928                                6
x2_n5__t630                                  6
out__t674                          7.94775e-09
out__t426                          7.94792e-09
x2_n5__t631                                  6
vdd_drv__t1255                               6
vdd_drv__t929                                6
x2_n5__t632                                  6
out__t675                          7.94809e-09
out__t427                          7.94827e-09
x2_n5__t633                                  6
vdd_drv__t1256                               6
vdd_drv__t930                                6
x2_n5__t634                                  6
out__t676                          7.94844e-09
out__t428                          7.94861e-09
x2_n5__t635                                  6
vdd_drv__t1257                               6
vdd_drv__t931                                6
x2_n5__t636                                  6
out__t677                          7.94878e-09
out__t429                          7.94895e-09
x2_n5__t637                                  6
vdd_drv__t1258                               6
vdd_drv__t927                                6
x2_n5__t628                                  6
out__t673                          7.94913e-09
out__t410                           7.9493e-09
x2_n5__t601                                  6
vdd_drv__t1238                               6
vdd_drv__t915                                6
x2_n5__t602                                  6
out__t661                          7.94947e-09
out__t411                          7.94964e-09
x2_n5__t603                                  6
vdd_drv__t1239                               6
vdd_drv__t916                                6
x2_n5__t604                                  6
out__t662                          7.94981e-09
out__t412                          7.94999e-09
x2_n5__t605                                  6
vdd_drv__t1240                               6
vdd_drv__t917                                6
x2_n5__t606                                  6
out__t663                          7.95016e-09
out__t413                          7.95033e-09
x2_n5__t607                                  6
vdd_drv__t1241                               6
vdd_drv__t918                                6
x2_n5__t608                                  6
out__t664                           7.9505e-09
out__t419                          7.95067e-09
x2_n5__t618                                  6
vdd_drv__t1248                               6
vdd_drv__t919                                6
x2_n5__t609                                  6
out__t665                          7.95085e-09
out__t414                          7.95102e-09
x2_n5__t610                                  6
vdd_drv__t1243                               6
vdd_drv__t920                                6
x2_n5__t611                                  6
out__t666                          7.95119e-09
out__t415                          7.95136e-09
x2_n5__t612                                  6
vdd_drv__t1244                               6
vdd_drv__t887                                6
x2_n5__t574                                  6
out__t647                          7.94087e-09
out__t418                          7.93004e-09
x2_n5__t617                                  6
vdd_drv__t1247                               6
vdd_drv__t944                                6
x2_n5__t639                                  6
out__t679                          7.93022e-09
out__t430                          7.93039e-09
x2_n5__t640                                  6
vdd_drv__t1269                               6
vdd_drv__t715                                6
x2_n5__t304                                  6
out__t513                          7.93056e-09
out__t261                          7.93073e-09
x2_n5__t305                                  6
vdd_drv__t1035                               6
vdd_drv__t716                                6
x2_n5__t306                                  6
out__t514                           7.9309e-09
out__t262                          7.93107e-09
x2_n5__t307                                  6
vdd_drv__t1036                               6
vdd_drv__t717                                6
x2_n5__t308                                  6
out__t515                          7.93125e-09
out__t263                          7.93142e-09
x2_n5__t309                                  6
vdd_drv__t1037                               6
vdd_drv__t722                                6
x2_n5__t320                                  6
out__t520                          7.93159e-09
out__t265                          7.93176e-09
x2_n5__t311                                  6
vdd_drv__t1039                               6
vdd_drv__t718                                6
x2_n5__t312                                  6
out__t516                          7.93193e-09
out__t266                          7.93211e-09
x2_n5__t313                                  6
vdd_drv__t1040                               6
vdd_drv__t719                                6
x2_n5__t314                                  6
out__t517                          7.93228e-09
out__t267                          7.93245e-09
x2_n5__t315                                  6
vdd_drv__t1041                               6
vdd_drv__t720                                6
x2_n5__t316                                  6
out__t518                          7.93262e-09
out__t268                          7.93279e-09
x2_n5__t317                                  6
vdd_drv__t1042                               6
vdd_drv__t721                                6
x2_n5__t318                                  6
out__t519                          7.93296e-09
out__t269                          7.93314e-09
x2_n5__t319                                  6
vdd_drv__t1043                               6
vdd_drv__t738                                6
x2_n5__t333                                  6
out__t527                          7.93331e-09
out__t281                          7.93348e-09
x2_n5__t344                                  6
vdd_drv__t1064                               6
vdd_drv__t744                                6
x2_n5__t345                                  6
out__t533                          7.93365e-09
out__t282                          7.93382e-09
x2_n5__t346                                  6
vdd_drv__t1065                               6
vdd_drv__t745                                6
x2_n5__t347                                  6
out__t534                            7.934e-09
out__t283                          7.93417e-09
x2_n5__t348                                  6
vdd_drv__t1066                               6
vdd_drv__t746                                6
x2_n5__t349                                  6
out__t535                          7.93434e-09
out__t284                          7.93451e-09
x2_n5__t350                                  6
vdd_drv__t1067                               6
vdd_drv__t747                                6
x2_n5__t351                                  6
out__t536                          7.93468e-09
out__t235                          7.93486e-09
x2_n5__t250                                  6
vdd_drv__t1008                               6
vdd_drv__t672                                6
x2_n5__t222                                  6
out__t471                          7.93503e-09
out__t221                           7.9352e-09
x2_n5__t223                                  6
vdd_drv__t994                                6
vdd_drv__t673                                6
x2_n5__t224                                  6
out__t472                          7.93537e-09
out__t222                          7.93554e-09
x2_n5__t225                                  6
vdd_drv__t995                                6
vdd_drv__t674                                6
x2_n5__t226                                  6
out__t473                          7.93571e-09
out__t223                          7.93589e-09
x2_n5__t227                                  6
vdd_drv__t996                                6
vdd_drv__t675                                6
x2_n5__t228                                  6
out__t474                          7.93606e-09
out__t224                          7.93623e-09
x2_n5__t229                                  6
vdd_drv__t997                                6
vdd_drv__t676                                6
x2_n5__t230                                  6
out__t475                           7.9364e-09
out__t229                          7.93657e-09
x2_n5__t239                                  6
vdd_drv__t1002                               6
vdd_drv__t677                                6
x2_n5__t232                                  6
out__t476                          7.93675e-09
out__t226                          7.93692e-09
x2_n5__t233                                  6
vdd_drv__t999                                6
vdd_drv__t678                                6
x2_n5__t234                                  6
out__t477                          7.93709e-09
out__t227                          7.93726e-09
x2_n5__t235                                  6
vdd_drv__t1000                               6
vdd_drv__t679                                6
x2_n5__t236                                  6
out__t478                          7.93743e-09
out__t228                          7.93761e-09
x2_n5__t237                                  6
vdd_drv__t1001                               6
vdd_drv__t680                                6
x2_n5__t238                                  6
out__t479                          7.93778e-09
out__t225                          7.93795e-09
x2_n5__t231                                  6
vdd_drv__t998                                6
vdd_drv__t696                                6
x2_n5__t271                                  6
out__t495                          7.93812e-09
out__t251                          7.93829e-09
x2_n5__t283                                  6
vdd_drv__t1024                               6
vdd_drv__t703                                6
x2_n5__t284                                  6
out__t502                          7.93847e-09
out__t252                          7.93864e-09
x2_n5__t285                                  6
vdd_drv__t1025                               6
vdd_drv__t704                                6
x2_n5__t286                                  6
out__t503                          7.93881e-09
out__t253                          7.93898e-09
x2_n5__t287                                  6
vdd_drv__t1026                               6
vdd_drv__t706                                6
x2_n5__t289                                  6
out__t505                          7.93915e-09
out__t254                          7.93932e-09
x2_n5__t290                                  6
vdd_drv__t1027                               6
vdd_drv__t708                                6
x2_n5__t293                                  6
out__t507                           7.9395e-09
out__t256                          7.93967e-09
x2_n5__t294                                  6
vdd_drv__t1029                               6
vdd_drv__t709                                6
x2_n5__t295                                  6
out__t508                          7.93984e-09
out__t257                          7.94001e-09
x2_n5__t296                                  6
vdd_drv__t1030                               6
vdd_drv__t710                                6
x2_n5__t297                                  6
out__t509                          7.94018e-09
out__t258                          7.94036e-09
x2_n5__t298                                  6
vdd_drv__t1032                               6
vdd_drv__t693                                6
x2_n5__t267                                  6
out__t492                          7.94053e-09
out__t397                           7.9407e-09
x2_n5__t575                                  6
vdd_drv__t1208                               6
vdd_drv__t694                                6
x2_n5__t268                                  6
out__t493                          7.91958e-09
out__t245                          7.91975e-09
x2_n5__t269                                  6
vdd_drv__t1018                               6
vdd_drv__t695                                6
x2_n5__t270                                  6
out__t494                          7.91993e-09
out__t250                           7.9201e-09
x2_n5__t281                                  6
vdd_drv__t1023                               6
vdd_drv__t697                                6
x2_n5__t272                                  6
out__t496                          7.92027e-09
out__t246                          7.92044e-09
x2_n5__t273                                  6
vdd_drv__t1019                               6
vdd_drv__t698                                6
x2_n5__t274                                  6
out__t497                          7.92061e-09
out__t247                          7.92078e-09
x2_n5__t275                                  6
vdd_drv__t1020                               6
vdd_drv__t699                                6
x2_n5__t276                                  6
out__t498                          7.92095e-09
out__t248                          7.92112e-09
x2_n5__t277                                  6
vdd_drv__t1021                               6
vdd_drv__t700                                6
x2_n5__t278                                  6
out__t499                          7.92129e-09
out__t249                          7.92146e-09
x2_n5__t279                                  6
vdd_drv__t1022                               6
vdd_drv__t701                                6
x2_n5__t280                                  6
out__t500                          7.92164e-09
out__t279                          7.92181e-09
x2_n5__t342                                  6
vdd_drv__t1062                               6
vdd_drv__t759                                6
x2_n5__t374                                  6
out__t548                          7.92198e-09
out__t342                          7.92215e-09
x2_n5__t467                                  6
vdd_drv__t1126                               6
vdd_drv__t806                                6
x2_n5__t468                                  6
out__t595                          7.92232e-09
out__t343                          7.92249e-09
x2_n5__t469                                  6
vdd_drv__t1127                               6
vdd_drv__t807                                6
x2_n5__t470                                  6
out__t596                          7.92266e-09
out__t344                          7.92283e-09
x2_n5__t471                                  6
vdd_drv__t1128                               6
vdd_drv__t808                                6
x2_n5__t472                                  6
out__t597                          7.92301e-09
out__t345                          7.92318e-09
x2_n5__t473                                  6
vdd_drv__t1129                               6
vdd_drv__t809                                6
x2_n5__t474                                  6
out__t598                          7.92335e-09
out__t371                          7.92352e-09
x2_n5__t526                                  6
vdd_drv__t1155                               6
vdd_drv__t830                                6
x2_n5__t516                                  6
out__t619                          7.92369e-09
out__t352                          7.92386e-09
x2_n5__t487                                  6
vdd_drv__t1136                               6
vdd_drv__t816                                6
x2_n5__t488                                  6
out__t605                          7.92403e-09
out__t353                          7.92421e-09
x2_n5__t489                                  6
vdd_drv__t1137                               6
vdd_drv__t817                                6
x2_n5__t490                                  6
out__t606                          7.92438e-09
out__t354                          7.92455e-09
x2_n5__t491                                  6
vdd_drv__t1138                               6
vdd_drv__t818                                6
x2_n5__t492                                  6
out__t607                          7.92472e-09
out__t355                          7.92489e-09
x2_n5__t493                                  6
vdd_drv__t1139                               6
vdd_drv__t819                                6
x2_n5__t494                                  6
out__t608                          7.92506e-09
out__t356                          7.92524e-09
x2_n5__t495                                  6
vdd_drv__t1140                               6
vdd_drv__t824                                6
x2_n5__t506                                  6
out__t613                          7.92541e-09
out__t358                          7.92558e-09
x2_n5__t497                                  6
vdd_drv__t1142                               6
vdd_drv__t820                                6
x2_n5__t498                                  6
out__t609                          7.92575e-09
out__t359                          7.92592e-09
x2_n5__t499                                  6
vdd_drv__t1143                               6
vdd_drv__t821                                6
x2_n5__t500                                  6
out__t610                          7.92609e-09
out__t360                          7.92627e-09
x2_n5__t501                                  6
vdd_drv__t1144                               6
vdd_drv__t822                                6
x2_n5__t502                                  6
out__t611                          7.92644e-09
out__t361                          7.92661e-09
x2_n5__t503                                  6
vdd_drv__t1145                               6
vdd_drv__t823                                6
x2_n5__t504                                  6
out__t612                          7.92678e-09
out__t362                          7.92695e-09
x2_n5__t505                                  6
vdd_drv__t1146                               6
vdd_drv__t800                                6
x2_n5__t456                                  6
out__t589                          7.92712e-09
out__t301                           7.9273e-09
x2_n5__t385                                  6
vdd_drv__t1084                               6
vdd_drv__t765                                6
x2_n5__t386                                  6
out__t554                          7.92747e-09
out__t302                          7.92764e-09
x2_n5__t387                                  6
vdd_drv__t1085                               6
vdd_drv__t766                                6
x2_n5__t388                                  6
out__t555                          7.92781e-09
out__t304                          7.92798e-09
x2_n5__t391                                  6
vdd_drv__t1087                               6
vdd_drv__t768                                6
x2_n5__t392                                  6
out__t557                          7.92815e-09
out__t305                          7.92833e-09
x2_n5__t393                                  6
vdd_drv__t1088                               6
vdd_drv__t773                                6
x2_n5__t401                                  6
out__t562                           7.9285e-09
out__t309                          7.92867e-09
x2_n5__t402                                  6
vdd_drv__t1092                               6
vdd_drv__t774                                6
x2_n5__t403                                  6
out__t563                          7.92884e-09
out__t310                          7.92901e-09
x2_n5__t404                                  6
vdd_drv__t1093                               6
vdd_drv__t769                                6
x2_n5__t394                                  6
out__t558                          7.92918e-09
out__t292                          7.92936e-09
x2_n5__t365                                  6
vdd_drv__t1075                               6
vdd_drv__t754                                6
x2_n5__t366                                  6
out__t543                          7.92953e-09
out__t293                           7.9297e-09
x2_n5__t367                                  6
vdd_drv__t1076                               6
vdd_drv__t755                                6
x2_n5__t368                                  6
out__t544                          7.92987e-09
out__t396                          7.91941e-09
x2_n5__t572                                  6
vdd_drv__t1207                               6
vdd_drv__t757                                6
x2_n5__t371                                  6
out__t546                          7.91718e-09
out__t308                          7.91701e-09
x2_n5__t400                                  6
vdd_drv__t1091                               6
vdd_drv__t772                                6
x2_n5__t399                                  6
out__t561                          7.91684e-09
out__t307                          7.91667e-09
x2_n5__t398                                  6
vdd_drv__t1090                               6
vdd_drv__t771                                6
x2_n5__t397                                  6
out__t560                          7.91651e-09
out__t306                          7.91634e-09
x2_n5__t396                                  6
vdd_drv__t1089                               6
vdd_drv__t770                                6
x2_n5__t395                                  6
out__t559                          7.91617e-09
out__t311                          7.91601e-09
x2_n5__t405                                  6
vdd_drv__t1094                               6
vdd_drv__t775                                6
x2_n5__t406                                  6
out__t564                          7.91584e-09
out__t326                          7.91568e-09
x2_n5__t435                                  6
vdd_drv__t1109                               6
vdd_drv__t794                                6
x2_n5__t445                                  6
out__t583                          7.91551e-09
out__t331                          7.91535e-09
x2_n5__t444                                  6
vdd_drv__t1114                               6
vdd_drv__t793                                6
x2_n5__t443                                  6
out__t582                          7.91519e-09
out__t330                          7.91503e-09
x2_n5__t442                                  6
vdd_drv__t1113                               6
vdd_drv__t792                                6
x2_n5__t441                                  6
out__t581                          7.91487e-09
out__t329                          7.91472e-09
x2_n5__t440                                  6
vdd_drv__t1112                               6
vdd_drv__t791                                6
x2_n5__t439                                  6
out__t580                          7.91456e-09
out__t328                          7.91442e-09
x2_n5__t438                                  6
vdd_drv__t1111                               6
vdd_drv__t790                                6
x2_n5__t437                                  6
out__t579                          7.91427e-09
out__t327                          7.91414e-09
x2_n5__t436                                  6
vdd_drv__t1110                               6
vdd_drv__t795                                6
x2_n5__t446                                  6
out__t584                          7.91401e-09
out__t325                           7.9139e-09
x2_n5__t434                                  6
vdd_drv__t1108                               6
vdd_drv__t789                                6
x2_n5__t433                                  6
out__t578                           7.9138e-09
out__t324                          7.91372e-09
x2_n5__t432                                  6
vdd_drv__t1107                               6
vdd_drv__t788                                6
x2_n5__t431                                  6
out__t577                          7.91368e-09
out__t323                          7.91366e-09
x2_n5__t430                                  6
vdd_drv__t1106                               6
vdd_drv__t787                                6
x2_n5__t429                                  6
out__t576                          7.91368e-09
out__t322                          7.91374e-09
x2_n5__t428                                  6
vdd_drv__t1105                               6
vdd_drv__t786                                6
x2_n5__t427                                  6
out__t575                          7.91381e-09
out__t321                          7.91391e-09
x2_n5__t426                                  6
vdd_drv__t1104                               6
vdd_drv__t780                                6
x2_n5__t415                                  6
out__t569                          7.91403e-09
out__t295                          7.91416e-09
x2_n5__t372                                  6
vdd_drv__t1078                               6
vdd_drv__t758                                6
x2_n5__t373                                  6
out__t547                           7.9143e-09
out__t300                          7.91444e-09
x2_n5__t384                                  6
vdd_drv__t1083                               6
vdd_drv__t760                                6
x2_n5__t375                                  6
out__t549                          7.91459e-09
out__t296                          7.91474e-09
x2_n5__t376                                  6
vdd_drv__t1079                               6
vdd_drv__t761                                6
x2_n5__t377                                  6
out__t550                           7.9149e-09
out__t297                          7.91505e-09
x2_n5__t378                                  6
vdd_drv__t1080                               6
vdd_drv__t762                                6
x2_n5__t379                                  6
out__t551                          7.91521e-09
out__t298                          7.91538e-09
x2_n5__t380                                  6
vdd_drv__t1081                               6
vdd_drv__t763                                6
x2_n5__t381                                  6
out__t552                          7.91554e-09
out__t299                           7.9157e-09
x2_n5__t382                                  6
vdd_drv__t1082                               6
vdd_drv__t764                                6
x2_n5__t383                                  6
out__t553                          7.91587e-09
out__t440                          7.91603e-09
x2_n5__t661                                  6
vdd_drv__t1288                               6
vdd_drv__t785                                6
x2_n5__t424                                  6
out__t574                           7.9162e-09
out__t319                          7.91637e-09
x2_n5__t423                                  6
vdd_drv__t1102                               6
vdd_drv__t784                                6
x2_n5__t422                                  6
out__t573                          7.91653e-09
out__t318                           7.9167e-09
x2_n5__t421                                  6
vdd_drv__t1101                               6
vdd_drv__t783                                6
x2_n5__t420                                  6
out__t572                          7.91687e-09
out__t317                          7.91704e-09
x2_n5__t419                                  6
vdd_drv__t1100                               6
vdd_drv__t782                                6
x2_n5__t418                                  6
out__t571                          7.91721e-09
out__t316                          7.91737e-09
x2_n5__t417                                  6
vdd_drv__t1099                               6
vdd_drv__t781                                6
x2_n5__t416                                  6
out__t570                          7.91754e-09
out__t320                          7.91771e-09
x2_n5__t425                                  6
vdd_drv__t1103                               6
vdd_drv__t779                                6
x2_n5__t414                                  6
out__t568                          7.91788e-09
out__t315                          7.91805e-09
x2_n5__t413                                  6
vdd_drv__t1098                               6
vdd_drv__t778                                6
x2_n5__t412                                  6
out__t567                          7.91822e-09
out__t314                          7.91839e-09
x2_n5__t411                                  6
vdd_drv__t1097                               6
vdd_drv__t777                                6
x2_n5__t410                                  6
out__t566                          7.91856e-09
out__t313                          7.91873e-09
x2_n5__t409                                  6
vdd_drv__t1096                               6
vdd_drv__t776                                6
x2_n5__t408                                  6
out__t565                           7.9189e-09
out__t312                          7.91907e-09
x2_n5__t407                                  6
vdd_drv__t1095                               6
vdd_drv__t886                                6
x2_n5__t573                                  6
out__t646                          7.91924e-09
out__t244                          7.92761e-09
x2_n5__t266                                  6
vdd_drv__t1017                               6
vdd_drv__t692                                6
x2_n5__t265                                  6
out__t491                          7.92744e-09
out__t243                          7.92727e-09
x2_n5__t264                                  6
vdd_drv__t1016                               6
vdd_drv__t691                                6
x2_n5__t263                                  6
out__t490                           7.9271e-09
out__t242                          7.92692e-09
x2_n5__t262                                  6
vdd_drv__t1015                               6
vdd_drv__t707                                6
x2_n5__t291                                  6
out__t506                          7.92675e-09
out__t259                          7.92658e-09
x2_n5__t300                                  6
vdd_drv__t1033                               6
vdd_drv__t711                                6
x2_n5__t299                                  6
out__t510                          7.92641e-09
out__t336                          7.92624e-09
x2_n5__t455                                  6
vdd_drv__t1119                               6
vdd_drv__t799                                6
x2_n5__t454                                  6
out__t588                          7.92607e-09
out__t335                          7.92589e-09
x2_n5__t453                                  6
vdd_drv__t1118                               6
vdd_drv__t798                                6
x2_n5__t452                                  6
out__t587                          7.92572e-09
out__t334                          7.92555e-09
x2_n5__t451                                  6
vdd_drv__t1117                               6
vdd_drv__t797                                6
x2_n5__t450                                  6
out__t586                          7.92538e-09
out__t333                          7.92521e-09
x2_n5__t449                                  6
vdd_drv__t1116                               6
vdd_drv__t796                                6
x2_n5__t448                                  6
out__t585                          7.92504e-09
out__t332                          7.92486e-09
x2_n5__t447                                  6
vdd_drv__t1115                               6
vdd_drv__t810                                6
x2_n5__t475                                  6
out__t599                          7.92469e-09
out__t350                          7.92452e-09
x2_n5__t485                                  6
vdd_drv__t1134                               6
vdd_drv__t815                                6
x2_n5__t484                                  6
out__t604                          7.92435e-09
out__t349                          7.92418e-09
x2_n5__t483                                  6
vdd_drv__t1133                               6
vdd_drv__t814                                6
x2_n5__t482                                  6
out__t603                          7.92401e-09
out__t348                          7.92384e-09
x2_n5__t481                                  6
vdd_drv__t1132                               6
vdd_drv__t813                                6
x2_n5__t480                                  6
out__t602                          7.92366e-09
out__t347                          7.92349e-09
x2_n5__t479                                  6
vdd_drv__t1131                               6
vdd_drv__t812                                6
x2_n5__t478                                  6
out__t601                          7.92332e-09
out__t346                          7.92315e-09
x2_n5__t477                                  6
vdd_drv__t1130                               6
vdd_drv__t811                                6
x2_n5__t476                                  6
out__t600                          7.92298e-09
out__t351                          7.92281e-09
x2_n5__t486                                  6
vdd_drv__t1135                               6
vdd_drv__t767                                6
x2_n5__t390                                  6
out__t556                          7.92264e-09
out__t303                          7.92246e-09
x2_n5__t389                                  6
vdd_drv__t1086                               6
vdd_drv__t835                                6
x2_n5__t525                                  6
out__t624                          7.92229e-09
out__t370                          7.92212e-09
x2_n5__t524                                  6
vdd_drv__t1154                               6
vdd_drv__t834                                6
x2_n5__t523                                  6
out__t623                          7.92195e-09
out__t369                          7.92178e-09
x2_n5__t522                                  6
vdd_drv__t1153                               6
vdd_drv__t833                                6
x2_n5__t521                                  6
out__t622                          7.92161e-09
out__t368                          7.92144e-09
x2_n5__t520                                  6
vdd_drv__t1152                               6
vdd_drv__t832                                6
x2_n5__t519                                  6
out__t621                          7.92126e-09
out__t367                          7.92109e-09
x2_n5__t518                                  6
vdd_drv__t1151                               6
vdd_drv__t831                                6
x2_n5__t517                                  6
out__t620                          7.92092e-09
out__t372                          7.92075e-09
x2_n5__t527                                  6
vdd_drv__t1156                               6
vdd_drv__t829                                6
x2_n5__t515                                  6
out__t618                          7.92058e-09
out__t366                          7.92041e-09
x2_n5__t514                                  6
vdd_drv__t1150                               6
vdd_drv__t828                                6
x2_n5__t513                                  6
out__t617                          7.92024e-09
out__t365                          7.92007e-09
x2_n5__t512                                  6
vdd_drv__t1149                               6
vdd_drv__t827                                6
x2_n5__t511                                  6
out__t616                           7.9199e-09
out__t364                          7.91973e-09
x2_n5__t510                                  6
vdd_drv__t1148                               6
vdd_drv__t826                                6
x2_n5__t509                                  6
out__t615                          7.91956e-09
out__t363                          7.91939e-09
x2_n5__t508                                  6
vdd_drv__t1147                               6
vdd_drv__t825                                6
x2_n5__t507                                  6
out__t614                          7.91922e-09
out__t357                          7.91904e-09
x2_n5__t496                                  6
vdd_drv__t1141                               6
vdd_drv__t805                                6
x2_n5__t465                                  6
out__t594                          7.91887e-09
out__t340                           7.9187e-09
x2_n5__t464                                  6
vdd_drv__t1123                               6
vdd_drv__t804                                6
x2_n5__t463                                  6
out__t593                          7.91853e-09
out__t339                          7.91836e-09
x2_n5__t462                                  6
vdd_drv__t1122                               6
vdd_drv__t803                                6
x2_n5__t461                                  6
out__t592                          7.91819e-09
out__t338                          7.91802e-09
x2_n5__t460                                  6
vdd_drv__t1121                               6
vdd_drv__t802                                6
x2_n5__t459                                  6
out__t591                          7.91786e-09
out__t337                          7.91769e-09
x2_n5__t458                                  6
vdd_drv__t1120                               6
vdd_drv__t801                                6
x2_n5__t457                                  6
out__t590                          7.91752e-09
out__t341                          7.91735e-09
x2_n5__t466                                  6
vdd_drv__t1124                               6
vdd_drv__t756                                6
x2_n5__t369                                  6
out__t545                          7.92778e-09
out__t255                          7.93861e-09
x2_n5__t292                                  6
vdd_drv__t1028                               6
vdd_drv__t714                                6
x2_n5__t303                                  6
out__t512                          7.93844e-09
out__t260                          7.93827e-09
x2_n5__t302                                  6
vdd_drv__t1034                               6
vdd_drv__t713                                6
x2_n5__t301                                  6
out__t511                          7.93809e-09
out__t270                          7.93792e-09
x2_n5__t321                                  6
vdd_drv__t1048                               6
vdd_drv__t732                                6
x2_n5__t323                                  6
out__t521                          7.93775e-09
out__t271                          7.93758e-09
x2_n5__t322                                  6
vdd_drv__t1053                               6
vdd_drv__t739                                6
x2_n5__t334                                  6
out__t528                          7.93741e-09
out__t280                          7.93723e-09
x2_n5__t343                                  6
vdd_drv__t1063                               6
vdd_drv__t737                                6
x2_n5__t332                                  6
out__t526                          7.93706e-09
out__t275                          7.93689e-09
x2_n5__t331                                  6
vdd_drv__t1058                               6
vdd_drv__t736                                6
x2_n5__t330                                  6
out__t525                          7.93672e-09
out__t274                          7.93655e-09
x2_n5__t329                                  6
vdd_drv__t1057                               6
vdd_drv__t735                                6
x2_n5__t328                                  6
out__t524                          7.93637e-09
out__t273                           7.9362e-09
x2_n5__t327                                  6
vdd_drv__t1056                               6
vdd_drv__t734                                6
x2_n5__t326                                  6
out__t523                          7.93603e-09
out__t272                          7.93586e-09
x2_n5__t325                                  6
vdd_drv__t1055                               6
vdd_drv__t733                                6
x2_n5__t324                                  6
out__t522                          7.93569e-09
out__t286                          7.93552e-09
x2_n5__t353                                  6
vdd_drv__t1069                               6
vdd_drv__t752                                6
x2_n5__t363                                  6
out__t541                          7.93534e-09
out__t291                          7.93517e-09
x2_n5__t362                                  6
vdd_drv__t1074                               6
vdd_drv__t751                                6
x2_n5__t361                                  6
out__t540                            7.935e-09
out__t290                          7.93483e-09
x2_n5__t360                                  6
vdd_drv__t1073                               6
vdd_drv__t750                                6
x2_n5__t359                                  6
out__t539                          7.93466e-09
out__t289                          7.93448e-09
x2_n5__t358                                  6
vdd_drv__t1072                               6
vdd_drv__t749                                6
x2_n5__t357                                  6
out__t538                          7.93431e-09
out__t288                          7.93414e-09
x2_n5__t356                                  6
vdd_drv__t1071                               6
vdd_drv__t748                                6
x2_n5__t355                                  6
out__t537                          7.93397e-09
out__t287                           7.9338e-09
x2_n5__t354                                  6
vdd_drv__t1070                               6
vdd_drv__t753                                6
x2_n5__t364                                  6
out__t542                          7.93362e-09
out__t285                          7.93345e-09
x2_n5__t352                                  6
vdd_drv__t1068                               6
vdd_drv__t705                                6
x2_n5__t288                                  6
out__t504                          7.93328e-09
out__t240                          7.93311e-09
x2_n5__t260                                  6
vdd_drv__t1013                               6
vdd_drv__t690                                6
x2_n5__t259                                  6
out__t489                          7.93294e-09
out__t239                          7.93277e-09
x2_n5__t258                                  6
vdd_drv__t1012                               6
vdd_drv__t689                                6
x2_n5__t257                                  6
out__t488                          7.93259e-09
out__t238                          7.93242e-09
x2_n5__t256                                  6
vdd_drv__t1011                               6
vdd_drv__t688                                6
x2_n5__t255                                  6
out__t487                          7.93225e-09
out__t237                          7.93208e-09
x2_n5__t254                                  6
vdd_drv__t1010                               6
vdd_drv__t687                                6
x2_n5__t253                                  6
out__t486                          7.93191e-09
out__t236                          7.93173e-09
x2_n5__t252                                  6
vdd_drv__t1009                               6
vdd_drv__t686                                6
x2_n5__t251                                  6
out__t485                          7.93156e-09
out__t241                          7.93139e-09
x2_n5__t261                                  6
vdd_drv__t1014                               6
vdd_drv__t685                                6
x2_n5__t249                                  6
out__t484                          7.93122e-09
out__t234                          7.93105e-09
x2_n5__t248                                  6
vdd_drv__t1007                               6
vdd_drv__t684                                6
x2_n5__t247                                  6
out__t483                          7.93087e-09
out__t233                           7.9307e-09
x2_n5__t246                                  6
vdd_drv__t1006                               6
vdd_drv__t683                                6
x2_n5__t245                                  6
out__t482                          7.93053e-09
out__t232                          7.93036e-09
x2_n5__t244                                  6
vdd_drv__t1005                               6
vdd_drv__t682                                6
x2_n5__t243                                  6
out__t481                          7.93019e-09
out__t231                          7.93002e-09
x2_n5__t242                                  6
vdd_drv__t1004                               6
vdd_drv__t681                                6
x2_n5__t241                                  6
out__t480                          7.92984e-09
out__t230                          7.92967e-09
x2_n5__t240                                  6
vdd_drv__t1003                               6
vdd_drv__t702                                6
x2_n5__t282                                  6
out__t501                           7.9295e-09
out__t264                          7.92933e-09
x2_n5__t310                                  6
vdd_drv__t1038                               6
vdd_drv__t743                                6
x2_n5__t341                                  6
out__t532                          7.92916e-09
out__t278                          7.92899e-09
x2_n5__t340                                  6
vdd_drv__t1061                               6
vdd_drv__t742                                6
x2_n5__t339                                  6
out__t531                          7.92881e-09
out__t277                          7.92864e-09
x2_n5__t338                                  6
vdd_drv__t1060                               6
vdd_drv__t741                                6
x2_n5__t337                                  6
out__t530                          7.92847e-09
out__t276                           7.9283e-09
x2_n5__t336                                  6
vdd_drv__t1059                               6
vdd_drv__t740                                6
x2_n5__t335                                  6
out__t529                          7.92813e-09
out__t294                          7.92795e-09
x2_n5__t370                                  6
vdd_drv__t1077                               6
vdd_drv__t973                                6
x2_n5__t679                                  6
out__t699                           7.9491e-09
out__t444                          7.94893e-09
x2_n5__t668                                  6
vdd_drv__t1292                               6
vdd_drv__t967                                6
x2_n5__t667                                  6
out__t693                          7.94875e-09
out__t443                          7.94858e-09
x2_n5__t666                                  6
vdd_drv__t1291                               6
vdd_drv__t966                                6
x2_n5__t665                                  6
out__t692                          7.94841e-09
out__t442                          7.94824e-09
x2_n5__t664                                  6
vdd_drv__t1290                               6
vdd_drv__t993                                6
x2_n5__t718                                  6
out__t719                          7.94807e-09
out__t468                          7.94789e-09
x2_n5__t717                                  6
vdd_drv__t1316                               6
vdd_drv__t992                                6
x2_n5__t716                                  6
out__t718                          7.94772e-09
out__t467                          7.94755e-09
x2_n5__t715                                  6
vdd_drv__t1315                               6
vdd_drv__t991                                6
x2_n5__t714                                  6
out__t717                          7.94738e-09
out__t466                          7.94721e-09
x2_n5__t713                                  6
vdd_drv__t1314                               6
vdd_drv__t990                                6
x2_n5__t712                                  6
out__t716                          7.94703e-09
out__t465                          7.94686e-09
x2_n5__t711                                  6
vdd_drv__t1313                               6
vdd_drv__t989                                6
x2_n5__t710                                  6
out__t715                          7.94669e-09
out__t469                          7.94652e-09
x2_n5__t719                                  6
vdd_drv__t1317                               6
vdd_drv__t987                                6
x2_n5__t708                                  6
out__t713                          7.94635e-09
out__t464                          7.94617e-09
x2_n5__t707                                  6
vdd_drv__t1312                               6
vdd_drv__t986                                6
x2_n5__t706                                  6
out__t712                            7.946e-09
out__t463                          7.94583e-09
x2_n5__t705                                  6
vdd_drv__t1311                               6
vdd_drv__t985                                6
x2_n5__t704                                  6
out__t711                          7.94566e-09
out__t462                          7.94549e-09
x2_n5__t703                                  6
vdd_drv__t1310                               6
vdd_drv__t984                                6
x2_n5__t702                                  6
out__t710                          7.94531e-09
out__t461                          7.94514e-09
x2_n5__t701                                  6
vdd_drv__t1309                               6
vdd_drv__t983                                6
x2_n5__t700                                  6
out__t709                          7.94497e-09
out__t455                           7.9448e-09
x2_n5__t689                                  6
vdd_drv__t1303                               6
vdd_drv__t963                                6
x2_n5__t659                                  6
out__t690                          7.94463e-09
out__t438                          7.94446e-09
x2_n5__t658                                  6
vdd_drv__t1286                               6
vdd_drv__t962                                6
x2_n5__t657                                  6
out__t689                          7.94428e-09
out__t417                          7.94411e-09
x2_n5__t615                                  6
vdd_drv__t1246                               6
vdd_drv__t921                                6
x2_n5__t614                                  6
out__t667                          7.94394e-09
out__t424                          7.94377e-09
x2_n5__t627                                  6
vdd_drv__t1253                               6
vdd_drv__t926                                6
x2_n5__t626                                  6
out__t672                           7.9436e-09
out__t423                          7.94342e-09
x2_n5__t625                                  6
vdd_drv__t1252                               6
vdd_drv__t925                                6
x2_n5__t624                                  6
out__t671                          7.94325e-09
out__t422                          7.94308e-09
x2_n5__t623                                  6
vdd_drv__t1251                               6
vdd_drv__t924                                6
x2_n5__t622                                  6
out__t670                          7.94291e-09
out__t421                          7.94274e-09
x2_n5__t621                                  6
vdd_drv__t1250                               6
vdd_drv__t923                                6
x2_n5__t620                                  6
out__t669                          7.94256e-09
out__t420                          7.94239e-09
x2_n5__t619                                  6
vdd_drv__t1249                               6
vdd_drv__t958                                6
x2_n5__t650                                  6
out__t685                          7.94222e-09
out__t460                          7.94205e-09
x2_n5__t698                                  6
vdd_drv__t1308                               6
vdd_drv__t981                                6
x2_n5__t697                                  6
out__t707                          7.94188e-09
out__t459                           7.9417e-09
x2_n5__t696                                  6
vdd_drv__t1307                               6
vdd_drv__t980                                6
x2_n5__t695                                  6
out__t706                          7.94153e-09
out__t458                          7.94136e-09
x2_n5__t694                                  6
vdd_drv__t1306                               6
vdd_drv__t979                                6
x2_n5__t693                                  6
out__t705                          7.94119e-09
out__t457                          7.94102e-09
x2_n5__t692                                  6
vdd_drv__t1305                               6
vdd_drv__t978                                6
x2_n5__t691                                  6
out__t704                          7.94084e-09
out__t456                          7.94067e-09
x2_n5__t690                                  6
vdd_drv__t1304                               6
vdd_drv__t982                                6
x2_n5__t699                                  6
out__t708                           7.9405e-09
out__t454                          7.94033e-09
x2_n5__t688                                  6
vdd_drv__t1302                               6
vdd_drv__t977                                6
x2_n5__t687                                  6
out__t703                          7.94016e-09
out__t453                          7.93999e-09
x2_n5__t686                                  6
vdd_drv__t1301                               6
vdd_drv__t976                                6
x2_n5__t685                                  6
out__t702                          7.93981e-09
out__t452                          7.93964e-09
x2_n5__t684                                  6
vdd_drv__t1300                               6
vdd_drv__t975                                6
x2_n5__t683                                  6
out__t701                          7.93947e-09
out__t451                           7.9393e-09
x2_n5__t682                                  6
vdd_drv__t1299                               6
vdd_drv__t974                                6
x2_n5__t681                                  6
out__t700                          7.93912e-09
out__t450                          7.93895e-09
x2_n5__t680                                  6
vdd_drv__t1298                               6
vdd_drv__t988                                6
x2_n5__t709                                  6
out__t714                          7.93878e-09
out__t470                          7.94927e-09
x2_n5__t720                                  6
vdd_drv__t668                                6
in                                           0
in_drv                             3.67486e-09
out                                7.91281e-09
x1_inb                                     3.3
x1_na                                  2.43092
x1_nb                              2.17868e-09
x1_nbuf1                                     6
x1_nca                                 5.99999
x1_ncb                             6.73155e-09
x2_n1                                        6
x2_n2                              8.14974e-09
x2_n3                                        6
x2_n4                              8.29203e-09
x2_n5                                        6
outcap                             7.91281e-09
vimeas#branch                                0
vin#branch                                   0
vgnd_logic#branch                  2.12678e-08
vsup_drv#branch                   -2.00151e-08
vsup_logic#branch                 -1.14103e-09

 Reference value :  0.00000e+00
 Reference value :  4.92800e-09
 Reference value :  1.10280e-08
 Reference value :  1.68280e-08
 Reference value :  2.05015e-08
 Reference value :  2.22807e-08
 Reference value :  2.51377e-08
 Reference value :  2.65973e-08
 Reference value :  2.74355e-08
 Reference value :  3.25759e-08
 Reference value :  3.84759e-08
 Reference value :  4.43759e-08
 Reference value :  5.01759e-08
 Reference value :  5.54759e-08
 Reference value :  6.13759e-08
 Reference value :  6.72759e-08
 Reference value :  7.30759e-08
 Reference value :  7.90759e-08
 Reference value :  8.49759e-08
 Reference value :  9.07759e-08
 Reference value :  9.66759e-08
 Reference value :  1.02476e-07
 Reference value :  1.08376e-07
 Reference value :  1.14276e-07
 Reference value :  1.20076e-07
 Reference value :  1.25476e-07
 Reference value :  1.30276e-07
 Reference value :  1.35076e-07
 Reference value :  1.39876e-07
 Reference value :  1.44476e-07
 Reference value :  1.49076e-07
 Reference value :  1.53676e-07
 Reference value :  1.58376e-07
 Reference value :  1.63176e-07
 Reference value :  1.67876e-07
 Reference value :  1.72676e-07
 Reference value :  1.77476e-07
 Reference value :  1.82276e-07
 Reference value :  1.86976e-07
 Reference value :  1.90976e-07
 Reference value :  1.94976e-07
 Reference value :  1.98976e-07
 Reference value :  2.02976e-07
 Reference value :  2.06976e-07
 Reference value :  2.10976e-07
 Reference value :  2.14976e-07
 Reference value :  2.18976e-07
 Reference value :  2.22976e-07
 Reference value :  2.26976e-07
 Reference value :  2.30976e-07
 Reference value :  2.34976e-07
 Reference value :  2.38876e-07
 Reference value :  2.42776e-07
 Reference value :  2.46676e-07
 Reference value :  2.50676e-07
 Reference value :  2.54676e-07
 Reference value :  2.58676e-07
 Reference value :  2.62476e-07
 Reference value :  2.66376e-07
 Reference value :  2.70476e-07
 Reference value :  2.74476e-07
 Reference value :  2.78476e-07
 Reference value :  2.82376e-07
 Reference value :  2.86376e-07
 Reference value :  2.90376e-07
 Reference value :  2.94376e-07
 Reference value :  2.98376e-07
 Reference value :  3.02276e-07
 Reference value :  3.06176e-07
 Reference value :  3.10176e-07
 Reference value :  3.14076e-07
 Reference value :  3.17976e-07
 Reference value :  3.21220e-07
 Reference value :  3.22127e-07
 Reference value :  3.24305e-07
 Reference value :  3.25960e-07
 Reference value :  3.26712e-07
 Reference value :  3.30769e-07
 Reference value :  3.36369e-07
 Reference value :  3.42069e-07
 Reference value :  3.47669e-07
 Reference value :  3.53469e-07
 Reference value :  3.59169e-07
 Reference value :  3.64969e-07
 Reference value :  3.70769e-07
 Reference value :  3.76569e-07
 Reference value :  3.82269e-07
 Reference value :  3.88069e-07
 Reference value :  3.93769e-07
 Reference value :  3.99569e-07
 Reference value :  4.05269e-07
 Reference value :  4.10869e-07
 Reference value :  4.16569e-07
 Reference value :  4.22369e-07
 Reference value :  4.28169e-07
 Reference value :  4.33769e-07
 Reference value :  4.39469e-07
 Reference value :  4.45069e-07
 Reference value :  4.50669e-07
 Reference value :  4.56369e-07
 Reference value :  4.62069e-07
 Reference value :  4.67869e-07
 Reference value :  4.73569e-07
 Reference value :  4.79169e-07
 Reference value :  4.84969e-07
 Reference value :  4.90769e-07
 Reference value :  4.96469e-07
 Reference value :  5.02169e-07
 Reference value :  5.07869e-07
 Reference value :  5.13569e-07
 Reference value :  5.19269e-07
 Reference value :  5.24969e-07
 Reference value :  5.30769e-07
 Reference value :  5.36469e-07
 Reference value :  5.42169e-07
 Reference value :  5.47869e-07
 Reference value :  5.53669e-07
 Reference value :  5.59469e-07
 Reference value :  5.65069e-07
 Reference value :  5.70769e-07
 Reference value :  5.76469e-07
 Reference value :  5.82069e-07
 Reference value :  5.87769e-07
 Reference value :  5.93469e-07
 Reference value :  5.99169e-07
 Reference value :  6.04869e-07
 Reference value :  6.10769e-07
 Reference value :  6.16469e-07
 Reference value :  6.22169e-07
 Reference value :  6.27869e-07
 Reference value :  6.33469e-07
 Reference value :  6.39669e-07
 Reference value :  6.45969e-07
 Reference value :  6.51669e-07
 Reference value :  6.57569e-07
 Reference value :  6.63369e-07
 Reference value :  6.69069e-07
 Reference value :  6.74969e-07
 Reference value :  6.80769e-07
 Reference value :  6.86569e-07
 Reference value :  6.92369e-07
 Reference value :  6.97669e-07
No. of Data Rows : 7161
trise10_90          =  5.37791e-09 targ=  3.29278e-08 trig=  2.75499e-08
tfall10_90          =  5.57375e-09 targ=  3.32665e-07 trig=  3.27091e-07
tpdlh               =  9.06798e-09 targ=  2.95680e-08 trig=  2.05000e-08
tpdhl               =  7.95163e-09 targ=  3.29452e-07 trig=  3.21500e-07
m_trise_s = 5.3779150000e-09
m_tfall_s = 5.5737520000e-09
m_tpdlh_s = 9.0679820000e-09
m_tpdhl_s = 7.9516270000e-09
m_ipeak_source_a = 1.2416801820e+00
m_ipeak_sink_a = 1.0386513789e+00
m_vout_max_v = 6.0037482266e+00
m_vout_min_v = -2.493829243e-03
m_vin_max_v = 3.3000000000e+00
m_vin_min_v = 0.0000000000e+00
m_indrv_max_v = 6.0097022458e+00
m_indrv_min_v = -3.796525517e-03
m_n1_max_v = 6.0059210340e+00
m_n1_min_v = -4.286473889e-03
m_n2_max_v = 6.0121036450e+00
m_n2_min_v = -7.661406851e-03
m_n3_max_v = 6.0087349583e+00
m_n3_min_v = -7.662472788e-03
m_n4_max_v = 6.0164821495e+00
m_n4_min_v = -1.085693334e-02
m_n5_max_v = 6.0275420465e+00
m_n5_min_v = -1.316876943e-02
Note: Simulation executed from .control section 

Note: vimeas: has no value, DC 0 assumed
