
Note: No compatibility mode selected!


Circuit: * gate-driver-core-drive-postlayout @ tt_27c_vlogic3p30v-vdrv5p00v -- generated by sim/harness, do not edit

Doing analysis at TEMP = 27.000000 and TNOM = 27.000000

Using SPARSE 1.3 as Direct Linear Solver

Initial Transient Solution
--------------------------

Node                                   Voltage
----                                   -------
x1_inb__t1                                 3.3
in__t1                                       0
gnd_drv_gnd_logic__t299            4.07825e-11
gnd_logic                                    0
x2_n3__t1                                    5
x2_n2__t2                          2.67862e-09
gnd_drv_gnd_logic__t302            5.82019e-12
gnd_drv                            3.66947e-12
gnd_drv_gnd_logic__t407            3.97742e-11
x2_n5__t131                                  5
out__t174                          3.15131e-09
out__t61                           3.15126e-09
x2_n5__t121                                  5
gnd_drv_gnd_logic__t547            4.01254e-11
gnd_drv_gnd_logic__t402            4.04763e-11
x2_n5__t120                                  5
out__t169                          3.15119e-09
out__t49                           3.15111e-09
x2_n5__t93                                   5
gnd_drv_gnd_logic__t535            4.08268e-11
gnd_drv_gnd_logic__t386             4.1177e-11
x2_n5__t92                                   5
out__t153                            3.151e-09
out__t60                           3.15088e-09
x2_n5__t119                                  5
gnd_drv_gnd_logic__t546            4.15284e-11
gnd_drv_gnd_logic__t387             4.1878e-11
x2_n5__t94                                   5
out__t154                          3.15074e-09
out__t62                            3.1506e-09
x2_n5__t122                                  5
gnd_drv_gnd_logic__t548            4.22274e-11
gnd_drv_gnd_logic__t408             4.2578e-11
x2_n5__t132                                  5
out__t175                          3.15044e-09
out__t67                           3.15027e-09
x2_n5__t133                                  5
gnd_drv_gnd_logic__t553            4.29269e-11
x2_n4__t185                        2.89842e-09
x2_n3__t5                                    5
gnd_drv_gnd_logic__t306            3.52275e-11
gnd_drv_gnd_logic__t409            4.32757e-11
x2_n5__t134                                  5
out__t176                           3.1501e-09
out__t68                           3.14992e-09
x2_n5__t135                                  5
gnd_drv_gnd_logic__t554            4.36256e-11
gnd_drv_gnd_logic__t410            4.39754e-11
x2_n5__t136                                  5
out__t177                          3.14973e-09
out__t69                           3.14954e-09
x2_n5__t137                                  5
gnd_drv_gnd_logic__t555            4.43235e-11
gnd_drv_gnd_logic__t411            4.46729e-11
x2_n5__t138                                  5
out__t178                          3.14935e-09
out__t70                           3.14915e-09
x2_n5__t139                                  5
gnd_drv_gnd_logic__t556            4.50222e-11
gnd_drv_gnd_logic__t416            4.53698e-11
x2_n5__t149                                  5
out__t183                          3.14895e-09
out__t72                           3.14875e-09
x2_n5__t141                                  5
gnd_drv_gnd_logic__t558            4.57187e-11
gnd_drv_gnd_logic__t412            4.60675e-11
x2_n5__t142                                  5
out__t179                          3.14854e-09
out__t73                           3.14833e-09
x2_n5__t143                                  5
gnd_drv_gnd_logic__t559            4.64161e-11
gnd_drv_gnd_logic__t508            3.50407e-11
x2_n3__t6                                    5
x2_n4__t184                        2.90858e-09
gnd_drv_gnd_logic__t413            4.67645e-11
x2_n5__t144                                  5
out__t180                          3.14812e-09
out__t74                           3.14791e-09
x2_n5__t145                                  5
gnd_drv_gnd_logic__t560            4.71128e-11
gnd_drv_gnd_logic__t414            4.74609e-11
x2_n5__t146                                  5
out__t181                           3.1477e-09
out__t75                           3.14749e-09
x2_n5__t147                                  5
gnd_drv_gnd_logic__t561            4.78089e-11
gnd_drv_gnd_logic__t415            4.81568e-11
x2_n5__t148                                  5
out__t182                          3.14727e-09
out__t71                           3.14705e-09
x2_n5__t140                                  5
gnd_drv_gnd_logic__t557            4.85045e-11
gnd_drv_gnd_logic__t399            4.88521e-11
x2_n5__t114                                  5
out__t166                          3.14684e-09
out__t58                           3.14662e-09
x2_n5__t115                                  5
gnd_drv_gnd_logic__t544            4.91995e-11
gnd_drv_gnd_logic__t400            4.95482e-11
x2_n5__t116                                  5
out__t167                           3.1464e-09
out__t59                           3.14618e-09
x2_n5__t117                                  5
gnd_drv_gnd_logic__t545            4.98954e-11
x2_n4__t183                        2.91878e-09
x2_n3__t18                                   5
gnd_drv_gnd_logic__t507            3.48523e-11
gnd_drv_gnd_logic__t401            5.02424e-11
x2_n5__t118                                  5
out__t168                          3.14596e-09
out__t36                           3.14574e-09
x2_n5__t70                                   5
gnd_drv_gnd_logic__t498            5.05893e-11
gnd_drv_gnd_logic__t426            5.09375e-11
x2_n5__t164                                  5
out__t192                          3.14552e-09
out__t44                            3.1453e-09
x2_n5__t85                                   5
gnd_drv_gnd_logic__t530            5.12841e-11
gnd_drv_gnd_logic__t308            5.16306e-11
x2_n5__t1                                    5
out__t0                            3.14508e-09
out__t108                          3.13628e-09
x2_n5__t216                                  5
gnd_drv_gnd_logic__t594            1.40697e-11
gnd_drv_gnd_logic__t451            1.43718e-11
x2_n5__t215                                  5
out__t217                          3.13651e-09
out__t107                          3.13674e-09
x2_n5__t213                                  5
gnd_drv_gnd_logic__t593            1.46782e-11
gnd_drv_gnd_logic__t449            1.49861e-11
x2_n5__t212                                  5
out__t215                          3.13697e-09
out__t106                          3.13721e-09
x2_n5__t211                                  5
gnd_drv_gnd_logic__t592            1.52982e-11
gnd_drv_gnd_logic__t358            3.46634e-11
x2_n3__t14                                   5
x2_n4__t189                        2.92903e-09
gnd_drv_gnd_logic__t448            1.56132e-11
x2_n5__t210                                  5
out__t214                          3.13744e-09
out__t105                          3.13767e-09
x2_n5__t209                                  5
gnd_drv_gnd_logic__t591            1.59296e-11
gnd_drv_gnd_logic__t450            1.62488e-11
x2_n5__t214                                  5
out__t216                           3.1379e-09
out__t103                          3.13813e-09
x2_n5__t207                                  5
gnd_drv_gnd_logic__t589            1.65709e-11
gnd_drv_gnd_logic__t447            1.68944e-11
x2_n5__t206                                  5
out__t213                          3.13837e-09
out__t102                           3.1386e-09
x2_n5__t205                                  5
gnd_drv_gnd_logic__t588            1.72208e-11
gnd_drv_gnd_logic__t446            1.75471e-11
x2_n5__t204                                  5
out__t212                          3.13883e-09
out__t79                           3.13906e-09
x2_n5__t158                                  5
gnd_drv_gnd_logic__t565            1.78763e-11
gnd_drv_gnd_logic__t427            1.82069e-11
x2_n5__t165                                  5
out__t193                          3.13929e-09
out__t81                           3.13952e-09
x2_n5__t163                                  5
gnd_drv_gnd_logic__t567            1.85389e-11
x2_n4__t179                        2.93931e-09
x2_n3__t13                                   5
gnd_drv_gnd_logic__t501            3.44728e-11
gnd_drv_gnd_logic__t425            1.88724e-11
x2_n5__t162                                  5
out__t191                          3.13975e-09
out__t95                           3.13999e-09
x2_n5__t190                                  5
gnd_drv_gnd_logic__t581            1.92058e-11
gnd_drv_gnd_logic__t441             1.9542e-11
x2_n5__t194                                  5
out__t207                          3.14022e-09
out__t109                          3.14045e-09
x2_n5__t219                                  5
gnd_drv_gnd_logic__t595            1.98782e-11
gnd_drv_gnd_logic__t453            2.02158e-11
x2_n5__t218                                  5
out__t219                          3.14068e-09
out__t104                          3.14091e-09
x2_n5__t208                                  5
gnd_drv_gnd_logic__t590            2.05534e-11
gnd_drv_gnd_logic__t438            2.08939e-11
x2_n5__t189                                  5
out__t204                          3.14114e-09
out__t94                           3.14137e-09
x2_n5__t188                                  5
gnd_drv_gnd_logic__t580            2.12343e-11
gnd_drv_gnd_logic__t437            2.15747e-11
x2_n5__t187                                  5
out__t203                           3.1416e-09
out__t93                           3.14183e-09
x2_n5__t186                                  5
gnd_drv_gnd_logic__t579            2.19165e-11
gnd_drv_gnd_logic__t357            3.42818e-11
x2_n3__t12                                   5
x2_n4__t188                        2.94963e-09
gnd_drv_gnd_logic__t396            2.22583e-11
x2_n5__t109                                  5
out__t163                          3.14206e-09
out__t96                           3.14229e-09
x2_n5__t192                                  5
gnd_drv_gnd_logic__t582            2.26014e-11
gnd_drv_gnd_logic__t439             2.2946e-11
x2_n5__t191                                  5
out__t205                          3.14252e-09
out__t55                           3.14275e-09
x2_n5__t108                                  5
gnd_drv_gnd_logic__t541            2.32891e-11
gnd_drv_gnd_logic__t395            2.36351e-11
x2_n5__t107                                  5
out__t162                          3.14298e-09
out__t54                            3.1432e-09
x2_n5__t106                                  5
gnd_drv_gnd_logic__t540            2.39796e-11
gnd_drv_gnd_logic__t394            2.43255e-11
x2_n5__t105                                  5
out__t161                          3.14343e-09
out__t57                           3.14366e-09
x2_n5__t113                                  5
gnd_drv_gnd_logic__t543            2.46713e-11
gnd_drv_gnd_logic__t392            2.50186e-11
x2_n5__t103                                  5
out__t159                          3.14389e-09
out__t53                           3.14412e-09
x2_n5__t102                                  5
gnd_drv_gnd_logic__t539            2.53659e-11
x2_n4__t178                        2.95999e-09
x2_n3__t11                                   5
gnd_drv_gnd_logic__t500            3.40903e-11
gnd_drv_gnd_logic__t424            2.57131e-11
x2_n5__t161                                  5
out__t190                          3.14434e-09
out__t52                           3.14457e-09
x2_n5__t100                                  5
gnd_drv_gnd_logic__t538            2.60617e-11
gnd_drv_gnd_logic__t390            2.64103e-11
x2_n5__t99                                   5
out__t157                           3.1448e-09
out__t51                           3.14502e-09
x2_n5__t98                                   5
gnd_drv_gnd_logic__t537            2.67588e-11
gnd_drv_gnd_logic__t389            2.71073e-11
x2_n5__t97                                   5
out__t156                          3.14525e-09
out__t50                           3.14547e-09
x2_n5__t96                                   5
gnd_drv_gnd_logic__t536            2.74558e-11
gnd_drv_gnd_logic__t384            2.78057e-11
x2_n5__t86                                   5
out__t151                           3.1457e-09
out__t100                          3.14592e-09
x2_n5__t202                                  5
gnd_drv_gnd_logic__t586            2.81556e-11
gnd_drv_gnd_logic__t445            2.85054e-11
x2_n5__t201                                  5
out__t211                          3.14614e-09
out__t99                           3.14637e-09
x2_n5__t200                                  5
gnd_drv_gnd_logic__t585            2.88566e-11
gnd_drv_gnd_logic__t356            3.38968e-11
x2_n3__t10                                   5
x2_n4__t187                        2.97037e-09
gnd_drv_gnd_logic__t444            2.92063e-11
x2_n5__t199                                  5
out__t210                          3.14659e-09
out__t98                           3.14681e-09
x2_n5__t198                                  5
gnd_drv_gnd_logic__t584            2.95575e-11
gnd_drv_gnd_logic__t443            2.99086e-11
x2_n5__t197                                  5
out__t209                          3.14703e-09
out__t97                           3.14725e-09
x2_n5__t196                                  5
gnd_drv_gnd_logic__t583            3.02596e-11
gnd_drv_gnd_logic__t442            3.06107e-11
x2_n5__t195                                  5
out__t208                          3.14747e-09
out__t101                          3.14768e-09
x2_n5__t203                                  5
gnd_drv_gnd_logic__t587            3.09631e-11
gnd_drv_gnd_logic__t440             3.1314e-11
x2_n5__t193                                  5
out__t206                           3.1479e-09
out__t47                           3.14811e-09
x2_n5__t90                                   5
gnd_drv_gnd_logic__t533            3.16664e-11
gnd_drv_gnd_logic__t382            3.20186e-11
x2_n5__t80                                   5
out__t149                          3.14832e-09
out__t46                           3.14853e-09
x2_n5__t88                                   5
gnd_drv_gnd_logic__t532            3.23709e-11
x2_n4__t177                        2.98077e-09
x2_n3__t9                                    5
gnd_drv_gnd_logic__t499            3.37015e-11
gnd_drv_gnd_logic__t344            1.62714e-11
x2_n5__t67                                   5
out__t142                          3.12362e-09
out__t33                           3.12384e-09
x2_n5__t64                                   5
gnd_drv_gnd_logic__t487            1.59554e-11
gnd_drv_gnd_logic__t343            1.56408e-11
x2_n5__t66                                   5
out__t141                          3.12407e-09
out__t34                            3.1243e-09
x2_n5__t65                                   5
gnd_drv_gnd_logic__t488            1.53288e-11
gnd_drv_gnd_logic__t428            1.50197e-11
x2_n5__t167                                  5
out__t194                          3.12452e-09
out__t39                           3.12475e-09
x2_n5__t76                                   5
gnd_drv_gnd_logic__t516            1.47118e-11
gnd_drv_gnd_logic__t338            1.44082e-11
x2_n5__t51                                   5
out__t136                          3.12498e-09
out__t24                           3.12521e-09
x2_n5__t50                                   5
gnd_drv_gnd_logic__t477            1.41087e-11
gnd_drv_gnd_logic__t337             1.3812e-11
x2_n5__t49                                   5
out__t135                          3.12543e-09
out__t23                           3.12566e-09
x2_n5__t48                                   5
gnd_drv_gnd_logic__t476            1.35194e-11
x1_na__t0                              2.43057
in__t2                                       0
gnd_drv_gnd_logic__t300            8.00208e-11
gnd_drv_gnd_logic__t355            3.35069e-11
x2_n3__t8                                    5
x2_n4__t186                        2.99119e-09
gnd_drv_gnd_logic__t391            1.32311e-11
x2_n5__t101                                  5
out__t158                          3.12589e-09
out__t22                           3.12612e-09
x2_n5__t47                                   5
gnd_drv_gnd_logic__t475            1.29484e-11
gnd_drv_gnd_logic__t336            1.26699e-11
x2_n5__t46                                   5
out__t134                          3.12635e-09
out__t21                           3.12657e-09
x2_n5__t45                                   5
gnd_drv_gnd_logic__t474            1.23985e-11
gnd_drv_gnd_logic__t335            1.21327e-11
x2_n5__t44                                   5
out__t133                           3.1268e-09
out__t25                           3.12703e-09
x2_n5__t52                                   5
gnd_drv_gnd_logic__t478             1.1874e-11
gnd_drv_gnd_logic__t333            1.16238e-11
x2_n5__t42                                   5
out__t131                          3.12726e-09
out__t20                           3.12749e-09
x2_n5__t41                                   5
gnd_drv_gnd_logic__t473            1.13821e-11
gnd_drv_gnd_logic__t332             1.1149e-11
x2_n5__t40                                   5
out__t130                          3.12772e-09
out__t19                           3.12795e-09
x2_n5__t39                                   5
gnd_drv_gnd_logic__t472            1.09273e-11
x2_n4__t182                        3.00163e-09
x2_n3__t17                                   5
gnd_drv_gnd_logic__t503            3.33103e-11
gnd_drv_gnd_logic__t331            1.07155e-11
x2_n5__t38                                   5
out__t129                          3.12817e-09
out__t18                            3.1284e-09
x2_n5__t37                                   5
gnd_drv_gnd_logic__t471            1.05181e-11
gnd_drv_gnd_logic__t330             1.0332e-11
x2_n5__t36                                   5
out__t128                          3.12863e-09
out__t31                           3.12886e-09
x2_n5__t61                                   5
gnd_drv_gnd_logic__t484            1.01617e-11
gnd_drv_gnd_logic__t345            1.00072e-11
x2_n5__t68                                   5
out__t143                          3.12909e-09
out__t82                           3.12932e-09
x2_n5__t166                                  5
gnd_drv_gnd_logic__t568            9.86983e-12
gnd_drv_gnd_logic__t421            9.75111e-12
x2_n5__t157                                  5
out__t188                          3.12955e-09
out__t83                           3.12978e-09
x2_n5__t168                                  5
gnd_drv_gnd_logic__t569            9.65247e-12
gnd_drv_gnd_logic__t420            9.57247e-12
x2_n5__t156                                  5
out__t187                          3.13001e-09
out__t78                           3.13024e-09
x2_n5__t155                                  5
gnd_drv_gnd_logic__t564            9.51545e-12
gnd_drv_gnd_logic__t360            3.31116e-11
x2_n3__t16                                   5
x2_n4__t190                        3.01207e-09
gnd_drv_gnd_logic__t419            9.47853e-12
x2_n5__t154                                  5
out__t186                          3.13047e-09
out__t77                           3.13071e-09
x2_n5__t153                                  5
gnd_drv_gnd_logic__t563            9.46603e-12
gnd_drv_gnd_logic__t418            9.47364e-12
x2_n5__t152                                  5
out__t185                          3.13094e-09
out__t76                           3.13117e-09
x2_n5__t151                                  5
gnd_drv_gnd_logic__t562            9.50568e-12
gnd_drv_gnd_logic__t417            9.55929e-12
x2_n5__t150                                  5
out__t184                           3.1314e-09
out__t87                           3.13163e-09
x2_n5__t175                                  5
gnd_drv_gnd_logic__t573            9.63301e-12
gnd_drv_gnd_logic__t436             9.7283e-12
x2_n5__t184                                  5
out__t202                          3.13186e-09
out__t91                            3.1321e-09
x2_n5__t183                                  5
gnd_drv_gnd_logic__t577            9.84372e-12
gnd_drv_gnd_logic__t435            9.97783e-12
x2_n5__t182                                  5
out__t201                          3.13233e-09
out__t90                           3.13256e-09
x2_n5__t181                                  5
gnd_drv_gnd_logic__t576            1.01292e-11
x2_n4__t180                        3.02252e-09
x2_n3__t15                                   5
gnd_drv_gnd_logic__t502            3.29121e-11
gnd_drv_gnd_logic__t434            1.02964e-11
x2_n5__t180                                  5
out__t200                          3.13279e-09
out__t89                           3.13302e-09
x2_n5__t179                                  5
gnd_drv_gnd_logic__t575            1.04793e-11
gnd_drv_gnd_logic__t433            1.06767e-11
x2_n5__t178                                  5
out__t199                          3.13326e-09
out__t88                           3.13349e-09
x2_n5__t177                                  5
gnd_drv_gnd_logic__t574            1.08856e-11
gnd_drv_gnd_logic__t432            1.11059e-11
x2_n5__t176                                  5
out__t198                          3.13372e-09
out__t92                           3.13395e-09
x2_n5__t185                                  5
gnd_drv_gnd_logic__t578            1.13378e-11
gnd_drv_gnd_logic__t431            1.15797e-11
x2_n5__t174                                  5
out__t197                          3.13419e-09
out__t86                           3.13442e-09
x2_n5__t173                                  5
gnd_drv_gnd_logic__t572            1.18302e-11
gnd_drv_gnd_logic__t430            1.20879e-11
x2_n5__t172                                  5
out__t196                          3.13465e-09
out__t85                           3.13488e-09
x2_n5__t171                                  5
gnd_drv_gnd_logic__t571            1.23542e-11
gnd_drv_gnd_logic__t307            3.27118e-11
x2_n3__t7                                    5
x2_n4__t181                        3.03296e-09
gnd_drv_gnd_logic__t429            1.26263e-11
x2_n5__t170                                  5
out__t195                          3.13511e-09
out__t84                           3.13535e-09
x2_n5__t169                                  5
gnd_drv_gnd_logic__t570            1.29055e-11
gnd_drv_gnd_logic__t388             1.3189e-11
x2_n5__t95                                   5
out__t155                          3.13558e-09
out__t45                           3.13581e-09
x2_n5__t87                                   5
gnd_drv_gnd_logic__t531            1.34783e-11
gnd_drv_gnd_logic__t452            1.37718e-11
x2_n5__t217                                  5
out__t218                          3.13604e-09
out__t110                          3.11126e-09
x2_n5__t220                                  5
gnd_drv_gnd_logic__t309              3.489e-11
gnd_drv_gnd_logic__t328            3.45453e-11
x2_n5__t34                                   5
out__t126                          3.11148e-09
out__t14                            3.1117e-09
x2_n5__t26                                   5
gnd_drv_gnd_logic__t467            3.42004e-11
gnd_drv_gnd_logic__t326            3.38555e-11
x2_n5__t32                                   5
out__t124                          3.11193e-09
out__t17                           3.11215e-09
x2_n5__t31                                   5
gnd_drv_gnd_logic__t470            3.35117e-11
x2_n5__t747                                  5
x2_n4__t54                         3.40217e-09
gnd_drv_gnd_logic__t310            4.16921e-12
gnd_drv_gnd_logic__t325            3.31665e-11
x2_n5__t30                                   5
out__t123                          3.11237e-09
out__t16                           3.11259e-09
x2_n5__t29                                   5
gnd_drv_gnd_logic__t469            3.28225e-11
gnd_drv_gnd_logic__t324            3.24785e-11
x2_n5__t28                                   5
out__t122                          3.11282e-09
out__t15                           3.11304e-09
x2_n5__t27                                   5
gnd_drv_gnd_logic__t468            3.21342e-11
gnd_drv_gnd_logic__t329            3.17899e-11
x2_n5__t35                                   5
out__t127                          3.11326e-09
out__t13                           3.11349e-09
x2_n5__t25                                   5
gnd_drv_gnd_logic__t466            3.14454e-11
gnd_drv_gnd_logic__t323            3.11008e-11
x2_n5__t24                                   5
out__t121                          3.11371e-09
out__t12                           3.11393e-09
x2_n5__t23                                   5
gnd_drv_gnd_logic__t465            3.07561e-11
gnd_drv_gnd_logic__t322            3.04127e-11
x2_n5__t22                                   5
out__t120                          3.11416e-09
out__t11                           3.11438e-09
x2_n5__t21                                   5
gnd_drv_gnd_logic__t464            3.00691e-11
gnd_drv_gnd_logic__t379            4.16354e-12
x2_n4__t51                         3.40217e-09
x2_n5__t772                                  5
gnd_drv_gnd_logic__t321             2.9724e-11
x2_n5__t20                                   5
out__t119                           3.1146e-09
out__t10                           3.11483e-09
x2_n5__t19                                   5
gnd_drv_gnd_logic__t463            2.93816e-11
gnd_drv_gnd_logic__t320            2.90376e-11
x2_n5__t18                                   5
out__t118                          3.11505e-09
out__t27                           3.11528e-09
x2_n5__t54                                   5
gnd_drv_gnd_logic__t480            2.86936e-11
gnd_drv_gnd_logic__t370            2.83508e-11
x2_n5__t77                                   5
out__t147                           3.1155e-09
out__t35                           3.11572e-09
x2_n5__t69                                   5
gnd_drv_gnd_logic__t493            2.80064e-11
gnd_drv_gnd_logic__t369            2.76634e-11
x2_n5__t75                                   5
out__t146                          3.11595e-09
out__t38                           3.11617e-09
x2_n5__t74                                   5
gnd_drv_gnd_logic__t515            2.73216e-11
gnd_drv_gnd_logic__t368            2.69783e-11
x2_n5__t73                                   5
out__t145                           3.1164e-09
out__t37                           3.11662e-09
x2_n5__t72                                   5
gnd_drv_gnd_logic__t514            2.66363e-11
x2_n5__t746                                  5
x2_n4__t50                         3.40217e-09
gnd_drv_gnd_logic__t525            4.15785e-12
gnd_drv_gnd_logic__t367            2.62942e-11
x2_n5__t71                                   5
out__t144                          3.11684e-09
out__t32                           3.11707e-09
x2_n5__t63                                   5
gnd_drv_gnd_logic__t486             2.5952e-11
gnd_drv_gnd_logic__t342            2.56096e-11
x2_n5__t62                                   5
out__t140                          3.11729e-09
out__t2                            3.11752e-09
x2_n5__t3                                    5
gnd_drv_gnd_logic__t455            2.52685e-11
gnd_drv_gnd_logic__t319            2.49273e-11
x2_n5__t17                                   5
out__t117                          3.11774e-09
out__t1                            3.11797e-09
x2_n5__t2                                    5
gnd_drv_gnd_logic__t454            2.45859e-11
gnd_drv_gnd_logic__t341            2.42459e-11
x2_n5__t60                                   5
out__t139                          3.11819e-09
out__t30                           3.11842e-09
x2_n5__t59                                   5
gnd_drv_gnd_logic__t483            2.39057e-11
gnd_drv_gnd_logic__t340            2.35654e-11
x2_n5__t58                                   5
out__t138                          3.11864e-09
out__t29                           3.11887e-09
x2_n5__t57                                   5
gnd_drv_gnd_logic__t482            2.32264e-11
gnd_drv_gnd_logic__t378            4.15217e-12
x2_n4__t49                         3.40217e-09
x2_n5__t771                                  5
gnd_drv_gnd_logic__t339            2.28873e-11
x2_n5__t56                                   5
out__t137                          3.11909e-09
out__t28                           3.11932e-09
x2_n5__t55                                   5
gnd_drv_gnd_logic__t481             2.2548e-11
gnd_drv_gnd_logic__t334            2.22101e-11
x2_n5__t43                                   5
out__t132                          3.11954e-09
out__t26                           3.11977e-09
x2_n5__t53                                   5
gnd_drv_gnd_logic__t479            2.18734e-11
gnd_drv_gnd_logic__t327            2.15367e-11
x2_n5__t33                                   5
out__t125                          3.11999e-09
out__t9                            3.12022e-09
x2_n5__t16                                   5
gnd_drv_gnd_logic__t462            2.11998e-11
gnd_drv_gnd_logic__t318            2.08642e-11
x2_n5__t15                                   5
out__t116                          3.12045e-09
out__t8                            3.12067e-09
x2_n5__t14                                   5
gnd_drv_gnd_logic__t461            2.05298e-11
gnd_drv_gnd_logic__t317            2.01954e-11
x2_n5__t13                                   5
out__t115                           3.1209e-09
out__t7                            3.12112e-09
x2_n5__t12                                   5
gnd_drv_gnd_logic__t460            1.98623e-11
x2_n5__t745                                  5
x2_n4__t48                         3.40217e-09
gnd_drv_gnd_logic__t524            4.14648e-12
gnd_drv_gnd_logic__t316            1.95291e-11
x2_n5__t11                                   5
out__t114                          3.12135e-09
out__t6                            3.12158e-09
x2_n5__t10                                   5
gnd_drv_gnd_logic__t459            1.91986e-11
gnd_drv_gnd_logic__t315            1.88679e-11
x2_n5__t9                                    5
out__t113                           3.1218e-09
out__t5                            3.12203e-09
x2_n5__t8                                    5
gnd_drv_gnd_logic__t458            1.85386e-11
gnd_drv_gnd_logic__t314            1.82106e-11
x2_n5__t7                                    5
out__t112                          3.12225e-09
out__t4                            3.12248e-09
x2_n5__t6                                    5
gnd_drv_gnd_logic__t457            1.78839e-11
gnd_drv_gnd_logic__t313            1.75585e-11
x2_n5__t5                                    5
out__t111                          3.12271e-09
out__t3                            3.12293e-09
x2_n5__t4                                    5
gnd_drv_gnd_logic__t456            1.72344e-11
gnd_drv_gnd_logic__t422            1.69116e-11
x2_n5__t159                                  5
out__t189                          3.12316e-09
out__t80                           3.12339e-09
x2_n5__t160                                  5
gnd_drv_gnd_logic__t566            1.65916e-11
x1_nb__t1                          4.76706e-10
x1_inb__t2                                 3.3
gnd_drv_gnd_logic__t311            4.83654e-11
gnd_drv_gnd_logic__t377            4.14081e-12
x2_n4__t47                         3.40217e-09
x2_n5__t770                                  5
x2_n5__t744                                  5
x2_n4__t46                         3.40217e-09
gnd_drv_gnd_logic__t523            4.13511e-12
gnd_drv_gnd_logic__t376            4.12944e-12
x2_n4__t45                         3.40217e-09
x2_n5__t769                                  5
x2_n5__t743                                  5
x2_n4__t44                         3.40217e-09
gnd_drv_gnd_logic__t522            4.12377e-12
gnd_drv_gnd_logic__t380             4.1181e-12
x2_n4__t52                         3.40217e-09
x2_n5__t773                                  5
x2_n5__t741                                  5
x2_n4__t40                         3.40217e-09
gnd_drv_gnd_logic__t520             4.1124e-12
gnd_drv_gnd_logic__t362            4.10675e-12
x2_n4__t25                         3.40217e-09
x2_n5__t759                                  5
x2_n5__t738                                  5
x2_n4__t34                         3.40217e-09
gnd_drv_gnd_logic__t517            4.10108e-12
gnd_drv_gnd_logic__t366            4.09541e-12
x2_n4__t31                         3.40217e-09
x2_n5__t763                                  5
x2_n5__t735                                  5
x2_n4__t30                         3.40217e-09
gnd_drv_gnd_logic__t511            4.08973e-12
x1_nca__t2                                   5
vdd_logic__t3                              3.3
x1_na__t1                              2.43057
gnd_drv_gnd_logic__t363            4.08406e-12
x2_n4__t26                         3.40217e-09
x2_n5__t760                                  5
x2_n5__t742                                  5
x2_n4__t41                         3.40217e-09
gnd_drv_gnd_logic__t521            4.07841e-12
gnd_drv_gnd_logic__t373            4.07274e-12
x2_n4__t38                         3.40217e-09
x2_n5__t766                                  5
x2_n5__t737                                  5
x2_n4__t33                         3.40217e-09
gnd_drv_gnd_logic__t513            4.06709e-12
gnd_drv_gnd_logic__t365            4.06144e-12
x2_n4__t29                         3.40217e-09
x2_n5__t762                                  5
x2_n5__t740                                  5
x2_n4__t39                         3.40217e-09
gnd_drv_gnd_logic__t519            4.05579e-12
gnd_drv_gnd_logic__t364            4.05014e-12
x2_n4__t28                         3.40217e-09
x2_n5__t761                                  5
x2_n5__t734                                  5
x2_n4__t27                         3.40217e-09
gnd_drv_gnd_logic__t510            4.04449e-12
gnd_drv_gnd_logic__t374            4.03885e-12
x2_n4__t42                         3.40217e-09
x2_n5__t767                                  5
x2_n5__t733                                  5
x2_n4__t24                         3.40217e-09
gnd_drv_gnd_logic__t509            4.03322e-12
x1_ncb__t0                         2.94879e-09
vdd_logic__t2                              3.3
x1_nb__t0                          2.15619e-09
gnd_drv_gnd_logic__t375            4.02757e-12
x2_n4__t43                         3.40217e-09
x2_n5__t768                                  5
x2_n5__t721                                  5
x2_n4__t1                          3.40217e-09
gnd_drv_gnd_logic__t485            4.02194e-12
gnd_drv_gnd_logic__t346            4.01632e-12
x2_n4__t2                          3.40217e-09
x2_n5__t748                                  5
x2_n5__t730                                  5
x2_n4__t20                         3.40217e-09
gnd_drv_gnd_logic__t504            4.01069e-12
gnd_drv_gnd_logic__t349            4.00506e-12
x2_n4__t9                          3.40217e-09
x2_n5__t751                                  5
x2_n5__t725                                  5
x2_n4__t8                          3.40217e-09
gnd_drv_gnd_logic__t492            3.99946e-12
gnd_drv_gnd_logic__t372            3.99383e-12
x2_n4__t37                         3.40217e-09
x2_n5__t765                                  5
x2_n5__t739                                  5
x2_n4__t36                         3.40217e-09
gnd_drv_gnd_logic__t518            3.98823e-12
gnd_drv_gnd_logic__t371            3.98263e-12
x2_n4__t35                         3.40217e-09
x2_n5__t764                                  5
x2_n5__t736                                  5
x2_n4__t32                         3.40217e-09
gnd_drv_gnd_logic__t512            3.97705e-12
x1_nbuf1__t3                                 5
x1_ncb__t3                         4.02969e-09
gnd_drv_gnd_logic__t305            4.44571e-12
gnd_drv_gnd_logic__t353            3.97144e-12
x2_n4__t17                         3.40217e-09
x2_n5__t755                                  5
x2_n5__t729                                  5
x2_n4__t16                         3.40217e-09
gnd_drv_gnd_logic__t497            3.96586e-12
gnd_drv_gnd_logic__t352            3.96028e-12
x2_n4__t15                         3.40217e-09
x2_n5__t754                                  5
x2_n5__t728                                  5
x2_n4__t14                         3.40217e-09
gnd_drv_gnd_logic__t496             3.9547e-12
gnd_drv_gnd_logic__t351            3.94914e-12
x2_n4__t13                         3.40217e-09
x2_n5__t753                                  5
x2_n5__t727                                  5
x2_n4__t12                         3.40217e-09
gnd_drv_gnd_logic__t495            3.94359e-12
gnd_drv_gnd_logic__t350            3.93803e-12
x2_n4__t11                         3.40217e-09
x2_n5__t752                                  5
x2_n5__t726                                  5
x2_n4__t10                         3.40217e-09
gnd_drv_gnd_logic__t494            3.93249e-12
gnd_drv_gnd_logic__t354            3.92696e-12
x2_n4__t18                         3.40217e-09
x2_n5__t756                                  5
x2_n5__t724                                  5
x2_n4__t7                          3.40217e-09
gnd_drv_gnd_logic__t491            3.92145e-12
in_drv__t3                         1.04024e-09
x1_nbuf1__t1                                 5
gnd_drv_gnd_logic__t303            4.39433e-11
gnd_drv_gnd_logic__t348            3.91593e-12
x2_n4__t6                          3.40217e-09
x2_n5__t750                                  5
x2_n5__t723                                  5
x2_n4__t5                          3.40217e-09
gnd_drv_gnd_logic__t490            3.91042e-12
gnd_drv_gnd_logic__t347            3.90493e-12
x2_n4__t4                          3.40217e-09
x2_n5__t749                                  5
x2_n5__t722                                  5
x2_n4__t3                          3.40217e-09
gnd_drv_gnd_logic__t489            3.89947e-12
gnd_drv_gnd_logic__t359              3.894e-12
x2_n4__t19                         3.40217e-09
x2_n5__t757                                  5
x2_n5__t732                                  5
x2_n4__t23                         3.40217e-09
gnd_drv_gnd_logic__t506            3.88853e-12
gnd_drv_gnd_logic__t361            3.88311e-12
x2_n4__t22                         3.40217e-09
x2_n5__t758                                  5
x2_n5__t731                                  5
x2_n4__t21                         3.40217e-09
gnd_drv_gnd_logic__t505            3.87769e-12
gnd_drv_gnd_logic__t423             3.8723e-12
x2_n4__t53                         3.40217e-09
x2_n5__t774                                  5
x2_n5__t0                                    5
x2_n4__t0                          3.40217e-09
gnd_drv_gnd_logic__t312             3.8669e-12
x2_n1__t3                                    5
in_drv__t1                          1.2701e-09
gnd_drv_gnd_logic__t304            3.95676e-12
gnd_drv_gnd_logic__t385             3.2723e-11
x2_n5__t89                                   5
out__t152                          3.14874e-09
out__t42                           3.14894e-09
x2_n5__t82                                   5
gnd_drv_gnd_logic__t528            3.30751e-11
gnd_drv_gnd_logic__t383            3.34272e-11
x2_n5__t84                                   5
out__t150                          3.14915e-09
out__t43                           3.14935e-09
x2_n5__t83                                   5
gnd_drv_gnd_logic__t529            3.37806e-11
gnd_drv_gnd_logic__t381            3.41326e-11
x2_n5__t79                                   5
out__t148                          3.14954e-09
out__t40                           3.14973e-09
x2_n5__t78                                   5
gnd_drv_gnd_logic__t526            3.44858e-11
gnd_drv_gnd_logic__t393             3.4839e-11
x2_n5__t104                                  5
out__t160                          3.14992e-09
out__t56                            3.1501e-09
x2_n5__t111                                  5
gnd_drv_gnd_logic__t542            3.51921e-11
gnd_drv_gnd_logic__t397            3.55451e-11
x2_n5__t110                                  5
out__t164                          3.15027e-09
out__t41                           3.15044e-09
x2_n5__t81                                   5
gnd_drv_gnd_logic__t527             3.5898e-11
x2_n2__t0                          2.00156e-09
x2_n1__t0                                    5
gnd_drv_gnd_logic__t301            3.82012e-11
gnd_drv_gnd_logic__t398            3.62507e-11
x2_n5__t112                                  5
out__t165                           3.1506e-09
out__t48                           3.15075e-09
x2_n5__t91                                   5
gnd_drv_gnd_logic__t534            3.66033e-11
gnd_drv_gnd_logic__t406            3.69571e-11
x2_n5__t130                                  5
out__t173                          3.15088e-09
out__t66                             3.151e-09
x2_n5__t129                                  5
gnd_drv_gnd_logic__t552            3.73093e-11
gnd_drv_gnd_logic__t405            3.76613e-11
x2_n5__t128                                  5
out__t172                          3.15111e-09
out__t65                            3.1512e-09
x2_n5__t127                                  5
gnd_drv_gnd_logic__t551            3.80145e-11
gnd_drv_gnd_logic__t404            3.83673e-11
x2_n5__t126                                  5
out__t171                          3.15126e-09
out__t64                           3.15131e-09
x2_n5__t125                                  5
gnd_drv_gnd_logic__t550            3.87185e-11
gnd_drv_gnd_logic__t403            3.90707e-11
x2_n5__t124                                  5
out__t170                          3.15133e-09
out__t63                           3.15133e-09
x2_n5__t123                                  5
gnd_drv_gnd_logic__t549            3.94226e-11
x1_inb__t0                                 3.3
in__t0                                       0
vdd_logic__t0                              3.3
vdd_logic                                  3.3
x1_nca__t0                                   5
x1_ncb__t1                         4.02969e-09
vdd_drv__t0                                  5
vdd_drv                                      5
x1_ncb__t4                         4.07375e-09
x1_nca__t1                                   5
vdd_drv__t671                                5
x1_nbuf1__t2                                 5
x1_ncb__t2                         4.02969e-09
vdd_drv__t6                                  5
in_drv__t2                         2.60569e-09
x1_nbuf1__t0                                 5
vdd_drv__t8                                  5
x2_n1__t2                                    5
in_drv__t0                          1.2701e-09
vdd_drv__t10                                 5
x2_n2__t3                          3.71522e-09
x2_n1__t1                                    5
vdd_drv__t12                                 5
x2_n3__t0                                    5
x2_n2__t1                          2.67862e-09
vdd_drv__t2                                  5
x2_n4__t207                        3.68263e-09
x2_n3__t2                                    5
vdd_drv__t4                                  5
vdd_drv__t1214                               5
x2_n3__t3                                    5
x2_n4__t206                        3.67839e-09
x2_n4__t196                        3.67419e-09
x2_n3__t30                                   5
vdd_drv__t1213                               5
vdd_drv__t894                                5
x2_n3__t29                                   5
x2_n4__t213                        3.67002e-09
x2_n4__t195                        3.66589e-09
x2_n3__t28                                   5
vdd_drv__t1212                               5
vdd_drv__t893                                5
x2_n3__t27                                   5
x2_n4__t212                         3.6618e-09
x2_n4__t194                        3.65776e-09
x2_n3__t26                                   5
vdd_drv__t1211                               5
vdd_drv__t911                                5
x2_n3__t44                                   5
x2_n4__t220                        3.65375e-09
x2_n4__t204                        3.64979e-09
x2_n3__t43                                   5
vdd_drv__t1233                               5
vdd_drv__t910                                5
x2_n3__t42                                   5
x2_n4__t219                        3.64589e-09
x2_n4__t205                        3.64203e-09
x2_n3__t45                                   5
vdd_drv__t1237                               5
vdd_drv__t909                                5
x2_n3__t41                                   5
x2_n4__t218                        3.63822e-09
x2_n4__t203                        3.63447e-09
x2_n3__t40                                   5
vdd_drv__t1231                               5
vdd_drv__t880                                5
x2_n3__t19                                   5
x2_n4__t208                        3.63077e-09
x2_n4__t199                        3.62714e-09
x2_n3__t36                                   5
vdd_drv__t1228                               5
vdd_drv__t907                                5
x2_n3__t35                                   5
x2_n4__t216                        3.62357e-09
x2_n4__t198                        3.62007e-09
x2_n3__t34                                   5
vdd_drv__t1227                               5
vdd_drv__t906                                5
x2_n3__t33                                   5
x2_n4__t215                        3.61664e-09
x2_n4__t197                        3.61328e-09
x2_n3__t32                                   5
vdd_drv__t1221                               5
vdd_drv__t885                                5
x2_n3__t25                                   5
x2_n4__t211                           3.61e-09
x2_n4__t193                         3.6068e-09
x2_n3__t24                                   5
vdd_drv__t1205                               5
vdd_drv__t884                                5
x2_n3__t23                                   5
x2_n4__t210                        3.60369e-09
x2_n4__t192                        3.60067e-09
x2_n3__t22                                   5
vdd_drv__t1204                               5
vdd_drv__t883                                5
x2_n3__t21                                   5
x2_n4__t209                        3.59773e-09
x2_n4__t191                         3.5949e-09
x2_n3__t20                                   5
vdd_drv__t1203                               5
vdd_drv__t895                                5
x2_n3__t31                                   5
x2_n4__t214                        3.59217e-09
x2_n4__t202                        3.58954e-09
x2_n3__t39                                   5
vdd_drv__t1230                               5
vdd_drv__t908                                5
x2_n3__t38                                   5
x2_n4__t217                        3.58702e-09
x2_n4__t200                        3.58462e-09
x2_n3__t37                                   5
vdd_drv__t1229                               5
vdd_drv__t15                                 5
x2_n3__t4                                    5
x2_n4__t201                        3.58234e-09
vdd_drv__t913                                5
x2_n4__t135                        3.40217e-09
x2_n5__t876                                  5
x2_n5__t776                                  5
x2_n4__t56                         3.40217e-09
vdd_drv__t1031                               5
vdd_drv__t939                                5
x2_n4__t148                        3.40217e-09
x2_n5__t883                                  5
x2_n5__t784                                  5
x2_n4__t73                         3.40217e-09
vdd_drv__t1052                               5
vdd_drv__t943                                5
x2_n4__t155                        3.40217e-09
x2_n5__t887                                  5
x2_n5__t824                                  5
x2_n4__t154                        3.40217e-09
vdd_drv__t1266                               5
vdd_drv__t941                                5
x2_n4__t150                        3.40217e-09
x2_n5__t885                                  5
x2_n5__t816                                  5
x2_n4__t136                        3.40217e-09
vdd_drv__t1242                               5
vdd_drv__t731                                5
x2_n4__t74                         3.40217e-09
x2_n5__t846                                  5
x2_n5__t783                                  5
x2_n4__t72                         3.40217e-09
vdd_drv__t1051                               5
vdd_drv__t730                                5
x2_n4__t71                         3.40217e-09
x2_n5__t845                                  5
x2_n5__t782                                  5
x2_n4__t70                         3.40217e-09
vdd_drv__t1050                               5
vdd_drv__t729                                5
x2_n4__t69                         3.40217e-09
x2_n5__t844                                  5
x2_n5__t781                                  5
x2_n4__t68                         3.40217e-09
vdd_drv__t1049                               5
vdd_drv__t728                                5
x2_n4__t67                         3.40217e-09
x2_n5__t843                                  5
x2_n5__t785                                  5
x2_n4__t75                         3.40217e-09
vdd_drv__t1054                               5
vdd_drv__t727                                5
x2_n4__t66                         3.40217e-09
x2_n5__t842                                  5
x2_n5__t780                                  5
x2_n4__t65                         3.40217e-09
vdd_drv__t1047                               5
vdd_drv__t726                                5
x2_n4__t64                         3.40217e-09
x2_n5__t841                                  5
x2_n5__t779                                  5
x2_n4__t63                         3.40217e-09
vdd_drv__t1046                               5
vdd_drv__t725                                5
x2_n4__t62                         3.40217e-09
x2_n5__t840                                  5
x2_n5__t778                                  5
x2_n4__t61                         3.40217e-09
vdd_drv__t1045                               5
vdd_drv__t724                                5
x2_n4__t60                         3.40217e-09
x2_n5__t839                                  5
x2_n5__t777                                  5
x2_n4__t59                         3.40217e-09
vdd_drv__t1044                               5
vdd_drv__t723                                5
x2_n4__t58                         3.40217e-09
x2_n5__t838                                  5
x2_n5__t786                                  5
x2_n4__t76                         3.40217e-09
vdd_drv__t1125                               5
vdd_drv__t965                                5
x2_n4__t175                        3.40217e-09
x2_n5__t896                                  5
x2_n5__t819                                  5
x2_n4__t141                        3.40217e-09
vdd_drv__t1261                               5
vdd_drv__t940                                5
x2_n4__t149                        3.40217e-09
x2_n5__t884                                  5
x2_n5__t822                                  5
x2_n4__t151                        3.40217e-09
vdd_drv__t1264                               5
vdd_drv__t942                                5
x2_n4__t152                        3.40217e-09
x2_n5__t886                                  5
x2_n5__t823                                  5
x2_n4__t153                        3.40217e-09
vdd_drv__t1265                               5
vdd_drv__t712                                5
x2_n4__t57                         3.40217e-09
x2_n5__t837                                  5
x2_n5__t827                                  5
x2_n4__t160                        3.40217e-09
vdd_drv__t1270                               5
vdd_drv__t945                                5
x2_n4__t158                        3.40217e-09
x2_n5__t888                                  5
x2_n5__t821                                  5
x2_n4__t147                        3.40217e-09
vdd_drv__t1263                               5
vdd_drv__t936                                5
x2_n4__t144                        3.40217e-09
x2_n5__t880                                  5
x2_n5__t820                                  5
x2_n4__t143                        3.40217e-09
vdd_drv__t1262                               5
vdd_drv__t935                                5
x2_n4__t142                        3.40217e-09
x2_n5__t879                                  5
x2_n5__t829                                  5
x2_n4__t163                        3.40217e-09
vdd_drv__t1272                               5
vdd_drv__t947                                5
x2_n4__t162                        3.40217e-09
x2_n5__t890                                  5
x2_n5__t828                                  5
x2_n4__t161                        3.40217e-09
vdd_drv__t1271                               5
vdd_drv__t946                                5
x2_n4__t159                        3.40217e-09
x2_n5__t889                                  5
x2_n5__t825                                  5
x2_n4__t156                        3.40217e-09
vdd_drv__t1267                               5
vdd_drv__t937                                5
x2_n4__t145                        3.40217e-09
x2_n5__t881                                  5
x2_n5__t818                                  5
x2_n4__t140                        3.40217e-09
vdd_drv__t1260                               5
vdd_drv__t934                                5
x2_n4__t139                        3.40217e-09
x2_n5__t878                                  5
x2_n5__t817                                  5
x2_n4__t138                        3.40217e-09
vdd_drv__t1259                               5
vdd_drv__t933                                5
x2_n4__t137                        3.40217e-09
x2_n5__t877                                  5
x2_n5__t830                                  5
x2_n4__t164                        3.40217e-09
vdd_drv__t1273                               5
vdd_drv__t952                                5
x2_n4__t173                        3.40217e-09
x2_n5__t895                                  5
x2_n5__t834                                  5
x2_n4__t172                        3.40217e-09
vdd_drv__t1277                               5
vdd_drv__t951                                5
x2_n4__t171                        3.40217e-09
x2_n5__t894                                  5
x2_n5__t833                                  5
x2_n4__t170                        3.40217e-09
vdd_drv__t1276                               5
vdd_drv__t950                                5
x2_n4__t169                        3.40217e-09
x2_n5__t893                                  5
x2_n5__t832                                  5
x2_n4__t168                        3.40217e-09
vdd_drv__t1275                               5
vdd_drv__t949                                5
x2_n4__t167                        3.40217e-09
x2_n5__t892                                  5
x2_n5__t831                                  5
x2_n4__t166                        3.40217e-09
vdd_drv__t1274                               5
vdd_drv__t948                                5
x2_n4__t165                        3.40217e-09
x2_n5__t891                                  5
x2_n5__t835                                  5
x2_n4__t174                        3.40217e-09
vdd_drv__t1278                               5
vdd_drv__t20                                 5
x2_n4__t55                         3.40217e-09
x2_n5__t775                                  5
x2_n5__t836                                  5
x2_n4__t176                        3.40217e-09
vdd_drv__t669                                5
vdd_drv__t841                                5
x2_n4__t84                         3.40217e-09
x2_n5__t851                                  5
x2_n5__t806                                  5
x2_n4__t115                        3.40217e-09
vdd_drv__t1186                               5
vdd_drv__t864                                5
x2_n4__t114                        3.40217e-09
x2_n5__t865                                  5
x2_n5__t805                                  5
x2_n4__t113                        3.40217e-09
vdd_drv__t1185                               5
vdd_drv__t863                                5
x2_n4__t112                        3.40217e-09
x2_n5__t864                                  5
x2_n5__t804                                  5
x2_n4__t111                        3.40217e-09
vdd_drv__t1184                               5
vdd_drv__t862                                5
x2_n4__t110                        3.40217e-09
x2_n5__t863                                  5
x2_n5__t803                                  5
x2_n4__t109                        3.40217e-09
vdd_drv__t1183                               5
vdd_drv__t861                                5
x2_n4__t108                        3.40217e-09
x2_n5__t862                                  5
x2_n5__t802                                  5
x2_n4__t107                        3.40217e-09
vdd_drv__t1182                               5
vdd_drv__t865                                5
x2_n4__t116                        3.40217e-09
x2_n5__t866                                  5
x2_n5__t801                                  5
x2_n4__t106                        3.40217e-09
vdd_drv__t1180                               5
vdd_drv__t860                                5
x2_n4__t105                        3.40217e-09
x2_n5__t861                                  5
x2_n5__t800                                  5
x2_n4__t104                        3.40217e-09
vdd_drv__t1179                               5
vdd_drv__t859                                5
x2_n4__t103                        3.40217e-09
x2_n5__t860                                  5
x2_n5__t799                                  5
x2_n4__t102                        3.40217e-09
vdd_drv__t1178                               5
vdd_drv__t858                                5
x2_n4__t101                        3.40217e-09
x2_n5__t859                                  5
x2_n5__t798                                  5
x2_n4__t100                        3.40217e-09
vdd_drv__t1177                               5
vdd_drv__t857                                5
x2_n4__t99                         3.40217e-09
x2_n5__t858                                  5
x2_n5__t797                                  5
x2_n4__t98                         3.40217e-09
vdd_drv__t1176                               5
vdd_drv__t870                                5
x2_n4__t117                        3.40217e-09
x2_n5__t867                                  5
x2_n5__t810                                  5
x2_n4__t125                        3.40217e-09
vdd_drv__t1196                               5
vdd_drv__t874                                5
x2_n4__t124                        3.40217e-09
x2_n5__t871                                  5
x2_n5__t809                                  5
x2_n4__t123                        3.40217e-09
vdd_drv__t1195                               5
vdd_drv__t873                                5
x2_n4__t122                        3.40217e-09
x2_n5__t870                                  5
x2_n5__t808                                  5
x2_n4__t121                        3.40217e-09
vdd_drv__t1194                               5
vdd_drv__t872                                5
x2_n4__t120                        3.40217e-09
x2_n5__t869                                  5
x2_n5__t807                                  5
x2_n4__t119                        3.40217e-09
vdd_drv__t1193                               5
vdd_drv__t871                                5
x2_n4__t118                        3.40217e-09
x2_n5__t868                                  5
x2_n5__t826                                  5
x2_n4__t157                        3.40217e-09
vdd_drv__t1268                               5
vdd_drv__t938                                5
x2_n4__t146                        3.40217e-09
x2_n5__t882                                  5
x2_n5__t813                                  5
x2_n4__t130                        3.40217e-09
vdd_drv__t1223                               5
vdd_drv__t901                                5
x2_n4__t129                        3.40217e-09
x2_n5__t873                                  5
x2_n5__t812                                  5
x2_n4__t128                        3.40217e-09
vdd_drv__t1222                               5
vdd_drv__t905                                5
x2_n4__t131                        3.40217e-09
x2_n5__t874                                  5
x2_n5__t811                                  5
x2_n4__t127                        3.40217e-09
vdd_drv__t1220                               5
vdd_drv__t900                                5
x2_n4__t126                        3.40217e-09
x2_n5__t872                                  5
x2_n5__t815                                  5
x2_n4__t134                        3.40217e-09
vdd_drv__t1235                               5
vdd_drv__t912                                5
x2_n4__t133                        3.40217e-09
x2_n5__t875                                  5
x2_n5__t814                                  5
x2_n4__t132                        3.40217e-09
vdd_drv__t1234                               5
vdd_drv__t839                                5
x2_n4__t83                         3.40217e-09
x2_n5__t850                                  5
x2_n5__t789                                  5
x2_n4__t82                         3.40217e-09
vdd_drv__t1160                               5
vdd_drv__t838                                5
x2_n4__t81                         3.40217e-09
x2_n5__t849                                  5
x2_n5__t788                                  5
x2_n4__t80                         3.40217e-09
vdd_drv__t1159                               5
vdd_drv__t837                                5
x2_n4__t79                         3.40217e-09
x2_n5__t848                                  5
x2_n5__t787                                  5
x2_n4__t78                         3.40217e-09
vdd_drv__t1157                               5
vdd_drv__t836                                5
x2_n4__t77                         3.40217e-09
x2_n5__t847                                  5
x2_n5__t791                                  5
x2_n4__t87                         3.40217e-09
vdd_drv__t1170                               5
vdd_drv__t856                                5
x2_n4__t96                         3.40217e-09
x2_n5__t857                                  5
x2_n5__t795                                  5
x2_n4__t95                         3.40217e-09
vdd_drv__t1174                               5
vdd_drv__t855                                5
x2_n4__t94                         3.40217e-09
x2_n5__t856                                  5
x2_n5__t794                                  5
x2_n4__t93                         3.40217e-09
vdd_drv__t1173                               5
vdd_drv__t854                                5
x2_n4__t92                         3.40217e-09
x2_n5__t855                                  5
x2_n5__t793                                  5
x2_n4__t91                         3.40217e-09
vdd_drv__t1172                               5
vdd_drv__t853                                5
x2_n4__t90                         3.40217e-09
x2_n5__t854                                  5
x2_n5__t792                                  5
x2_n4__t89                         3.40217e-09
vdd_drv__t1171                               5
vdd_drv__t852                                5
x2_n4__t88                         3.40217e-09
x2_n5__t853                                  5
x2_n5__t796                                  5
x2_n4__t97                         3.40217e-09
vdd_drv__t1175                               5
vdd_drv__t851                                5
x2_n4__t86                         3.40217e-09
x2_n5__t852                                  5
x2_n5__t790                                  5
x2_n4__t85                         3.40217e-09
vdd_drv__t1169                               5
vdd_drv__t888                                5
x2_n5__t576                                  5
out__t648                          3.17362e-09
out__t384                           3.1737e-09
x2_n5__t551                                  5
vdd_drv__t1188                               5
vdd_drv__t867                                5
x2_n5__t550                                  5
out__t636                          3.17379e-09
out__t398                          3.17388e-09
x2_n5__t577                                  5
vdd_drv__t1209                               5
vdd_drv__t889                                5
x2_n5__t578                                  5
out__t649                          3.17397e-09
out__t399                          3.17406e-09
x2_n5__t579                                  5
vdd_drv__t1210                               5
vdd_drv__t890                                5
x2_n5__t580                                  5
out__t650                          3.17415e-09
out__t401                          3.17424e-09
x2_n5__t584                                  5
vdd_drv__t1216                               5
vdd_drv__t892                                5
x2_n5__t582                                  5
out__t652                          3.17433e-09
out__t400                          3.17441e-09
x2_n5__t583                                  5
vdd_drv__t1215                               5
vdd_drv__t891                                5
x2_n5__t581                                  5
out__t651                           3.1745e-09
out__t389                          3.17459e-09
x2_n5__t559                                  5
vdd_drv__t1197                               5
vdd_drv__t876                                5
x2_n5__t560                                  5
out__t640                          3.17468e-09
out__t390                          3.17477e-09
x2_n5__t561                                  5
vdd_drv__t1198                               5
vdd_drv__t877                                5
x2_n5__t562                                  5
out__t641                          3.17486e-09
out__t391                          3.17495e-09
x2_n5__t563                                  5
vdd_drv__t1199                               5
vdd_drv__t878                                5
x2_n5__t564                                  5
out__t642                          3.17504e-09
out__t392                          3.17512e-09
x2_n5__t565                                  5
vdd_drv__t1200                               5
vdd_drv__t879                                5
x2_n5__t566                                  5
out__t643                          3.17521e-09
out__t395                           3.1753e-09
x2_n5__t571                                  5
vdd_drv__t1206                               5
vdd_drv__t881                                5
x2_n5__t568                                  5
out__t644                          3.17539e-09
out__t394                          3.17548e-09
x2_n5__t569                                  5
vdd_drv__t1202                               5
vdd_drv__t882                                5
x2_n5__t570                                  5
out__t645                          3.17557e-09
out__t409                          3.17566e-09
x2_n5__t599                                  5
vdd_drv__t1236                               5
vdd_drv__t914                                5
x2_n5__t600                                  5
out__t660                          3.17575e-09
out__t408                          3.17583e-09
x2_n5__t598                                  5
vdd_drv__t1232                               5
vdd_drv__t896                                5
x2_n5__t585                                  5
out__t653                          3.17592e-09
out__t402                          3.17601e-09
x2_n5__t586                                  5
vdd_drv__t1217                               5
vdd_drv__t897                                5
x2_n5__t587                                  5
out__t654                           3.1761e-09
out__t403                          3.17619e-09
x2_n5__t588                                  5
vdd_drv__t1218                               5
vdd_drv__t898                                5
x2_n5__t589                                  5
out__t655                          3.17628e-09
out__t404                          3.17637e-09
x2_n5__t590                                  5
vdd_drv__t1219                               5
vdd_drv__t899                                5
x2_n5__t591                                  5
out__t656                          3.17646e-09
out__t405                          3.17655e-09
x2_n5__t592                                  5
vdd_drv__t1224                               5
vdd_drv__t902                                5
x2_n5__t593                                  5
out__t657                          3.17663e-09
out__t406                          3.17672e-09
x2_n5__t594                                  5
vdd_drv__t1225                               5
vdd_drv__t903                                5
x2_n5__t595                                  5
out__t658                          3.17681e-09
out__t407                           3.1769e-09
x2_n5__t596                                  5
vdd_drv__t1226                               5
vdd_drv__t904                                5
x2_n5__t597                                  5
out__t659                          3.17699e-09
out__t393                          3.17708e-09
x2_n5__t567                                  5
vdd_drv__t1201                               5
vdd_drv__t847                                5
x2_n5__t540                                  5
out__t631                          3.17717e-09
out__t379                          3.17726e-09
x2_n5__t541                                  5
vdd_drv__t1166                               5
vdd_drv__t848                                5
x2_n5__t542                                  5
out__t632                          3.17734e-09
out__t380                          3.17743e-09
x2_n5__t543                                  5
vdd_drv__t1167                               5
vdd_drv__t849                                5
x2_n5__t544                                  5
out__t633                          3.17752e-09
out__t381                          3.17761e-09
x2_n5__t545                                  5
vdd_drv__t1168                               5
vdd_drv__t850                                5
x2_n5__t546                                  5
out__t634                           3.1777e-09
out__t373                          3.17779e-09
x2_n5__t528                                  5
vdd_drv__t1158                               5
vdd_drv__t840                                5
x2_n5__t529                                  5
out__t625                          3.17788e-09
out__t378                          3.17797e-09
x2_n5__t539                                  5
vdd_drv__t1165                               5
vdd_drv__t842                                5
x2_n5__t530                                  5
out__t626                          3.17805e-09
out__t374                          3.17814e-09
x2_n5__t531                                  5
vdd_drv__t1161                               5
vdd_drv__t843                                5
x2_n5__t532                                  5
out__t627                          3.17823e-09
out__t375                          3.17832e-09
x2_n5__t533                                  5
vdd_drv__t1162                               5
vdd_drv__t844                                5
x2_n5__t534                                  5
out__t628                          3.17841e-09
out__t376                           3.1785e-09
x2_n5__t535                                  5
vdd_drv__t1163                               5
vdd_drv__t845                                5
x2_n5__t536                                  5
out__t629                          3.17859e-09
out__t377                          3.17868e-09
x2_n5__t537                                  5
vdd_drv__t1164                               5
vdd_drv__t846                                5
x2_n5__t538                                  5
out__t630                          3.17876e-09
out__t382                          3.17885e-09
x2_n5__t547                                  5
vdd_drv__t1181                               5
vdd_drv__t866                                5
x2_n5__t548                                  5
out__t635                          3.17894e-09
out__t383                          3.17903e-09
x2_n5__t549                                  5
vdd_drv__t1187                               5
vdd_drv__t19                                 5
x2_n5__t221                                  5
out__t220                          3.17912e-09
out__t416                           3.1682e-09
x2_n5__t613                                  5
vdd_drv__t1245                               5
vdd_drv__t922                                5
x2_n5__t616                                  5
out__t668                          3.16829e-09
out__t385                          3.16838e-09
x2_n5__t552                                  5
vdd_drv__t1189                               5
vdd_drv__t868                                5
x2_n5__t553                                  5
out__t637                          3.16847e-09
out__t386                          3.16856e-09
x2_n5__t554                                  5
vdd_drv__t1190                               5
vdd_drv__t869                                5
x2_n5__t555                                  5
out__t638                          3.16864e-09
out__t387                          3.16873e-09
x2_n5__t556                                  5
vdd_drv__t1191                               5
vdd_drv__t875                                5
x2_n5__t558                                  5
out__t639                          3.16882e-09
out__t388                          3.16891e-09
x2_n5__t557                                  5
vdd_drv__t1192                               5
vdd_drv__t964                                5
x2_n5__t662                                  5
out__t691                            3.169e-09
out__t441                          3.16909e-09
x2_n5__t663                                  5
vdd_drv__t1289                               5
vdd_drv__t968                                5
x2_n5__t670                                  5
out__t694                          3.16918e-09
out__t446                          3.16927e-09
x2_n5__t671                                  5
vdd_drv__t1294                               5
vdd_drv__t969                                5
x2_n5__t672                                  5
out__t695                          3.16935e-09
out__t447                          3.16944e-09
x2_n5__t673                                  5
vdd_drv__t1295                               5
vdd_drv__t970                                5
x2_n5__t674                                  5
out__t696                          3.16953e-09
out__t448                          3.16962e-09
x2_n5__t675                                  5
vdd_drv__t1296                               5
vdd_drv__t971                                5
x2_n5__t676                                  5
out__t697                          3.16971e-09
out__t449                           3.1698e-09
x2_n5__t677                                  5
vdd_drv__t1297                               5
vdd_drv__t972                                5
x2_n5__t678                                  5
out__t698                          3.16989e-09
out__t445                          3.16998e-09
x2_n5__t669                                  5
vdd_drv__t1293                               5
vdd_drv__t953                                5
x2_n5__t641                                  5
out__t680                          3.17006e-09
out__t431                          3.17015e-09
x2_n5__t642                                  5
vdd_drv__t1279                               5
vdd_drv__t954                                5
x2_n5__t643                                  5
out__t681                          3.17024e-09
out__t432                          3.17033e-09
x2_n5__t644                                  5
vdd_drv__t1280                               5
vdd_drv__t955                                5
x2_n5__t645                                  5
out__t682                          3.17042e-09
out__t433                          3.17051e-09
x2_n5__t646                                  5
vdd_drv__t1281                               5
vdd_drv__t956                                5
x2_n5__t647                                  5
out__t683                           3.1706e-09
out__t434                          3.17069e-09
x2_n5__t648                                  5
vdd_drv__t1282                               5
vdd_drv__t957                                5
x2_n5__t649                                  5
out__t684                          3.17077e-09
out__t439                          3.17086e-09
x2_n5__t660                                  5
vdd_drv__t1287                               5
vdd_drv__t959                                5
x2_n5__t651                                  5
out__t686                          3.17095e-09
out__t435                          3.17104e-09
x2_n5__t652                                  5
vdd_drv__t1283                               5
vdd_drv__t960                                5
x2_n5__t653                                  5
out__t687                          3.17113e-09
out__t436                          3.17122e-09
x2_n5__t654                                  5
vdd_drv__t1284                               5
vdd_drv__t961                                5
x2_n5__t655                                  5
out__t688                          3.17131e-09
out__t437                           3.1714e-09
x2_n5__t656                                  5
vdd_drv__t1285                               5
vdd_drv__t932                                5
x2_n5__t638                                  5
out__t678                          3.17148e-09
out__t425                          3.17157e-09
x2_n5__t629                                  5
vdd_drv__t1254                               5
vdd_drv__t928                                5
x2_n5__t630                                  5
out__t674                          3.17166e-09
out__t426                          3.17175e-09
x2_n5__t631                                  5
vdd_drv__t1255                               5
vdd_drv__t929                                5
x2_n5__t632                                  5
out__t675                          3.17184e-09
out__t427                          3.17193e-09
x2_n5__t633                                  5
vdd_drv__t1256                               5
vdd_drv__t930                                5
x2_n5__t634                                  5
out__t676                          3.17202e-09
out__t428                          3.17211e-09
x2_n5__t635                                  5
vdd_drv__t1257                               5
vdd_drv__t931                                5
x2_n5__t636                                  5
out__t677                          3.17219e-09
out__t429                          3.17228e-09
x2_n5__t637                                  5
vdd_drv__t1258                               5
vdd_drv__t927                                5
x2_n5__t628                                  5
out__t673                          3.17237e-09
out__t410                          3.17246e-09
x2_n5__t601                                  5
vdd_drv__t1238                               5
vdd_drv__t915                                5
x2_n5__t602                                  5
out__t661                          3.17255e-09
out__t411                          3.17264e-09
x2_n5__t603                                  5
vdd_drv__t1239                               5
vdd_drv__t916                                5
x2_n5__t604                                  5
out__t662                          3.17273e-09
out__t412                          3.17282e-09
x2_n5__t605                                  5
vdd_drv__t1240                               5
vdd_drv__t917                                5
x2_n5__t606                                  5
out__t663                          3.17291e-09
out__t413                          3.17299e-09
x2_n5__t607                                  5
vdd_drv__t1241                               5
vdd_drv__t918                                5
x2_n5__t608                                  5
out__t664                          3.17308e-09
out__t419                          3.17317e-09
x2_n5__t618                                  5
vdd_drv__t1248                               5
vdd_drv__t919                                5
x2_n5__t609                                  5
out__t665                          3.17326e-09
out__t414                          3.17335e-09
x2_n5__t610                                  5
vdd_drv__t1243                               5
vdd_drv__t920                                5
x2_n5__t611                                  5
out__t666                          3.17344e-09
out__t415                          3.17353e-09
x2_n5__t612                                  5
vdd_drv__t1244                               5
vdd_drv__t887                                5
x2_n5__t574                                  5
out__t647                          3.16811e-09
out__t418                          3.16252e-09
x2_n5__t617                                  5
vdd_drv__t1247                               5
vdd_drv__t944                                5
x2_n5__t639                                  5
out__t679                          3.16261e-09
out__t430                           3.1627e-09
x2_n5__t640                                  5
vdd_drv__t1269                               5
vdd_drv__t715                                5
x2_n5__t304                                  5
out__t513                          3.16279e-09
out__t261                          3.16288e-09
x2_n5__t305                                  5
vdd_drv__t1035                               5
vdd_drv__t716                                5
x2_n5__t306                                  5
out__t514                          3.16297e-09
out__t262                          3.16305e-09
x2_n5__t307                                  5
vdd_drv__t1036                               5
vdd_drv__t717                                5
x2_n5__t308                                  5
out__t515                          3.16314e-09
out__t263                          3.16323e-09
x2_n5__t309                                  5
vdd_drv__t1037                               5
vdd_drv__t722                                5
x2_n5__t320                                  5
out__t520                          3.16332e-09
out__t265                          3.16341e-09
x2_n5__t311                                  5
vdd_drv__t1039                               5
vdd_drv__t718                                5
x2_n5__t312                                  5
out__t516                           3.1635e-09
out__t266                          3.16359e-09
x2_n5__t313                                  5
vdd_drv__t1040                               5
vdd_drv__t719                                5
x2_n5__t314                                  5
out__t517                          3.16367e-09
out__t267                          3.16376e-09
x2_n5__t315                                  5
vdd_drv__t1041                               5
vdd_drv__t720                                5
x2_n5__t316                                  5
out__t518                          3.16385e-09
out__t268                          3.16394e-09
x2_n5__t317                                  5
vdd_drv__t1042                               5
vdd_drv__t721                                5
x2_n5__t318                                  5
out__t519                          3.16403e-09
out__t269                          3.16412e-09
x2_n5__t319                                  5
vdd_drv__t1043                               5
vdd_drv__t738                                5
x2_n5__t333                                  5
out__t527                          3.16421e-09
out__t281                           3.1643e-09
x2_n5__t344                                  5
vdd_drv__t1064                               5
vdd_drv__t744                                5
x2_n5__t345                                  5
out__t533                          3.16438e-09
out__t282                          3.16447e-09
x2_n5__t346                                  5
vdd_drv__t1065                               5
vdd_drv__t745                                5
x2_n5__t347                                  5
out__t534                          3.16456e-09
out__t283                          3.16465e-09
x2_n5__t348                                  5
vdd_drv__t1066                               5
vdd_drv__t746                                5
x2_n5__t349                                  5
out__t535                          3.16474e-09
out__t284                          3.16483e-09
x2_n5__t350                                  5
vdd_drv__t1067                               5
vdd_drv__t747                                5
x2_n5__t351                                  5
out__t536                          3.16492e-09
out__t235                          3.16501e-09
x2_n5__t250                                  5
vdd_drv__t1008                               5
vdd_drv__t672                                5
x2_n5__t222                                  5
out__t471                          3.16509e-09
out__t221                          3.16518e-09
x2_n5__t223                                  5
vdd_drv__t994                                5
vdd_drv__t673                                5
x2_n5__t224                                  5
out__t472                          3.16527e-09
out__t222                          3.16536e-09
x2_n5__t225                                  5
vdd_drv__t995                                5
vdd_drv__t674                                5
x2_n5__t226                                  5
out__t473                          3.16545e-09
out__t223                          3.16554e-09
x2_n5__t227                                  5
vdd_drv__t996                                5
vdd_drv__t675                                5
x2_n5__t228                                  5
out__t474                          3.16563e-09
out__t224                          3.16571e-09
x2_n5__t229                                  5
vdd_drv__t997                                5
vdd_drv__t676                                5
x2_n5__t230                                  5
out__t475                           3.1658e-09
out__t229                          3.16589e-09
x2_n5__t239                                  5
vdd_drv__t1002                               5
vdd_drv__t677                                5
x2_n5__t232                                  5
out__t476                          3.16598e-09
out__t226                          3.16607e-09
x2_n5__t233                                  5
vdd_drv__t999                                5
vdd_drv__t678                                5
x2_n5__t234                                  5
out__t477                          3.16616e-09
out__t227                          3.16625e-09
x2_n5__t235                                  5
vdd_drv__t1000                               5
vdd_drv__t679                                5
x2_n5__t236                                  5
out__t478                          3.16634e-09
out__t228                          3.16643e-09
x2_n5__t237                                  5
vdd_drv__t1001                               5
vdd_drv__t680                                5
x2_n5__t238                                  5
out__t479                          3.16651e-09
out__t225                           3.1666e-09
x2_n5__t231                                  5
vdd_drv__t998                                5
vdd_drv__t696                                5
x2_n5__t271                                  5
out__t495                          3.16669e-09
out__t251                          3.16678e-09
x2_n5__t283                                  5
vdd_drv__t1024                               5
vdd_drv__t703                                5
x2_n5__t284                                  5
out__t502                          3.16687e-09
out__t252                          3.16696e-09
x2_n5__t285                                  5
vdd_drv__t1025                               5
vdd_drv__t704                                5
x2_n5__t286                                  5
out__t503                          3.16705e-09
out__t253                          3.16714e-09
x2_n5__t287                                  5
vdd_drv__t1026                               5
vdd_drv__t706                                5
x2_n5__t289                                  5
out__t505                          3.16722e-09
out__t254                          3.16731e-09
x2_n5__t290                                  5
vdd_drv__t1027                               5
vdd_drv__t708                                5
x2_n5__t293                                  5
out__t507                           3.1674e-09
out__t256                          3.16749e-09
x2_n5__t294                                  5
vdd_drv__t1029                               5
vdd_drv__t709                                5
x2_n5__t295                                  5
out__t508                          3.16758e-09
out__t257                          3.16767e-09
x2_n5__t296                                  5
vdd_drv__t1030                               5
vdd_drv__t710                                5
x2_n5__t297                                  5
out__t509                          3.16776e-09
out__t258                          3.16785e-09
x2_n5__t298                                  5
vdd_drv__t1032                               5
vdd_drv__t693                                5
x2_n5__t267                                  5
out__t492                          3.16793e-09
out__t397                          3.16802e-09
x2_n5__t575                                  5
vdd_drv__t1208                               5
vdd_drv__t694                                5
x2_n5__t268                                  5
out__t493                          3.15712e-09
out__t245                          3.15721e-09
x2_n5__t269                                  5
vdd_drv__t1018                               5
vdd_drv__t695                                5
x2_n5__t270                                  5
out__t494                           3.1573e-09
out__t250                          3.15739e-09
x2_n5__t281                                  5
vdd_drv__t1023                               5
vdd_drv__t697                                5
x2_n5__t272                                  5
out__t496                          3.15747e-09
out__t246                          3.15756e-09
x2_n5__t273                                  5
vdd_drv__t1019                               5
vdd_drv__t698                                5
x2_n5__t274                                  5
out__t497                          3.15765e-09
out__t247                          3.15774e-09
x2_n5__t275                                  5
vdd_drv__t1020                               5
vdd_drv__t699                                5
x2_n5__t276                                  5
out__t498                          3.15783e-09
out__t248                          3.15792e-09
x2_n5__t277                                  5
vdd_drv__t1021                               5
vdd_drv__t700                                5
x2_n5__t278                                  5
out__t499                            3.158e-09
out__t249                          3.15809e-09
x2_n5__t279                                  5
vdd_drv__t1022                               5
vdd_drv__t701                                5
x2_n5__t280                                  5
out__t500                          3.15818e-09
out__t279                          3.15827e-09
x2_n5__t342                                  5
vdd_drv__t1062                               5
vdd_drv__t759                                5
x2_n5__t374                                  5
out__t548                          3.15836e-09
out__t342                          3.15845e-09
x2_n5__t467                                  5
vdd_drv__t1126                               5
vdd_drv__t806                                5
x2_n5__t468                                  5
out__t595                          3.15853e-09
out__t343                          3.15862e-09
x2_n5__t469                                  5
vdd_drv__t1127                               5
vdd_drv__t807                                5
x2_n5__t470                                  5
out__t596                          3.15871e-09
out__t344                           3.1588e-09
x2_n5__t471                                  5
vdd_drv__t1128                               5
vdd_drv__t808                                5
x2_n5__t472                                  5
out__t597                          3.15889e-09
out__t345                          3.15898e-09
x2_n5__t473                                  5
vdd_drv__t1129                               5
vdd_drv__t809                                5
x2_n5__t474                                  5
out__t598                          3.15906e-09
out__t371                          3.15915e-09
x2_n5__t526                                  5
vdd_drv__t1155                               5
vdd_drv__t830                                5
x2_n5__t516                                  5
out__t619                          3.15924e-09
out__t352                          3.15933e-09
x2_n5__t487                                  5
vdd_drv__t1136                               5
vdd_drv__t816                                5
x2_n5__t488                                  5
out__t605                          3.15942e-09
out__t353                          3.15951e-09
x2_n5__t489                                  5
vdd_drv__t1137                               5
vdd_drv__t817                                5
x2_n5__t490                                  5
out__t606                           3.1596e-09
out__t354                          3.15968e-09
x2_n5__t491                                  5
vdd_drv__t1138                               5
vdd_drv__t818                                5
x2_n5__t492                                  5
out__t607                          3.15977e-09
out__t355                          3.15986e-09
x2_n5__t493                                  5
vdd_drv__t1139                               5
vdd_drv__t819                                5
x2_n5__t494                                  5
out__t608                          3.15995e-09
out__t356                          3.16004e-09
x2_n5__t495                                  5
vdd_drv__t1140                               5
vdd_drv__t824                                5
x2_n5__t506                                  5
out__t613                          3.16013e-09
out__t358                          3.16022e-09
x2_n5__t497                                  5
vdd_drv__t1142                               5
vdd_drv__t820                                5
x2_n5__t498                                  5
out__t609                           3.1603e-09
out__t359                          3.16039e-09
x2_n5__t499                                  5
vdd_drv__t1143                               5
vdd_drv__t821                                5
x2_n5__t500                                  5
out__t610                          3.16048e-09
out__t360                          3.16057e-09
x2_n5__t501                                  5
vdd_drv__t1144                               5
vdd_drv__t822                                5
x2_n5__t502                                  5
out__t611                          3.16066e-09
out__t361                          3.16075e-09
x2_n5__t503                                  5
vdd_drv__t1145                               5
vdd_drv__t823                                5
x2_n5__t504                                  5
out__t612                          3.16084e-09
out__t362                          3.16093e-09
x2_n5__t505                                  5
vdd_drv__t1146                               5
vdd_drv__t800                                5
x2_n5__t456                                  5
out__t589                          3.16101e-09
out__t301                           3.1611e-09
x2_n5__t385                                  5
vdd_drv__t1084                               5
vdd_drv__t765                                5
x2_n5__t386                                  5
out__t554                          3.16119e-09
out__t302                          3.16128e-09
x2_n5__t387                                  5
vdd_drv__t1085                               5
vdd_drv__t766                                5
x2_n5__t388                                  5
out__t555                          3.16137e-09
out__t304                          3.16146e-09
x2_n5__t391                                  5
vdd_drv__t1087                               5
vdd_drv__t768                                5
x2_n5__t392                                  5
out__t557                          3.16155e-09
out__t305                          3.16163e-09
x2_n5__t393                                  5
vdd_drv__t1088                               5
vdd_drv__t773                                5
x2_n5__t401                                  5
out__t562                          3.16172e-09
out__t309                          3.16181e-09
x2_n5__t402                                  5
vdd_drv__t1092                               5
vdd_drv__t774                                5
x2_n5__t403                                  5
out__t563                           3.1619e-09
out__t310                          3.16199e-09
x2_n5__t404                                  5
vdd_drv__t1093                               5
vdd_drv__t769                                5
x2_n5__t394                                  5
out__t558                          3.16208e-09
out__t292                          3.16217e-09
x2_n5__t365                                  5
vdd_drv__t1075                               5
vdd_drv__t754                                5
x2_n5__t366                                  5
out__t543                          3.16226e-09
out__t293                          3.16234e-09
x2_n5__t367                                  5
vdd_drv__t1076                               5
vdd_drv__t755                                5
x2_n5__t368                                  5
out__t544                          3.16243e-09
out__t396                          3.15703e-09
x2_n5__t572                                  5
vdd_drv__t1207                               5
vdd_drv__t757                                5
x2_n5__t371                                  5
out__t546                          3.15588e-09
out__t308                          3.15579e-09
x2_n5__t400                                  5
vdd_drv__t1091                               5
vdd_drv__t772                                5
x2_n5__t399                                  5
out__t561                          3.15571e-09
out__t307                          3.15562e-09
x2_n5__t398                                  5
vdd_drv__t1090                               5
vdd_drv__t771                                5
x2_n5__t397                                  5
out__t560                          3.15553e-09
out__t306                          3.15545e-09
x2_n5__t396                                  5
vdd_drv__t1089                               5
vdd_drv__t770                                5
x2_n5__t395                                  5
out__t559                          3.15536e-09
out__t311                          3.15527e-09
x2_n5__t405                                  5
vdd_drv__t1094                               5
vdd_drv__t775                                5
x2_n5__t406                                  5
out__t564                          3.15519e-09
out__t326                           3.1551e-09
x2_n5__t435                                  5
vdd_drv__t1109                               5
vdd_drv__t794                                5
x2_n5__t445                                  5
out__t583                          3.15502e-09
out__t331                          3.15494e-09
x2_n5__t444                                  5
vdd_drv__t1114                               5
vdd_drv__t793                                5
x2_n5__t443                                  5
out__t582                          3.15485e-09
out__t330                          3.15477e-09
x2_n5__t442                                  5
vdd_drv__t1113                               5
vdd_drv__t792                                5
x2_n5__t441                                  5
out__t581                          3.15469e-09
out__t329                          3.15461e-09
x2_n5__t440                                  5
vdd_drv__t1112                               5
vdd_drv__t791                                5
x2_n5__t439                                  5
out__t580                          3.15453e-09
out__t328                          3.15445e-09
x2_n5__t438                                  5
vdd_drv__t1111                               5
vdd_drv__t790                                5
x2_n5__t437                                  5
out__t579                          3.15438e-09
out__t327                          3.15431e-09
x2_n5__t436                                  5
vdd_drv__t1110                               5
vdd_drv__t795                                5
x2_n5__t446                                  5
out__t584                          3.15424e-09
out__t325                          3.15419e-09
x2_n5__t434                                  5
vdd_drv__t1108                               5
vdd_drv__t789                                5
x2_n5__t433                                  5
out__t578                          3.15414e-09
out__t324                           3.1541e-09
x2_n5__t432                                  5
vdd_drv__t1107                               5
vdd_drv__t788                                5
x2_n5__t431                                  5
out__t577                          3.15407e-09
out__t323                          3.15407e-09
x2_n5__t430                                  5
vdd_drv__t1106                               5
vdd_drv__t787                                5
x2_n5__t429                                  5
out__t576                          3.15408e-09
out__t322                           3.1541e-09
x2_n5__t428                                  5
vdd_drv__t1105                               5
vdd_drv__t786                                5
x2_n5__t427                                  5
out__t575                          3.15414e-09
out__t321                          3.15419e-09
x2_n5__t426                                  5
vdd_drv__t1104                               5
vdd_drv__t780                                5
x2_n5__t415                                  5
out__t569                          3.15425e-09
out__t295                          3.15432e-09
x2_n5__t372                                  5
vdd_drv__t1078                               5
vdd_drv__t758                                5
x2_n5__t373                                  5
out__t547                          3.15439e-09
out__t300                          3.15447e-09
x2_n5__t384                                  5
vdd_drv__t1083                               5
vdd_drv__t760                                5
x2_n5__t375                                  5
out__t549                          3.15454e-09
out__t296                          3.15462e-09
x2_n5__t376                                  5
vdd_drv__t1079                               5
vdd_drv__t761                                5
x2_n5__t377                                  5
out__t550                           3.1547e-09
out__t297                          3.15478e-09
x2_n5__t378                                  5
vdd_drv__t1080                               5
vdd_drv__t762                                5
x2_n5__t379                                  5
out__t551                          3.15487e-09
out__t298                          3.15495e-09
x2_n5__t380                                  5
vdd_drv__t1081                               5
vdd_drv__t763                                5
x2_n5__t381                                  5
out__t552                          3.15503e-09
out__t299                          3.15512e-09
x2_n5__t382                                  5
vdd_drv__t1082                               5
vdd_drv__t764                                5
x2_n5__t383                                  5
out__t553                           3.1552e-09
out__t440                          3.15529e-09
x2_n5__t661                                  5
vdd_drv__t1288                               5
vdd_drv__t785                                5
x2_n5__t424                                  5
out__t574                          3.15537e-09
out__t319                          3.15546e-09
x2_n5__t423                                  5
vdd_drv__t1102                               5
vdd_drv__t784                                5
x2_n5__t422                                  5
out__t573                          3.15555e-09
out__t318                          3.15563e-09
x2_n5__t421                                  5
vdd_drv__t1101                               5
vdd_drv__t783                                5
x2_n5__t420                                  5
out__t572                          3.15572e-09
out__t317                          3.15581e-09
x2_n5__t419                                  5
vdd_drv__t1100                               5
vdd_drv__t782                                5
x2_n5__t418                                  5
out__t571                          3.15589e-09
out__t316                          3.15598e-09
x2_n5__t417                                  5
vdd_drv__t1099                               5
vdd_drv__t781                                5
x2_n5__t416                                  5
out__t570                          3.15607e-09
out__t320                          3.15616e-09
x2_n5__t425                                  5
vdd_drv__t1103                               5
vdd_drv__t779                                5
x2_n5__t414                                  5
out__t568                          3.15624e-09
out__t315                          3.15633e-09
x2_n5__t413                                  5
vdd_drv__t1098                               5
vdd_drv__t778                                5
x2_n5__t412                                  5
out__t567                          3.15642e-09
out__t314                          3.15651e-09
x2_n5__t411                                  5
vdd_drv__t1097                               5
vdd_drv__t777                                5
x2_n5__t410                                  5
out__t566                          3.15659e-09
out__t313                          3.15668e-09
x2_n5__t409                                  5
vdd_drv__t1096                               5
vdd_drv__t776                                5
x2_n5__t408                                  5
out__t565                          3.15677e-09
out__t312                          3.15686e-09
x2_n5__t407                                  5
vdd_drv__t1095                               5
vdd_drv__t886                                5
x2_n5__t573                                  5
out__t646                          3.15695e-09
out__t244                          3.16127e-09
x2_n5__t266                                  5
vdd_drv__t1017                               5
vdd_drv__t692                                5
x2_n5__t265                                  5
out__t491                          3.16118e-09
out__t243                          3.16109e-09
x2_n5__t264                                  5
vdd_drv__t1016                               5
vdd_drv__t691                                5
x2_n5__t263                                  5
out__t490                            3.161e-09
out__t242                          3.16091e-09
x2_n5__t262                                  5
vdd_drv__t1015                               5
vdd_drv__t707                                5
x2_n5__t291                                  5
out__t506                          3.16082e-09
out__t259                          3.16073e-09
x2_n5__t300                                  5
vdd_drv__t1033                               5
vdd_drv__t711                                5
x2_n5__t299                                  5
out__t510                          3.16065e-09
out__t336                          3.16056e-09
x2_n5__t455                                  5
vdd_drv__t1119                               5
vdd_drv__t799                                5
x2_n5__t454                                  5
out__t588                          3.16047e-09
out__t335                          3.16038e-09
x2_n5__t453                                  5
vdd_drv__t1118                               5
vdd_drv__t798                                5
x2_n5__t452                                  5
out__t587                          3.16029e-09
out__t334                           3.1602e-09
x2_n5__t451                                  5
vdd_drv__t1117                               5
vdd_drv__t797                                5
x2_n5__t450                                  5
out__t586                          3.16011e-09
out__t333                          3.16003e-09
x2_n5__t449                                  5
vdd_drv__t1116                               5
vdd_drv__t796                                5
x2_n5__t448                                  5
out__t585                          3.15994e-09
out__t332                          3.15985e-09
x2_n5__t447                                  5
vdd_drv__t1115                               5
vdd_drv__t810                                5
x2_n5__t475                                  5
out__t599                          3.15976e-09
out__t350                          3.15967e-09
x2_n5__t485                                  5
vdd_drv__t1134                               5
vdd_drv__t815                                5
x2_n5__t484                                  5
out__t604                          3.15958e-09
out__t349                          3.15949e-09
x2_n5__t483                                  5
vdd_drv__t1133                               5
vdd_drv__t814                                5
x2_n5__t482                                  5
out__t603                           3.1594e-09
out__t348                          3.15932e-09
x2_n5__t481                                  5
vdd_drv__t1132                               5
vdd_drv__t813                                5
x2_n5__t480                                  5
out__t602                          3.15923e-09
out__t347                          3.15914e-09
x2_n5__t479                                  5
vdd_drv__t1131                               5
vdd_drv__t812                                5
x2_n5__t478                                  5
out__t601                          3.15905e-09
out__t346                          3.15896e-09
x2_n5__t477                                  5
vdd_drv__t1130                               5
vdd_drv__t811                                5
x2_n5__t476                                  5
out__t600                          3.15887e-09
out__t351                          3.15879e-09
x2_n5__t486                                  5
vdd_drv__t1135                               5
vdd_drv__t767                                5
x2_n5__t390                                  5
out__t556                           3.1587e-09
out__t303                          3.15861e-09
x2_n5__t389                                  5
vdd_drv__t1086                               5
vdd_drv__t835                                5
x2_n5__t525                                  5
out__t624                          3.15852e-09
out__t370                          3.15843e-09
x2_n5__t524                                  5
vdd_drv__t1154                               5
vdd_drv__t834                                5
x2_n5__t523                                  5
out__t623                          3.15834e-09
out__t369                          3.15825e-09
x2_n5__t522                                  5
vdd_drv__t1153                               5
vdd_drv__t833                                5
x2_n5__t521                                  5
out__t622                          3.15817e-09
out__t368                          3.15808e-09
x2_n5__t520                                  5
vdd_drv__t1152                               5
vdd_drv__t832                                5
x2_n5__t519                                  5
out__t621                          3.15799e-09
out__t367                           3.1579e-09
x2_n5__t518                                  5
vdd_drv__t1151                               5
vdd_drv__t831                                5
x2_n5__t517                                  5
out__t620                          3.15781e-09
out__t372                          3.15772e-09
x2_n5__t527                                  5
vdd_drv__t1156                               5
vdd_drv__t829                                5
x2_n5__t515                                  5
out__t618                          3.15764e-09
out__t366                          3.15755e-09
x2_n5__t514                                  5
vdd_drv__t1150                               5
vdd_drv__t828                                5
x2_n5__t513                                  5
out__t617                          3.15746e-09
out__t365                          3.15737e-09
x2_n5__t512                                  5
vdd_drv__t1149                               5
vdd_drv__t827                                5
x2_n5__t511                                  5
out__t616                          3.15728e-09
out__t364                           3.1572e-09
x2_n5__t510                                  5
vdd_drv__t1148                               5
vdd_drv__t826                                5
x2_n5__t509                                  5
out__t615                          3.15711e-09
out__t363                          3.15702e-09
x2_n5__t508                                  5
vdd_drv__t1147                               5
vdd_drv__t825                                5
x2_n5__t507                                  5
out__t614                          3.15693e-09
out__t357                          3.15684e-09
x2_n5__t496                                  5
vdd_drv__t1141                               5
vdd_drv__t805                                5
x2_n5__t465                                  5
out__t594                          3.15676e-09
out__t340                          3.15667e-09
x2_n5__t464                                  5
vdd_drv__t1123                               5
vdd_drv__t804                                5
x2_n5__t463                                  5
out__t593                          3.15658e-09
out__t339                          3.15649e-09
x2_n5__t462                                  5
vdd_drv__t1122                               5
vdd_drv__t803                                5
x2_n5__t461                                  5
out__t592                           3.1564e-09
out__t338                          3.15632e-09
x2_n5__t460                                  5
vdd_drv__t1121                               5
vdd_drv__t802                                5
x2_n5__t459                                  5
out__t591                          3.15623e-09
out__t337                          3.15614e-09
x2_n5__t458                                  5
vdd_drv__t1120                               5
vdd_drv__t801                                5
x2_n5__t457                                  5
out__t590                          3.15605e-09
out__t341                          3.15597e-09
x2_n5__t466                                  5
vdd_drv__t1124                               5
vdd_drv__t756                                5
x2_n5__t369                                  5
out__t545                          3.16135e-09
out__t255                          3.16694e-09
x2_n5__t292                                  5
vdd_drv__t1028                               5
vdd_drv__t714                                5
x2_n5__t303                                  5
out__t512                          3.16685e-09
out__t260                          3.16677e-09
x2_n5__t302                                  5
vdd_drv__t1034                               5
vdd_drv__t713                                5
x2_n5__t301                                  5
out__t511                          3.16668e-09
out__t270                          3.16659e-09
x2_n5__t321                                  5
vdd_drv__t1048                               5
vdd_drv__t732                                5
x2_n5__t323                                  5
out__t521                           3.1665e-09
out__t271                          3.16641e-09
x2_n5__t322                                  5
vdd_drv__t1053                               5
vdd_drv__t739                                5
x2_n5__t334                                  5
out__t528                          3.16632e-09
out__t280                          3.16623e-09
x2_n5__t343                                  5
vdd_drv__t1063                               5
vdd_drv__t737                                5
x2_n5__t332                                  5
out__t526                          3.16614e-09
out__t275                          3.16606e-09
x2_n5__t331                                  5
vdd_drv__t1058                               5
vdd_drv__t736                                5
x2_n5__t330                                  5
out__t525                          3.16597e-09
out__t274                          3.16588e-09
x2_n5__t329                                  5
vdd_drv__t1057                               5
vdd_drv__t735                                5
x2_n5__t328                                  5
out__t524                          3.16579e-09
out__t273                           3.1657e-09
x2_n5__t327                                  5
vdd_drv__t1056                               5
vdd_drv__t734                                5
x2_n5__t326                                  5
out__t523                          3.16561e-09
out__t272                          3.16552e-09
x2_n5__t325                                  5
vdd_drv__t1055                               5
vdd_drv__t733                                5
x2_n5__t324                                  5
out__t522                          3.16543e-09
out__t286                          3.16535e-09
x2_n5__t353                                  5
vdd_drv__t1069                               5
vdd_drv__t752                                5
x2_n5__t363                                  5
out__t541                          3.16526e-09
out__t291                          3.16517e-09
x2_n5__t362                                  5
vdd_drv__t1074                               5
vdd_drv__t751                                5
x2_n5__t361                                  5
out__t540                          3.16508e-09
out__t290                          3.16499e-09
x2_n5__t360                                  5
vdd_drv__t1073                               5
vdd_drv__t750                                5
x2_n5__t359                                  5
out__t539                           3.1649e-09
out__t289                          3.16481e-09
x2_n5__t358                                  5
vdd_drv__t1072                               5
vdd_drv__t749                                5
x2_n5__t357                                  5
out__t538                          3.16473e-09
out__t288                          3.16464e-09
x2_n5__t356                                  5
vdd_drv__t1071                               5
vdd_drv__t748                                5
x2_n5__t355                                  5
out__t537                          3.16455e-09
out__t287                          3.16446e-09
x2_n5__t354                                  5
vdd_drv__t1070                               5
vdd_drv__t753                                5
x2_n5__t364                                  5
out__t542                          3.16437e-09
out__t285                          3.16428e-09
x2_n5__t352                                  5
vdd_drv__t1068                               5
vdd_drv__t705                                5
x2_n5__t288                                  5
out__t504                          3.16419e-09
out__t240                           3.1641e-09
x2_n5__t260                                  5
vdd_drv__t1013                               5
vdd_drv__t690                                5
x2_n5__t259                                  5
out__t489                          3.16401e-09
out__t239                          3.16393e-09
x2_n5__t258                                  5
vdd_drv__t1012                               5
vdd_drv__t689                                5
x2_n5__t257                                  5
out__t488                          3.16384e-09
out__t238                          3.16375e-09
x2_n5__t256                                  5
vdd_drv__t1011                               5
vdd_drv__t688                                5
x2_n5__t255                                  5
out__t487                          3.16366e-09
out__t237                          3.16357e-09
x2_n5__t254                                  5
vdd_drv__t1010                               5
vdd_drv__t687                                5
x2_n5__t253                                  5
out__t486                          3.16348e-09
out__t236                          3.16339e-09
x2_n5__t252                                  5
vdd_drv__t1009                               5
vdd_drv__t686                                5
x2_n5__t251                                  5
out__t485                          3.16331e-09
out__t241                          3.16322e-09
x2_n5__t261                                  5
vdd_drv__t1014                               5
vdd_drv__t685                                5
x2_n5__t249                                  5
out__t484                          3.16313e-09
out__t234                          3.16304e-09
x2_n5__t248                                  5
vdd_drv__t1007                               5
vdd_drv__t684                                5
x2_n5__t247                                  5
out__t483                          3.16295e-09
out__t233                          3.16286e-09
x2_n5__t246                                  5
vdd_drv__t1006                               5
vdd_drv__t683                                5
x2_n5__t245                                  5
out__t482                          3.16277e-09
out__t232                          3.16268e-09
x2_n5__t244                                  5
vdd_drv__t1005                               5
vdd_drv__t682                                5
x2_n5__t243                                  5
out__t481                           3.1626e-09
out__t231                          3.16251e-09
x2_n5__t242                                  5
vdd_drv__t1004                               5
vdd_drv__t681                                5
x2_n5__t241                                  5
out__t480                          3.16242e-09
out__t230                          3.16233e-09
x2_n5__t240                                  5
vdd_drv__t1003                               5
vdd_drv__t702                                5
x2_n5__t282                                  5
out__t501                          3.16224e-09
out__t264                          3.16215e-09
x2_n5__t310                                  5
vdd_drv__t1038                               5
vdd_drv__t743                                5
x2_n5__t341                                  5
out__t532                          3.16206e-09
out__t278                          3.16198e-09
x2_n5__t340                                  5
vdd_drv__t1061                               5
vdd_drv__t742                                5
x2_n5__t339                                  5
out__t531                          3.16189e-09
out__t277                           3.1618e-09
x2_n5__t338                                  5
vdd_drv__t1060                               5
vdd_drv__t741                                5
x2_n5__t337                                  5
out__t530                          3.16171e-09
out__t276                          3.16162e-09
x2_n5__t336                                  5
vdd_drv__t1059                               5
vdd_drv__t740                                5
x2_n5__t335                                  5
out__t529                          3.16153e-09
out__t294                          3.16144e-09
x2_n5__t370                                  5
vdd_drv__t1077                               5
vdd_drv__t973                                5
x2_n5__t679                                  5
out__t699                          3.17236e-09
out__t444                          3.17227e-09
x2_n5__t668                                  5
vdd_drv__t1292                               5
vdd_drv__t967                                5
x2_n5__t667                                  5
out__t693                          3.17218e-09
out__t443                          3.17209e-09
x2_n5__t666                                  5
vdd_drv__t1291                               5
vdd_drv__t966                                5
x2_n5__t665                                  5
out__t692                            3.172e-09
out__t442                          3.17191e-09
x2_n5__t664                                  5
vdd_drv__t1290                               5
vdd_drv__t993                                5
x2_n5__t718                                  5
out__t719                          3.17183e-09
out__t468                          3.17174e-09
x2_n5__t717                                  5
vdd_drv__t1316                               5
vdd_drv__t992                                5
x2_n5__t716                                  5
out__t718                          3.17165e-09
out__t467                          3.17156e-09
x2_n5__t715                                  5
vdd_drv__t1315                               5
vdd_drv__t991                                5
x2_n5__t714                                  5
out__t717                          3.17147e-09
out__t466                          3.17138e-09
x2_n5__t713                                  5
vdd_drv__t1314                               5
vdd_drv__t990                                5
x2_n5__t712                                  5
out__t716                          3.17129e-09
out__t465                           3.1712e-09
x2_n5__t711                                  5
vdd_drv__t1313                               5
vdd_drv__t989                                5
x2_n5__t710                                  5
out__t715                          3.17112e-09
out__t469                          3.17103e-09
x2_n5__t719                                  5
vdd_drv__t1317                               5
vdd_drv__t987                                5
x2_n5__t708                                  5
out__t713                          3.17094e-09
out__t464                          3.17085e-09
x2_n5__t707                                  5
vdd_drv__t1312                               5
vdd_drv__t986                                5
x2_n5__t706                                  5
out__t712                          3.17076e-09
out__t463                          3.17067e-09
x2_n5__t705                                  5
vdd_drv__t1311                               5
vdd_drv__t985                                5
x2_n5__t704                                  5
out__t711                          3.17058e-09
out__t462                          3.17049e-09
x2_n5__t703                                  5
vdd_drv__t1310                               5
vdd_drv__t984                                5
x2_n5__t702                                  5
out__t710                           3.1704e-09
out__t461                          3.17032e-09
x2_n5__t701                                  5
vdd_drv__t1309                               5
vdd_drv__t983                                5
x2_n5__t700                                  5
out__t709                          3.17023e-09
out__t455                          3.17014e-09
x2_n5__t689                                  5
vdd_drv__t1303                               5
vdd_drv__t963                                5
x2_n5__t659                                  5
out__t690                          3.17005e-09
out__t438                          3.16996e-09
x2_n5__t658                                  5
vdd_drv__t1286                               5
vdd_drv__t962                                5
x2_n5__t657                                  5
out__t689                          3.16987e-09
out__t417                          3.16978e-09
x2_n5__t615                                  5
vdd_drv__t1246                               5
vdd_drv__t921                                5
x2_n5__t614                                  5
out__t667                           3.1697e-09
out__t424                          3.16961e-09
x2_n5__t627                                  5
vdd_drv__t1253                               5
vdd_drv__t926                                5
x2_n5__t626                                  5
out__t672                          3.16952e-09
out__t423                          3.16943e-09
x2_n5__t625                                  5
vdd_drv__t1252                               5
vdd_drv__t925                                5
x2_n5__t624                                  5
out__t671                          3.16934e-09
out__t422                          3.16925e-09
x2_n5__t623                                  5
vdd_drv__t1251                               5
vdd_drv__t924                                5
x2_n5__t622                                  5
out__t670                          3.16916e-09
out__t421                          3.16907e-09
x2_n5__t621                                  5
vdd_drv__t1250                               5
vdd_drv__t923                                5
x2_n5__t620                                  5
out__t669                          3.16898e-09
out__t420                           3.1689e-09
x2_n5__t619                                  5
vdd_drv__t1249                               5
vdd_drv__t958                                5
x2_n5__t650                                  5
out__t685                          3.16881e-09
out__t460                          3.16872e-09
x2_n5__t698                                  5
vdd_drv__t1308                               5
vdd_drv__t981                                5
x2_n5__t697                                  5
out__t707                          3.16863e-09
out__t459                          3.16854e-09
x2_n5__t696                                  5
vdd_drv__t1307                               5
vdd_drv__t980                                5
x2_n5__t695                                  5
out__t706                          3.16845e-09
out__t458                          3.16836e-09
x2_n5__t694                                  5
vdd_drv__t1306                               5
vdd_drv__t979                                5
x2_n5__t693                                  5
out__t705                          3.16827e-09
out__t457                          3.16819e-09
x2_n5__t692                                  5
vdd_drv__t1305                               5
vdd_drv__t978                                5
x2_n5__t691                                  5
out__t704                           3.1681e-09
out__t456                          3.16801e-09
x2_n5__t690                                  5
vdd_drv__t1304                               5
vdd_drv__t982                                5
x2_n5__t699                                  5
out__t708                          3.16792e-09
out__t454                          3.16783e-09
x2_n5__t688                                  5
vdd_drv__t1302                               5
vdd_drv__t977                                5
x2_n5__t687                                  5
out__t703                          3.16774e-09
out__t453                          3.16765e-09
x2_n5__t686                                  5
vdd_drv__t1301                               5
vdd_drv__t976                                5
x2_n5__t685                                  5
out__t702                          3.16756e-09
out__t452                          3.16748e-09
x2_n5__t684                                  5
vdd_drv__t1300                               5
vdd_drv__t975                                5
x2_n5__t683                                  5
out__t701                          3.16739e-09
out__t451                           3.1673e-09
x2_n5__t682                                  5
vdd_drv__t1299                               5
vdd_drv__t974                                5
x2_n5__t681                                  5
out__t700                          3.16721e-09
out__t450                          3.16712e-09
x2_n5__t680                                  5
vdd_drv__t1298                               5
vdd_drv__t988                                5
x2_n5__t709                                  5
out__t714                          3.16703e-09
out__t470                          3.17245e-09
x2_n5__t720                                  5
vdd_drv__t668                                5
in                                           0
in_drv                              1.2701e-09
out                                3.15362e-09
x1_inb                                     3.3
x1_na                                  2.43057
x1_nb                              1.31645e-09
x1_nbuf1                                     5
x1_nca                                       5
x1_ncb                             4.02969e-09
x2_n1                                        5
x2_n2                              2.67862e-09
x2_n3                                        5
x2_n4                              3.40217e-09
x2_n5                                        5
outcap                             3.15362e-09
vimeas#branch                                0
vin#branch                                   0
vgnd_logic#branch                  3.69348e-09
vsup_drv#branch                   -3.62778e-09
vsup_logic#branch                 -7.49839e-12

 Reference value :  0.00000e+00
 Reference value :  4.12800e-09
 Reference value :  9.62800e-09
 Reference value :  1.51280e-08
 Reference value :  2.00022e-08
 Reference value :  2.11283e-08
 Reference value :  2.41506e-08
 Reference value :  2.59330e-08
 Reference value :  2.65990e-08
 Reference value :  2.80356e-08
 Reference value :  3.37356e-08
 Reference value :  3.95356e-08
 Reference value :  4.53356e-08
 Reference value :  5.01356e-08
 Reference value :  5.42356e-08
 Reference value :  5.82356e-08
 Reference value :  6.21356e-08
 Reference value :  6.60356e-08
 Reference value :  6.99356e-08
 Reference value :  7.38356e-08
 Reference value :  7.76356e-08
 Reference value :  8.15356e-08
 Reference value :  8.55356e-08
 Reference value :  8.94356e-08
 Reference value :  9.33356e-08
 Reference value :  9.73356e-08
 Reference value :  1.01336e-07
 Reference value :  1.05336e-07
 Reference value :  1.09336e-07
 Reference value :  1.13336e-07
 Reference value :  1.17336e-07
 Reference value :  1.21336e-07
 Reference value :  1.25436e-07
 Reference value :  1.29436e-07
 Reference value :  1.33436e-07
 Reference value :  1.37436e-07
 Reference value :  1.41436e-07
 Reference value :  1.45436e-07
 Reference value :  1.49536e-07
 Reference value :  1.53636e-07
 Reference value :  1.57636e-07
 Reference value :  1.61636e-07
 Reference value :  1.65636e-07
 Reference value :  1.69736e-07
 Reference value :  1.73836e-07
 Reference value :  1.77936e-07
 Reference value :  1.82036e-07
 Reference value :  1.86036e-07
 Reference value :  1.90136e-07
 Reference value :  1.94136e-07
 Reference value :  1.98236e-07
 Reference value :  2.02336e-07
 Reference value :  2.06436e-07
 Reference value :  2.10536e-07
 Reference value :  2.14536e-07
 Reference value :  2.18536e-07
 Reference value :  2.22636e-07
 Reference value :  2.26736e-07
 Reference value :  2.30736e-07
 Reference value :  2.34736e-07
 Reference value :  2.38836e-07
 Reference value :  2.42836e-07
 Reference value :  2.46936e-07
 Reference value :  2.51036e-07
 Reference value :  2.55136e-07
 Reference value :  2.59136e-07
 Reference value :  2.63136e-07
 Reference value :  2.67136e-07
 Reference value :  2.71236e-07
 Reference value :  2.75236e-07
 Reference value :  2.79336e-07
 Reference value :  2.83436e-07
 Reference value :  2.87436e-07
 Reference value :  2.91436e-07
 Reference value :  2.95436e-07
 Reference value :  2.99536e-07
 Reference value :  3.03536e-07
 Reference value :  3.07536e-07
 Reference value :  3.11636e-07
 Reference value :  3.15736e-07
 Reference value :  3.19736e-07
 Reference value :  3.21730e-07
 Reference value :  3.23313e-07
 Reference value :  3.24668e-07
 Reference value :  3.25705e-07
 Reference value :  3.26627e-07
 Reference value :  3.32247e-07
 Reference value :  3.38047e-07
 Reference value :  3.43947e-07
 Reference value :  3.49747e-07
 Reference value :  3.55647e-07
 Reference value :  3.61447e-07
 Reference value :  3.67347e-07
 Reference value :  3.73047e-07
 Reference value :  3.78747e-07
 Reference value :  3.84547e-07
 Reference value :  3.90447e-07
 Reference value :  3.96247e-07
 Reference value :  4.01947e-07
 Reference value :  4.07747e-07
 Reference value :  4.13647e-07
 Reference value :  4.19447e-07
 Reference value :  4.25347e-07
 Reference value :  4.31247e-07
 Reference value :  4.36947e-07
 Reference value :  4.42847e-07
 Reference value :  4.48747e-07
 Reference value :  4.54647e-07
 Reference value :  4.60547e-07
 Reference value :  4.66347e-07
 Reference value :  4.72247e-07
 Reference value :  4.78047e-07
 Reference value :  4.83847e-07
 Reference value :  4.89647e-07
 Reference value :  4.95447e-07
 Reference value :  5.01247e-07
 Reference value :  5.07047e-07
 Reference value :  5.12947e-07
 Reference value :  5.18847e-07
 Reference value :  5.24647e-07
 Reference value :  5.30547e-07
 Reference value :  5.36447e-07
 Reference value :  5.42247e-07
 Reference value :  5.48047e-07
 Reference value :  5.53847e-07
 Reference value :  5.59647e-07
 Reference value :  5.65547e-07
 Reference value :  5.71447e-07
 Reference value :  5.77247e-07
 Reference value :  5.83147e-07
 Reference value :  5.88847e-07
 Reference value :  5.94747e-07
 Reference value :  6.01047e-07
 Reference value :  6.07447e-07
 Reference value :  6.13147e-07
 Reference value :  6.18947e-07
 Reference value :  6.24747e-07
 Reference value :  6.30547e-07
 Reference value :  6.36247e-07
 Reference value :  6.42047e-07
 Reference value :  6.47847e-07
 Reference value :  6.53547e-07
 Reference value :  6.59447e-07
 Reference value :  6.65347e-07
 Reference value :  6.71247e-07
 Reference value :  6.77247e-07
 Reference value :  6.83147e-07
 Reference value :  6.89047e-07
 Reference value :  6.94447e-07
No. of Data Rows : 7176
trise10_90          =  5.06870e-09 targ=  3.22484e-08 trig=  2.71797e-08
tfall10_90          =  4.81733e-09 targ=  3.31424e-07 trig=  3.26607e-07
tpdlh               =  8.65403e-09 targ=  2.91540e-08 trig=  2.05000e-08
tpdhl               =  7.23322e-09 targ=  3.28733e-07 trig=  3.21500e-07
m_trise_s = 5.0687030000e-09
m_tfall_s = 4.8173270000e-09
m_tpdlh_s = 8.6540340000e-09
m_tpdhl_s = 7.2332160000e-09
m_ipeak_source_a = 1.0521779972e+00
m_ipeak_sink_a = 9.6069808484e-01
m_vout_max_v = 5.0042658811e+00
m_vout_min_v = -2.789053967e-03
m_vin_max_v = 3.3000000000e+00
m_vin_min_v = 0.0000000000e+00
m_indrv_max_v = 5.0128796033e+00
m_indrv_min_v = -3.986611374e-03
m_n1_max_v = 5.0076731260e+00
m_n1_min_v = -5.196587377e-03
m_n2_max_v = 5.0134254250e+00
m_n2_min_v = -7.469769968e-03
m_n3_max_v = 5.0107132461e+00
m_n3_min_v = -8.278358704e-03
m_n4_max_v = 5.0209808652e+00
m_n4_min_v = -1.190167258e-02
m_n5_max_v = 5.0352262369e+00
m_n5_min_v = -1.537971356e-02
Note: Simulation executed from .control section 

Note: vimeas: has no value, DC 0 assumed
