
Note: No compatibility mode selected!


Circuit: * level-shifter-oxide-safety-postlayout @ ff_-40c_vlogic3p30v-vdrv5p00v -- generated by sim/harness, do not edit

Doing analysis at TEMP = -40.000000 and TNOM = 27.000000

Using SPARSE 1.3 as Direct Linear Solver

Initial Transient Solution
--------------------------

Node                                   Voltage
----                                   -------
x1_inb__t0                             3.29999
in__t0                            -1.69407e-20
gnd_logic__t1376                   2.02388e-13
gnd_logic                                    0
x2_n2__t2                            9.653e-07
x2_n1__t3                              4.99996
gnd_drv__t4                        3.65801e-08
gnd_drv                            2.02713e-08
out__t356                          1.73654e-06
x2_n5__t164                            4.99998
gnd_drv__t937                      3.54421e-08
out__t55                           1.74948e-06
x3_lockout__t110                   1.82172e-06
gnd_drv__t611                      2.02713e-08
gnd_drv__t63                       2.02713e-08
x3_lockout__t96                    1.82172e-06
out__t557                          1.74948e-06
out__t511                          1.74948e-06
x3_lockout__t802                   1.82172e-06
gnd_drv__t12                       2.02713e-08
gnd_drv__t447                      2.02713e-08
x3_lockout__t588                   1.82172e-06
out__t914                          1.74948e-06
out__t402                          1.74948e-06
x3_lockout__t589                   1.82172e-06
gnd_drv__t983                      2.02713e-08
gnd_drv__t441                      2.02713e-08
x3_lockout__t577                   1.82172e-06
out__t908                          1.74948e-06
out__t397                          1.74948e-06
x3_lockout__t578                   1.82172e-06
gnd_drv__t978                      2.02713e-08
gnd_drv__t442                      2.02713e-08
x3_lockout__t579                   1.82172e-06
out__t909                          1.74948e-06
out__t398                          1.74948e-06
x3_lockout__t580                   1.82172e-06
gnd_drv__t979                      2.02713e-08
gnd_drv__t443                      2.02713e-08
x3_lockout__t581                   1.82172e-06
out__t910                          1.74948e-06
gnd_drv__t401                      3.53815e-08
x2_n5__t165                            4.99998
out__t868                          1.73661e-06
out__t399                          1.74948e-06
x3_lockout__t582                   1.82172e-06
gnd_drv__t980                      2.02713e-08
gnd_drv__t444                      2.02713e-08
x3_lockout__t583                   1.82172e-06
out__t911                          1.74948e-06
out__t400                          1.74948e-06
x3_lockout__t584                   1.82172e-06
gnd_drv__t981                      2.02713e-08
gnd_drv__t440                      2.02713e-08
x3_lockout__t576                   1.82172e-06
out__t907                          1.74948e-06
out__t386                          1.74948e-06
x3_lockout__t552                   1.82172e-06
gnd_drv__t967                      2.02713e-08
gnd_drv__t427                      2.02713e-08
x3_lockout__t553                   1.82172e-06
out__t894                          1.74948e-06
out__t387                          1.74948e-06
x3_lockout__t554                   1.82172e-06
gnd_drv__t968                      2.02713e-08
gnd_drv__t428                      2.02713e-08
x3_lockout__t555                   1.82172e-06
out__t895                          1.74948e-06
out__t388                          1.74948e-06
x3_lockout__t556                   1.82172e-06
gnd_drv__t969                      2.02713e-08
gnd_drv__t429                      2.02713e-08
x3_lockout__t557                   1.82172e-06
out__t896                          1.74948e-06
out__t357                          1.73668e-06
x2_n5__t166                            4.99998
gnd_drv__t938                      3.53208e-08
out__t389                          1.74948e-06
x3_lockout__t558                   1.82172e-06
gnd_drv__t970                      2.02713e-08
gnd_drv__t435                      2.02713e-08
x3_lockout__t568                   1.82172e-06
out__t902                          1.74948e-06
out__t390                          1.74948e-06
x3_lockout__t560                   1.82172e-06
gnd_drv__t971                      2.02713e-08
gnd_drv__t431                      2.02713e-08
x3_lockout__t561                   1.82172e-06
out__t898                          1.74948e-06
out__t391                          1.74948e-06
x3_lockout__t562                   1.82172e-06
gnd_drv__t972                      2.02713e-08
gnd_drv__t432                      2.02713e-08
x3_lockout__t563                   1.82172e-06
out__t899                          1.74948e-06
out__t392                          1.74948e-06
x3_lockout__t564                   1.82172e-06
gnd_drv__t973                      2.02713e-08
gnd_drv__t433                      2.02713e-08
x3_lockout__t565                   1.82172e-06
out__t900                          1.74948e-06
out__t393                          1.74948e-06
x3_lockout__t566                   1.82172e-06
gnd_drv__t974                      2.02713e-08
gnd_drv__t434                      2.02713e-08
x3_lockout__t567                   1.82172e-06
out__t901                          1.74948e-06
gnd_drv__t402                      3.52602e-08
x2_n5__t167                            4.99998
out__t869                          1.73675e-06
out__t404                          1.74948e-06
x3_lockout__t593                   1.82172e-06
gnd_drv__t985                      2.02713e-08
gnd_drv__t454                      2.02713e-08
x3_lockout__t602                   1.82172e-06
out__t921                          1.74948e-06
out__t409                          1.74948e-06
x3_lockout__t603                   1.82172e-06
gnd_drv__t991                      2.02713e-08
gnd_drv__t455                      2.02713e-08
x3_lockout__t604                   1.82172e-06
out__t922                          1.74948e-06
out__t410                          1.74948e-06
x3_lockout__t605                   1.82172e-06
gnd_drv__t992                      2.02713e-08
gnd_drv__t456                      2.02713e-08
x3_lockout__t606                   1.82172e-06
out__t923                          1.74948e-06
out__t411                          1.74948e-06
x3_lockout__t607                   1.82172e-06
gnd_drv__t993                      2.02713e-08
gnd_drv__t457                      2.02713e-08
x3_lockout__t608                   1.82172e-06
out__t924                          1.74948e-06
out__t416                          1.74948e-06
x3_lockout__t618                   1.82172e-06
gnd_drv__t998                      2.02713e-08
gnd_drv__t459                      2.02713e-08
x3_lockout__t610                   1.82172e-06
out__t926                          1.74948e-06
out__t372                          1.73682e-06
x2_n5__t193                            4.99998
gnd_drv__t953                      3.51996e-08
out__t412                          1.74948e-06
x3_lockout__t611                   1.82172e-06
gnd_drv__t994                      2.02713e-08
gnd_drv__t460                      2.02713e-08
x3_lockout__t612                   1.82172e-06
out__t927                          1.74948e-06
out__t413                          1.74948e-06
x3_lockout__t613                   1.82172e-06
gnd_drv__t995                      2.02713e-08
gnd_drv__t461                      2.02713e-08
x3_lockout__t614                   1.82172e-06
out__t928                          1.74948e-06
out__t414                          1.74948e-06
x3_lockout__t615                   1.82172e-06
gnd_drv__t996                      2.02713e-08
gnd_drv__t462                      2.02713e-08
x3_lockout__t616                   1.82172e-06
out__t929                          1.74948e-06
out__t415                          1.74948e-06
x3_lockout__t617                   1.82172e-06
gnd_drv__t997                      2.02713e-08
gnd_drv__t458                      2.02713e-08
x3_lockout__t609                   1.82172e-06
out__t925                          1.74948e-06
out__t310                          1.74948e-06
x3_lockout__t551                   1.82172e-06
gnd_drv__t875                      2.02713e-08
gnd_drv__t446                      2.02713e-08
x3_lockout__t586                   1.82172e-06
out__t913                          1.74948e-06
gnd_drv__t418                        3.514e-08
x2_n5__t203                            4.99998
out__t885                          1.73689e-06
out__t401                          1.74948e-06
x3_lockout__t587                   1.82172e-06
gnd_drv__t982                      2.02713e-08
gnd_drv__t532                      2.02713e-08
x3_lockout__t750                   1.82172e-06
out__t994                          1.74948e-06
out__t484                          1.74948e-06
x3_lockout__t751                   1.82172e-06
gnd_drv__t1073                     2.02713e-08
gnd_drv__t531                      2.02713e-08
x3_lockout__t749                   1.82172e-06
out__t993                          1.74948e-06
out__t483                          1.74948e-06
x3_lockout__t748                   1.82172e-06
gnd_drv__t1072                     2.02713e-08
gnd_drv__t448                      2.02713e-08
x3_lockout__t590                   1.82172e-06
out__t915                          1.74948e-06
out__t403                          1.74948e-06
x3_lockout__t591                   1.82172e-06
gnd_drv__t984                      2.02713e-08
gnd_drv__t449                      2.02713e-08
x3_lockout__t592                   1.82172e-06
out__t916                          1.74948e-06
out__t408                          1.74948e-06
x3_lockout__t601                   1.82172e-06
gnd_drv__t990                      2.02713e-08
gnd_drv__t450                      2.02713e-08
x3_lockout__t594                   1.82172e-06
out__t917                          1.74948e-06
out__t366                          1.73696e-06
x2_n5__t182                            4.99998
gnd_drv__t947                      3.50805e-08
out__t405                          1.74948e-06
x3_lockout__t595                   1.82172e-06
gnd_drv__t986                      2.02713e-08
gnd_drv__t451                      2.02713e-08
x3_lockout__t596                   1.82172e-06
out__t918                          1.74948e-06
out__t462                          1.74948e-06
x3_lockout__t707                   1.82172e-06
gnd_drv__t1044                     2.02713e-08
gnd_drv__t452                      2.02713e-08
x3_lockout__t597                   1.82172e-06
out__t919                          1.74948e-06
out__t406                          1.74948e-06
x3_lockout__t598                   1.82172e-06
gnd_drv__t988                      2.02713e-08
gnd_drv__t453                      2.02713e-08
x3_lockout__t599                   1.82172e-06
out__t920                          1.74948e-06
out__t407                          1.74948e-06
x3_lockout__t600                   1.82172e-06
gnd_drv__t989                      2.02713e-08
gnd_drv__t430                      2.02713e-08
x3_lockout__t559                   1.82172e-06
out__t897                          1.74948e-06
out__t487                          1.74948e-06
x3_lockout__t758                   1.82172e-06
gnd_drv__t1076                     2.02713e-08
gnd_drv__t537                      2.02713e-08
x3_lockout__t759                   1.82172e-06
out__t999                          1.74948e-06
gnd_drv__t409                       3.5021e-08
x2_n5__t183                            4.99998
out__t876                          1.73703e-06
out__t488                          1.74948e-06
x3_lockout__t760                   1.82172e-06
gnd_drv__t1077                     2.02713e-08
gnd_drv__t538                      2.02713e-08
x3_lockout__t761                   1.82172e-06
out__t1000                         1.74948e-06
out__t489                          1.74948e-06
x3_lockout__t762                   1.82172e-06
gnd_drv__t1078                     2.02713e-08
gnd_drv__t539                      2.02713e-08
x3_lockout__t763                   1.82172e-06
out__t1001                         1.74948e-06
out__t490                          1.74948e-06
x3_lockout__t764                   1.82172e-06
gnd_drv__t1079                     2.02713e-08
gnd_drv__t544                      2.02713e-08
x3_lockout__t774                   1.82172e-06
out__t1006                         1.74948e-06
out__t492                          1.74948e-06
x3_lockout__t766                   1.82172e-06
gnd_drv__t1081                     2.02713e-08
gnd_drv__t540                      2.02713e-08
x3_lockout__t767                   1.82172e-06
out__t1002                         1.74948e-06
out__t493                          1.74948e-06
x3_lockout__t768                   1.82172e-06
gnd_drv__t1082                     2.02713e-08
gnd_drv__t541                      2.02713e-08
x3_lockout__t769                   1.82172e-06
out__t1003                         1.74948e-06
out__t367                           1.7371e-06
x2_n5__t184                            4.99998
gnd_drv__t948                      3.49614e-08
out__t494                          1.74948e-06
x3_lockout__t770                   1.82172e-06
gnd_drv__t1083                     2.02713e-08
gnd_drv__t542                      2.02713e-08
x3_lockout__t771                   1.82172e-06
out__t1004                         1.74948e-06
out__t495                          1.74948e-06
x3_lockout__t772                   1.82172e-06
gnd_drv__t1084                     2.02713e-08
gnd_drv__t543                      2.02713e-08
x3_lockout__t773                   1.82172e-06
out__t1005                         1.74948e-06
out__t491                          1.74948e-06
x3_lockout__t765                   1.82172e-06
gnd_drv__t1080                     2.02713e-08
gnd_drv__t535                      2.02713e-08
x3_lockout__t756                   1.82172e-06
out__t997                          1.74948e-06
out__t486                          1.74948e-06
x3_lockout__t755                   1.82172e-06
gnd_drv__t1075                     2.02713e-08
gnd_drv__t534                      2.02713e-08
x3_lockout__t754                   1.82172e-06
out__t996                          1.74948e-06
out__t485                          1.74948e-06
x3_lockout__t753                   1.82172e-06
gnd_drv__t1074                     2.02713e-08
gnd_drv__t533                      2.02713e-08
x3_lockout__t752                   1.82172e-06
out__t995                          1.74948e-06
gnd_drv__t406                      3.49019e-08
x2_n5__t176                            4.99998
out__t873                          1.73717e-06
out__t396                          1.74948e-06
x3_lockout__t575                   1.82172e-06
gnd_drv__t977                      2.02713e-08
gnd_drv__t445                      2.02713e-08
x3_lockout__t585                   1.82172e-06
out__t912                          1.74948e-06
out__t474                          1.74948e-06
x3_lockout__t733                   1.82172e-06
gnd_drv__t1063                     2.02713e-08
gnd_drv__t525                      2.02713e-08
x3_lockout__t735                   1.82172e-06
out__t987                          1.74948e-06
out__t478                          1.74948e-06
x3_lockout__t740                   1.82172e-06
gnd_drv__t1067                     2.02713e-08
gnd_drv__t524                      2.02713e-08
x3_lockout__t732                   1.82172e-06
out__t986                          1.74948e-06
out__t475                          1.74948e-06
x3_lockout__t734                   1.82172e-06
gnd_drv__t1064                     2.02713e-08
gnd_drv__t526                      2.02713e-08
x3_lockout__t736                   1.82172e-06
out__t988                          1.74948e-06
out__t476                          1.74948e-06
x3_lockout__t737                   1.82172e-06
gnd_drv__t1065                     2.02713e-08
gnd_drv__t527                      2.02713e-08
x3_lockout__t738                   1.82172e-06
out__t989                          1.74948e-06
x2_n3__t1                              4.99991
x2_n2__t0                          1.70618e-06
gnd_drv__t0                        2.02713e-08
out__t351                          1.73724e-06
x2_n5__t152                            4.99998
gnd_drv__t932                      3.48434e-08
out__t477                          1.74948e-06
x3_lockout__t739                   1.82172e-06
gnd_drv__t1066                     2.02713e-08
gnd_drv__t520                      2.02713e-08
x3_lockout__t725                   1.82172e-06
out__t982                          1.74948e-06
x3_uvlo_ok__t1                         4.99956
x3_lockout__t2                     1.82172e-06
gnd_drv__t8                        2.02713e-08
x3_nref__t0                           0.686263
x3_nref__t1                           0.686673
gnd_drv__t7                        1.32214e-05
x3_ntail__t2                          0.188675
x3_nref__t3                           0.686673
gnd_drv__t15                       1.80747e-05
x3_ncompn__t1                          4.99956
x3_nref__t2                           0.686673
x3_ntail__t0                          0.190621
x3_ncompp__t0                          4.10781
x3_ndiv__t0                           0.897099
x3_ntail__t1                          0.190695
gnd_drv__t394                       3.4785e-08
x2_n5__t153                            4.99998
out__t861                          1.73731e-06
out__t352                          1.73738e-06
x2_n5__t154                            4.99998
gnd_drv__t933                      3.47265e-08
gnd_drv__t395                       3.4668e-08
x2_n5__t155                            4.99998
out__t862                          1.73745e-06
out__t353                          1.73752e-06
x2_n5__t156                            4.99998
gnd_drv__t934                      3.46107e-08
gnd_drv__t398                      3.45522e-08
x2_n5__t160                            4.99998
out__t865                          1.73759e-06
out__t354                          1.73765e-06
x2_n5__t157                            4.99998
gnd_drv__t935                      3.44948e-08
gnd_drv__t424                      3.44386e-08
x2_n5__t214                            4.99998
out__t891                          1.73772e-06
out__t383                          1.73779e-06
x2_n5__t215                            4.99998
gnd_drv__t964                      3.43812e-08
gnd_drv__t425                      3.43249e-08
x2_n5__t216                            4.99998
out__t892                          1.73786e-06
x2_n4__t185                        1.59019e-06
x2_n3__t5                              4.99991
gnd_drv__t5                        4.80992e-08
out__t380                          1.73792e-06
x2_n5__t209                            4.99998
gnd_drv__t961                      3.42686e-08
gnd_drv__t423                      3.42123e-08
x2_n5__t212                            4.99998
out__t890                          1.73799e-06
out__t382                          1.73805e-06
x2_n5__t213                            4.99998
gnd_drv__t963                       3.4156e-08
gnd_drv__t426                      3.41009e-08
x2_n5__t217                            4.99998
out__t893                          1.73812e-06
out__t381                          1.73819e-06
x2_n5__t210                            4.99998
gnd_drv__t962                      3.40457e-08
gnd_drv__t411                      3.39905e-08
x2_n5__t186                            4.99998
out__t878                          1.73825e-06
out__t368                          1.73831e-06
x2_n5__t187                            4.99998
gnd_drv__t949                      3.39353e-08
gnd_drv__t419                      3.38812e-08
x2_n5__t204                            4.99998
out__t886                          1.73838e-06
out__t378                          1.73844e-06
x2_n5__t205                            4.99998
gnd_drv__t959                      3.38271e-08
gnd_drv__t420                       3.3773e-08
x2_n5__t206                            4.99998
out__t887                          1.73851e-06
gnd_drv__t1052                     4.81706e-08
x2_n3__t6                              4.99991
x2_n4__t184                        1.59798e-06
out__t379                          1.73857e-06
x2_n5__t207                            4.99998
gnd_drv__t960                      3.37201e-08
gnd_drv__t421                      3.36671e-08
x2_n5__t208                            4.99998
out__t888                          1.73863e-06
out__t385                           1.7387e-06
x2_n5__t219                            4.99998
gnd_drv__t966                      3.36141e-08
gnd_drv__t422                      3.35611e-08
x2_n5__t211                            4.99998
out__t889                          1.73876e-06
out__t384                          1.73882e-06
x2_n5__t218                            4.99998
gnd_drv__t965                      3.35092e-08
gnd_drv__t9                        3.34573e-08
x2_n5__t1                              4.99998
out__t0                            1.73888e-06
out__t314                          1.73083e-06
x2_n5__t79                             4.99998
gnd_drv__t886                      4.03702e-08
gnd_drv__t294                      4.02993e-08
x2_n5__t8                              4.99998
out__t788                          1.73091e-06
out__t278                          1.73099e-06
x2_n5__t7                              4.99998
gnd_drv__t834                      4.02283e-08
gnd_drv__t293                      4.01584e-08
x2_n5__t6                              4.99998
out__t787                          1.73107e-06
x2_n4__t177                        1.60582e-06
x2_n3__t8                              4.99991
gnd_drv__t1051                     4.82434e-08
out__t277                          1.73115e-06
x2_n5__t5                              4.99998
gnd_drv__t833                      4.00874e-08
gnd_drv__t292                      4.00175e-08
x2_n5__t4                              4.99998
out__t786                          1.73123e-06
out__t276                          1.73131e-06
x2_n5__t3                              4.99998
gnd_drv__t832                      3.99476e-08
gnd_drv__t291                      3.98777e-08
x2_n5__t2                              4.99998
out__t785                          1.73139e-06
out__t290                          1.73147e-06
x2_n5__t31                             4.99998
gnd_drv__t846                      3.98077e-08
gnd_drv__t305                      3.97378e-08
x2_n5__t30                             4.99998
out__t799                          1.73155e-06
out__t289                          1.73163e-06
x2_n5__t29                             4.99998
gnd_drv__t845                      3.96678e-08
gnd_drv__t304                      3.95978e-08
x2_n5__t28                             4.99998
out__t798                          1.73171e-06
out__t302                          1.73179e-06
x2_n5__t54                             4.99998
gnd_drv__t858                      3.95278e-08
gnd_drv__t316                      3.94578e-08
x2_n5__t53                             4.99998
out__t810                          1.73187e-06
gnd_drv__t512                      4.83154e-08
x2_n3__t9                              4.99991
x2_n4__t186                        1.61371e-06
out__t301                          1.73195e-06
x2_n5__t52                             4.99998
gnd_drv__t857                      3.93889e-08
gnd_drv__t310                      3.93189e-08
x2_n5__t42                             4.99998
out__t804                          1.73203e-06
out__t282                          1.73211e-06
x2_n5__t16                             4.99998
gnd_drv__t838                        3.925e-08
gnd_drv__t298                      3.91811e-08
x2_n5__t15                             4.99998
out__t792                          1.73219e-06
out__t281                          1.73227e-06
x2_n5__t14                             4.99998
gnd_drv__t837                      3.91121e-08
gnd_drv__t297                       3.9042e-08
x2_n5__t13                             4.99998
out__t791                          1.73235e-06
out__t280                          1.73243e-06
x2_n5__t12                             4.99998
gnd_drv__t836                       3.8973e-08
gnd_drv__t296                      3.89052e-08
x2_n5__t11                             4.99998
out__t790                          1.73251e-06
out__t279                          1.73259e-06
x2_n5__t10                             4.99998
gnd_drv__t835                      3.88362e-08
gnd_drv__t295                      3.87672e-08
x2_n5__t9                              4.99998
out__t789                          1.73267e-06
x2_n4__t178                        1.62165e-06
x2_n3__t10                             4.99991
gnd_drv__t1053                     4.83887e-08
out__t283                          1.73274e-06
x2_n5__t17                             4.99998
gnd_drv__t839                      3.86993e-08
gnd_drv__t302                      3.86303e-08
x2_n5__t25                             4.99998
out__t796                          1.73282e-06
out__t292                           1.7329e-06
x2_n5__t33                             4.99998
gnd_drv__t848                      3.85623e-08
gnd_drv__t322                      3.84944e-08
x2_n5__t65                             4.99998
out__t816                          1.73298e-06
out__t291                          1.73306e-06
x2_n5__t32                             4.99998
gnd_drv__t847                      3.84253e-08
gnd_drv__t299                      3.83574e-08
x2_n5__t19                             4.99998
out__t793                          1.73314e-06
out__t284                          1.73322e-06
x2_n5__t18                             4.99998
gnd_drv__t840                      3.82894e-08
gnd_drv__t328                      3.82225e-08
x2_n5__t69                             4.99998
out__t819                           1.7333e-06
out__t316                          1.73337e-06
x2_n5__t82                             4.99998
gnd_drv__t888                      3.81545e-08
gnd_drv__t350                      3.80865e-08
x2_n5__t81                             4.99998
out__t825                          1.73345e-06
gnd_drv__t513                      4.84622e-08
x2_n3__t11                             4.99991
x2_n4__t187                        1.62965e-06
out__t315                          1.73353e-06
x2_n5__t80                             4.99998
gnd_drv__t887                      3.80196e-08
gnd_drv__t349                      3.79527e-08
x2_n5__t78                             4.99998
out__t824                          1.73361e-06
out__t286                          1.73369e-06
x2_n5__t22                             4.99998
gnd_drv__t842                      3.78846e-08
gnd_drv__t300                      3.78177e-08
x2_n5__t21                             4.99998
out__t794                          1.73376e-06
out__t285                          1.73384e-06
x2_n5__t20                             4.99998
gnd_drv__t841                      3.77508e-08
gnd_drv__t303                      3.76849e-08
x2_n5__t27                             4.99998
out__t797                          1.73392e-06
out__t288                            1.734e-06
x2_n5__t26                             4.99998
gnd_drv__t844                      3.76179e-08
gnd_drv__t323                       3.7551e-08
x2_n5__t67                             4.99998
out__t817                          1.73407e-06
out__t308                          1.73415e-06
x2_n5__t66                             4.99998
gnd_drv__t864                      3.74851e-08
gnd_drv__t306                      3.74181e-08
x2_n5__t34                             4.99998
out__t800                          1.73423e-06
x2_n4__t179                        1.63769e-06
x2_n3__t12                             4.99991
gnd_drv__t1054                     4.85359e-08
out__t287                           1.7343e-06
x2_n5__t24                             4.99998
gnd_drv__t843                      3.73522e-08
gnd_drv__t301                      3.72863e-08
x2_n5__t23                             4.99998
out__t795                          1.73438e-06
out__t361                          1.73446e-06
x2_n5__t174                            4.99998
gnd_drv__t942                      3.72204e-08
gnd_drv__t405                      3.71544e-08
x2_n5__t173                            4.99998
out__t872                          1.73453e-06
out__t360                          1.73461e-06
x2_n5__t172                            4.99998
gnd_drv__t941                      3.70896e-08
gnd_drv__t404                      3.70236e-08
x2_n5__t171                            4.99998
out__t871                          1.73469e-06
out__t359                          1.73476e-06
x2_n5__t170                            4.99998
gnd_drv__t940                      3.69588e-08
gnd_drv__t403                       3.6894e-08
x2_n5__t169                            4.99998
out__t870                          1.73484e-06
out__t322                          1.73491e-06
x2_n5__t91                             4.99998
gnd_drv__t903                      3.68291e-08
gnd_drv__t314                      3.67642e-08
x2_n5__t50                             4.99998
out__t808                          1.73499e-06
gnd_drv__t514                      4.86086e-08
x2_n3__t13                             4.99991
x2_n4__t188                        1.64578e-06
out__t300                          1.73506e-06
x2_n5__t49                             4.99998
gnd_drv__t856                      3.66993e-08
gnd_drv__t380                      4.43497e-08
x2_n5__t129                            4.99998
out__t847                          1.72632e-06
out__t342                           1.7264e-06
x2_n5__t130                            4.99998
gnd_drv__t923                      4.42761e-08
gnd_drv__t381                      4.42026e-08
x2_n5__t131                            4.99998
out__t848                          1.72649e-06
out__t343                          1.72657e-06
x2_n5__t132                            4.99998
gnd_drv__t924                       4.4129e-08
gnd_drv__t382                      4.40554e-08
x2_n5__t133                            4.99998
out__t849                          1.72665e-06
out__t365                          1.72673e-06
x2_n5__t181                            4.99998
gnd_drv__t946                      4.39817e-08
gnd_drv__t408                      4.39081e-08
x2_n5__t180                            4.99998
out__t875                          1.72682e-06
out__t364                           1.7269e-06
x2_n5__t179                            4.99998
gnd_drv__t945                      4.38345e-08
gnd_drv__t407                      4.37619e-08
x2_n5__t178                            4.99998
out__t874                          1.72698e-06
x1_na__t0                              2.28508
in__t2                              2.5289e-15
gnd_logic__t1377                   2.72314e-13
x2_n4__t180                        1.65391e-06
x2_n3__t14                             4.99991
gnd_drv__t1055                     4.86824e-08
out__t362                          1.72706e-06
x2_n5__t175                            4.99998
gnd_drv__t943                      4.36882e-08
gnd_drv__t389                      4.36145e-08
x2_n5__t143                            4.99998
out__t856                          1.72715e-06
out__t347                          1.72723e-06
x2_n5__t144                            4.99998
gnd_drv__t928                       4.3542e-08
gnd_drv__t390                      4.34682e-08
x2_n5__t145                            4.99998
out__t857                          1.72731e-06
out__t348                          1.72739e-06
x2_n5__t146                            4.99998
gnd_drv__t929                      4.33956e-08
gnd_drv__t391                      4.33219e-08
x2_n5__t147                            4.99998
out__t858                          1.72748e-06
out__t349                          1.72756e-06
x2_n5__t148                            4.99998
gnd_drv__t930                      4.32492e-08
gnd_drv__t392                      4.31755e-08
x2_n5__t149                            4.99998
out__t859                          1.72764e-06
out__t350                          1.72772e-06
x2_n5__t150                            4.99998
gnd_drv__t931                      4.31028e-08
gnd_drv__t388                      4.30301e-08
x2_n5__t142                            4.99998
out__t855                          1.72781e-06
gnd_drv__t515                      4.87562e-08
x2_n3__t15                             4.99991
x2_n4__t189                        1.66207e-06
out__t336                          1.72789e-06
x2_n5__t118                            4.99998
gnd_drv__t917                      4.29574e-08
gnd_drv__t375                      4.28847e-08
x2_n5__t119                            4.99998
out__t842                          1.72797e-06
out__t337                          1.72805e-06
x2_n5__t120                            4.99998
gnd_drv__t918                      4.28109e-08
gnd_drv__t376                      4.27381e-08
x2_n5__t121                            4.99998
out__t843                          1.72814e-06
out__t338                          1.72822e-06
x2_n5__t122                            4.99998
gnd_drv__t919                      4.26654e-08
gnd_drv__t377                      4.25937e-08
x2_n5__t123                            4.99998
out__t844                           1.7283e-06
out__t339                          1.72838e-06
x2_n5__t124                            4.99998
gnd_drv__t920                      4.25209e-08
gnd_drv__t383                      4.24481e-08
x2_n5__t134                            4.99998
out__t850                          1.72846e-06
out__t363                          1.72855e-06
x2_n5__t177                            4.99998
gnd_drv__t944                      4.23753e-08
gnd_drv__t410                      4.23036e-08
x2_n5__t185                            4.99998
out__t877                          1.72863e-06
x2_n4__t181                        1.67027e-06
x2_n3__t16                             4.99991
gnd_drv__t1056                     4.88299e-08
out__t344                          1.72871e-06
x2_n5__t136                            4.99998
gnd_drv__t925                      4.22308e-08
gnd_drv__t385                      4.21579e-08
x2_n5__t137                            4.99998
out__t852                          1.72879e-06
out__t345                          1.72887e-06
x2_n5__t138                            4.99998
gnd_drv__t926                      4.20862e-08
gnd_drv__t386                      4.20133e-08
x2_n5__t139                            4.99998
out__t853                          1.72896e-06
out__t369                          1.72904e-06
x2_n5__t188                            4.99998
gnd_drv__t950                      4.19415e-08
gnd_drv__t412                      4.18697e-08
x2_n5__t189                            4.99998
out__t879                          1.72912e-06
out__t307                           1.7292e-06
x2_n5__t64                             4.99998
gnd_drv__t863                      4.17979e-08
gnd_drv__t321                       4.1725e-08
x2_n5__t63                             4.99998
out__t815                          1.72928e-06
out__t306                          1.72936e-06
x2_n5__t62                             4.99998
gnd_drv__t862                      4.16532e-08
gnd_drv__t320                      4.15813e-08
x2_n5__t61                             4.99998
out__t814                          1.72945e-06
gnd_drv__t516                      4.89034e-08
x2_n3__t17                             4.99991
x2_n4__t190                        1.67851e-06
out__t305                          1.72953e-06
x2_n5__t60                             4.99998
gnd_drv__t861                      4.15095e-08
gnd_drv__t324                      4.14376e-08
x2_n5__t68                             4.99998
out__t818                          1.72961e-06
out__t304                          1.72969e-06
x2_n5__t58                             4.99998
gnd_drv__t860                      4.13668e-08
gnd_drv__t318                      4.12949e-08
x2_n5__t57                             4.99998
out__t812                          1.72977e-06
out__t303                          1.72985e-06
x2_n5__t56                             4.99998
gnd_drv__t859                       4.1223e-08
gnd_drv__t319                      4.11522e-08
x2_n5__t59                             4.99998
out__t813                          1.72994e-06
out__t293                          1.73002e-06
x2_n5__t35                             4.99998
gnd_drv__t849                      4.10803e-08
gnd_drv__t348                      4.10094e-08
x2_n5__t77                             4.99998
out__t823                           1.7301e-06
out__t313                          1.73018e-06
x2_n5__t76                             4.99998
gnd_drv__t885                      4.09375e-08
gnd_drv__t347                      4.08666e-08
x2_n5__t75                             4.99998
out__t822                          1.73026e-06
x2_n4__t182                        1.68676e-06
x2_n3__t18                             4.99991
gnd_drv__t1057                     4.89767e-08
out__t317                          1.73034e-06
x2_n5__t83                             4.99998
gnd_drv__t889                      4.07957e-08
gnd_drv__t345                      4.07237e-08
x2_n5__t74                             4.99998
out__t821                          1.73042e-06
out__t312                           1.7305e-06
x2_n5__t73                             4.99998
gnd_drv__t884                      4.06528e-08
gnd_drv__t344                      4.05819e-08
x2_n5__t72                             4.99998
out__t820                          1.73058e-06
out__t311                          1.73067e-06
x2_n5__t71                             4.99998
gnd_drv__t883                       4.0511e-08
gnd_drv__t317                      4.04412e-08
x2_n5__t55                             4.99998
out__t811                          1.73075e-06
out__t510                          1.72174e-06
x2_n5__t220                            4.99998
gnd_drv__t11                       4.84479e-08
gnd_drv__t368                       4.8373e-08
x2_n5__t105                            4.99998
out__t835                          1.72182e-06
out__t330                          1.72191e-06
x2_n5__t106                            4.99998
gnd_drv__t911                      4.82979e-08
gnd_drv__t369                      4.82229e-08
x2_n5__t107                            4.99998
out__t836                          1.72199e-06
gnd_drv__t6                        4.90496e-08
x2_n3__t7                              4.99991
x2_n4__t183                        1.69503e-06
out__t335                          1.72207e-06
x2_n5__t117                            4.99998
gnd_drv__t916                      4.81479e-08
gnd_drv__t371                      4.80729e-08
x2_n5__t109                            4.99998
out__t838                          1.72216e-06
out__t331                          1.72224e-06
x2_n5__t110                            4.99998
gnd_drv__t912                      4.79978e-08
gnd_drv__t372                      4.79227e-08
x2_n5__t111                            4.99998
out__t839                          1.72232e-06
out__t332                          1.72241e-06
x2_n5__t112                            4.99998
gnd_drv__t913                      4.78476e-08
gnd_drv__t373                      4.77725e-08
x2_n5__t113                            4.99998
out__t840                          1.72249e-06
out__t333                          1.72257e-06
x2_n5__t114                            4.99998
gnd_drv__t914                      4.76974e-08
gnd_drv__t374                      4.76222e-08
x2_n5__t115                            4.99998
out__t841                          1.72266e-06
out__t334                          1.72274e-06
x2_n5__t116                            4.99998
gnd_drv__t915                      4.75482e-08
gnd_drv__t370                       4.7473e-08
x2_n5__t108                            4.99998
out__t837                          1.72282e-06
x2_n5__t747                            4.99998
x2_n4__t54                         2.00386e-06
gnd_drv__t13                       2.02713e-08
out__t318                          1.72291e-06
x2_n5__t84                             4.99998
gnd_drv__t899                      4.73979e-08
gnd_drv__t359                      4.73227e-08
x2_n5__t85                             4.99998
out__t826                          1.72299e-06
out__t319                          1.72308e-06
x2_n5__t86                             4.99998
gnd_drv__t900                      4.72486e-08
gnd_drv__t360                      4.71733e-08
x2_n5__t87                             4.99998
out__t827                          1.72316e-06
out__t320                          1.72324e-06
x2_n5__t88                             4.99998
gnd_drv__t901                      4.70981e-08
gnd_drv__t361                       4.7024e-08
x2_n5__t89                             4.99998
out__t828                          1.72333e-06
out__t321                          1.72341e-06
x2_n5__t90                             4.99998
gnd_drv__t902                      4.69487e-08
gnd_drv__t365                      4.68745e-08
x2_n5__t100                            4.99998
out__t832                          1.72349e-06
out__t323                          1.72358e-06
x2_n5__t92                             4.99998
gnd_drv__t904                      4.67992e-08
gnd_drv__t362                       4.6725e-08
x2_n5__t93                             4.99998
out__t829                          1.72366e-06
gnd_drv__t327                      2.02713e-08
x2_n4__t6                          2.00386e-06
x2_n5__t750                            4.99998
out__t324                          1.72374e-06
x2_n5__t94                             4.99998
gnd_drv__t905                      4.66508e-08
gnd_drv__t363                      4.65755e-08
x2_n5__t95                             4.99998
out__t830                          1.72383e-06
out__t325                          1.72391e-06
x2_n5__t96                             4.99998
gnd_drv__t906                      4.65012e-08
gnd_drv__t378                       4.6427e-08
x2_n5__t125                            4.99998
out__t845                          1.72399e-06
out__t371                          1.72408e-06
x2_n5__t191                            4.99998
gnd_drv__t952                      4.63516e-08
gnd_drv__t413                      4.62773e-08
x2_n5__t192                            4.99998
out__t880                          1.72416e-06
out__t377                          1.72424e-06
x2_n5__t202                            4.99998
gnd_drv__t958                       4.6203e-08
gnd_drv__t414                      4.61287e-08
x2_n5__t194                            4.99998
out__t881                          1.72433e-06
out__t373                          1.72441e-06
x2_n5__t195                            4.99998
gnd_drv__t954                      4.60544e-08
gnd_drv__t415                        4.598e-08
x2_n5__t196                            4.99998
out__t882                          1.72449e-06
x2_n5__t723                            4.99998
x2_n4__t5                          2.00386e-06
gnd_drv__t867                      2.02713e-08
out__t374                          1.72457e-06
x2_n5__t197                            4.99998
gnd_drv__t955                      4.59056e-08
gnd_drv__t416                      4.58313e-08
x2_n5__t198                            4.99998
out__t883                          1.72466e-06
out__t375                          1.72474e-06
x2_n5__t199                            4.99998
gnd_drv__t956                      4.57569e-08
gnd_drv__t417                      4.56825e-08
x2_n5__t200                            4.99998
out__t884                          1.72483e-06
out__t376                          1.72491e-06
x2_n5__t201                            4.99998
gnd_drv__t957                      4.56081e-08
gnd_drv__t397                      4.55336e-08
x2_n5__t159                            4.99998
out__t864                          1.72499e-06
out__t328                          1.72507e-06
x2_n5__t101                            4.99998
gnd_drv__t909                      4.54592e-08
gnd_drv__t366                      4.53847e-08
x2_n5__t102                            4.99998
out__t833                          1.72516e-06
out__t329                          1.72524e-06
x2_n5__t103                            4.99998
gnd_drv__t910                      4.53114e-08
gnd_drv__t367                      4.52369e-08
x2_n5__t104                            4.99998
out__t834                          1.72532e-06
gnd_drv__t326                      2.02713e-08
x2_n4__t4                          2.00386e-06
x2_n5__t749                            4.99998
out__t327                          1.72541e-06
x2_n5__t99                             4.99998
gnd_drv__t908                      4.51624e-08
gnd_drv__t384                       4.5089e-08
x2_n5__t135                            4.99998
out__t851                          1.72549e-06
out__t370                          1.72557e-06
x2_n5__t190                            4.99998
gnd_drv__t951                      4.50144e-08
gnd_drv__t364                       4.4941e-08
x2_n5__t97                             4.99998
out__t831                          1.72566e-06
out__t326                          1.72574e-06
x2_n5__t98                             4.99998
gnd_drv__t907                      4.48664e-08
gnd_drv__t387                       4.4793e-08
x2_n5__t141                            4.99998
out__t854                          1.72582e-06
out__t346                           1.7259e-06
x2_n5__t140                            4.99998
gnd_drv__t927                      4.47184e-08
gnd_drv__t379                      4.46449e-08
x2_n5__t127                            4.99998
out__t846                          1.72599e-06
out__t341                          1.72607e-06
x2_n5__t128                            4.99998
gnd_drv__t922                      4.45714e-08
gnd_drv__t393                      4.44979e-08
x2_n5__t151                            4.99998
out__t860                          1.72615e-06
x1_nb__t1                          3.03613e-07
x1_inb__t2                             3.29999
gnd_logic__t1378                   3.81696e-09
x2_n5__t722                            4.99998
x2_n4__t3                          2.00386e-06
gnd_drv__t866                      2.02713e-08
out__t340                          1.72624e-06
x2_n5__t126                            4.99998
gnd_drv__t921                      4.44232e-08
x3_lockout__t803                    1.5124e-06
x3_ncompn__t3                          4.99957
gnd_drv__t14                       3.19496e-08
out__t259                          1.74948e-06
x3_lockout__t517                   1.82172e-06
gnd_drv__t815                      2.02713e-08
gnd_drv__t289                      2.02713e-08
x3_lockout__t548                   1.82172e-06
out__t783                          1.74948e-06
out__t273                          1.74948e-06
x3_lockout__t544                   1.82172e-06
gnd_drv__t829                      2.02713e-08
gnd_drv__t287                      2.02713e-08
x3_lockout__t546                   1.82172e-06
out__t781                          1.74948e-06
out__t274                          1.74948e-06
x3_lockout__t545                   1.82172e-06
gnd_drv__t830                      2.02713e-08
gnd_drv__t288                      2.02713e-08
x3_lockout__t547                   1.82172e-06
out__t782                          1.74948e-06
out__t271                          1.74948e-06
x3_lockout__t540                   1.82172e-06
gnd_drv__t827                      2.02713e-08
gnd_drv__t290                      2.02713e-08
x3_lockout__t549                   1.82172e-06
out__t784                          1.74948e-06
gnd_drv__t325                      2.02713e-08
x2_n4__t2                          2.00386e-06
x2_n5__t748                            4.99998
out__t258                          1.74948e-06
x3_lockout__t514                   1.82172e-06
gnd_drv__t814                      2.02713e-08
gnd_drv__t272                      2.02713e-08
x3_lockout__t515                   1.82172e-06
out__t766                          1.74948e-06
out__t260                          1.74948e-06
x3_lockout__t518                   1.82172e-06
gnd_drv__t816                      2.02713e-08
gnd_drv__t286                      2.02713e-08
x3_lockout__t543                   1.82172e-06
out__t780                          1.74948e-06
out__t236                          1.74948e-06
x3_lockout__t470                   1.82172e-06
gnd_drv__t792                      2.02713e-08
gnd_drv__t191                      2.02713e-08
x3_lockout__t352                   1.82172e-06
out__t685                          1.74948e-06
out__t177                          1.74948e-06
x3_lockout__t353                   1.82172e-06
gnd_drv__t733                      2.02713e-08
gnd_drv__t192                      2.02713e-08
x3_lockout__t354                   1.82172e-06
out__t686                          1.74948e-06
out__t178                          1.74948e-06
x3_lockout__t355                   1.82172e-06
gnd_drv__t734                      2.02713e-08
gnd_drv__t193                      2.02713e-08
x3_lockout__t356                   1.82172e-06
out__t687                          1.74948e-06
x2_n5__t721                            4.99998
x2_n4__t1                          2.00386e-06
gnd_drv__t865                      2.02713e-08
out__t179                          1.74948e-06
x3_lockout__t357                   1.82172e-06
gnd_drv__t735                      2.02713e-08
gnd_drv__t194                      2.02713e-08
x3_lockout__t358                   1.82172e-06
out__t688                          1.74948e-06
out__t180                          1.74948e-06
x3_lockout__t359                   1.82172e-06
gnd_drv__t736                      2.02713e-08
gnd_drv__t199                      2.02713e-08
x3_lockout__t369                   1.82172e-06
out__t693                          1.74948e-06
out__t182                          1.74948e-06
x3_lockout__t361                   1.82172e-06
gnd_drv__t738                      2.02713e-08
gnd_drv__t195                      2.02713e-08
x3_lockout__t362                   1.82172e-06
out__t689                          1.74948e-06
out__t183                          1.74948e-06
x3_lockout__t363                   1.82172e-06
gnd_drv__t739                      2.02713e-08
gnd_drv__t196                      2.02713e-08
x3_lockout__t364                   1.82172e-06
out__t690                          1.74948e-06
out__t184                          1.74948e-06
x3_lockout__t365                   1.82172e-06
gnd_drv__t740                      2.02713e-08
gnd_drv__t197                      2.02713e-08
x3_lockout__t366                   1.82172e-06
out__t691                          1.74948e-06
gnd_drv__t337                      2.02713e-08
x2_n4__t22                         2.00386e-06
x2_n5__t759                            4.99998
out__t185                          1.74948e-06
x3_lockout__t367                   1.82172e-06
gnd_drv__t741                      2.02713e-08
gnd_drv__t198                      2.02713e-08
x3_lockout__t368                   1.82172e-06
out__t692                          1.74948e-06
out__t181                          1.74948e-06
x3_lockout__t360                   1.82172e-06
gnd_drv__t737                      2.02713e-08
gnd_drv__t182                      2.02713e-08
x3_lockout__t334                   1.82172e-06
out__t676                          1.74948e-06
out__t168                          1.74948e-06
x3_lockout__t335                   1.82172e-06
gnd_drv__t724                      2.02713e-08
gnd_drv__t183                      2.02713e-08
x3_lockout__t336                   1.82172e-06
out__t677                          1.74948e-06
out__t169                          1.74948e-06
x3_lockout__t337                   1.82172e-06
gnd_drv__t725                      2.02713e-08
gnd_drv__t184                      2.02713e-08
x3_lockout__t338                   1.82172e-06
out__t678                          1.74948e-06
out__t170                          1.74948e-06
x3_lockout__t339                   1.82172e-06
gnd_drv__t726                      2.02713e-08
gnd_drv__t185                      2.02713e-08
x3_lockout__t340                   1.82172e-06
out__t679                          1.74948e-06
x2_n5__t735                            4.99998
x2_n4__t30                         2.00386e-06
gnd_drv__t881                      2.02713e-08
out__t171                          1.74948e-06
x3_lockout__t341                   1.82172e-06
gnd_drv__t727                      2.02713e-08
gnd_drv__t190                      2.02713e-08
x3_lockout__t351                   1.82172e-06
out__t684                          1.74948e-06
out__t173                          1.74948e-06
x3_lockout__t343                   1.82172e-06
gnd_drv__t729                      2.02713e-08
gnd_drv__t186                      2.02713e-08
x3_lockout__t344                   1.82172e-06
out__t680                          1.74948e-06
out__t174                          1.74948e-06
x3_lockout__t345                   1.82172e-06
gnd_drv__t730                      2.02713e-08
gnd_drv__t187                      2.02713e-08
x3_lockout__t346                   1.82172e-06
out__t681                          1.74948e-06
out__t175                          1.74948e-06
x3_lockout__t347                   1.82172e-06
gnd_drv__t731                      2.02713e-08
gnd_drv__t188                      2.02713e-08
x3_lockout__t348                   1.82172e-06
out__t682                          1.74948e-06
out__t176                          1.74948e-06
x3_lockout__t349                   1.82172e-06
gnd_drv__t732                      2.02713e-08
gnd_drv__t189                      2.02713e-08
x3_lockout__t350                   1.82172e-06
out__t683                          1.74948e-06
gnd_drv__t340                      2.02713e-08
x2_n4__t29                         2.00386e-06
x2_n5__t762                            4.99998
out__t190                          1.74948e-06
x3_lockout__t378                   1.82172e-06
gnd_drv__t746                      2.02713e-08
gnd_drv__t209                      2.02713e-08
x3_lockout__t388                   1.82172e-06
out__t703                          1.74948e-06
out__t195                          1.74948e-06
x3_lockout__t389                   1.82172e-06
gnd_drv__t751                      2.02713e-08
gnd_drv__t210                      2.02713e-08
x3_lockout__t390                   1.82172e-06
out__t704                          1.74948e-06
out__t196                          1.74948e-06
x3_lockout__t391                   1.82172e-06
gnd_drv__t752                      2.02713e-08
gnd_drv__t211                      2.02713e-08
x3_lockout__t392                   1.82172e-06
out__t705                          1.74948e-06
out__t197                          1.74948e-06
x3_lockout__t393                   1.82172e-06
gnd_drv__t753                      2.02713e-08
gnd_drv__t212                      2.02713e-08
x3_lockout__t394                   1.82172e-06
out__t706                          1.74948e-06
out__t198                          1.74948e-06
x3_lockout__t395                   1.82172e-06
gnd_drv__t754                      2.02713e-08
gnd_drv__t217                      2.02713e-08
x3_lockout__t405                   1.82172e-06
out__t711                          1.74948e-06
x2_n5__t734                            4.99998
x2_n4__t28                         2.00386e-06
gnd_drv__t880                      2.02713e-08
out__t200                          1.74948e-06
x3_lockout__t397                   1.82172e-06
gnd_drv__t756                      2.02713e-08
gnd_drv__t213                      2.02713e-08
x3_lockout__t398                   1.82172e-06
out__t707                          1.74948e-06
out__t201                          1.74948e-06
x3_lockout__t399                   1.82172e-06
gnd_drv__t757                      2.02713e-08
gnd_drv__t214                      2.02713e-08
x3_lockout__t400                   1.82172e-06
out__t708                          1.74948e-06
out__t202                          1.74948e-06
x3_lockout__t401                   1.82172e-06
gnd_drv__t758                      2.02713e-08
gnd_drv__t215                      2.02713e-08
x3_lockout__t402                   1.82172e-06
out__t709                          1.74948e-06
out__t203                          1.74948e-06
x3_lockout__t403                   1.82172e-06
gnd_drv__t759                      2.02713e-08
gnd_drv__t216                      2.02713e-08
x3_lockout__t404                   1.82172e-06
out__t710                          1.74948e-06
out__t199                          1.74948e-06
x3_lockout__t396                   1.82172e-06
gnd_drv__t755                      2.02713e-08
gnd_drv__t200                      2.02713e-08
x3_lockout__t370                   1.82172e-06
out__t694                          1.74948e-06
gnd_drv__t339                      2.02713e-08
x2_n4__t27                         2.00386e-06
x2_n5__t761                            4.99998
out__t186                          1.74948e-06
x3_lockout__t371                   1.82172e-06
gnd_drv__t742                      2.02713e-08
gnd_drv__t201                      2.02713e-08
x3_lockout__t372                   1.82172e-06
out__t695                          1.74948e-06
out__t187                          1.74948e-06
x3_lockout__t373                   1.82172e-06
gnd_drv__t743                      2.02713e-08
gnd_drv__t202                      2.02713e-08
x3_lockout__t374                   1.82172e-06
out__t696                          1.74948e-06
out__t188                          1.74948e-06
x3_lockout__t375                   1.82172e-06
gnd_drv__t744                      2.02713e-08
gnd_drv__t203                      2.02713e-08
x3_lockout__t376                   1.82172e-06
out__t697                          1.74948e-06
out__t189                          1.74948e-06
x3_lockout__t377                   1.82172e-06
gnd_drv__t745                      2.02713e-08
gnd_drv__t208                      2.02713e-08
x3_lockout__t387                   1.82172e-06
out__t702                          1.74948e-06
out__t191                          1.74948e-06
x3_lockout__t379                   1.82172e-06
gnd_drv__t747                      2.02713e-08
gnd_drv__t204                      2.02713e-08
x3_lockout__t380                   1.82172e-06
out__t698                          1.74948e-06
x2_n5__t733                            4.99998
x2_n4__t26                         2.00386e-06
gnd_drv__t879                      2.02713e-08
out__t192                          1.74948e-06
x3_lockout__t381                   1.82172e-06
gnd_drv__t748                      2.02713e-08
gnd_drv__t205                      2.02713e-08
x3_lockout__t382                   1.82172e-06
out__t699                          1.74948e-06
out__t193                          1.74948e-06
x3_lockout__t383                   1.82172e-06
gnd_drv__t749                      2.02713e-08
gnd_drv__t206                      2.02713e-08
x3_lockout__t384                   1.82172e-06
out__t700                          1.74948e-06
out__t194                          1.74948e-06
x3_lockout__t385                   1.82172e-06
gnd_drv__t750                      2.02713e-08
gnd_drv__t207                      2.02713e-08
x3_lockout__t386                   1.82172e-06
out__t701                          1.74948e-06
out__t172                          1.74948e-06
x3_lockout__t342                   1.82172e-06
gnd_drv__t728                      2.02713e-08
gnd_drv__t157                      2.02713e-08
x3_lockout__t280                   1.82172e-06
out__t651                          1.74948e-06
out__t139                          1.74948e-06
x3_lockout__t281                   1.82172e-06
gnd_drv__t695                      2.02713e-08
gnd_drv__t158                      2.02713e-08
x3_lockout__t282                   1.82172e-06
out__t652                          1.74948e-06
gnd_drv__t338                      2.02713e-08
x2_n4__t25                         2.00386e-06
x2_n5__t760                            4.99998
out__t140                          1.74948e-06
x3_lockout__t283                   1.82172e-06
gnd_drv__t696                      2.02713e-08
gnd_drv__t159                      2.02713e-08
x3_lockout__t284                   1.82172e-06
out__t653                          1.74948e-06
out__t141                          1.74948e-06
x3_lockout__t285                   1.82172e-06
gnd_drv__t697                      2.02713e-08
gnd_drv__t160                      2.02713e-08
x3_lockout__t286                   1.82172e-06
out__t654                          1.74948e-06
out__t142                          1.74948e-06
x3_lockout__t287                   1.82172e-06
gnd_drv__t698                      2.02713e-08
gnd_drv__t164                      2.02713e-08
x3_lockout__t297                   1.82172e-06
out__t658                          1.74948e-06
out__t144                          1.74948e-06
x3_lockout__t289                   1.82172e-06
gnd_drv__t700                      2.02713e-08
gnd_drv__t161                      2.02713e-08
x3_lockout__t290                   1.82172e-06
out__t655                          1.74948e-06
out__t145                          1.74948e-06
x3_lockout__t291                   1.82172e-06
gnd_drv__t701                      2.02713e-08
gnd_drv__t162                      2.02713e-08
x3_lockout__t292                   1.82172e-06
out__t656                          1.74948e-06
x2_n5__t731                            4.99998
x2_n4__t23                         2.00386e-06
gnd_drv__t877                      2.02713e-08
out__t146                          1.74948e-06
x3_lockout__t293                   1.82172e-06
gnd_drv__t702                      2.02713e-08
gnd_drv__t10                       2.02713e-08
x3_lockout__t3                     1.82172e-06
out__t1                            1.74948e-06
out__t160                          1.74948e-06
x3_lockout__t320                   1.82172e-06
gnd_drv__t716                      2.02713e-08
gnd_drv__t154                      2.02713e-08
x3_lockout__t276                   1.82172e-06
out__t648                          1.74948e-06
out__t138                          1.74948e-06
x3_lockout__t277                   1.82172e-06
gnd_drv__t694                      2.02713e-08
gnd_drv__t155                      2.02713e-08
x3_lockout__t278                   1.82172e-06
out__t649                          1.74948e-06
out__t153                          1.74948e-06
x3_lockout__t306                   1.82172e-06
gnd_drv__t709                      2.02713e-08
gnd_drv__t174                      2.02713e-08
x3_lockout__t316                   1.82172e-06
out__t668                          1.74948e-06
out__t158                          1.74948e-06
x3_lockout__t317                   1.82172e-06
gnd_drv__t714                      2.02713e-08
gnd_drv__t175                      2.02713e-08
x3_lockout__t318                   1.82172e-06
out__t669                          1.74948e-06
gnd_drv__t341                      2.02713e-08
x2_n4__t31                         2.00386e-06
x2_n5__t763                            4.99998
out__t159                          1.74948e-06
x3_lockout__t319                   1.82172e-06
gnd_drv__t715                      2.02713e-08
gnd_drv__t153                      2.02713e-08
x3_lockout__t275                   1.82172e-06
out__t647                          1.74948e-06
out__t143                          1.74948e-06
x3_lockout__t288                   1.82172e-06
gnd_drv__t699                      2.02713e-08
gnd_drv__t147                      2.02713e-08
x3_lockout__t262                   1.82172e-06
out__t641                          1.74948e-06
out__t131                          1.74948e-06
x3_lockout__t263                   1.82172e-06
gnd_drv__t687                      2.02713e-08
gnd_drv__t148                      2.02713e-08
x3_lockout__t264                   1.82172e-06
out__t642                          1.74948e-06
out__t132                          1.74948e-06
x3_lockout__t265                   1.82172e-06
gnd_drv__t688                      2.02713e-08
gnd_drv__t149                      2.02713e-08
x3_lockout__t266                   1.82172e-06
out__t643                          1.74948e-06
out__t133                          1.74948e-06
x3_lockout__t267                   1.82172e-06
gnd_drv__t689                      2.02713e-08
gnd_drv__t150                      2.02713e-08
x3_lockout__t268                   1.82172e-06
out__t644                          1.74948e-06
x2_n5__t730                            4.99998
x2_n4__t21                         2.00386e-06
gnd_drv__t876                      2.02713e-08
out__t134                          1.74948e-06
x3_lockout__t269                   1.82172e-06
gnd_drv__t690                      2.02713e-08
gnd_drv__t156                      2.02713e-08
x3_lockout__t279                   1.82172e-06
out__t650                          1.74948e-06
out__t136                          1.74948e-06
x3_lockout__t271                   1.82172e-06
gnd_drv__t692                      2.02713e-08
gnd_drv__t151                      2.02713e-08
x3_lockout__t272                   1.82172e-06
out__t645                          1.74948e-06
out__t137                          1.74948e-06
x3_lockout__t273                   1.82172e-06
gnd_drv__t693                      2.02713e-08
gnd_drv__t152                      2.02713e-08
x3_lockout__t274                   1.82172e-06
out__t646                          1.74948e-06
out__t148                          1.74948e-06
x3_lockout__t296                   1.82172e-06
gnd_drv__t704                      2.02713e-08
gnd_drv__t274                      2.02713e-08
x3_lockout__t519                   1.82172e-06
out__t768                          1.74948e-06
out__t261                          1.74948e-06
x3_lockout__t520                   1.82172e-06
gnd_drv__t817                      2.02713e-08
gnd_drv__t275                      2.02713e-08
x3_lockout__t521                   1.82172e-06
out__t769                          1.74948e-06
gnd_drv__t336                      2.02713e-08
x2_n4__t20                         2.00386e-06
x2_n5__t758                            4.99998
out__t266                          1.74948e-06
x3_lockout__t531                   1.82172e-06
gnd_drv__t822                      2.02713e-08
gnd_drv__t277                      2.02713e-08
x3_lockout__t523                   1.82172e-06
out__t771                          1.74948e-06
out__t262                          1.74948e-06
x3_lockout__t524                   1.82172e-06
gnd_drv__t818                      2.02713e-08
gnd_drv__t278                      2.02713e-08
x3_lockout__t525                   1.82172e-06
out__t772                          1.74948e-06
out__t263                          1.74948e-06
x3_lockout__t526                   1.82172e-06
gnd_drv__t819                      2.02713e-08
gnd_drv__t279                      2.02713e-08
x3_lockout__t527                   1.82172e-06
out__t773                          1.74948e-06
out__t264                          1.74948e-06
x3_lockout__t528                   1.82172e-06
gnd_drv__t820                      2.02713e-08
gnd_drv__t280                      2.02713e-08
x3_lockout__t529                   1.82172e-06
out__t774                          1.74948e-06
out__t265                          1.74948e-06
x3_lockout__t530                   1.82172e-06
gnd_drv__t821                      2.02713e-08
gnd_drv__t257                      2.02713e-08
x3_lockout__t486                   1.82172e-06
out__t751                          1.74948e-06
x2_n5__t740                            4.99998
x2_n4__t42                         2.00386e-06
gnd_drv__t893                      2.02713e-08
out__t214                          1.74948e-06
x3_lockout__t424                   1.82172e-06
gnd_drv__t770                      2.02713e-08
gnd_drv__t226                      2.02713e-08
x3_lockout__t425                   1.82172e-06
out__t720                          1.74948e-06
out__t215                          1.74948e-06
x3_lockout__t426                   1.82172e-06
gnd_drv__t771                      2.02713e-08
gnd_drv__t227                      2.02713e-08
x3_lockout__t427                   1.82172e-06
out__t721                          1.74948e-06
out__t216                          1.74948e-06
x3_lockout__t428                   1.82172e-06
gnd_drv__t772                      2.02713e-08
gnd_drv__t228                      2.02713e-08
x3_lockout__t429                   1.82172e-06
out__t722                          1.74948e-06
out__t217                          1.74948e-06
x3_lockout__t430                   1.82172e-06
gnd_drv__t773                      2.02713e-08
gnd_drv__t229                      2.02713e-08
x3_lockout__t431                   1.82172e-06
out__t723                          1.74948e-06
out__t222                          1.74948e-06
x3_lockout__t441                   1.82172e-06
gnd_drv__t778                      2.02713e-08
gnd_drv__t231                      2.02713e-08
x3_lockout__t433                   1.82172e-06
out__t725                          1.74948e-06
gnd_drv__t353                      2.02713e-08
x2_n4__t41                         2.00386e-06
x2_n5__t769                            4.99998
out__t218                          1.74948e-06
x3_lockout__t434                   1.82172e-06
gnd_drv__t774                      2.02713e-08
gnd_drv__t232                      2.02713e-08
x3_lockout__t435                   1.82172e-06
out__t726                          1.74948e-06
out__t219                          1.74948e-06
x3_lockout__t436                   1.82172e-06
gnd_drv__t775                      2.02713e-08
gnd_drv__t233                      2.02713e-08
x3_lockout__t437                   1.82172e-06
out__t727                          1.74948e-06
out__t220                          1.74948e-06
x3_lockout__t438                   1.82172e-06
gnd_drv__t776                      2.02713e-08
gnd_drv__t234                      2.02713e-08
x3_lockout__t439                   1.82172e-06
out__t728                          1.74948e-06
out__t221                          1.74948e-06
x3_lockout__t440                   1.82172e-06
gnd_drv__t777                      2.02713e-08
gnd_drv__t230                      2.02713e-08
x3_lockout__t432                   1.82172e-06
out__t724                          1.74948e-06
out__t204                          1.74948e-06
x3_lockout__t406                   1.82172e-06
gnd_drv__t760                      2.02713e-08
gnd_drv__t218                      2.02713e-08
x3_lockout__t407                   1.82172e-06
out__t712                          1.74948e-06
x2_n5__t739                            4.99998
x2_n4__t40                         2.00386e-06
gnd_drv__t892                      2.02713e-08
out__t205                          1.74948e-06
x3_lockout__t408                   1.82172e-06
gnd_drv__t761                      2.02713e-08
gnd_drv__t219                      2.02713e-08
x3_lockout__t409                   1.82172e-06
out__t713                          1.74948e-06
out__t206                          1.74948e-06
x3_lockout__t410                   1.82172e-06
gnd_drv__t762                      2.02713e-08
gnd_drv__t220                      2.02713e-08
x3_lockout__t411                   1.82172e-06
out__t714                          1.74948e-06
out__t207                          1.74948e-06
x3_lockout__t412                   1.82172e-06
gnd_drv__t763                      2.02713e-08
gnd_drv__t221                      2.02713e-08
x3_lockout__t413                   1.82172e-06
out__t715                          1.74948e-06
out__t213                          1.74948e-06
x3_lockout__t423                   1.82172e-06
gnd_drv__t769                      2.02713e-08
gnd_drv__t222                      2.02713e-08
x3_lockout__t415                   1.82172e-06
out__t716                          1.74948e-06
out__t209                          1.74948e-06
x3_lockout__t416                   1.82172e-06
gnd_drv__t765                      2.02713e-08
gnd_drv__t223                      2.02713e-08
x3_lockout__t417                   1.82172e-06
out__t717                          1.74948e-06
gnd_drv__t352                      2.02713e-08
x2_n4__t39                         2.00386e-06
x2_n5__t768                            4.99998
out__t210                          1.74948e-06
x3_lockout__t418                   1.82172e-06
gnd_drv__t766                      2.02713e-08
gnd_drv__t224                      2.02713e-08
x3_lockout__t419                   1.82172e-06
out__t718                          1.74948e-06
out__t211                          1.74948e-06
x3_lockout__t420                   1.82172e-06
gnd_drv__t767                      2.02713e-08
gnd_drv__t225                      2.02713e-08
x3_lockout__t421                   1.82172e-06
out__t719                          1.74948e-06
out__t212                          1.74948e-06
x3_lockout__t422                   1.82172e-06
gnd_drv__t768                      2.02713e-08
gnd_drv__t239                      2.02713e-08
x3_lockout__t450                   1.82172e-06
out__t733                          1.74948e-06
out__t231                          1.74948e-06
x3_lockout__t460                   1.82172e-06
gnd_drv__t787                      2.02713e-08
gnd_drv__t245                      2.02713e-08
x3_lockout__t461                   1.82172e-06
out__t739                          1.74948e-06
out__t232                          1.74948e-06
x3_lockout__t462                   1.82172e-06
gnd_drv__t788                      2.02713e-08
gnd_drv__t246                      2.02713e-08
x3_lockout__t463                   1.82172e-06
out__t740                          1.74948e-06
x2_n5__t738                            4.99998
x2_n4__t38                         2.00386e-06
gnd_drv__t891                      2.02713e-08
out__t233                          1.74948e-06
x3_lockout__t464                   1.82172e-06
gnd_drv__t789                      2.02713e-08
gnd_drv__t247                      2.02713e-08
x3_lockout__t465                   1.82172e-06
out__t741                          1.74948e-06
out__t234                          1.74948e-06
x3_lockout__t466                   1.82172e-06
gnd_drv__t790                      2.02713e-08
gnd_drv__t248                      2.02713e-08
x3_lockout__t467                   1.82172e-06
out__t742                          1.74948e-06
out__t240                          1.74948e-06
x3_lockout__t477                   1.82172e-06
gnd_drv__t796                      2.02713e-08
gnd_drv__t249                      2.02713e-08
x3_lockout__t469                   1.82172e-06
out__t743                          1.74948e-06
out__t237                          1.74948e-06
x3_lockout__t471                   1.82172e-06
gnd_drv__t793                      2.02713e-08
gnd_drv__t261                      2.02713e-08
x3_lockout__t493                   1.82172e-06
out__t755                          1.74948e-06
out__t248                          1.74948e-06
x3_lockout__t494                   1.82172e-06
gnd_drv__t804                      2.02713e-08
gnd_drv__t276                      2.02713e-08
x3_lockout__t522                   1.82172e-06
out__t770                          1.74948e-06
gnd_drv__t351                      2.02713e-08
x2_n4__t37                         2.00386e-06
x2_n5__t767                            4.99998
out__t267                          1.74948e-06
x3_lockout__t532                   1.82172e-06
gnd_drv__t823                      2.02713e-08
gnd_drv__t281                      2.02713e-08
x3_lockout__t533                   1.82172e-06
out__t775                          1.74948e-06
out__t268                          1.74948e-06
x3_lockout__t534                   1.82172e-06
gnd_drv__t824                      2.02713e-08
gnd_drv__t282                      2.02713e-08
x3_lockout__t535                   1.82172e-06
out__t776                          1.74948e-06
out__t269                          1.74948e-06
x3_lockout__t536                   1.82172e-06
gnd_drv__t825                      2.02713e-08
gnd_drv__t283                      2.02713e-08
x3_lockout__t537                   1.82172e-06
out__t777                          1.74948e-06
out__t270                          1.74948e-06
x3_lockout__t538                   1.82172e-06
gnd_drv__t826                      2.02713e-08
gnd_drv__t284                      2.02713e-08
x3_lockout__t539                   1.82172e-06
out__t778                          1.74948e-06
out__t275                          1.74948e-06
x3_lockout__t550                   1.82172e-06
gnd_drv__t831                      2.02713e-08
gnd_drv__t285                      2.02713e-08
x3_lockout__t541                   1.82172e-06
out__t779                          1.74948e-06
x1_nca__t0                             4.99993
vdd_logic__t2                              3.3
x1_na__t1                              2.28508
x2_n5__t737                            4.99998
x2_n4__t36                         2.00386e-06
gnd_drv__t890                      2.02713e-08
out__t272                          1.74948e-06
x3_lockout__t542                   1.82172e-06
gnd_drv__t828                      2.02713e-08
gnd_drv__t273                      2.02713e-08
x3_lockout__t516                   1.82172e-06
out__t767                          1.74948e-06
out__t104                          1.74948e-06
x3_lockout__t209                   1.82172e-06
gnd_drv__t660                      2.02713e-08
gnd_drv__t126                      2.02713e-08
x3_lockout__t217                   1.82172e-06
out__t620                          1.74948e-06
out__t108                          1.74948e-06
x3_lockout__t219                   1.82172e-06
gnd_drv__t664                      2.02713e-08
gnd_drv__t125                      2.02713e-08
x3_lockout__t216                   1.82172e-06
out__t619                          1.74948e-06
out__t107                          1.74948e-06
x3_lockout__t218                   1.82172e-06
gnd_drv__t663                      2.02713e-08
gnd_drv__t128                      2.02713e-08
x3_lockout__t222                   1.82172e-06
out__t622                          1.74948e-06
out__t109                          1.74948e-06
x3_lockout__t220                   1.82172e-06
gnd_drv__t665                      2.02713e-08
gnd_drv__t127                      2.02713e-08
x3_lockout__t221                   1.82172e-06
out__t621                          1.74948e-06
gnd_drv__t346                      2.02713e-08
x2_n4__t35                         2.00386e-06
x2_n5__t766                            4.99998
out__t110                          1.74948e-06
x3_lockout__t223                   1.82172e-06
gnd_drv__t666                      2.02713e-08
gnd_drv__t121                      2.02713e-08
x3_lockout__t210                   1.82172e-06
out__t615                          1.74948e-06
out__t105                          1.74948e-06
x3_lockout__t211                   1.82172e-06
gnd_drv__t661                      2.02713e-08
gnd_drv__t122                      2.02713e-08
x3_lockout__t212                   1.82172e-06
out__t616                          1.74948e-06
out__t106                          1.74948e-06
x3_lockout__t213                   1.82172e-06
gnd_drv__t662                      2.02713e-08
gnd_drv__t123                      2.02713e-08
x3_lockout__t214                   1.82172e-06
out__t617                          1.74948e-06
out__t114                          1.74948e-06
x3_lockout__t230                   1.82172e-06
gnd_drv__t670                      2.02713e-08
gnd_drv__t116                      2.02713e-08
x3_lockout__t201                   1.82172e-06
out__t610                          1.74948e-06
out__t34                           1.74948e-06
x3_lockout__t66                    1.82172e-06
gnd_drv__t590                      2.02713e-08
gnd_drv__t129                      2.02713e-08
x3_lockout__t224                   1.82172e-06
out__t623                          1.74948e-06
x2_n5__t728                            4.99998
x2_n4__t15                         2.00386e-06
gnd_drv__t872                      2.02713e-08
out__t111                          1.74948e-06
x3_lockout__t225                   1.82172e-06
gnd_drv__t667                      2.02713e-08
gnd_drv__t130                      2.02713e-08
x3_lockout__t226                   1.82172e-06
out__t624                          1.74948e-06
out__t112                          1.74948e-06
x3_lockout__t227                   1.82172e-06
gnd_drv__t668                      2.02713e-08
gnd_drv__t131                      2.02713e-08
x3_lockout__t228                   1.82172e-06
out__t625                          1.74948e-06
out__t113                          1.74948e-06
x3_lockout__t229                   1.82172e-06
gnd_drv__t669                      2.02713e-08
gnd_drv__t144                      2.02713e-08
x3_lockout__t256                   1.82172e-06
out__t638                          1.74948e-06
out__t128                          1.74948e-06
x3_lockout__t257                   1.82172e-06
gnd_drv__t684                      2.02713e-08
gnd_drv__t145                      2.02713e-08
x3_lockout__t258                   1.82172e-06
out__t639                          1.74948e-06
out__t129                          1.74948e-06
x3_lockout__t259                   1.82172e-06
gnd_drv__t685                      2.02713e-08
gnd_drv__t146                      2.02713e-08
x3_lockout__t260                   1.82172e-06
out__t640                          1.74948e-06
gnd_drv__t332                      2.02713e-08
x2_n4__t14                         2.00386e-06
x2_n5__t754                            4.99998
out__t122                          1.74948e-06
x3_lockout__t245                   1.82172e-06
gnd_drv__t678                      2.02713e-08
gnd_drv__t117                      2.02713e-08
x3_lockout__t202                   1.82172e-06
out__t611                          1.74948e-06
out__t101                          1.74948e-06
x3_lockout__t203                   1.82172e-06
gnd_drv__t657                      2.02713e-08
gnd_drv__t118                      2.02713e-08
x3_lockout__t204                   1.82172e-06
out__t612                          1.74948e-06
out__t102                          1.74948e-06
x3_lockout__t205                   1.82172e-06
gnd_drv__t658                      2.02713e-08
gnd_drv__t119                      2.02713e-08
x3_lockout__t206                   1.82172e-06
out__t613                          1.74948e-06
out__t103                          1.74948e-06
x3_lockout__t207                   1.82172e-06
gnd_drv__t659                      2.02713e-08
gnd_drv__t163                      2.02713e-08
x3_lockout__t295                   1.82172e-06
out__t657                          1.74948e-06
out__t161                          1.74948e-06
x3_lockout__t321                   1.82172e-06
gnd_drv__t717                      2.02713e-08
gnd_drv__t176                      2.02713e-08
x3_lockout__t322                   1.82172e-06
out__t670                          1.74948e-06
x2_n5__t732                            4.99998
x2_n4__t24                         2.00386e-06
gnd_drv__t878                      2.02713e-08
out__t162                          1.74948e-06
x3_lockout__t323                   1.82172e-06
gnd_drv__t718                      2.02713e-08
gnd_drv__t181                      2.02713e-08
x3_lockout__t333                   1.82172e-06
out__t675                          1.74948e-06
out__t164                          1.74948e-06
x3_lockout__t325                   1.82172e-06
gnd_drv__t720                      2.02713e-08
gnd_drv__t177                      2.02713e-08
x3_lockout__t326                   1.82172e-06
out__t671                          1.74948e-06
out__t165                          1.74948e-06
x3_lockout__t327                   1.82172e-06
gnd_drv__t721                      2.02713e-08
gnd_drv__t178                      2.02713e-08
x3_lockout__t328                   1.82172e-06
out__t672                          1.74948e-06
out__t166                          1.74948e-06
x3_lockout__t329                   1.82172e-06
gnd_drv__t722                      2.02713e-08
gnd_drv__t179                      2.02713e-08
x3_lockout__t330                   1.82172e-06
out__t673                          1.74948e-06
out__t167                          1.74948e-06
x3_lockout__t331                   1.82172e-06
gnd_drv__t723                      2.02713e-08
gnd_drv__t180                      2.02713e-08
x3_lockout__t332                   1.82172e-06
out__t674                          1.74948e-06
gnd_drv__t334                      2.02713e-08
x2_n4__t18                         2.00386e-06
x2_n5__t756                            4.99998
out__t163                          1.74948e-06
x3_lockout__t324                   1.82172e-06
gnd_drv__t719                      2.02713e-08
gnd_drv__t165                      2.02713e-08
x3_lockout__t298                   1.82172e-06
out__t659                          1.74948e-06
out__t149                          1.74948e-06
x3_lockout__t299                   1.82172e-06
gnd_drv__t705                      2.02713e-08
gnd_drv__t166                      2.02713e-08
x3_lockout__t300                   1.82172e-06
out__t660                          1.74948e-06
out__t150                          1.74948e-06
x3_lockout__t301                   1.82172e-06
gnd_drv__t706                      2.02713e-08
gnd_drv__t167                      2.02713e-08
x3_lockout__t302                   1.82172e-06
out__t661                          1.74948e-06
out__t151                          1.74948e-06
x3_lockout__t303                   1.82172e-06
gnd_drv__t707                      2.02713e-08
gnd_drv__t168                      2.02713e-08
x3_lockout__t304                   1.82172e-06
out__t662                          1.74948e-06
out__t152                          1.74948e-06
x3_lockout__t305                   1.82172e-06
gnd_drv__t708                      2.02713e-08
gnd_drv__t173                      2.02713e-08
x3_lockout__t315                   1.82172e-06
out__t667                          1.74948e-06
x2_n5__t746                            4.99998
x2_n4__t53                         2.00386e-06
gnd_drv__t987                      2.02713e-08
out__t154                          1.74948e-06
x3_lockout__t307                   1.82172e-06
gnd_drv__t710                      2.02713e-08
gnd_drv__t169                      2.02713e-08
x3_lockout__t308                   1.82172e-06
out__t663                          1.74948e-06
out__t155                          1.74948e-06
x3_lockout__t309                   1.82172e-06
gnd_drv__t711                      2.02713e-08
gnd_drv__t170                      2.02713e-08
x3_lockout__t310                   1.82172e-06
out__t664                          1.74948e-06
out__t156                          1.74948e-06
x3_lockout__t311                   1.82172e-06
gnd_drv__t712                      2.02713e-08
gnd_drv__t171                      2.02713e-08
x3_lockout__t312                   1.82172e-06
out__t665                          1.74948e-06
out__t157                          1.74948e-06
x3_lockout__t313                   1.82172e-06
gnd_drv__t713                      2.02713e-08
gnd_drv__t172                      2.02713e-08
x3_lockout__t314                   1.82172e-06
out__t666                          1.74948e-06
out__t208                          1.74948e-06
x3_lockout__t414                   1.82172e-06
gnd_drv__t764                      2.02713e-08
gnd_drv__t263                      2.02713e-08
x3_lockout__t496                   1.82172e-06
out__t757                          1.74948e-06
gnd_drv__t335                      2.02713e-08
x2_n4__t19                         2.00386e-06
x2_n5__t757                            4.99998
out__t249                          1.74948e-06
x3_lockout__t497                   1.82172e-06
gnd_drv__t805                      2.02713e-08
gnd_drv__t264                      2.02713e-08
x3_lockout__t498                   1.82172e-06
out__t758                          1.74948e-06
out__t250                          1.74948e-06
x3_lockout__t499                   1.82172e-06
gnd_drv__t806                      2.02713e-08
gnd_drv__t265                      2.02713e-08
x3_lockout__t500                   1.82172e-06
out__t759                          1.74948e-06
out__t251                          1.74948e-06
x3_lockout__t501                   1.82172e-06
gnd_drv__t807                      2.02713e-08
gnd_drv__t266                      2.02713e-08
x3_lockout__t502                   1.82172e-06
out__t760                          1.74948e-06
out__t252                          1.74948e-06
x3_lockout__t503                   1.82172e-06
gnd_drv__t808                      2.02713e-08
gnd_drv__t271                      2.02713e-08
x3_lockout__t513                   1.82172e-06
out__t765                          1.74948e-06
out__t254                          1.74948e-06
x3_lockout__t505                   1.82172e-06
gnd_drv__t810                      2.02713e-08
gnd_drv__t267                      2.02713e-08
x3_lockout__t506                   1.82172e-06
out__t761                          1.74948e-06
x2_n5__t729                            4.99998
x2_n4__t17                         2.00386e-06
gnd_drv__t874                      2.02713e-08
out__t255                          1.74948e-06
x3_lockout__t507                   1.82172e-06
gnd_drv__t811                      2.02713e-08
gnd_drv__t268                      2.02713e-08
x3_lockout__t508                   1.82172e-06
out__t762                          1.74948e-06
out__t256                          1.74948e-06
x3_lockout__t509                   1.82172e-06
gnd_drv__t812                      2.02713e-08
gnd_drv__t269                      2.02713e-08
x3_lockout__t510                   1.82172e-06
out__t763                          1.74948e-06
out__t257                          1.74948e-06
x3_lockout__t511                   1.82172e-06
gnd_drv__t813                      2.02713e-08
gnd_drv__t270                      2.02713e-08
x3_lockout__t512                   1.82172e-06
out__t764                          1.74948e-06
out__t253                          1.74948e-06
x3_lockout__t504                   1.82172e-06
gnd_drv__t809                      2.02713e-08
gnd_drv__t253                      2.02713e-08
x3_lockout__t478                   1.82172e-06
out__t747                          1.74948e-06
out__t241                          1.74948e-06
x3_lockout__t479                   1.82172e-06
gnd_drv__t797                      2.02713e-08
gnd_drv__t254                      2.02713e-08
x3_lockout__t480                   1.82172e-06
out__t748                          1.74948e-06
gnd_drv__t358                      2.02713e-08
x2_n4__t50                         2.00386e-06
x2_n5__t774                            4.99998
out__t242                          1.74948e-06
x3_lockout__t481                   1.82172e-06
gnd_drv__t798                      2.02713e-08
gnd_drv__t255                      2.02713e-08
x3_lockout__t482                   1.82172e-06
out__t749                          1.74948e-06
out__t243                          1.74948e-06
x3_lockout__t483                   1.82172e-06
gnd_drv__t799                      2.02713e-08
gnd_drv__t256                      2.02713e-08
x3_lockout__t484                   1.82172e-06
out__t750                          1.74948e-06
out__t244                          1.74948e-06
x3_lockout__t485                   1.82172e-06
gnd_drv__t800                      2.02713e-08
gnd_drv__t262                      2.02713e-08
x3_lockout__t495                   1.82172e-06
out__t756                          1.74948e-06
out__t245                          1.74948e-06
x3_lockout__t487                   1.82172e-06
gnd_drv__t801                      2.02713e-08
gnd_drv__t258                      2.02713e-08
x3_lockout__t488                   1.82172e-06
out__t752                          1.74948e-06
out__t246                          1.74948e-06
x3_lockout__t489                   1.82172e-06
gnd_drv__t802                      2.02713e-08
gnd_drv__t259                      2.02713e-08
x3_lockout__t490                   1.82172e-06
out__t753                          1.74948e-06
x1_ncb__t5                         3.27294e-06
vdd_logic__t3                              3.3
x1_nb__t0                           2.7854e-06
x2_n5__t743                            4.99998
x2_n4__t49                         2.00386e-06
gnd_drv__t896                      2.02713e-08
out__t247                          1.74948e-06
x3_lockout__t491                   1.82172e-06
gnd_drv__t803                      2.02713e-08
gnd_drv__t260                      2.02713e-08
x3_lockout__t492                   1.82172e-06
out__t754                          1.74948e-06
out__t80                           1.74948e-06
x3_lockout__t159                   1.82173e-06
gnd_drv__t636                      2.02713e-08
gnd_drv__t101                      2.02713e-08
x3_lockout__t171                   1.82173e-06
out__t595                          1.74948e-06
out__t86                           1.74948e-06
x3_lockout__t172                   1.82173e-06
gnd_drv__t642                      2.02713e-08
gnd_drv__t102                      2.02713e-08
x3_lockout__t173                   1.82173e-06
out__t596                          1.74948e-06
out__t87                           1.74948e-06
x3_lockout__t174                   1.82173e-06
gnd_drv__t643                      2.02713e-08
gnd_drv__t103                      2.02713e-08
x3_lockout__t175                   1.82173e-06
out__t597                          1.74948e-06
out__t88                           1.74948e-06
x3_lockout__t176                   1.82173e-06
gnd_drv__t644                      2.02713e-08
gnd_drv__t25                       2.02713e-08
x3_lockout__t20                    1.82173e-06
out__t519                          1.74948e-06
gnd_drv__t357                      2.02713e-08
x2_n4__t48                         2.00386e-06
x2_n5__t773                            4.99998
out__t7                            1.74948e-06
x3_lockout__t13                    1.82173e-06
gnd_drv__t563                      2.02713e-08
gnd_drv__t251                      2.02713e-08
x3_lockout__t474                   1.82173e-06
out__t745                          1.74948e-06
out__t239                          1.74948e-06
x3_lockout__t475                   1.82173e-06
gnd_drv__t795                      2.02713e-08
gnd_drv__t252                      2.02713e-08
x3_lockout__t476                   1.82173e-06
out__t746                          1.74948e-06
out__t235                          1.74948e-06
x3_lockout__t468                   1.82173e-06
gnd_drv__t791                      2.02713e-08
gnd_drv__t235                      2.02713e-08
x3_lockout__t442                   1.82173e-06
out__t729                          1.74948e-06
out__t223                          1.74948e-06
x3_lockout__t443                   1.82173e-06
gnd_drv__t779                      2.02713e-08
gnd_drv__t236                      2.02713e-08
x3_lockout__t444                   1.82173e-06
out__t730                          1.74948e-06
out__t224                          1.74948e-06
x3_lockout__t445                   1.82173e-06
gnd_drv__t780                      2.02713e-08
gnd_drv__t237                      2.02713e-08
x3_lockout__t446                   1.82173e-06
out__t731                          1.74948e-06
x2_n5__t742                            4.99998
x2_n4__t47                         2.00386e-06
gnd_drv__t895                      2.02713e-08
out__t225                          1.74948e-06
x3_lockout__t447                   1.82173e-06
gnd_drv__t781                      2.02713e-08
gnd_drv__t238                      2.02713e-08
x3_lockout__t448                   1.82173e-06
out__t732                          1.74948e-06
out__t226                          1.74948e-06
x3_lockout__t449                   1.82173e-06
gnd_drv__t782                      2.02713e-08
gnd_drv__t244                      2.02713e-08
x3_lockout__t459                   1.82173e-06
out__t738                          1.74948e-06
out__t227                          1.74948e-06
x3_lockout__t451                   1.82173e-06
gnd_drv__t783                      2.02713e-08
gnd_drv__t240                      2.02713e-08
x3_lockout__t452                   1.82173e-06
out__t734                          1.74948e-06
out__t228                          1.74948e-06
x3_lockout__t453                   1.82173e-06
gnd_drv__t784                      2.02713e-08
gnd_drv__t241                      2.02713e-08
x3_lockout__t454                   1.82173e-06
out__t735                          1.74948e-06
out__t229                          1.74948e-06
x3_lockout__t455                   1.82173e-06
gnd_drv__t785                      2.02713e-08
gnd_drv__t242                      2.02713e-08
x3_lockout__t456                   1.82173e-06
out__t736                          1.74948e-06
gnd_drv__t356                      2.02713e-08
x2_n4__t46                         2.00386e-06
x2_n5__t772                            4.99998
out__t230                          1.74948e-06
x3_lockout__t457                   1.82173e-06
gnd_drv__t786                      2.02713e-08
gnd_drv__t243                      2.02713e-08
x3_lockout__t458                   1.82173e-06
out__t737                          1.74948e-06
out__t10                           1.74948e-06
x3_lockout__t19                    1.82173e-06
gnd_drv__t566                      2.02713e-08
gnd_drv__t24                       2.02713e-08
x3_lockout__t18                    1.82173e-06
out__t518                          1.74948e-06
out__t9                            1.74948e-06
x3_lockout__t17                    1.82173e-06
gnd_drv__t565                      2.02713e-08
gnd_drv__t23                       2.02713e-08
x3_lockout__t16                    1.82173e-06
out__t517                          1.74948e-06
out__t8                            1.74948e-06
x3_lockout__t15                    1.82173e-06
gnd_drv__t564                      2.02713e-08
gnd_drv__t22                       2.02713e-08
x3_lockout__t14                    1.82173e-06
out__t516                          1.74948e-06
out__t6                            1.74948e-06
x3_lockout__t12                    1.82173e-06
gnd_drv__t562                      2.02713e-08
gnd_drv__t21                       2.02713e-08
x3_lockout__t11                    1.82173e-06
out__t515                          1.74948e-06
x2_n5__t741                            4.99998
x2_n4__t45                         2.00386e-06
gnd_drv__t894                      2.02713e-08
out__t2                            1.74948e-06
x3_lockout__t4                     1.82173e-06
gnd_drv__t558                      2.02713e-08
gnd_drv__t18                       2.02713e-08
x3_lockout__t5                     1.82173e-06
out__t512                          1.74948e-06
out__t3                            1.74948e-06
x3_lockout__t6                     1.82173e-06
gnd_drv__t559                      2.02713e-08
gnd_drv__t19                       2.02713e-08
x3_lockout__t7                     1.82173e-06
out__t513                          1.74948e-06
out__t4                            1.74948e-06
x3_lockout__t8                     1.82173e-06
gnd_drv__t560                      2.02713e-08
gnd_drv__t20                       2.02713e-08
x3_lockout__t9                     1.82173e-06
out__t514                          1.74948e-06
out__t5                            1.74948e-06
x3_lockout__t10                    1.82173e-06
gnd_drv__t561                      2.02713e-08
gnd_drv__t250                      2.02713e-08
x3_lockout__t472                   1.82173e-06
out__t744                          1.74948e-06
out__t238                          1.74948e-06
x3_lockout__t473                   1.82173e-06
gnd_drv__t794                      2.02713e-08
gnd_drv__t93                       2.02713e-08
x3_lockout__t155                   1.82173e-06
out__t587                          1.74948e-06
gnd_drv__t355                      2.02713e-08
x2_n4__t44                         2.00386e-06
x2_n5__t771                            4.99998
out__t26                           1.74948e-06
x3_lockout__t51                    1.82173e-06
gnd_drv__t582                      2.02713e-08
gnd_drv__t41                       2.02713e-08
x3_lockout__t52                    1.82173e-06
out__t535                          1.74948e-06
out__t27                           1.74948e-06
x3_lockout__t53                    1.82173e-06
gnd_drv__t583                      2.02713e-08
gnd_drv__t42                       2.02713e-08
x3_lockout__t54                    1.82173e-06
out__t536                          1.74948e-06
out__t28                           1.74948e-06
x3_lockout__t55                    1.82173e-06
gnd_drv__t584                      2.02713e-08
gnd_drv__t43                       2.02713e-08
x3_lockout__t56                    1.82173e-06
out__t537                          1.74948e-06
out__t29                           1.74948e-06
x3_lockout__t57                    1.82173e-06
gnd_drv__t585                      2.02713e-08
gnd_drv__t44                       2.02713e-08
x3_lockout__t58                    1.82173e-06
out__t538                          1.74948e-06
out__t30                           1.74948e-06
x3_lockout__t59                    1.82173e-06
gnd_drv__t586                      2.02713e-08
gnd_drv__t45                       2.02713e-08
x3_lockout__t60                    1.82173e-06
out__t539                          1.74948e-06
x2_n5__t745                            4.99998
x2_n4__t52                         2.00386e-06
gnd_drv__t898                      2.02713e-08
out__t31                           1.74948e-06
x3_lockout__t61                    1.82173e-06
gnd_drv__t587                      2.02713e-08
gnd_drv__t46                       2.02713e-08
x3_lockout__t62                    1.82173e-06
out__t540                          1.74948e-06
out__t32                           1.74948e-06
x3_lockout__t63                    1.82173e-06
gnd_drv__t588                      2.02713e-08
gnd_drv__t47                       2.02713e-08
x3_lockout__t64                    1.82173e-06
out__t541                          1.74948e-06
out__t41                           1.74948e-06
x3_lockout__t80                    1.82173e-06
gnd_drv__t597                      2.02713e-08
gnd_drv__t95                       2.02713e-08
x3_lockout__t160                   1.82173e-06
out__t589                          1.74948e-06
out__t81                           1.74948e-06
x3_lockout__t161                   1.82173e-06
gnd_drv__t637                      2.02713e-08
gnd_drv__t96                       2.02713e-08
x3_lockout__t162                   1.82173e-06
out__t590                          1.74948e-06
out__t82                           1.74948e-06
x3_lockout__t163                   1.82173e-06
gnd_drv__t638                      2.02713e-08
gnd_drv__t97                       2.02713e-08
x3_lockout__t164                   1.82173e-06
out__t591                          1.74948e-06
gnd_drv__t331                      2.02713e-08
x2_n4__t13                         2.00386e-06
x2_n5__t753                            4.99998
out__t83                           1.74948e-06
x3_lockout__t165                   1.82173e-06
gnd_drv__t639                      2.02713e-08
gnd_drv__t98                       2.02713e-08
x3_lockout__t166                   1.82173e-06
out__t592                          1.74948e-06
out__t84                           1.74948e-06
x3_lockout__t167                   1.82173e-06
gnd_drv__t640                      2.02713e-08
gnd_drv__t99                       2.02713e-08
x3_lockout__t168                   1.82173e-06
out__t593                          1.74948e-06
out__t85                           1.74948e-06
x3_lockout__t169                   1.82173e-06
gnd_drv__t641                      2.02713e-08
gnd_drv__t124                      2.02713e-08
x3_lockout__t215                   1.82173e-06
out__t618                          1.74948e-06
out__t115                          1.74948e-06
x3_lockout__t231                   1.82173e-06
gnd_drv__t671                      2.02713e-08
gnd_drv__t132                      2.02713e-08
x3_lockout__t232                   1.82173e-06
out__t626                          1.74948e-06
out__t116                          1.74948e-06
x3_lockout__t233                   1.82173e-06
gnd_drv__t672                      2.02713e-08
gnd_drv__t133                      2.02713e-08
x3_lockout__t234                   1.82173e-06
out__t627                          1.74948e-06
x2_n5__t727                            4.99998
x2_n4__t12                         2.00386e-06
gnd_drv__t871                      2.02713e-08
out__t117                          1.74948e-06
x3_lockout__t235                   1.82173e-06
gnd_drv__t673                      2.02713e-08
gnd_drv__t134                      2.02713e-08
x3_lockout__t236                   1.82173e-06
out__t628                          1.74948e-06
out__t118                          1.74948e-06
x3_lockout__t237                   1.82173e-06
gnd_drv__t674                      2.02713e-08
gnd_drv__t135                      2.02713e-08
x3_lockout__t238                   1.82173e-06
out__t629                          1.74948e-06
out__t119                          1.74948e-06
x3_lockout__t239                   1.82173e-06
gnd_drv__t675                      2.02713e-08
gnd_drv__t136                      2.02713e-08
x3_lockout__t240                   1.82172e-06
out__t630                          1.74948e-06
out__t120                          1.74948e-06
x3_lockout__t241                   1.82172e-06
gnd_drv__t676                      2.02713e-08
gnd_drv__t137                      2.02713e-08
x3_lockout__t242                   1.82172e-06
out__t631                          1.74948e-06
out__t121                          1.74948e-06
x3_lockout__t243                   1.82172e-06
gnd_drv__t677                      2.02713e-08
gnd_drv__t138                      2.02713e-08
x3_lockout__t244                   1.82172e-06
out__t632                          1.74948e-06
gnd_drv__t330                      2.02713e-08
x2_n4__t11                         2.00386e-06
x2_n5__t752                            4.99998
out__t130                          1.74948e-06
x3_lockout__t261                   1.82172e-06
gnd_drv__t686                      2.02713e-08
gnd_drv__t139                      2.02713e-08
x3_lockout__t246                   1.82172e-06
out__t633                          1.74948e-06
out__t123                          1.74948e-06
x3_lockout__t247                   1.82172e-06
gnd_drv__t679                      2.02713e-08
gnd_drv__t140                      2.02713e-08
x3_lockout__t248                   1.82172e-06
out__t634                          1.74948e-06
out__t124                          1.74948e-06
x3_lockout__t249                   1.82172e-06
gnd_drv__t680                      2.02713e-08
gnd_drv__t141                      2.02713e-08
x3_lockout__t250                   1.82172e-06
out__t635                          1.74948e-06
out__t125                          1.74948e-06
x3_lockout__t251                   1.82172e-06
gnd_drv__t681                      2.02713e-08
gnd_drv__t142                      2.02713e-08
x3_lockout__t252                   1.82172e-06
out__t636                          1.74948e-06
out__t126                          1.74948e-06
x3_lockout__t253                   1.82172e-06
gnd_drv__t682                      2.02713e-08
gnd_drv__t143                      2.02713e-08
x3_lockout__t254                   1.82172e-06
out__t637                          1.74948e-06
x1_nbuf1__t2                           4.99996
x1_ncb__t2                         3.76264e-06
gnd_drv__t3                        2.02713e-08
x2_n5__t726                            4.99998
x2_n4__t10                         2.00386e-06
gnd_drv__t870                      2.02713e-08
out__t127                          1.74948e-06
x3_lockout__t255                   1.82172e-06
gnd_drv__t683                      2.02713e-08
gnd_drv__t120                      2.02713e-08
x3_lockout__t208                   1.82172e-06
out__t614                          1.74948e-06
out__t435                          1.74948e-06
x3_lockout__t653                   1.82172e-06
gnd_drv__t1017                     2.02713e-08
gnd_drv__t494                      2.02713e-08
x3_lockout__t683                   1.82172e-06
out__t961                          1.74948e-06
out__t450                          1.74948e-06
x3_lockout__t684                   1.82172e-06
gnd_drv__t1032                     2.02713e-08
gnd_drv__t493                      2.02713e-08
x3_lockout__t681                   1.82172e-06
out__t960                          1.74948e-06
out__t449                          1.74948e-06
x3_lockout__t682                   1.82172e-06
gnd_drv__t1031                     2.02713e-08
gnd_drv__t481                      2.02713e-08
x3_lockout__t659                   1.82172e-06
out__t948                          1.74948e-06
out__t443                          1.74948e-06
x3_lockout__t669                   1.82172e-06
gnd_drv__t1025                     2.02713e-08
gnd_drv__t472                      2.02713e-08
x3_lockout__t639                   1.82172e-06
out__t939                          1.74948e-06
gnd_drv__t329                      2.02713e-08
x2_n4__t9                          2.00386e-06
x2_n5__t751                            4.99998
out__t428                          1.74948e-06
x3_lockout__t640                   1.82172e-06
gnd_drv__t1010                     2.02713e-08
gnd_drv__t473                      2.02713e-08
x3_lockout__t641                   1.82172e-06
out__t940                          1.74948e-06
out__t429                          1.74948e-06
x3_lockout__t642                   1.82172e-06
gnd_drv__t1011                     2.02713e-08
gnd_drv__t478                      2.02713e-08
x3_lockout__t652                   1.82172e-06
out__t945                          1.74948e-06
out__t431                          1.74948e-06
x3_lockout__t644                   1.82172e-06
gnd_drv__t1013                     2.02713e-08
gnd_drv__t474                      2.02713e-08
x3_lockout__t645                   1.82173e-06
out__t941                          1.74948e-06
out__t432                          1.74948e-06
x3_lockout__t646                   1.82173e-06
gnd_drv__t1014                     2.02713e-08
gnd_drv__t475                      2.02713e-08
x3_lockout__t647                   1.82173e-06
out__t942                          1.74948e-06
out__t433                          1.74948e-06
x3_lockout__t648                   1.82173e-06
gnd_drv__t1015                     2.02713e-08
gnd_drv__t476                      2.02713e-08
x3_lockout__t649                   1.82173e-06
out__t943                          1.74948e-06
x2_n5__t725                            4.99998
x2_n4__t8                          2.00386e-06
gnd_drv__t869                      2.02713e-08
out__t434                          1.74948e-06
x3_lockout__t650                   1.82173e-06
gnd_drv__t1016                     2.02713e-08
gnd_drv__t477                      2.02713e-08
x3_lockout__t651                   1.82173e-06
out__t944                          1.74948e-06
out__t430                          1.74948e-06
x3_lockout__t643                   1.82173e-06
gnd_drv__t1012                     2.02713e-08
gnd_drv__t463                      2.02713e-08
x3_lockout__t619                   1.82173e-06
out__t930                          1.74948e-06
out__t417                          1.74948e-06
x3_lockout__t620                   1.82173e-06
gnd_drv__t999                      2.02713e-08
gnd_drv__t464                      2.02713e-08
x3_lockout__t621                   1.82173e-06
out__t931                          1.74948e-06
out__t418                          1.74948e-06
x3_lockout__t622                   1.82173e-06
gnd_drv__t1000                     2.02713e-08
gnd_drv__t465                      2.02713e-08
x3_lockout__t623                   1.82173e-06
out__t932                          1.74948e-06
out__t419                          1.74948e-06
x3_lockout__t624                   1.82173e-06
gnd_drv__t1001                     2.02713e-08
gnd_drv__t466                      2.02713e-08
x3_lockout__t625                   1.82173e-06
out__t933                          1.74948e-06
gnd_drv__t333                      2.02713e-08
x2_n4__t16                         2.00386e-06
x2_n5__t755                            4.99998
out__t425                          1.74948e-06
x3_lockout__t635                   1.82173e-06
gnd_drv__t1007                     2.02713e-08
gnd_drv__t467                      2.02713e-08
x3_lockout__t627                   1.82173e-06
out__t934                          1.74948e-06
out__t421                          1.74948e-06
x3_lockout__t628                   1.82173e-06
gnd_drv__t1003                     2.02713e-08
gnd_drv__t468                      2.02713e-08
x3_lockout__t629                   1.82173e-06
out__t935                          1.74948e-06
out__t422                          1.74948e-06
x3_lockout__t630                   1.82173e-06
gnd_drv__t1004                     2.02713e-08
gnd_drv__t469                      2.02713e-08
x3_lockout__t631                   1.82173e-06
out__t936                          1.74948e-06
out__t423                          1.74948e-06
x3_lockout__t632                   1.82173e-06
gnd_drv__t1005                     2.02713e-08
gnd_drv__t470                      2.02713e-08
x3_lockout__t633                   1.82173e-06
out__t937                          1.74948e-06
out__t424                          1.74948e-06
x3_lockout__t634                   1.82173e-06
gnd_drv__t1006                     2.02713e-08
gnd_drv__t482                      2.02713e-08
x3_lockout__t660                   1.82173e-06
out__t949                          1.74948e-06
x2_n5__t724                            4.99998
x2_n4__t7                          2.00386e-06
gnd_drv__t868                      2.02713e-08
out__t451                          1.74948e-06
x3_lockout__t685                   1.82173e-06
gnd_drv__t1033                     2.02713e-08
gnd_drv__t491                      2.02713e-08
x3_lockout__t677                   1.82173e-06
out__t958                          1.74948e-06
out__t436                          1.74948e-06
x3_lockout__t654                   1.82173e-06
gnd_drv__t1018                     2.02713e-08
gnd_drv__t479                      2.02713e-08
x3_lockout__t655                   1.82173e-06
out__t946                          1.74948e-06
out__t437                          1.74948e-06
x3_lockout__t656                   1.82173e-06
gnd_drv__t1019                     2.02713e-08
gnd_drv__t487                      2.02713e-08
x3_lockout__t670                   1.82173e-06
out__t954                          1.74948e-06
out__t444                          1.74948e-06
x3_lockout__t671                   1.82173e-06
gnd_drv__t1026                     2.02713e-08
gnd_drv__t480                      2.02713e-08
x3_lockout__t657                   1.82173e-06
out__t947                          1.74948e-06
out__t438                          1.74948e-06
x3_lockout__t658                   1.82173e-06
gnd_drv__t1020                     2.02713e-08
gnd_drv__t488                      2.02713e-08
x3_lockout__t672                   1.82173e-06
out__t955                          1.74948e-06
gnd_drv__t343                      2.02713e-08
x2_n4__t34                         2.00386e-06
x2_n5__t765                            4.99998
out__t445                          1.74948e-06
x3_lockout__t673                   1.82173e-06
gnd_drv__t1027                     2.02713e-08
gnd_drv__t490                      2.02713e-08
x3_lockout__t675                   1.82173e-06
out__t957                          1.74948e-06
out__t446                          1.74948e-06
x3_lockout__t676                   1.82173e-06
gnd_drv__t1028                     2.02713e-08
gnd_drv__t495                      2.02713e-08
x3_lockout__t686                   1.82173e-06
out__t962                          1.74948e-06
out__t447                          1.74948e-06
x3_lockout__t678                   1.82173e-06
gnd_drv__t1029                     2.02713e-08
gnd_drv__t492                      2.02713e-08
x3_lockout__t679                   1.82173e-06
out__t959                          1.74948e-06
out__t448                          1.74948e-06
x3_lockout__t680                   1.82173e-06
gnd_drv__t1030                     2.02713e-08
gnd_drv__t438                      2.02713e-08
x3_lockout__t573                   1.82173e-06
out__t905                          1.74948e-06
out__t147                          1.74948e-06
x3_lockout__t294                   1.82173e-06
gnd_drv__t703                      2.02713e-08
gnd_drv__t105                      2.02713e-08
x3_lockout__t178                   1.82173e-06
out__t599                          1.74948e-06
x2_n5__t736                            4.99998
x2_n4__t33                         2.00386e-06
gnd_drv__t882                      2.02713e-08
out__t89                           1.74948e-06
x3_lockout__t179                   1.82173e-06
gnd_drv__t645                      2.02713e-08
gnd_drv__t106                      2.02713e-08
x3_lockout__t180                   1.82173e-06
out__t600                          1.74948e-06
out__t90                           1.74948e-06
x3_lockout__t181                   1.82173e-06
gnd_drv__t646                      2.02713e-08
gnd_drv__t107                      2.02713e-08
x3_lockout__t182                   1.82173e-06
out__t601                          1.74948e-06
out__t91                           1.74948e-06
x3_lockout__t183                   1.82173e-06
gnd_drv__t647                      2.02713e-08
gnd_drv__t33                       2.02713e-08
x3_lockout__t35                    1.82173e-06
out__t527                          1.74948e-06
out__t92                           1.74948e-06
x3_lockout__t184                   1.82173e-06
gnd_drv__t648                      2.02713e-08
gnd_drv__t115                      2.02713e-08
x3_lockout__t200                   1.82173e-06
out__t609                          1.74948e-06
out__t94                           1.74948e-06
x3_lockout__t186                   1.82173e-06
gnd_drv__t650                      2.02713e-08
gnd_drv__t108                      2.02713e-08
x3_lockout__t187                   1.82173e-06
out__t602                          1.74948e-06
gnd_drv__t354                      2.02713e-08
x2_n4__t43                         2.00386e-06
x2_n5__t770                            4.99998
out__t95                           1.74948e-06
x3_lockout__t188                   1.82173e-06
gnd_drv__t651                      2.02713e-08
gnd_drv__t109                      2.02713e-08
x3_lockout__t189                   1.82173e-06
out__t603                          1.74948e-06
out__t96                           1.74948e-06
x3_lockout__t190                   1.82173e-06
gnd_drv__t652                      2.02713e-08
gnd_drv__t110                      2.02713e-08
x3_lockout__t191                   1.82173e-06
out__t604                          1.74948e-06
out__t97                           1.74948e-06
x3_lockout__t192                   1.82173e-06
gnd_drv__t653                      2.02713e-08
gnd_drv__t111                      2.02713e-08
x3_lockout__t193                   1.82173e-06
out__t605                          1.74948e-06
out__t98                           1.74948e-06
x3_lockout__t194                   1.82173e-06
gnd_drv__t654                      2.02713e-08
gnd_drv__t112                      2.02713e-08
x3_lockout__t195                   1.82173e-06
out__t606                          1.74948e-06
out__t99                           1.74948e-06
x3_lockout__t196                   1.82173e-06
gnd_drv__t655                      2.02713e-08
gnd_drv__t113                      2.02713e-08
x3_lockout__t197                   1.82173e-06
out__t607                          1.74948e-06
x2_n5__t744                            4.99998
x2_n4__t51                         2.00386e-06
gnd_drv__t897                      2.02713e-08
out__t100                          1.74948e-06
x3_lockout__t198                   1.82173e-06
gnd_drv__t656                      2.02713e-08
gnd_drv__t114                      2.02713e-08
x3_lockout__t199                   1.82173e-06
out__t608                          1.74948e-06
out__t93                           1.74948e-06
x3_lockout__t185                   1.82173e-06
gnd_drv__t649                      2.02713e-08
gnd_drv__t86                       2.02713e-08
x3_lockout__t141                   1.82173e-06
out__t580                          1.74948e-06
out__t71                           1.74948e-06
x3_lockout__t142                   1.82173e-06
gnd_drv__t627                      2.02713e-08
gnd_drv__t87                       2.02713e-08
x3_lockout__t143                   1.82173e-06
out__t581                          1.74948e-06
out__t72                           1.74948e-06
x3_lockout__t144                   1.82173e-06
gnd_drv__t628                      2.02713e-08
gnd_drv__t88                       2.02713e-08
x3_lockout__t145                   1.82173e-06
out__t582                          1.74948e-06
out__t73                           1.74948e-06
x3_lockout__t146                   1.82173e-06
gnd_drv__t629                      2.02713e-08
gnd_drv__t89                       2.02713e-08
x3_lockout__t147                   1.82173e-06
out__t583                          1.74948e-06
gnd_drv__t342                      2.02713e-08
x2_n4__t32                         2.00386e-06
x2_n5__t764                            4.99998
out__t74                           1.74948e-06
x3_lockout__t148                   1.82173e-06
gnd_drv__t630                      2.02713e-08
gnd_drv__t90                       2.02713e-08
x3_lockout__t149                   1.82173e-06
out__t584                          1.74948e-06
out__t75                           1.74948e-06
x3_lockout__t150                   1.82173e-06
gnd_drv__t631                      2.02713e-08
gnd_drv__t91                       2.02713e-08
x3_lockout__t151                   1.82173e-06
out__t585                          1.74948e-06
out__t76                           1.74948e-06
x3_lockout__t152                   1.82173e-06
gnd_drv__t632                      2.02713e-08
gnd_drv__t92                       2.02713e-08
x3_lockout__t153                   1.82173e-06
out__t586                          1.74948e-06
out__t77                           1.74948e-06
x3_lockout__t154                   1.82173e-06
gnd_drv__t633                      2.02713e-08
gnd_drv__t100                      2.02713e-08
x3_lockout__t170                   1.82173e-06
out__t594                          1.74948e-06
out__t78                           1.74948e-06
x3_lockout__t156                   1.82173e-06
gnd_drv__t634                      2.02713e-08
gnd_drv__t94                       2.02713e-08
x3_lockout__t157                   1.82173e-06
out__t588                          1.74948e-06
in_drv__t3                         5.34373e-07
x1_nbuf1__t0                           4.99996
gnd_drv__t2                        3.78377e-08
x2_n5__t0                              4.99998
x2_n4__t0                          2.00386e-06
gnd_drv__t17                       2.02713e-08
out__t79                           1.74948e-06
x3_lockout__t158                   1.82173e-06
gnd_drv__t635                      2.02713e-08
gnd_drv__t104                      2.02713e-08
x3_lockout__t177                   1.82173e-06
out__t598                          1.74948e-06
out__t67                           1.74948e-06
x3_lockout__t135                   1.82172e-06
gnd_drv__t623                      2.02713e-08
gnd_drv__t29                       2.02713e-08
x3_lockout__t28                    1.82172e-06
out__t523                          1.74948e-06
out__t15                           1.74948e-06
x3_lockout__t29                    1.82172e-06
gnd_drv__t571                      2.02713e-08
gnd_drv__t30                       2.02713e-08
x3_lockout__t30                    1.82172e-06
out__t524                          1.74948e-06
out__t16                           1.74948e-06
x3_lockout__t31                    1.82172e-06
gnd_drv__t572                      2.02713e-08
gnd_drv__t31                       2.02713e-08
x3_lockout__t32                    1.82172e-06
out__t525                          1.74948e-06
out__t17                           1.74948e-06
x3_lockout__t33                    1.82172e-06
gnd_drv__t573                      2.02713e-08
gnd_drv__t32                       2.02713e-08
x3_lockout__t34                    1.82172e-06
out__t526                          1.74948e-06
gnd_drv__t313                      3.66344e-08
x2_n5__t48                             4.99998
out__t807                          1.73514e-06
out__t25                           1.74948e-06
x3_lockout__t50                    1.82172e-06
gnd_drv__t581                      2.02713e-08
gnd_drv__t34                       2.02713e-08
x3_lockout__t36                    1.82172e-06
out__t528                          1.74948e-06
out__t18                           1.74948e-06
x3_lockout__t37                    1.82172e-06
gnd_drv__t574                      2.02713e-08
gnd_drv__t35                       2.02713e-08
x3_lockout__t38                    1.82172e-06
out__t529                          1.74948e-06
out__t19                           1.74948e-06
x3_lockout__t39                    1.82172e-06
gnd_drv__t575                      2.02713e-08
gnd_drv__t36                       2.02713e-08
x3_lockout__t40                    1.82172e-06
out__t530                          1.74948e-06
out__t20                           1.74948e-06
x3_lockout__t41                    1.82172e-06
gnd_drv__t576                      2.02713e-08
gnd_drv__t37                       2.02713e-08
x3_lockout__t42                    1.82172e-06
out__t531                          1.74948e-06
out__t21                           1.74948e-06
x3_lockout__t43                    1.82172e-06
gnd_drv__t577                      2.02713e-08
gnd_drv__t38                       2.02713e-08
x3_lockout__t44                    1.82172e-06
out__t532                          1.74948e-06
out__t299                          1.73522e-06
x2_n5__t47                             4.99998
gnd_drv__t855                      3.65707e-08
out__t22                           1.74948e-06
x3_lockout__t45                    1.82172e-06
gnd_drv__t578                      2.02713e-08
gnd_drv__t39                       2.02713e-08
x3_lockout__t46                    1.82172e-06
out__t533                          1.74948e-06
out__t23                           1.74948e-06
x3_lockout__t47                    1.82172e-06
gnd_drv__t579                      2.02713e-08
gnd_drv__t40                       2.02713e-08
x3_lockout__t48                    1.82172e-06
out__t534                          1.74948e-06
out__t24                           1.74948e-06
x3_lockout__t49                    1.82172e-06
gnd_drv__t580                      2.02713e-08
gnd_drv__t62                       2.02713e-08
x3_lockout__t95                    1.82172e-06
out__t556                          1.74948e-06
out__t56                           1.74948e-06
x3_lockout__t111                   1.82172e-06
gnd_drv__t612                      2.02713e-08
gnd_drv__t71                       2.02713e-08
x3_lockout__t112                   1.82172e-06
out__t565                          1.74948e-06
out__t57                           1.74948e-06
x3_lockout__t113                   1.82172e-06
gnd_drv__t613                      2.02713e-08
gnd_drv__t72                       2.02713e-08
x3_lockout__t114                   1.82172e-06
out__t566                          1.74948e-06
gnd_drv__t312                      3.65057e-08
x2_n5__t46                             4.99998
out__t806                          1.73529e-06
out__t58                           1.74948e-06
x3_lockout__t115                   1.82172e-06
gnd_drv__t614                      2.02713e-08
gnd_drv__t73                       2.02713e-08
x3_lockout__t116                   1.82172e-06
out__t567                          1.74948e-06
out__t59                           1.74948e-06
x3_lockout__t117                   1.82172e-06
gnd_drv__t615                      2.02713e-08
gnd_drv__t74                       2.02713e-08
x3_lockout__t118                   1.82172e-06
out__t568                          1.74948e-06
out__t60                           1.74948e-06
x3_lockout__t119                   1.82172e-06
gnd_drv__t616                      2.02713e-08
gnd_drv__t75                       2.02713e-08
x3_lockout__t120                   1.82172e-06
out__t569                          1.74948e-06
out__t61                           1.74948e-06
x3_lockout__t121                   1.82172e-06
gnd_drv__t617                      2.02713e-08
gnd_drv__t76                       2.02713e-08
x3_lockout__t122                   1.82172e-06
out__t570                          1.74948e-06
out__t62                           1.74948e-06
x3_lockout__t123                   1.82172e-06
gnd_drv__t618                      2.02713e-08
gnd_drv__t77                       2.02713e-08
x3_lockout__t124                   1.82172e-06
out__t571                          1.74948e-06
out__t298                          1.73536e-06
x2_n5__t45                             4.99998
gnd_drv__t854                      3.64419e-08
out__t70                           1.74948e-06
x3_lockout__t140                   1.82172e-06
gnd_drv__t626                      2.02713e-08
gnd_drv__t79                       2.02713e-08
x3_lockout__t126                   1.82172e-06
out__t573                          1.74948e-06
out__t63                           1.74948e-06
x3_lockout__t127                   1.82172e-06
gnd_drv__t619                      2.02713e-08
gnd_drv__t80                       2.02713e-08
x3_lockout__t128                   1.82172e-06
out__t574                          1.74948e-06
out__t64                           1.74948e-06
x3_lockout__t129                   1.82172e-06
gnd_drv__t620                      2.02713e-08
gnd_drv__t81                       2.02713e-08
x3_lockout__t130                   1.82172e-06
out__t575                          1.74948e-06
out__t65                           1.74948e-06
x3_lockout__t131                   1.82172e-06
gnd_drv__t621                      2.02713e-08
gnd_drv__t82                       2.02713e-08
x3_lockout__t132                   1.82172e-06
out__t576                          1.74948e-06
out__t66                           1.74948e-06
x3_lockout__t133                   1.82172e-06
gnd_drv__t622                      2.02713e-08
gnd_drv__t83                       2.02713e-08
x3_lockout__t134                   1.82172e-06
out__t577                          1.74948e-06
gnd_drv__t311                      3.63781e-08
x2_n5__t44                             4.99998
out__t805                          1.73544e-06
out__t14                           1.74948e-06
x3_lockout__t27                    1.82172e-06
gnd_drv__t570                      2.02713e-08
gnd_drv__t49                       2.02713e-08
x3_lockout__t69                    1.82172e-06
out__t543                          1.74948e-06
out__t36                           1.74948e-06
x3_lockout__t70                    1.82172e-06
gnd_drv__t592                      2.02713e-08
gnd_drv__t50                       2.02713e-08
x3_lockout__t71                    1.82172e-06
out__t544                          1.74948e-06
out__t37                           1.74948e-06
x3_lockout__t72                    1.82172e-06
gnd_drv__t593                      2.02713e-08
gnd_drv__t51                       2.02713e-08
x3_lockout__t73                    1.82172e-06
out__t545                          1.74948e-06
out__t38                           1.74948e-06
x3_lockout__t74                    1.82172e-06
gnd_drv__t594                      2.02713e-08
gnd_drv__t52                       2.02713e-08
x3_lockout__t75                    1.82172e-06
out__t546                          1.74948e-06
out__t39                           1.74948e-06
x3_lockout__t76                    1.82172e-06
gnd_drv__t595                      2.02713e-08
gnd_drv__t53                       2.02713e-08
x3_lockout__t77                    1.82172e-06
out__t547                          1.74948e-06
out__t297                          1.73551e-06
x2_n5__t43                             4.99998
gnd_drv__t853                      3.63143e-08
out__t40                           1.74948e-06
x3_lockout__t78                    1.82172e-06
gnd_drv__t596                      2.02713e-08
gnd_drv__t54                       2.02713e-08
x3_lockout__t79                    1.82172e-06
out__t548                          1.74948e-06
out__t33                           1.74948e-06
x3_lockout__t65                    1.82172e-06
gnd_drv__t589                      2.02713e-08
gnd_drv__t26                       2.02713e-08
x3_lockout__t21                    1.82172e-06
out__t520                          1.74948e-06
out__t11                           1.74948e-06
x3_lockout__t22                    1.82172e-06
gnd_drv__t567                      2.02713e-08
gnd_drv__t27                       2.02713e-08
x3_lockout__t23                    1.82172e-06
out__t521                          1.74948e-06
out__t12                           1.74948e-06
x3_lockout__t24                    1.82172e-06
gnd_drv__t568                      2.02713e-08
gnd_drv__t28                       2.02713e-08
x3_lockout__t25                    1.82172e-06
out__t522                          1.74948e-06
out__t13                           1.74948e-06
x3_lockout__t26                    1.82172e-06
gnd_drv__t569                      2.02713e-08
gnd_drv__t48                       2.02713e-08
x3_lockout__t68                    1.82172e-06
out__t542                          1.74948e-06
gnd_drv__t315                      3.62516e-08
x2_n5__t51                             4.99998
out__t809                          1.73559e-06
out__t439                          1.74948e-06
x3_lockout__t661                   1.82172e-06
gnd_drv__t1021                     2.02713e-08
gnd_drv__t483                      2.02713e-08
x3_lockout__t662                   1.82172e-06
out__t950                          1.74948e-06
out__t440                          1.74948e-06
x3_lockout__t663                   1.82172e-06
gnd_drv__t1022                     2.02713e-08
gnd_drv__t484                      2.02713e-08
x3_lockout__t664                   1.82172e-06
out__t951                          1.74948e-06
out__t441                          1.74948e-06
x3_lockout__t665                   1.82172e-06
gnd_drv__t1023                     2.02713e-08
gnd_drv__t485                      2.02713e-08
x3_lockout__t666                   1.82172e-06
out__t952                          1.74948e-06
out__t442                          1.74948e-06
x3_lockout__t667                   1.82172e-06
gnd_drv__t1024                     2.02713e-08
gnd_drv__t486                      2.02713e-08
x3_lockout__t668                   1.82172e-06
out__t953                          1.74948e-06
out__t420                          1.74948e-06
x3_lockout__t626                   1.82172e-06
gnd_drv__t1002                     2.02713e-08
gnd_drv__t436                      2.02713e-08
x3_lockout__t569                   1.82172e-06
out__t903                          1.74948e-06
out__t296                          1.73566e-06
x2_n5__t41                             4.99998
gnd_drv__t852                      3.61877e-08
out__t394                          1.74948e-06
x3_lockout__t570                   1.82172e-06
gnd_drv__t975                      2.02713e-08
gnd_drv__t437                      2.02713e-08
x3_lockout__t571                   1.82172e-06
out__t904                          1.74948e-06
out__t395                          1.74948e-06
x3_lockout__t572                   1.82172e-06
gnd_drv__t976                      2.02713e-08
gnd_drv__t439                      2.02713e-08
x3_lockout__t574                   1.82172e-06
out__t906                          1.74948e-06
out__t49                           1.74948e-06
x3_lockout__t97                    1.82172e-06
gnd_drv__t605                      2.02713e-08
gnd_drv__t64                       2.02713e-08
x3_lockout__t98                    1.82172e-06
out__t558                          1.74948e-06
out__t50                           1.74948e-06
x3_lockout__t99                    1.82172e-06
gnd_drv__t606                      2.02713e-08
gnd_drv__t65                       2.02713e-08
x3_lockout__t100                   1.82172e-06
out__t559                          1.74948e-06
out__t51                           1.74948e-06
x3_lockout__t101                   1.82172e-06
gnd_drv__t607                      2.02713e-08
gnd_drv__t66                       2.02713e-08
x3_lockout__t102                   1.82172e-06
out__t560                          1.74948e-06
gnd_drv__t309                       3.6125e-08
x2_n5__t40                             4.99998
out__t803                          1.73574e-06
out__t52                           1.74948e-06
x3_lockout__t103                   1.82172e-06
gnd_drv__t608                      2.02713e-08
gnd_drv__t67                       2.02713e-08
x3_lockout__t104                   1.82172e-06
out__t561                          1.74948e-06
out__t53                           1.74948e-06
x3_lockout__t105                   1.82172e-06
gnd_drv__t609                      2.02713e-08
gnd_drv__t68                       2.02713e-08
x3_lockout__t106                   1.82172e-06
out__t562                          1.74948e-06
out__t54                           1.74948e-06
x3_lockout__t107                   1.82172e-06
gnd_drv__t610                      2.02713e-08
gnd_drv__t69                       2.02713e-08
x3_lockout__t108                   1.82172e-06
out__t563                          1.74948e-06
out__t135                          1.74948e-06
x3_lockout__t270                   1.82172e-06
gnd_drv__t691                      2.02713e-08
gnd_drv__t70                       2.02713e-08
x3_lockout__t109                   1.82172e-06
out__t564                          1.74948e-06
out__t426                          1.74948e-06
x3_lockout__t636                   1.82172e-06
gnd_drv__t1008                     2.02713e-08
gnd_drv__t471                      2.02713e-08
x3_lockout__t637                   1.82172e-06
out__t938                          1.74948e-06
x2_n1__t1                              4.99996
in_drv__t0                          1.0155e-06
gnd_drv__t1                        2.02713e-08
out__t295                          1.73581e-06
x2_n5__t39                             4.99998
gnd_drv__t851                      3.60611e-08
out__t427                          1.74948e-06
x3_lockout__t638                   1.82172e-06
gnd_drv__t1009                     2.02713e-08
gnd_drv__t489                      2.02713e-08
x3_lockout__t674                   1.82172e-06
out__t956                          1.74948e-06
out__t471                          1.74948e-06
x3_lockout__t726                   1.82172e-06
gnd_drv__t1060                     2.02713e-08
gnd_drv__t553                      2.02713e-08
x3_lockout__t793                   1.82172e-06
out__t1015                         1.74948e-06
out__t506                          1.74948e-06
x3_lockout__t794                   1.82172e-06
gnd_drv__t1095                     2.02713e-08
gnd_drv__t555                      2.02713e-08
x3_lockout__t797                   1.82172e-06
out__t1017                         1.74948e-06
out__t508                          1.74948e-06
x3_lockout__t798                   1.82172e-06
gnd_drv__t1097                     2.02713e-08
gnd_drv__t556                      2.02713e-08
x3_lockout__t799                   1.82172e-06
out__t1018                         1.74948e-06
out__t509                          1.74948e-06
x3_lockout__t800                   1.82172e-06
gnd_drv__t1098                     2.02713e-08
gnd_drv__t550                      2.02713e-08
x3_lockout__t788                   1.82172e-06
out__t1012                         1.74948e-06
gnd_drv__t308                      3.59983e-08
x2_n5__t38                             4.99998
out__t802                          1.73588e-06
out__t503                          1.74948e-06
x3_lockout__t787                   1.82172e-06
gnd_drv__t1092                     2.02713e-08
gnd_drv__t554                      2.02713e-08
x3_lockout__t795                   1.82172e-06
out__t1016                         1.74948e-06
out__t502                          1.74948e-06
x3_lockout__t786                   1.82172e-06
gnd_drv__t1091                     2.02713e-08
gnd_drv__t549                      2.02713e-08
x3_lockout__t785                   1.82172e-06
out__t1011                         1.74948e-06
out__t501                          1.74948e-06
x3_lockout__t784                   1.82172e-06
gnd_drv__t1090                     2.02713e-08
gnd_drv__t548                      2.02713e-08
x3_lockout__t781                   1.82172e-06
out__t1010                         1.74948e-06
out__t496                          1.74948e-06
x3_lockout__t775                   1.82172e-06
gnd_drv__t1085                     2.02713e-08
gnd_drv__t545                      2.02713e-08
x3_lockout__t776                   1.82172e-06
out__t1007                         1.74948e-06
out__t497                          1.74948e-06
x3_lockout__t777                   1.82172e-06
gnd_drv__t1086                     2.02713e-08
gnd_drv__t546                      2.02713e-08
x3_lockout__t778                   1.82172e-06
out__t1008                         1.74948e-06
out__t294                          1.73596e-06
x2_n5__t37                             4.99998
gnd_drv__t850                      3.59367e-08
out__t498                          1.74948e-06
x3_lockout__t779                   1.82172e-06
gnd_drv__t1087                     2.02713e-08
gnd_drv__t547                      2.02713e-08
x3_lockout__t780                   1.82172e-06
out__t1009                         1.74948e-06
out__t500                          1.74948e-06
x3_lockout__t783                   1.82172e-06
gnd_drv__t1089                     2.02713e-08
gnd_drv__t503                      2.02713e-08
x3_lockout__t702                   1.82172e-06
out__t970                          1.74948e-06
out__t460                          1.74948e-06
x3_lockout__t703                   1.82172e-06
gnd_drv__t1042                     2.02713e-08
gnd_drv__t504                      2.02713e-08
x3_lockout__t704                   1.82172e-06
out__t971                          1.74948e-06
out__t461                          1.74948e-06
x3_lockout__t705                   1.82172e-06
gnd_drv__t1043                     2.02713e-08
gnd_drv__t505                      2.02713e-08
x3_lockout__t706                   1.82172e-06
out__t972                          1.74948e-06
out__t482                          1.74948e-06
x3_lockout__t746                   1.82172e-06
gnd_drv__t1071                     2.02713e-08
gnd_drv__t506                      2.02713e-08
x3_lockout__t708                   1.82172e-06
out__t973                          1.74948e-06
gnd_drv__t307                      3.58739e-08
x2_n5__t36                             4.99998
out__t801                          1.73603e-06
out__t463                          1.74948e-06
x3_lockout__t709                   1.82172e-06
gnd_drv__t1045                     2.02713e-08
gnd_drv__t511                      2.02713e-08
x3_lockout__t719                   1.82172e-06
out__t978                          1.74948e-06
out__t465                          1.74948e-06
x3_lockout__t711                   1.82172e-06
gnd_drv__t1047                     2.02713e-08
gnd_drv__t507                      2.02713e-08
x3_lockout__t712                   1.82172e-06
out__t974                          1.74948e-06
out__t466                          1.74948e-06
x3_lockout__t713                   1.82172e-06
gnd_drv__t1048                     2.02713e-08
gnd_drv__t508                      2.02713e-08
x3_lockout__t714                   1.82172e-06
out__t975                          1.74948e-06
out__t467                          1.74948e-06
x3_lockout__t715                   1.82172e-06
gnd_drv__t1049                     2.02713e-08
gnd_drv__t509                      2.02713e-08
x3_lockout__t716                   1.82172e-06
out__t976                          1.74948e-06
out__t468                          1.74948e-06
x3_lockout__t717                   1.82172e-06
gnd_drv__t1050                     2.02713e-08
gnd_drv__t510                      2.02713e-08
x3_lockout__t718                   1.82172e-06
out__t977                          1.74948e-06
out__t309                           1.7361e-06
x2_n5__t70                             4.99998
gnd_drv__t873                      3.58111e-08
out__t464                          1.74948e-06
x3_lockout__t710                   1.82172e-06
gnd_drv__t1046                     2.02713e-08
gnd_drv__t502                      2.02713e-08
x3_lockout__t701                   1.82172e-06
out__t969                          1.74948e-06
out__t459                          1.74948e-06
x3_lockout__t700                   1.82172e-06
gnd_drv__t1041                     2.02713e-08
gnd_drv__t501                      2.02713e-08
x3_lockout__t699                   1.82172e-06
out__t968                          1.74948e-06
out__t458                          1.74948e-06
x3_lockout__t698                   1.82172e-06
gnd_drv__t1040                     2.02713e-08
gnd_drv__t557                      2.02713e-08
x3_lockout__t801                   1.82172e-06
out__t1019                         1.74948e-06
out__t507                          1.74948e-06
x3_lockout__t796                   1.82172e-06
gnd_drv__t1096                     2.02713e-08
gnd_drv__t500                      2.02713e-08
x3_lockout__t697                   1.82172e-06
out__t967                          1.74948e-06
out__t457                          1.74948e-06
x3_lockout__t696                   1.82172e-06
gnd_drv__t1039                     2.02713e-08
gnd_drv__t499                      2.02713e-08
x3_lockout__t695                   1.82172e-06
out__t966                          1.74948e-06
gnd_drv__t396                      3.57495e-08
x2_n5__t158                            4.99998
out__t863                          1.73618e-06
out__t456                          1.74948e-06
x3_lockout__t694                   1.82172e-06
gnd_drv__t1038                     2.02713e-08
gnd_drv__t521                      2.02713e-08
x3_lockout__t727                   1.82172e-06
out__t983                          1.74948e-06
out__t472                          1.74948e-06
x3_lockout__t728                   1.82172e-06
gnd_drv__t1061                     2.02713e-08
gnd_drv__t522                      2.02713e-08
x3_lockout__t729                   1.82172e-06
out__t984                          1.74948e-06
out__t473                          1.74948e-06
x3_lockout__t730                   1.82172e-06
gnd_drv__t1062                     2.02713e-08
gnd_drv__t523                      2.02713e-08
x3_lockout__t731                   1.82172e-06
out__t985                          1.74948e-06
out__t479                          1.74948e-06
x3_lockout__t741                   1.82172e-06
gnd_drv__t1068                     2.02713e-08
gnd_drv__t518                      2.02713e-08
x3_lockout__t723                   1.82172e-06
out__t980                          1.74948e-06
out__t470                          1.74948e-06
x3_lockout__t722                   1.82172e-06
gnd_drv__t1059                     2.02713e-08
gnd_drv__t530                      2.02713e-08
x3_lockout__t747                   1.82172e-06
out__t992                          1.74948e-06
out__t358                          1.73625e-06
x2_n5__t168                            4.99998
gnd_drv__t939                      3.56878e-08
out__t499                          1.74948e-06
x3_lockout__t782                   1.82172e-06
gnd_drv__t1088                     2.02713e-08
gnd_drv__t529                      2.02713e-08
x3_lockout__t745                   1.82172e-06
out__t991                          1.74948e-06
out__t481                          1.74948e-06
x3_lockout__t744                   1.82172e-06
gnd_drv__t1070                     2.02713e-08
gnd_drv__t528                      2.02713e-08
x3_lockout__t743                   1.82172e-06
out__t990                          1.74948e-06
out__t480                          1.74948e-06
x3_lockout__t742                   1.82172e-06
gnd_drv__t1069                     2.02713e-08
gnd_drv__t536                      2.02713e-08
x3_lockout__t757                   1.82172e-06
out__t998                          1.74948e-06
out__t504                          1.74948e-06
x3_lockout__t789                   1.82172e-06
gnd_drv__t1093                     2.02713e-08
gnd_drv__t551                      2.02713e-08
x3_lockout__t790                   1.82172e-06
out__t1013                         1.74948e-06
out__t505                          1.74948e-06
x3_lockout__t791                   1.82172e-06
gnd_drv__t1094                     2.02713e-08
gnd_drv__t552                      2.02713e-08
x3_lockout__t792                   1.82172e-06
out__t1014                         1.74948e-06
gnd_drv__t399                      3.56261e-08
x2_n5__t161                            4.99998
out__t866                          1.73632e-06
out__t469                          1.74948e-06
x3_lockout__t721                   1.82172e-06
gnd_drv__t1058                     2.02713e-08
gnd_drv__t517                      2.02713e-08
x3_lockout__t720                   1.82172e-06
out__t979                          1.74948e-06
out__t455                          1.74948e-06
x3_lockout__t693                   1.82172e-06
gnd_drv__t1037                     2.02713e-08
gnd_drv__t498                      2.02713e-08
x3_lockout__t692                   1.82172e-06
out__t965                          1.74948e-06
out__t454                          1.74948e-06
x3_lockout__t691                   1.82172e-06
gnd_drv__t1036                     2.02713e-08
gnd_drv__t497                      2.02713e-08
x3_lockout__t690                   1.82172e-06
out__t964                          1.74948e-06
out__t453                          1.74948e-06
x3_lockout__t689                   1.82172e-06
gnd_drv__t1035                     2.02713e-08
gnd_drv__t496                      2.02713e-08
x3_lockout__t688                   1.82172e-06
out__t963                          1.74948e-06
out__t452                          1.74948e-06
x3_lockout__t687                   1.82172e-06
gnd_drv__t1034                     2.02713e-08
gnd_drv__t519                      2.02713e-08
x3_lockout__t724                   1.82172e-06
out__t981                          1.74948e-06
out__t355                          1.73639e-06
x2_n5__t162                            4.99998
gnd_drv__t936                      3.55644e-08
out__t35                           1.74948e-06
x3_lockout__t67                    1.82172e-06
gnd_drv__t591                      2.02713e-08
gnd_drv__t84                       2.02713e-08
x3_lockout__t136                   1.82172e-06
out__t578                          1.74948e-06
out__t68                           1.74948e-06
x3_lockout__t137                   1.82172e-06
gnd_drv__t624                      2.02713e-08
gnd_drv__t85                       2.02713e-08
x3_lockout__t138                   1.82172e-06
out__t579                          1.74948e-06
out__t69                           1.74948e-06
x3_lockout__t139                   1.82172e-06
gnd_drv__t625                      2.02713e-08
gnd_drv__t78                       2.02713e-08
x3_lockout__t125                   1.82172e-06
out__t572                          1.74948e-06
out__t42                           1.74948e-06
x3_lockout__t81                    1.82172e-06
gnd_drv__t598                      2.02713e-08
gnd_drv__t55                       2.02713e-08
x3_lockout__t82                    1.82172e-06
out__t549                          1.74948e-06
out__t43                           1.74948e-06
x3_lockout__t83                    1.82172e-06
gnd_drv__t599                      2.02713e-08
gnd_drv__t56                       2.02713e-08
x3_lockout__t84                    1.82172e-06
out__t550                          1.74948e-06
gnd_drv__t400                      3.55038e-08
x2_n5__t163                            4.99998
out__t867                          1.73647e-06
out__t44                           1.74948e-06
x3_lockout__t85                    1.82172e-06
gnd_drv__t600                      2.02713e-08
gnd_drv__t57                       2.02713e-08
x3_lockout__t86                    1.82172e-06
out__t551                          1.74948e-06
out__t45                           1.74948e-06
x3_lockout__t87                    1.82172e-06
gnd_drv__t601                      2.02713e-08
gnd_drv__t58                       2.02713e-08
x3_lockout__t88                    1.82172e-06
out__t552                          1.74948e-06
out__t46                           1.74948e-06
x3_lockout__t89                    1.82172e-06
gnd_drv__t602                      2.02713e-08
gnd_drv__t59                       2.02713e-08
x3_lockout__t90                    1.82172e-06
out__t553                          1.74948e-06
out__t47                           1.74948e-06
x3_lockout__t91                    1.82172e-06
gnd_drv__t603                      2.02713e-08
gnd_drv__t60                       2.02713e-08
x3_lockout__t92                    1.82172e-06
out__t554                          1.74948e-06
out__t48                           1.74948e-06
x3_lockout__t93                    1.82172e-06
gnd_drv__t604                      2.02713e-08
gnd_drv__t61                       2.02713e-08
x3_lockout__t94                    1.82172e-06
out__t555                          1.74948e-06
x1_nca__t2                             4.99994
x1_ncb__t4                         3.76264e-06
vdd_drv__t672                                5
vdd_drv                                      5
x1_ncb__t1                         4.15556e-06
x1_nca__t1                             4.99994
vdd_drv__t13                                 5
x1_nbuf1__t3                           4.99997
x1_ncb__t0                         3.76264e-06
vdd_drv__t11                                 5
in_drv__t2                         1.58355e-06
x1_nbuf1__t1                           4.99997
vdd_drv__t9                                  5
x2_n1__t2                              4.99997
in_drv__t1                          1.0155e-06
vdd_drv__t15                                 5
x2_n2__t3                          2.84048e-06
x2_n1__t0                              4.99996
vdd_drv__t7                                  5
x2_n3__t3                              4.99998
x2_n2__t1                          1.70618e-06
vdd_drv__t5                                  5
x2_n4__t207                        2.23631e-06
x2_n3__t0                              4.99991
vdd_drv__t3                                  5
vdd_drv__t1322                               5
x2_n3__t2                              4.99991
x2_n4__t206                         2.2328e-06
x2_n4__t204                        2.22932e-06
x2_n3__t44                             4.99991
vdd_drv__t1321                               5
vdd_drv__t1000                               5
x2_n3__t43                             4.99991
x2_n4__t220                        2.22586e-06
x2_n4__t203                        2.22244e-06
x2_n3__t42                             4.99991
vdd_drv__t1320                               5
vdd_drv__t999                                5
x2_n3__t41                             4.99991
x2_n4__t219                        2.21905e-06
x2_n4__t202                         2.2157e-06
x2_n3__t40                             4.99991
vdd_drv__t1319                               5
vdd_drv__t998                                5
x2_n3__t39                             4.99991
x2_n4__t218                        2.21238e-06
x2_n4__t201                         2.2091e-06
x2_n3__t38                             4.99991
vdd_drv__t1318                               5
vdd_drv__t997                                5
x2_n3__t37                             4.99991
x2_n4__t217                        2.20586e-06
x2_n4__t200                        2.20266e-06
x2_n3__t36                             4.99991
vdd_drv__t1317                               5
vdd_drv__t991                                5
x2_n3__t31                             4.99991
x2_n4__t215                        2.19951e-06
x2_n4__t196                         2.1964e-06
x2_n3__t30                             4.99991
vdd_drv__t1307                               5
vdd_drv__t990                                5
x2_n3__t29                             4.99991
x2_n4__t214                        2.19334e-06
x2_n4__t195                        2.19033e-06
x2_n3__t28                             4.99991
vdd_drv__t1306                               5
vdd_drv__t989                                5
x2_n3__t27                             4.99991
x2_n4__t213                        2.18737e-06
x2_n4__t199                        2.18447e-06
x2_n3__t35                             4.99991
vdd_drv__t1313                               5
vdd_drv__t987                                5
x2_n3__t26                             4.99991
x2_n4__t212                        2.18162e-06
x2_n4__t194                        2.17884e-06
x2_n3__t25                             4.99991
vdd_drv__t1305                               5
vdd_drv__t986                                5
x2_n3__t24                             4.99991
x2_n4__t211                        2.17612e-06
x2_n4__t193                        2.17347e-06
x2_n3__t23                             4.99991
vdd_drv__t1304                               5
vdd_drv__t985                                5
x2_n3__t22                             4.99991
x2_n4__t210                        2.17089e-06
x2_n4__t205                        2.16838e-06
x2_n3__t45                             4.99991
vdd_drv__t1323                               5
vdd_drv__t984                                5
x2_n3__t21                             4.99991
x2_n4__t209                        2.16595e-06
x2_n4__t198                         2.1636e-06
x2_n3__t34                             4.99991
vdd_drv__t1309                               5
vdd_drv__t992                                5
x2_n3__t33                             4.99991
x2_n4__t216                        2.16134e-06
x2_n4__t197                        2.15916e-06
x2_n3__t32                             4.99991
vdd_drv__t1308                               5
vdd_drv__t983                                5
x2_n3__t20                             4.99991
x2_n4__t208                        2.15707e-06
x2_n4__t191                        2.15509e-06
x2_n3__t19                             4.99991
vdd_drv__t1303                               5
vdd_drv__t18                                 5
x2_n3__t4                              4.99991
x2_n4__t192                        2.15319e-06
vdd_drv__t905                                5
x2_n4__t91                         2.00386e-06
x2_n5__t854                            4.99998
x2_n5__t793                            4.99998
x2_n4__t90                         2.00386e-06
vdd_drv__t1227                               5
vdd_drv__t908                                5
x2_n4__t96                         2.00386e-06
x2_n5__t857                            4.99998
x2_n5__t801                            4.99998
x2_n4__t108                        2.00386e-06
vdd_drv__t1235                               5
vdd_drv__t914                                5
x2_n4__t107                        2.00386e-06
x2_n5__t863                            4.99998
x2_n5__t798                            4.99998
x2_n4__t102                        2.00386e-06
vdd_drv__t1232                               5
vdd_drv__t911                                5
x2_n4__t101                        2.00386e-06
x2_n5__t860                            4.99998
x2_n5__t797                            4.99998
x2_n4__t100                        2.00386e-06
vdd_drv__t1231                               5
vdd_drv__t909                                5
x2_n4__t98                         2.00386e-06
x2_n5__t858                            4.99998
x2_n5__t796                            4.99998
x2_n4__t97                         2.00386e-06
vdd_drv__t1230                               5
vdd_drv__t917                                5
x2_n4__t114                        2.00386e-06
x2_n5__t866                            4.99998
x2_n5__t804                            4.99998
x2_n4__t113                        2.00386e-06
vdd_drv__t1238                               5
vdd_drv__t907                                5
x2_n4__t95                         2.00386e-06
x2_n5__t856                            4.99998
x2_n5__t795                            4.99998
x2_n4__t94                         2.00386e-06
vdd_drv__t1229                               5
vdd_drv__t906                                5
x2_n4__t93                         2.00386e-06
x2_n5__t855                            4.99998
x2_n5__t794                            4.99998
x2_n4__t92                         2.00386e-06
vdd_drv__t1228                               5
vdd_drv__t904                                5
x2_n4__t89                         2.00386e-06
x2_n5__t853                            4.99998
x2_n5__t792                            4.99998
x2_n4__t88                         2.00386e-06
vdd_drv__t1226                               5
vdd_drv__t902                                5
x2_n4__t87                         2.00386e-06
x2_n5__t852                            4.99998
x2_n5__t791                            4.99998
x2_n4__t86                         2.00386e-06
vdd_drv__t1225                               5
vdd_drv__t893                                5
x2_n4__t70                         2.00386e-06
x2_n5__t843                            4.99998
x2_n5__t835                            4.99998
x2_n4__t175                        2.00386e-06
vdd_drv__t1314                               5
vdd_drv__t995                                5
x2_n4__t174                        2.00386e-06
x2_n5__t896                            4.99998
x2_n5__t834                            4.99998
x2_n4__t173                        2.00386e-06
vdd_drv__t1311                               5
vdd_drv__t994                                5
x2_n4__t172                        2.00386e-06
x2_n5__t895                            4.99998
x2_n5__t833                            4.99998
x2_n4__t171                        2.00386e-06
vdd_drv__t1310                               5
vdd_drv__t993                                5
x2_n4__t170                        2.00386e-06
x2_n5__t894                            4.99998
x2_n5__t782                            4.99998
x2_n4__t68                         2.00386e-06
vdd_drv__t1216                               5
vdd_drv__t892                                5
x2_n4__t67                         2.00386e-06
x2_n5__t842                            4.99998
x2_n5__t781                            4.99998
x2_n4__t66                         2.00386e-06
vdd_drv__t1215                               5
vdd_drv__t891                                5
x2_n4__t65                         2.00386e-06
x2_n5__t841                            4.99998
x2_n5__t780                            4.99998
x2_n4__t64                         2.00386e-06
vdd_drv__t1214                               5
vdd_drv__t890                                5
x2_n4__t63                         2.00386e-06
x2_n5__t840                            4.99998
x2_n5__t779                            4.99998
x2_n4__t62                         2.00386e-06
vdd_drv__t1213                               5
vdd_drv__t889                                5
x2_n4__t61                         2.00386e-06
x2_n5__t839                            4.99998
x2_n5__t778                            4.99998
x2_n4__t60                         2.00386e-06
vdd_drv__t1212                               5
vdd_drv__t888                                5
x2_n4__t59                         2.00386e-06
x2_n5__t838                            4.99998
x2_n5__t777                            4.99998
x2_n4__t58                         2.00386e-06
vdd_drv__t1211                               5
vdd_drv__t887                                5
x2_n4__t57                         2.00386e-06
x2_n5__t837                            4.99998
x2_n5__t776                            4.99998
x2_n4__t56                         2.00386e-06
vdd_drv__t1210                               5
vdd_drv__t910                                5
x2_n4__t99                         2.00386e-06
x2_n5__t859                            4.99998
x2_n5__t808                            4.99998
x2_n4__t121                        2.00386e-06
vdd_drv__t1242                               5
vdd_drv__t921                                5
x2_n4__t122                        2.00386e-06
x2_n5__t870                            4.99998
x2_n5__t812                            4.99998
x2_n4__t129                        2.00386e-06
vdd_drv__t1246                               5
vdd_drv__t933                                5
x2_n4__t140                        2.00386e-06
x2_n5__t879                            4.99998
x2_n5__t813                            4.99998
x2_n4__t131                        2.00386e-06
vdd_drv__t1247                               5
vdd_drv__t926                                5
x2_n4__t132                        2.00386e-06
x2_n5__t875                            4.99998
x2_n5__t814                            4.99998
x2_n4__t133                        2.00386e-06
vdd_drv__t1248                               5
vdd_drv__t927                                5
x2_n4__t134                        2.00386e-06
x2_n5__t876                            4.99998
x2_n5__t815                            4.99998
x2_n4__t135                        2.00386e-06
vdd_drv__t1249                               5
vdd_drv__t928                                5
x2_n4__t136                        2.00386e-06
x2_n5__t877                            4.99998
x2_n5__t816                            4.99998
x2_n4__t137                        2.00386e-06
vdd_drv__t1250                               5
vdd_drv__t929                                5
x2_n4__t138                        2.00386e-06
x2_n5__t878                            4.99998
x2_n5__t817                            4.99998
x2_n4__t139                        2.00386e-06
vdd_drv__t1251                               5
vdd_drv__t923                                5
x2_n4__t126                        2.00386e-06
x2_n5__t872                            4.99998
x2_n5__t811                            4.99998
x2_n4__t127                        2.00386e-06
vdd_drv__t1245                               5
vdd_drv__t924                                5
x2_n4__t128                        2.00386e-06
x2_n5__t873                            4.99998
x2_n5__t809                            4.99998
x2_n4__t123                        2.00386e-06
vdd_drv__t1243                               5
vdd_drv__t922                                5
x2_n4__t124                        2.00386e-06
x2_n5__t871                            4.99998
x2_n5__t810                            4.99998
x2_n4__t125                        2.00386e-06
vdd_drv__t1244                               5
vdd_drv__t23                                 5
x2_n4__t55                         2.00386e-06
x2_n5__t775                            4.99998
x2_n5__t836                            4.99998
x2_n4__t176                        2.00386e-06
vdd_drv__t678                                5
vdd_drv__t937                                5
x2_n4__t150                        2.00386e-06
x2_n5__t883                            4.99998
x2_n5__t823                            4.99998
x2_n4__t149                        2.00386e-06
vdd_drv__t1260                               5
vdd_drv__t936                                5
x2_n4__t148                        2.00386e-06
x2_n5__t882                            4.99998
x2_n5__t822                            4.99998
x2_n4__t147                        2.00386e-06
vdd_drv__t1259                               5
vdd_drv__t919                                5
x2_n4__t119                        2.00386e-06
x2_n5__t868                            4.99998
x2_n5__t807                            4.99998
x2_n4__t118                        2.00386e-06
vdd_drv__t1241                               5
vdd_drv__t918                                5
x2_n4__t117                        2.00386e-06
x2_n5__t867                            4.99998
x2_n5__t806                            4.99998
x2_n4__t116                        2.00386e-06
vdd_drv__t1240                               5
vdd_drv__t940                                5
x2_n4__t154                        2.00386e-06
x2_n5__t886                            4.99998
x2_n5__t831                            4.99998
x2_n4__t168                        2.00386e-06
vdd_drv__t1268                               5
vdd_drv__t948                                5
x2_n4__t167                        2.00386e-06
x2_n5__t893                            4.99998
x2_n5__t830                            4.99998
x2_n4__t166                        2.00386e-06
vdd_drv__t1267                               5
vdd_drv__t947                                5
x2_n4__t165                        2.00386e-06
x2_n5__t892                            4.99998
x2_n5__t829                            4.99998
x2_n4__t164                        2.00386e-06
vdd_drv__t1266                               5
vdd_drv__t945                                5
x2_n4__t163                        2.00386e-06
x2_n5__t891                            4.99998
x2_n5__t828                            4.99998
x2_n4__t162                        2.00386e-06
vdd_drv__t1265                               5
vdd_drv__t944                                5
x2_n4__t161                        2.00386e-06
x2_n5__t890                            4.99998
x2_n5__t827                            4.99998
x2_n4__t160                        2.00386e-06
vdd_drv__t1264                               5
vdd_drv__t943                                5
x2_n4__t159                        2.00386e-06
x2_n5__t889                            4.99998
x2_n5__t826                            4.99998
x2_n4__t158                        2.00386e-06
vdd_drv__t1263                               5
vdd_drv__t942                                5
x2_n4__t157                        2.00386e-06
x2_n5__t888                            4.99998
x2_n5__t825                            4.99998
x2_n4__t156                        2.00386e-06
vdd_drv__t1262                               5
vdd_drv__t941                                5
x2_n4__t155                        2.00386e-06
x2_n5__t887                            4.99998
x2_n5__t832                            4.99998
x2_n4__t169                        2.00386e-06
vdd_drv__t1269                               5
vdd_drv__t939                                5
x2_n4__t153                        2.00386e-06
x2_n5__t885                            4.99998
x2_n5__t824                            4.99998
x2_n4__t152                        2.00386e-06
vdd_drv__t1261                               5
vdd_drv__t938                                5
x2_n4__t151                        2.00386e-06
x2_n5__t884                            4.99998
x2_n5__t783                            4.99998
x2_n4__t69                         2.00386e-06
vdd_drv__t1217                               5
vdd_drv__t898                                5
x2_n4__t80                         2.00386e-06
x2_n5__t848                            4.99998
x2_n5__t788                            4.99998
x2_n4__t79                         2.00386e-06
vdd_drv__t1222                               5
vdd_drv__t897                                5
x2_n4__t78                         2.00386e-06
x2_n5__t847                            4.99998
x2_n5__t787                            4.99998
x2_n4__t77                         2.00386e-06
vdd_drv__t1221                               5
vdd_drv__t896                                5
x2_n4__t76                         2.00386e-06
x2_n5__t846                            4.99998
x2_n5__t786                            4.99998
x2_n4__t75                         2.00386e-06
vdd_drv__t1220                               5
vdd_drv__t895                                5
x2_n4__t74                         2.00386e-06
x2_n5__t845                            4.99998
x2_n5__t785                            4.99998
x2_n4__t73                         2.00386e-06
vdd_drv__t1219                               5
vdd_drv__t901                                5
x2_n4__t85                         2.00386e-06
x2_n5__t851                            4.99998
x2_n5__t819                            4.99998
x2_n4__t143                        2.00386e-06
vdd_drv__t1256                               5
vdd_drv__t934                                5
x2_n4__t142                        2.00386e-06
x2_n5__t880                            4.99998
x2_n5__t818                            4.99998
x2_n4__t141                        2.00386e-06
vdd_drv__t1254                               5
vdd_drv__t925                                5
x2_n4__t130                        2.00386e-06
x2_n5__t874                            4.99998
x2_n5__t790                            4.99998
x2_n4__t84                         2.00386e-06
vdd_drv__t1224                               5
vdd_drv__t900                                5
x2_n4__t83                         2.00386e-06
x2_n5__t850                            4.99998
x2_n5__t789                            4.99998
x2_n4__t82                         2.00386e-06
vdd_drv__t1223                               5
vdd_drv__t899                                5
x2_n4__t81                         2.00386e-06
x2_n5__t849                            4.99998
x2_n5__t784                            4.99998
x2_n4__t72                         2.00386e-06
vdd_drv__t1218                               5
vdd_drv__t894                                5
x2_n4__t71                         2.00386e-06
x2_n5__t844                            4.99998
x2_n5__t821                            4.99998
x2_n4__t146                        2.00386e-06
vdd_drv__t1258                               5
vdd_drv__t935                                5
x2_n4__t145                        2.00386e-06
x2_n5__t881                            4.99998
x2_n5__t820                            4.99998
x2_n4__t144                        2.00386e-06
vdd_drv__t1257                               5
vdd_drv__t920                                5
x2_n4__t120                        2.00386e-06
x2_n5__t869                            4.99998
x2_n5__t800                            4.99998
x2_n4__t106                        2.00386e-06
vdd_drv__t1234                               5
vdd_drv__t913                                5
x2_n4__t105                        2.00386e-06
x2_n5__t862                            4.99998
x2_n5__t799                            4.99998
x2_n4__t104                        2.00386e-06
vdd_drv__t1233                               5
vdd_drv__t912                                5
x2_n4__t103                        2.00386e-06
x2_n5__t861                            4.99998
x2_n5__t805                            4.99998
x2_n4__t115                        2.00386e-06
vdd_drv__t1239                               5
vdd_drv__t916                                5
x2_n4__t112                        2.00386e-06
x2_n5__t865                            4.99998
x2_n5__t803                            4.99998
x2_n4__t111                        2.00386e-06
vdd_drv__t1237                               5
vdd_drv__t915                                5
x2_n4__t110                        2.00386e-06
x2_n5__t864                            4.99998
x2_n5__t802                            4.99998
x2_n4__t109                        2.00386e-06
vdd_drv__t1236                               5
vdd_drv__t956                                5
x2_n5__t655                            4.99998
out__t1488                          1.7546e-06
out__t1239                         1.75463e-06
x2_n5__t661                            4.99998
vdd_drv__t1279                               5
vdd_drv__t959                                5
x2_n5__t660                            4.99998
out__t1491                         1.75465e-06
out__t1238                         1.75467e-06
x2_n5__t659                            4.99998
vdd_drv__t1278                               5
vdd_drv__t958                                5
x2_n5__t658                            4.99998
out__t1490                         1.75469e-06
out__t1237                         1.75472e-06
x2_n5__t657                            4.99998
vdd_drv__t1277                               5
vdd_drv__t957                                5
x2_n5__t656                            4.99998
out__t1489                         1.75474e-06
out__t1244                         1.75476e-06
x2_n5__t670                            4.99998
vdd_drv__t1284                               5
vdd_drv__t955                                5
x2_n5__t654                            4.99998
out__t1487                         1.75478e-06
out__t1236                         1.75481e-06
x2_n5__t653                            4.99998
vdd_drv__t1276                               5
vdd_drv__t954                                5
x2_n5__t652                            4.99998
out__t1486                         1.75483e-06
out__t1269                         1.75485e-06
x2_n5__t718                            4.99998
vdd_drv__t1327                               5
vdd_drv__t963                                5
x2_n5__t669                            4.99998
out__t1495                         1.75488e-06
out__t1243                          1.7549e-06
x2_n5__t668                            4.99998
vdd_drv__t1283                               5
vdd_drv__t962                                5
x2_n5__t667                            4.99998
out__t1494                         1.75492e-06
out__t1242                         1.75495e-06
x2_n5__t666                            4.99998
vdd_drv__t1282                               5
vdd_drv__t961                                5
x2_n5__t665                            4.99998
out__t1493                         1.75497e-06
out__t1241                         1.75499e-06
x2_n5__t664                            4.99998
vdd_drv__t1281                               5
vdd_drv__t960                                5
x2_n5__t663                            4.99998
out__t1492                         1.75502e-06
out__t1240                         1.75504e-06
x2_n5__t662                            4.99998
vdd_drv__t1280                               5
vdd_drv__t949                                5
x2_n5__t642                            4.99998
out__t1481                         1.75507e-06
out__t1230                         1.75509e-06
x2_n5__t641                            4.99998
vdd_drv__t1270                               5
vdd_drv__t971                                5
x2_n5__t685                            4.99998
out__t1503                         1.75512e-06
out__t1259                         1.75514e-06
x2_n5__t700                            4.99998
vdd_drv__t1299                               5
vdd_drv__t977                                5
x2_n5__t698                            4.99998
out__t1509                         1.75516e-06
out__t1258                         1.75519e-06
x2_n5__t697                            4.99998
vdd_drv__t1298                               5
vdd_drv__t978                                5
x2_n5__t699                            4.99998
out__t1510                         1.75521e-06
out__t1257                         1.75524e-06
x2_n5__t696                            4.99998
vdd_drv__t1297                               5
vdd_drv__t976                                5
x2_n5__t695                            4.99998
out__t1508                         1.75526e-06
out__t1256                         1.75529e-06
x2_n5__t694                            4.99998
vdd_drv__t1296                               5
vdd_drv__t975                                5
x2_n5__t693                            4.99998
out__t1507                         1.75531e-06
out__t1255                         1.75534e-06
x2_n5__t692                            4.99998
vdd_drv__t1295                               5
vdd_drv__t974                                5
x2_n5__t691                            4.99998
out__t1506                         1.75537e-06
out__t1254                         1.75539e-06
x2_n5__t690                            4.99998
vdd_drv__t1294                               5
vdd_drv__t973                                5
x2_n5__t689                            4.99998
out__t1505                         1.75542e-06
out__t1253                         1.75544e-06
x2_n5__t688                            4.99998
vdd_drv__t1293                               5
vdd_drv__t972                                5
x2_n5__t687                            4.99998
out__t1504                         1.75547e-06
out__t1252                         1.75549e-06
x2_n5__t686                            4.99998
vdd_drv__t1292                               5
vdd_drv__t979                                5
x2_n5__t701                            4.99998
out__t1511                         1.75552e-06
out__t1251                         1.75555e-06
x2_n5__t684                            4.99998
vdd_drv__t1291                               5
vdd_drv__t970                                5
x2_n5__t683                            4.99998
out__t1502                         1.75557e-06
out__t1250                          1.7556e-06
x2_n5__t682                            4.99998
vdd_drv__t1290                               5
vdd_drv__t969                                5
x2_n5__t681                            4.99998
out__t1501                         1.75562e-06
out__t1249                         1.75565e-06
x2_n5__t680                            4.99998
vdd_drv__t1289                               5
vdd_drv__t968                                5
x2_n5__t679                            4.99998
out__t1500                         1.75568e-06
out__t1248                          1.7557e-06
x2_n5__t678                            4.99998
vdd_drv__t1288                               5
vdd_drv__t967                                5
x2_n5__t677                            4.99998
out__t1499                         1.75573e-06
out__t1247                         1.75576e-06
x2_n5__t676                            4.99998
vdd_drv__t1287                               5
vdd_drv__t966                                5
x2_n5__t675                            4.99998
out__t1498                         1.75578e-06
out__t1246                         1.75581e-06
x2_n5__t674                            4.99998
vdd_drv__t1286                               5
vdd_drv__t965                                5
x2_n5__t673                            4.99998
out__t1497                         1.75584e-06
out__t1245                         1.75586e-06
x2_n5__t672                            4.99998
vdd_drv__t1285                               5
vdd_drv__t964                                5
x2_n5__t671                            4.99998
out__t1496                         1.75589e-06
out__t1263                         1.75592e-06
x2_n5__t709                            4.99998
vdd_drv__t1312                               5
vdd_drv__t932                                5
x2_n5__t638                            4.99998
out__t1479                         1.75595e-06
out__t1235                         1.75597e-06
x2_n5__t651                            4.99998
vdd_drv__t1275                               5
vdd_drv__t953                                5
x2_n5__t650                            4.99998
out__t1485                           1.756e-06
out__t1234                         1.75603e-06
x2_n5__t649                            4.99998
vdd_drv__t1274                               5
vdd_drv__t952                                5
x2_n5__t648                            4.99998
out__t1484                         1.75606e-06
out__t1233                         1.75608e-06
x2_n5__t647                            4.99998
vdd_drv__t1273                               5
vdd_drv__t951                                5
x2_n5__t646                            4.99998
out__t1483                         1.75611e-06
out__t1232                         1.75614e-06
x2_n5__t645                            4.99998
vdd_drv__t1272                               5
vdd_drv__t24                                 5
x2_n5__t221                            4.99998
out__t1020                         1.75617e-06
out__t1060                         1.75361e-06
x2_n5__t298                            4.99998
vdd_drv__t1043                               5
vdd_drv__t718                                5
x2_n5__t297                            4.99998
out__t1307                         1.75362e-06
out__t1087                         1.75363e-06
x2_n5__t350                            4.99998
vdd_drv__t1070                               5
vdd_drv__t723                                5
x2_n5__t308                            4.99998
out__t1312                         1.75364e-06
out__t1072                         1.75365e-06
x2_n5__t321                            4.99998
vdd_drv__t1055                               5
vdd_drv__t729                                5
x2_n5__t320                            4.99998
out__t1318                         1.75366e-06
out__t1071                         1.75367e-06
x2_n5__t319                            4.99998
vdd_drv__t1054                               5
vdd_drv__t728                                5
x2_n5__t318                            4.99998
out__t1317                         1.75368e-06
out__t1070                         1.75369e-06
x2_n5__t317                            4.99998
vdd_drv__t1053                               5
vdd_drv__t727                                5
x2_n5__t316                            4.99998
out__t1316                         1.75371e-06
out__t1069                         1.75372e-06
x2_n5__t315                            4.99998
vdd_drv__t1052                               5
vdd_drv__t726                                5
x2_n5__t314                            4.99998
out__t1315                         1.75373e-06
out__t1068                         1.75374e-06
x2_n5__t313                            4.99998
vdd_drv__t1051                               5
vdd_drv__t725                                5
x2_n5__t312                            4.99998
out__t1314                         1.75376e-06
out__t1067                         1.75377e-06
x2_n5__t311                            4.99998
vdd_drv__t1050                               5
vdd_drv__t724                                5
x2_n5__t310                            4.99998
out__t1313                         1.75378e-06
out__t1066                         1.75379e-06
x2_n5__t309                            4.99998
vdd_drv__t1049                               5
vdd_drv__t730                                5
x2_n5__t322                            4.99998
out__t1319                         1.75381e-06
out__t1065                         1.75382e-06
x2_n5__t307                            4.99998
vdd_drv__t1048                               5
vdd_drv__t722                                5
x2_n5__t306                            4.99998
out__t1311                         1.75384e-06
out__t1064                         1.75385e-06
x2_n5__t305                            4.99998
vdd_drv__t1047                               5
vdd_drv__t721                                5
x2_n5__t304                            4.99998
out__t1310                         1.75387e-06
out__t1063                         1.75388e-06
x2_n5__t303                            4.99998
vdd_drv__t1046                               5
vdd_drv__t720                                5
x2_n5__t302                            4.99998
out__t1309                         1.75389e-06
out__t1062                         1.75391e-06
x2_n5__t301                            4.99998
vdd_drv__t1045                               5
vdd_drv__t719                                5
x2_n5__t300                            4.99998
out__t1308                         1.75393e-06
out__t1061                         1.75394e-06
x2_n5__t299                            4.99998
vdd_drv__t1044                               5
vdd_drv__t744                                5
x2_n5__t351                            4.99998
out__t1333                         1.75396e-06
out__t1131                         1.75397e-06
x2_n5__t438                            4.99998
vdd_drv__t1114                               5
vdd_drv__t702                                5
x2_n5__t265                            4.99998
out__t1291                         1.75399e-06
out__t1043                         1.75401e-06
x2_n5__t264                            4.99998
vdd_drv__t1026                               5
vdd_drv__t701                                5
x2_n5__t263                            4.99998
out__t1290                         1.75402e-06
out__t1042                         1.75404e-06
x2_n5__t262                            4.99998
vdd_drv__t1025                               5
vdd_drv__t700                                5
x2_n5__t261                            4.99998
out__t1289                         1.75406e-06
out__t1041                         1.75407e-06
x2_n5__t260                            4.99998
vdd_drv__t1024                               5
vdd_drv__t821                                5
x2_n5__t502                            4.99998
out__t1410                         1.75409e-06
out__t1161                         1.75411e-06
x2_n5__t501                            4.99998
vdd_drv__t1144                               5
vdd_drv__t950                                5
x2_n5__t644                            4.99998
out__t1482                         1.75413e-06
out__t1231                         1.75414e-06
x2_n5__t643                            4.99998
vdd_drv__t1271                               5
vdd_drv__t1001                               5
x2_n5__t713                            4.99998
out__t1517                         1.75416e-06
out__t1267                         1.75418e-06
x2_n5__t715                            4.99998
vdd_drv__t1325                               5
vdd_drv__t1002                               5
x2_n5__t716                            4.99998
out__t1518                          1.7542e-06
out__t1268                         1.75422e-06
x2_n5__t717                            4.99998
vdd_drv__t1326                               5
vdd_drv__t1003                               5
x2_n5__t719                            4.99998
out__t1519                         1.75424e-06
out__t1266                         1.75426e-06
x2_n5__t714                            4.99998
vdd_drv__t1324                               5
vdd_drv__t988                                5
x2_n5__t708                            4.99998
out__t1515                         1.75427e-06
out__t1260                         1.75429e-06
x2_n5__t702                            4.99998
vdd_drv__t1300                               5
vdd_drv__t980                                5
x2_n5__t703                            4.99998
out__t1512                         1.75431e-06
out__t1261                         1.75433e-06
x2_n5__t704                            4.99998
vdd_drv__t1301                               5
vdd_drv__t981                                5
x2_n5__t705                            4.99998
out__t1513                         1.75435e-06
out__t1262                         1.75437e-06
x2_n5__t706                            4.99998
vdd_drv__t1302                               5
vdd_drv__t982                                5
x2_n5__t707                            4.99998
out__t1514                         1.75439e-06
out__t1229                         1.75441e-06
x2_n5__t639                            4.99998
vdd_drv__t1255                               5
vdd_drv__t946                                5
x2_n5__t640                            4.99998
out__t1480                         1.75443e-06
out__t1227                         1.75446e-06
x2_n5__t634                            4.99998
vdd_drv__t1252                               5
vdd_drv__t930                                5
x2_n5__t635                            4.99998
out__t1477                         1.75448e-06
out__t1228                          1.7545e-06
x2_n5__t636                            4.99998
vdd_drv__t1253                               5
vdd_drv__t931                                5
x2_n5__t637                            4.99998
out__t1478                         1.75452e-06
out__t1265                         1.75454e-06
x2_n5__t712                            4.99998
vdd_drv__t1316                               5
vdd_drv__t996                                5
x2_n5__t711                            4.99998
out__t1516                         1.75456e-06
out__t1264                         1.75458e-06
x2_n5__t710                            4.99998
vdd_drv__t1315                               5
vdd_drv__t717                                5
x2_n5__t296                            4.99998
out__t1306                          1.7536e-06
out__t1091                          1.7536e-06
x2_n5__t358                            4.99998
vdd_drv__t1074                               5
vdd_drv__t747                                5
x2_n5__t357                            4.99998
out__t1336                         1.75359e-06
out__t1090                         1.75358e-06
x2_n5__t356                            4.99998
vdd_drv__t1073                               5
vdd_drv__t746                                5
x2_n5__t355                            4.99998
out__t1335                         1.75357e-06
out__t1089                         1.75356e-06
x2_n5__t354                            4.99998
vdd_drv__t1072                               5
vdd_drv__t745                                5
x2_n5__t353                            4.99998
out__t1334                         1.75355e-06
out__t1116                         1.75355e-06
x2_n5__t409                            4.99998
vdd_drv__t1099                               5
vdd_drv__t773                                5
x2_n5__t408                            4.99998
out__t1362                         1.75354e-06
out__t1115                         1.75353e-06
x2_n5__t407                            4.99998
vdd_drv__t1098                               5
vdd_drv__t772                                5
x2_n5__t406                            4.99998
out__t1361                         1.75353e-06
out__t1114                         1.75352e-06
x2_n5__t405                            4.99998
vdd_drv__t1097                               5
vdd_drv__t771                                5
x2_n5__t404                            4.99998
out__t1360                         1.75351e-06
out__t1113                         1.75351e-06
x2_n5__t403                            4.99998
vdd_drv__t1096                               5
vdd_drv__t770                                5
x2_n5__t402                            4.99998
out__t1359                          1.7535e-06
out__t1112                          1.7535e-06
x2_n5__t401                            4.99998
vdd_drv__t1095                               5
vdd_drv__t763                                5
x2_n5__t387                            4.99998
out__t1352                         1.75349e-06
out__t1085                         1.75349e-06
x2_n5__t347                            4.99998
vdd_drv__t1068                               5
vdd_drv__t742                                5
x2_n5__t346                            4.99998
out__t1331                         1.75348e-06
out__t1084                         1.75348e-06
x2_n5__t345                            4.99998
vdd_drv__t1067                               5
vdd_drv__t741                                5
x2_n5__t344                            4.99998
out__t1330                         1.75348e-06
out__t1083                         1.75347e-06
x2_n5__t343                            4.99998
vdd_drv__t1066                               5
vdd_drv__t740                                5
x2_n5__t342                            4.99998
out__t1329                         1.75347e-06
out__t1082                         1.75347e-06
x2_n5__t341                            4.99998
vdd_drv__t1065                               5
vdd_drv__t739                                5
x2_n5__t340                            4.99998
out__t1328                         1.75346e-06
out__t1081                         1.75346e-06
x2_n5__t339                            4.99998
vdd_drv__t1064                               5
vdd_drv__t738                                5
x2_n5__t338                            4.99998
out__t1327                         1.75346e-06
out__t1080                         1.75346e-06
x2_n5__t337                            4.99998
vdd_drv__t1063                               5
vdd_drv__t737                                5
x2_n5__t336                            4.99998
out__t1326                         1.75346e-06
out__t1086                         1.75345e-06
x2_n5__t348                            4.99998
vdd_drv__t1069                               5
vdd_drv__t736                                5
x2_n5__t334                            4.99998
out__t1325                         1.75345e-06
out__t1078                         1.75345e-06
x2_n5__t333                            4.99998
vdd_drv__t1061                               5
vdd_drv__t735                                5
x2_n5__t332                            4.99998
out__t1324                         1.75345e-06
out__t1077                         1.75345e-06
x2_n5__t331                            4.99998
vdd_drv__t1060                               5
vdd_drv__t748                                5
x2_n5__t359                            4.99998
out__t1337                         1.75345e-06
out__t1088                         1.75345e-06
x2_n5__t352                            4.99998
vdd_drv__t1071                               5
vdd_drv__t694                                5
x2_n5__t245                            4.99998
out__t1283                         1.75346e-06
out__t1037                         1.75346e-06
x2_n5__t256                            4.99998
vdd_drv__t1020                               5
vdd_drv__t693                                5
x2_n5__t243                            4.99998
out__t1282                         1.75346e-06
out__t1030                         1.75346e-06
x2_n5__t241                            4.99998
vdd_drv__t1013                               5
vdd_drv__t691                                5
x2_n5__t240                            4.99998
out__t1280                         1.75346e-06
out__t1029                         1.75346e-06
x2_n5__t239                            4.99998
vdd_drv__t1012                               5
vdd_drv__t690                                5
x2_n5__t238                            4.99998
out__t1279                         1.75347e-06
out__t1028                         1.75347e-06
x2_n5__t237                            4.99998
vdd_drv__t1011                               5
vdd_drv__t689                                5
x2_n5__t236                            4.99998
out__t1278                         1.75347e-06
out__t1027                         1.75348e-06
x2_n5__t235                            4.99998
vdd_drv__t1010                               5
vdd_drv__t688                                5
x2_n5__t234                            4.99998
out__t1277                         1.75348e-06
out__t1026                         1.75349e-06
x2_n5__t233                            4.99998
vdd_drv__t1009                               5
vdd_drv__t687                                5
x2_n5__t232                            4.99998
out__t1276                         1.75349e-06
out__t1025                         1.75349e-06
x2_n5__t231                            4.99998
vdd_drv__t1008                               5
vdd_drv__t686                                5
x2_n5__t230                            4.99998
out__t1275                          1.7535e-06
out__t1024                         1.75351e-06
x2_n5__t229                            4.99998
vdd_drv__t1007                               5
vdd_drv__t685                                5
x2_n5__t228                            4.99998
out__t1274                         1.75351e-06
out__t1023                         1.75352e-06
x2_n5__t227                            4.99998
vdd_drv__t1006                               5
vdd_drv__t684                                5
x2_n5__t226                            4.99998
out__t1273                         1.75352e-06
out__t1022                         1.75353e-06
x2_n5__t225                            4.99998
vdd_drv__t1005                               5
vdd_drv__t683                                5
x2_n5__t224                            4.99998
out__t1272                         1.75354e-06
out__t1021                         1.75354e-06
x2_n5__t223                            4.99998
vdd_drv__t1004                               5
vdd_drv__t682                                5
x2_n5__t222                            4.99998
out__t1271                         1.75355e-06
out__t1031                         1.75356e-06
x2_n5__t244                            4.99998
vdd_drv__t1014                               5
vdd_drv__t692                                5
x2_n5__t242                            4.99998
out__t1281                         1.75357e-06
out__t1045                         1.75358e-06
x2_n5__t268                            4.99998
vdd_drv__t1028                               5
vdd_drv__t703                                5
x2_n5__t267                            4.99998
out__t1292                         1.75358e-06
out__t1044                         1.75359e-06
x2_n5__t266                            4.99998
vdd_drv__t1027                               5
vdd_drv__t695                                5
x2_n5__t246                            4.99998
out__t1284                         1.75457e-06
out__t1052                         1.75455e-06
x2_n5__t282                            4.99998
vdd_drv__t1035                               5
vdd_drv__t716                                5
x2_n5__t294                            4.99998
out__t1305                         1.75453e-06
out__t1110                         1.75451e-06
x2_n5__t399                            4.99998
vdd_drv__t1093                               5
vdd_drv__t769                                5
x2_n5__t398                            4.99998
out__t1358                         1.75448e-06
out__t1109                         1.75446e-06
x2_n5__t397                            4.99998
vdd_drv__t1092                               5
vdd_drv__t768                                5
x2_n5__t396                            4.99998
out__t1357                         1.75444e-06
out__t1108                         1.75442e-06
x2_n5__t395                            4.99998
vdd_drv__t1091                               5
vdd_drv__t767                                5
x2_n5__t394                            4.99998
out__t1356                          1.7544e-06
out__t1107                         1.75438e-06
x2_n5__t393                            4.99998
vdd_drv__t1090                               5
vdd_drv__t766                                5
x2_n5__t392                            4.99998
out__t1355                         1.75436e-06
out__t1106                         1.75434e-06
x2_n5__t391                            4.99998
vdd_drv__t1089                               5
vdd_drv__t765                                5
x2_n5__t390                            4.99998
out__t1354                         1.75432e-06
out__t1105                          1.7543e-06
x2_n5__t389                            4.99998
vdd_drv__t1088                               5
vdd_drv__t764                                5
x2_n5__t388                            4.99998
out__t1353                         1.75428e-06
out__t1111                         1.75426e-06
x2_n5__t400                            4.99998
vdd_drv__t1094                               5
vdd_drv__t762                                5
x2_n5__t386                            4.99998
out__t1351                         1.75424e-06
out__t1104                         1.75423e-06
x2_n5__t385                            4.99998
vdd_drv__t1087                               5
vdd_drv__t761                                5
x2_n5__t384                            4.99998
out__t1350                         1.75421e-06
out__t1103                         1.75419e-06
x2_n5__t383                            4.99998
vdd_drv__t1086                               5
vdd_drv__t760                                5
x2_n5__t382                            4.99998
out__t1349                         1.75417e-06
out__t1102                         1.75415e-06
x2_n5__t381                            4.99998
vdd_drv__t1085                               5
vdd_drv__t759                                5
x2_n5__t380                            4.99998
out__t1348                         1.75413e-06
out__t1101                         1.75412e-06
x2_n5__t379                            4.99998
vdd_drv__t1084                               5
vdd_drv__t758                                5
x2_n5__t378                            4.99998
out__t1347                          1.7541e-06
out__t1100                         1.75408e-06
x2_n5__t377                            4.99998
vdd_drv__t1083                               5
vdd_drv__t757                                5
x2_n5__t376                            4.99998
out__t1346                         1.75406e-06
out__t1099                         1.75405e-06
x2_n5__t375                            4.99998
vdd_drv__t1082                               5
vdd_drv__t776                                5
x2_n5__t413                            4.99998
out__t1365                         1.75403e-06
out__t1123                         1.75401e-06
x2_n5__t425                            4.99998
vdd_drv__t1106                               5
vdd_drv__t782                                5
x2_n5__t424                            4.99998
out__t1371                           1.754e-06
out__t1122                         1.75398e-06
x2_n5__t423                            4.99998
vdd_drv__t1105                               5
vdd_drv__t781                                5
x2_n5__t422                            4.99998
out__t1370                         1.75396e-06
out__t1121                         1.75395e-06
x2_n5__t421                            4.99998
vdd_drv__t1104                               5
vdd_drv__t780                                5
x2_n5__t420                            4.99998
out__t1369                         1.75393e-06
out__t1120                         1.75392e-06
x2_n5__t419                            4.99998
vdd_drv__t1103                               5
vdd_drv__t779                                5
x2_n5__t418                            4.99998
out__t1368                          1.7539e-06
out__t1039                         1.75389e-06
x2_n5__t258                            4.99998
vdd_drv__t1022                               5
vdd_drv__t734                                5
x2_n5__t330                            4.99998
out__t1323                         1.75387e-06
out__t1076                         1.75386e-06
x2_n5__t329                            4.99998
vdd_drv__t1059                               5
vdd_drv__t733                                5
x2_n5__t328                            4.99998
out__t1322                         1.75384e-06
out__t1075                         1.75383e-06
x2_n5__t327                            4.99998
vdd_drv__t1058                               5
vdd_drv__t732                                5
x2_n5__t326                            4.99998
out__t1321                         1.75381e-06
out__t1074                          1.7538e-06
x2_n5__t325                            4.99998
vdd_drv__t1057                               5
vdd_drv__t731                                5
x2_n5__t324                            4.99998
out__t1320                         1.75379e-06
out__t1073                         1.75377e-06
x2_n5__t323                            4.99998
vdd_drv__t1056                               5
vdd_drv__t750                                5
x2_n5__t361                            4.99998
out__t1339                         1.75376e-06
out__t1097                         1.75375e-06
x2_n5__t373                            4.99998
vdd_drv__t1080                               5
vdd_drv__t756                                5
x2_n5__t372                            4.99998
out__t1345                         1.75374e-06
out__t1096                         1.75372e-06
x2_n5__t371                            4.99998
vdd_drv__t1079                               5
vdd_drv__t755                                5
x2_n5__t370                            4.99998
out__t1344                         1.75371e-06
out__t1095                          1.7537e-06
x2_n5__t369                            4.99998
vdd_drv__t1078                               5
vdd_drv__t754                                5
x2_n5__t368                            4.99998
out__t1343                         1.75369e-06
out__t1094                         1.75368e-06
x2_n5__t367                            4.99998
vdd_drv__t1077                               5
vdd_drv__t753                                5
x2_n5__t366                            4.99998
out__t1342                         1.75367e-06
out__t1093                         1.75366e-06
x2_n5__t365                            4.99998
vdd_drv__t1076                               5
vdd_drv__t752                                5
x2_n5__t364                            4.99998
out__t1341                         1.75364e-06
out__t1092                         1.75363e-06
x2_n5__t363                            4.99998
vdd_drv__t1075                               5
vdd_drv__t751                                5
x2_n5__t362                            4.99998
out__t1340                         1.75362e-06
out__t1098                         1.75361e-06
x2_n5__t374                            4.99998
vdd_drv__t1081                               5
vdd_drv__t749                                5
x2_n5__t360                            4.99998
out__t1338                         1.75361e-06
out__t1119                         1.75459e-06
x2_n5__t416                            4.99998
vdd_drv__t1102                               5
vdd_drv__t804                                5
x2_n5__t470                            4.99998
out__t1393                         1.75618e-06
out__t1146                         1.75615e-06
x2_n5__t469                            4.99998
vdd_drv__t1129                               5
vdd_drv__t803                                5
x2_n5__t468                            4.99998
out__t1392                         1.75612e-06
out__t1145                         1.75609e-06
x2_n5__t467                            4.99998
vdd_drv__t1128                               5
vdd_drv__t802                                5
x2_n5__t466                            4.99998
out__t1391                         1.75607e-06
out__t1144                         1.75604e-06
x2_n5__t465                            4.99998
vdd_drv__t1127                               5
vdd_drv__t808                                5
x2_n5__t477                            4.99998
out__t1397                         1.75601e-06
out__t1212                         1.75598e-06
x2_n5__t605                            4.99998
vdd_drv__t1195                               5
vdd_drv__t873                                5
x2_n5__t604                            4.99998
out__t1462                         1.75596e-06
out__t1211                         1.75593e-06
x2_n5__t603                            4.99998
vdd_drv__t1194                               5
vdd_drv__t872                                5
x2_n5__t602                            4.99998
out__t1461                          1.7559e-06
out__t1210                         1.75588e-06
x2_n5__t601                            4.99998
vdd_drv__t1193                               5
vdd_drv__t871                                5
x2_n5__t600                            4.99998
out__t1460                         1.75585e-06
out__t1209                         1.75582e-06
x2_n5__t599                            4.99998
vdd_drv__t1192                               5
vdd_drv__t870                                5
x2_n5__t598                            4.99998
out__t1459                         1.75579e-06
out__t1208                         1.75577e-06
x2_n5__t597                            4.99998
vdd_drv__t1191                               5
vdd_drv__t869                                5
x2_n5__t596                            4.99998
out__t1458                         1.75574e-06
out__t1207                         1.75571e-06
x2_n5__t595                            4.99998
vdd_drv__t1190                               5
vdd_drv__t868                                5
x2_n5__t594                            4.99998
out__t1457                         1.75569e-06
out__t1213                         1.75566e-06
x2_n5__t606                            4.99998
vdd_drv__t1196                               5
vdd_drv__t867                                5
x2_n5__t592                            4.99998
out__t1456                         1.75563e-06
out__t1205                         1.75561e-06
x2_n5__t591                            4.99998
vdd_drv__t1188                               5
vdd_drv__t788                                5
x2_n5__t440                            4.99998
out__t1377                         1.75558e-06
out__t1132                         1.75556e-06
x2_n5__t439                            4.99998
vdd_drv__t1115                               5
vdd_drv__t794                                5
x2_n5__t451                            4.99998
out__t1383                         1.75553e-06
out__t1130                          1.7555e-06
x2_n5__t437                            4.99998
vdd_drv__t1113                               5
vdd_drv__t787                                5
x2_n5__t436                            4.99998
out__t1376                         1.75548e-06
out__t1129                         1.75545e-06
x2_n5__t435                            4.99998
vdd_drv__t1112                               5
vdd_drv__t786                                5
x2_n5__t434                            4.99998
out__t1375                         1.75543e-06
out__t1128                          1.7554e-06
x2_n5__t433                            4.99998
vdd_drv__t1111                               5
vdd_drv__t785                                5
x2_n5__t432                            4.99998
out__t1374                         1.75538e-06
out__t1127                         1.75535e-06
x2_n5__t431                            4.99998
vdd_drv__t1110                               5
vdd_drv__t784                                5
x2_n5__t430                            4.99998
out__t1373                         1.75532e-06
out__t1126                          1.7553e-06
x2_n5__t429                            4.99998
vdd_drv__t1109                               5
vdd_drv__t783                                5
x2_n5__t428                            4.99998
out__t1372                         1.75527e-06
out__t1125                         1.75525e-06
x2_n5__t427                            4.99998
vdd_drv__t1108                               5
vdd_drv__t801                                5
x2_n5__t464                            4.99998
out__t1390                         1.75522e-06
out__t1149                          1.7552e-06
x2_n5__t476                            4.99998
vdd_drv__t1132                               5
vdd_drv__t807                                5
x2_n5__t475                            4.99998
out__t1396                         1.75517e-06
out__t1148                         1.75515e-06
x2_n5__t474                            4.99998
vdd_drv__t1131                               5
vdd_drv__t806                                5
x2_n5__t473                            4.99998
out__t1395                         1.75513e-06
out__t1147                          1.7551e-06
x2_n5__t472                            4.99998
vdd_drv__t1130                               5
vdd_drv__t805                                5
x2_n5__t471                            4.99998
out__t1394                         1.75508e-06
out__t1040                         1.75505e-06
x2_n5__t259                            4.99998
vdd_drv__t1023                               5
vdd_drv__t820                                5
x2_n5__t500                            4.99998
out__t1409                         1.75503e-06
out__t1032                           1.755e-06
x2_n5__t248                            4.99998
vdd_drv__t1015                               5
vdd_drv__t696                                5
x2_n5__t247                            4.99998
out__t1285                         1.75498e-06
out__t1118                         1.75496e-06
x2_n5__t415                            4.99998
vdd_drv__t1101                               5
vdd_drv__t777                                5
x2_n5__t414                            4.99998
out__t1366                         1.75493e-06
out__t1124                         1.75491e-06
x2_n5__t426                            4.99998
vdd_drv__t1107                               5
vdd_drv__t775                                5
x2_n5__t412                            4.99998
out__t1364                         1.75489e-06
out__t1035                         1.75486e-06
x2_n5__t253                            4.99998
vdd_drv__t1018                               5
vdd_drv__t698                                5
x2_n5__t252                            4.99998
out__t1287                         1.75484e-06
out__t1034                         1.75482e-06
x2_n5__t251                            4.99998
vdd_drv__t1017                               5
vdd_drv__t697                                5
x2_n5__t250                            4.99998
out__t1286                         1.75479e-06
out__t1033                         1.75477e-06
x2_n5__t249                            4.99998
vdd_drv__t1016                               5
vdd_drv__t778                                5
x2_n5__t417                            4.99998
out__t1367                         1.75475e-06
out__t1117                         1.75472e-06
x2_n5__t411                            4.99998
vdd_drv__t1100                               5
vdd_drv__t774                                5
x2_n5__t410                            4.99998
out__t1363                          1.7547e-06
out__t1038                         1.75468e-06
x2_n5__t257                            4.99998
vdd_drv__t1021                               5
vdd_drv__t704                                5
x2_n5__t269                            4.99998
out__t1293                         1.75466e-06
out__t1036                         1.75464e-06
x2_n5__t255                            4.99998
vdd_drv__t1019                               5
vdd_drv__t699                                5
x2_n5__t254                            4.99998
out__t1288                         1.75461e-06
out__t1164                         1.75796e-06
x2_n5__t509                            4.99998
vdd_drv__t1147                               5
vdd_drv__t825                                5
x2_n5__t508                            4.99998
out__t1414                         1.75793e-06
out__t1163                          1.7579e-06
x2_n5__t506                            4.99998
vdd_drv__t1146                               5
vdd_drv__t790                                5
x2_n5__t444                            4.99998
out__t1379                         1.75787e-06
out__t1134                         1.75784e-06
x2_n5__t443                            4.99998
vdd_drv__t1117                               5
vdd_drv__t789                                5
x2_n5__t442                            4.99998
out__t1378                         1.75781e-06
out__t1133                         1.75778e-06
x2_n5__t441                            4.99998
vdd_drv__t1116                               5
vdd_drv__t817                                5
x2_n5__t496                            4.99998
out__t1406                         1.75775e-06
out__t1159                         1.75772e-06
x2_n5__t495                            4.99998
vdd_drv__t1142                               5
vdd_drv__t816                                5
x2_n5__t494                            4.99998
out__t1405                         1.75769e-06
out__t1158                         1.75766e-06
x2_n5__t493                            4.99998
vdd_drv__t1141                               5
vdd_drv__t815                                5
x2_n5__t492                            4.99998
out__t1404                         1.75763e-06
out__t1157                          1.7576e-06
x2_n5__t491                            4.99998
vdd_drv__t1140                               5
vdd_drv__t822                                5
x2_n5__t503                            4.99998
out__t1411                         1.75757e-06
out__t1155                         1.75754e-06
x2_n5__t489                            4.99998
vdd_drv__t1138                               5
vdd_drv__t814                                5
x2_n5__t488                            4.99998
out__t1403                         1.75751e-06
out__t1154                         1.75748e-06
x2_n5__t487                            4.99998
vdd_drv__t1137                               5
vdd_drv__t813                                5
x2_n5__t486                            4.99998
out__t1402                         1.75745e-06
out__t1153                         1.75742e-06
x2_n5__t485                            4.99998
vdd_drv__t1136                               5
vdd_drv__t812                                5
x2_n5__t484                            4.99998
out__t1401                         1.75739e-06
out__t1152                         1.75736e-06
x2_n5__t483                            4.99998
vdd_drv__t1135                               5
vdd_drv__t811                                5
x2_n5__t482                            4.99998
out__t1400                         1.75733e-06
out__t1151                          1.7573e-06
x2_n5__t481                            4.99998
vdd_drv__t1134                               5
vdd_drv__t810                                5
x2_n5__t480                            4.99998
out__t1399                         1.75727e-06
out__t1150                         1.75724e-06
x2_n5__t479                            4.99998
vdd_drv__t1133                               5
vdd_drv__t809                                5
x2_n5__t478                            4.99998
out__t1398                         1.75721e-06
out__t1168                         1.75718e-06
x2_n5__t516                            4.99998
vdd_drv__t1151                               5
vdd_drv__t834                                5
x2_n5__t528                            4.99998
out__t1423                         1.75715e-06
out__t1174                         1.75712e-06
x2_n5__t527                            4.99998
vdd_drv__t1157                               5
vdd_drv__t833                                5
x2_n5__t526                            4.99998
out__t1422                         1.75709e-06
out__t1173                         1.75707e-06
x2_n5__t525                            4.99998
vdd_drv__t1156                               5
vdd_drv__t832                                5
x2_n5__t524                            4.99998
out__t1421                         1.75704e-06
out__t1172                         1.75701e-06
x2_n5__t523                            4.99998
vdd_drv__t1155                               5
vdd_drv__t831                                5
x2_n5__t522                            4.99998
out__t1420                         1.75698e-06
out__t1171                         1.75695e-06
x2_n5__t521                            4.99998
vdd_drv__t1154                               5
vdd_drv__t830                                5
x2_n5__t520                            4.99998
out__t1419                         1.75692e-06
out__t1170                         1.75689e-06
x2_n5__t519                            4.99998
vdd_drv__t1153                               5
vdd_drv__t829                                5
x2_n5__t518                            4.99998
out__t1418                         1.75686e-06
out__t1169                         1.75683e-06
x2_n5__t517                            4.99998
vdd_drv__t1152                               5
vdd_drv__t835                                5
x2_n5__t529                            4.99998
out__t1424                          1.7568e-06
out__t1167                         1.75677e-06
x2_n5__t515                            4.99998
vdd_drv__t1150                               5
vdd_drv__t828                                5
x2_n5__t514                            4.99998
out__t1417                         1.75674e-06
out__t1166                         1.75672e-06
x2_n5__t513                            4.99998
vdd_drv__t1149                               5
vdd_drv__t827                                5
x2_n5__t512                            4.99998
out__t1416                         1.75669e-06
out__t1165                         1.75666e-06
x2_n5__t511                            4.99998
vdd_drv__t1148                               5
vdd_drv__t826                                5
x2_n5__t510                            4.99998
out__t1415                         1.75663e-06
out__t1160                          1.7566e-06
x2_n5__t498                            4.99998
vdd_drv__t1143                               5
vdd_drv__t818                                5
x2_n5__t497                            4.99998
out__t1407                         1.75657e-06
out__t1143                         1.75654e-06
x2_n5__t463                            4.99998
vdd_drv__t1126                               5
vdd_drv__t800                                5
x2_n5__t462                            4.99998
out__t1389                         1.75651e-06
out__t1142                         1.75649e-06
x2_n5__t461                            4.99998
vdd_drv__t1125                               5
vdd_drv__t799                                5
x2_n5__t460                            4.99998
out__t1388                         1.75646e-06
out__t1141                         1.75643e-06
x2_n5__t459                            4.99998
vdd_drv__t1124                               5
vdd_drv__t798                                5
x2_n5__t458                            4.99998
out__t1387                          1.7564e-06
out__t1140                         1.75637e-06
x2_n5__t457                            4.99998
vdd_drv__t1123                               5
vdd_drv__t797                                5
x2_n5__t456                            4.99998
out__t1386                         1.75635e-06
out__t1139                         1.75632e-06
x2_n5__t455                            4.99998
vdd_drv__t1122                               5
vdd_drv__t796                                5
x2_n5__t454                            4.99998
out__t1385                         1.75629e-06
out__t1138                         1.75626e-06
x2_n5__t453                            4.99998
vdd_drv__t1121                               5
vdd_drv__t795                                5
x2_n5__t452                            4.99998
out__t1384                         1.75623e-06
out__t1180                          1.7562e-06
x2_n5__t541                            4.99998
vdd_drv__t1163                               5
vdd_drv__t824                                5
x2_n5__t507                            4.99998
out__t1413                         1.75799e-06
out__t1053                         1.75997e-06
x2_n5__t284                            4.99998
vdd_drv__t1036                               5
vdd_drv__t711                                5
x2_n5__t283                            4.99998
out__t1300                         1.75994e-06
out__t1059                          1.7599e-06
x2_n5__t295                            4.99998
vdd_drv__t1042                               5
vdd_drv__t710                                5
x2_n5__t281                            4.99998
out__t1299                         1.75987e-06
out__t1051                         1.75984e-06
x2_n5__t280                            4.99998
vdd_drv__t1034                               5
vdd_drv__t709                                5
x2_n5__t279                            4.99998
out__t1298                         1.75981e-06
out__t1048                         1.75978e-06
x2_n5__t274                            4.99998
vdd_drv__t1031                               5
vdd_drv__t706                                5
x2_n5__t273                            4.99998
out__t1295                         1.75974e-06
out__t1047                         1.75971e-06
x2_n5__t272                            4.99998
vdd_drv__t1030                               5
vdd_drv__t705                                5
x2_n5__t271                            4.99998
out__t1294                         1.75968e-06
out__t1046                         1.75965e-06
x2_n5__t270                            4.99998
vdd_drv__t1029                               5
vdd_drv__t837                                5
x2_n5__t533                            4.99998
out__t1426                         1.75962e-06
out__t1176                         1.75959e-06
x2_n5__t532                            4.99998
vdd_drv__t1159                               5
vdd_drv__t836                                5
x2_n5__t531                            4.99998
out__t1425                         1.75955e-06
out__t1175                         1.75952e-06
x2_n5__t530                            4.99998
vdd_drv__t1158                               5
vdd_drv__t855                                5
x2_n5__t567                            4.99998
out__t1444                         1.75949e-06
out__t1198                         1.75946e-06
x2_n5__t579                            4.99998
vdd_drv__t1181                               5
vdd_drv__t861                                5
x2_n5__t578                            4.99998
out__t1450                         1.75943e-06
out__t1197                          1.7594e-06
x2_n5__t577                            4.99998
vdd_drv__t1180                               5
vdd_drv__t860                                5
x2_n5__t576                            4.99998
out__t1449                         1.75936e-06
out__t1196                         1.75933e-06
x2_n5__t575                            4.99998
vdd_drv__t1179                               5
vdd_drv__t859                                5
x2_n5__t574                            4.99998
out__t1448                          1.7593e-06
out__t1195                         1.75927e-06
x2_n5__t573                            4.99998
vdd_drv__t1178                               5
vdd_drv__t858                                5
x2_n5__t572                            4.99998
out__t1447                         1.75924e-06
out__t1194                         1.75921e-06
x2_n5__t571                            4.99998
vdd_drv__t1177                               5
vdd_drv__t857                                5
x2_n5__t570                            4.99998
out__t1446                         1.75917e-06
out__t1193                         1.75914e-06
x2_n5__t569                            4.99998
vdd_drv__t1176                               5
vdd_drv__t856                                5
x2_n5__t568                            4.99998
out__t1445                         1.75911e-06
out__t1199                         1.75908e-06
x2_n5__t580                            4.99998
vdd_drv__t1182                               5
vdd_drv__t854                                5
x2_n5__t566                            4.99998
out__t1443                         1.75905e-06
out__t1192                         1.75902e-06
x2_n5__t565                            4.99998
vdd_drv__t1175                               5
vdd_drv__t853                                5
x2_n5__t564                            4.99998
out__t1442                         1.75899e-06
out__t1191                         1.75895e-06
x2_n5__t563                            4.99998
vdd_drv__t1174                               5
vdd_drv__t852                                5
x2_n5__t562                            4.99998
out__t1441                         1.75892e-06
out__t1190                         1.75889e-06
x2_n5__t561                            4.99998
vdd_drv__t1173                               5
vdd_drv__t851                                5
x2_n5__t560                            4.99998
out__t1440                         1.75886e-06
out__t1189                         1.75883e-06
x2_n5__t559                            4.99998
vdd_drv__t1172                               5
vdd_drv__t850                                5
x2_n5__t558                            4.99998
out__t1439                          1.7588e-06
out__t1188                         1.75877e-06
x2_n5__t557                            4.99998
vdd_drv__t1171                               5
vdd_drv__t849                                5
x2_n5__t556                            4.99998
out__t1438                         1.75874e-06
out__t1187                          1.7587e-06
x2_n5__t555                            4.99998
vdd_drv__t1170                               5
vdd_drv__t743                                5
x2_n5__t349                            4.99998
out__t1332                         1.75867e-06
out__t1079                         1.75864e-06
x2_n5__t335                            4.99998
vdd_drv__t1062                               5
vdd_drv__t715                                5
x2_n5__t293                            4.99998
out__t1304                         1.75861e-06
out__t1058                         1.75858e-06
x2_n5__t292                            4.99998
vdd_drv__t1041                               5
vdd_drv__t903                                5
x2_n5__t633                            4.99998
out__t1476                         1.75855e-06
out__t1057                         1.75852e-06
x2_n5__t291                            4.99998
vdd_drv__t1040                               5
vdd_drv__t714                                5
x2_n5__t290                            4.99998
out__t1303                         1.75849e-06
out__t1056                         1.75846e-06
x2_n5__t289                            4.99998
vdd_drv__t1039                               5
vdd_drv__t713                                5
x2_n5__t288                            4.99998
out__t1302                         1.75843e-06
out__t1055                         1.75839e-06
x2_n5__t287                            4.99998
vdd_drv__t1038                               5
vdd_drv__t712                                5
x2_n5__t286                            4.99998
out__t1301                         1.75836e-06
out__t1054                         1.75833e-06
x2_n5__t285                            4.99998
vdd_drv__t1037                               5
vdd_drv__t819                                5
x2_n5__t499                            4.99998
out__t1408                          1.7583e-06
out__t1162                         1.75827e-06
x2_n5__t505                            4.99998
vdd_drv__t1145                               5
vdd_drv__t823                                5
x2_n5__t504                            4.99998
out__t1412                         1.75824e-06
out__t1156                         1.75821e-06
x2_n5__t490                            4.99998
vdd_drv__t1139                               5
vdd_drv__t793                                5
x2_n5__t450                            4.99998
out__t1382                         1.75818e-06
out__t1137                         1.75815e-06
x2_n5__t449                            4.99998
vdd_drv__t1120                               5
vdd_drv__t792                                5
x2_n5__t448                            4.99998
out__t1381                         1.75812e-06
out__t1136                         1.75809e-06
x2_n5__t447                            4.99998
vdd_drv__t1119                               5
vdd_drv__t791                                5
x2_n5__t446                            4.99998
out__t1380                         1.75806e-06
out__t1135                         1.75803e-06
x2_n5__t445                            4.99998
vdd_drv__t1118                               5
vdd_drv__t841                                5
x2_n5__t540                            4.99998
out__t1430                         1.76194e-06
out__t1179                         1.76191e-06
x2_n5__t539                            4.99998
vdd_drv__t1162                               5
vdd_drv__t840                                5
x2_n5__t538                            4.99998
out__t1429                         1.76188e-06
out__t1178                         1.76184e-06
x2_n5__t537                            4.99998
vdd_drv__t1161                               5
vdd_drv__t839                                5
x2_n5__t536                            4.99998
out__t1428                         1.76181e-06
out__t1177                         1.76178e-06
x2_n5__t535                            4.99998
vdd_drv__t1160                               5
vdd_drv__t838                                5
x2_n5__t534                            4.99998
out__t1427                         1.76175e-06
out__t1216                         1.76171e-06
x2_n5__t612                            4.99998
vdd_drv__t1199                               5
vdd_drv__t876                                5
x2_n5__t611                            4.99998
out__t1465                         1.76168e-06
out__t1215                         1.76165e-06
x2_n5__t610                            4.99998
vdd_drv__t1198                               5
vdd_drv__t875                                5
x2_n5__t609                            4.99998
out__t1464                         1.76162e-06
out__t1214                         1.76158e-06
x2_n5__t608                            4.99998
vdd_drv__t1197                               5
vdd_drv__t874                                5
x2_n5__t607                            4.99998
out__t1463                         1.76155e-06
out__t1206                         1.76152e-06
x2_n5__t593                            4.99998
vdd_drv__t1189                               5
vdd_drv__t847                                5
x2_n5__t553                            4.99998
out__t1436                         1.76148e-06
out__t1186                         1.76145e-06
x2_n5__t552                            4.99998
vdd_drv__t1169                               5
vdd_drv__t846                                5
x2_n5__t551                            4.99998
out__t1435                         1.76142e-06
out__t1185                         1.76139e-06
x2_n5__t550                            4.99998
vdd_drv__t1168                               5
vdd_drv__t845                                5
x2_n5__t549                            4.99998
out__t1434                         1.76135e-06
out__t1184                         1.76132e-06
x2_n5__t548                            4.99998
vdd_drv__t1167                               5
vdd_drv__t844                                5
x2_n5__t547                            4.99998
out__t1433                         1.76129e-06
out__t1183                         1.76126e-06
x2_n5__t546                            4.99998
vdd_drv__t1166                               5
vdd_drv__t843                                5
x2_n5__t545                            4.99998
out__t1432                         1.76122e-06
out__t1182                         1.76119e-06
x2_n5__t544                            4.99998
vdd_drv__t1165                               5
vdd_drv__t842                                5
x2_n5__t543                            4.99998
out__t1431                         1.76116e-06
out__t1181                         1.76113e-06
x2_n5__t542                            4.99998
vdd_drv__t1164                               5
vdd_drv__t848                                5
x2_n5__t554                            4.99998
out__t1437                         1.76109e-06
out__t1204                         1.76106e-06
x2_n5__t589                            4.99998
vdd_drv__t1187                               5
vdd_drv__t879                                5
x2_n5__t617                            4.99998
out__t1468                         1.76103e-06
out__t1218                           1.761e-06
x2_n5__t616                            4.99998
vdd_drv__t1201                               5
vdd_drv__t878                                5
x2_n5__t615                            4.99998
out__t1467                         1.76097e-06
out__t1217                         1.76093e-06
x2_n5__t614                            4.99998
vdd_drv__t1200                               5
vdd_drv__t877                                5
x2_n5__t613                            4.99998
out__t1466                          1.7609e-06
out__t1203                         1.76087e-06
x2_n5__t588                            4.99998
vdd_drv__t1186                               5
vdd_drv__t865                                5
x2_n5__t587                            4.99998
out__t1454                         1.76084e-06
out__t1202                          1.7608e-06
x2_n5__t586                            4.99998
vdd_drv__t1185                               5
vdd_drv__t864                                5
x2_n5__t585                            4.99998
out__t1453                         1.76077e-06
out__t1201                         1.76074e-06
x2_n5__t584                            4.99998
vdd_drv__t1184                               5
vdd_drv__t863                                5
x2_n5__t583                            4.99998
out__t1452                         1.76071e-06
out__t1200                         1.76067e-06
x2_n5__t582                            4.99998
vdd_drv__t1183                               5
vdd_drv__t862                                5
x2_n5__t581                            4.99998
out__t1451                         1.76064e-06
out__t1220                         1.76061e-06
x2_n5__t619                            4.99998
vdd_drv__t1203                               5
vdd_drv__t885                                5
x2_n5__t631                            4.99998
out__t1474                         1.76058e-06
out__t1226                         1.76055e-06
x2_n5__t630                            4.99998
vdd_drv__t1209                               5
vdd_drv__t884                                5
x2_n5__t629                            4.99998
out__t1473                         1.76051e-06
out__t1225                         1.76048e-06
x2_n5__t628                            4.99998
vdd_drv__t1208                               5
vdd_drv__t883                                5
x2_n5__t627                            4.99998
out__t1472                         1.76045e-06
out__t1224                         1.76042e-06
x2_n5__t626                            4.99998
vdd_drv__t1207                               5
vdd_drv__t882                                5
x2_n5__t625                            4.99998
out__t1471                         1.76038e-06
out__t1223                         1.76035e-06
x2_n5__t624                            4.99998
vdd_drv__t1206                               5
vdd_drv__t881                                5
x2_n5__t623                            4.99998
out__t1470                         1.76032e-06
out__t1222                         1.76029e-06
x2_n5__t622                            4.99998
vdd_drv__t1205                               5
vdd_drv__t880                                5
x2_n5__t621                            4.99998
out__t1469                         1.76026e-06
out__t1221                         1.76022e-06
x2_n5__t620                            4.99998
vdd_drv__t1204                               5
vdd_drv__t886                                5
x2_n5__t632                            4.99998
out__t1475                         1.76019e-06
out__t1219                         1.76016e-06
x2_n5__t618                            4.99998
vdd_drv__t1202                               5
vdd_drv__t866                                5
x2_n5__t590                            4.99998
out__t1455                         1.76013e-06
out__t1050                          1.7601e-06
x2_n5__t278                            4.99998
vdd_drv__t1033                               5
vdd_drv__t708                                5
x2_n5__t277                            4.99998
out__t1297                         1.76006e-06
out__t1049                         1.76003e-06
x2_n5__t276                            4.99998
vdd_drv__t1032                               5
vdd_drv__t707                                5
x2_n5__t275                            4.99998
out__t1296                            1.76e-06
out__t1270                         1.76198e-06
x2_n5__t720                            4.99998
vdd_drv__t679                                5
x3_uvlo_ok__t0                         4.99975
x3_lockout__t0                     1.82172e-06
vdd_drv__t20                                 5
x3_ncompp__t1                          4.11105
x3_ncompp__t2                          4.11065
vdd_drv__t674                          4.99999
x3_ncompn__t2                          4.99958
x3_ncompp__t3                          4.11065
vdd_drv__t675                                5
x3_lockout__t1                      2.1322e-06
x3_ncompn__t0                          4.99957
vdd_drv__t22                                 5
x1_inb__t1                             3.29999
in__t1                            -1.21973e-19
vdd_logic__t0                              3.3
vdd_logic                                  3.3
x1_ncb__t3                         3.76268e-06
anon293__t0                        -2.2615e-05
anon294__t1                       -2.50212e-05
anon293__t1                        -2.2615e-05
anon294__t0                       -2.50212e-05
anon295__t0                       -1.70156e-05
in_drv__t4                         1.01554e-06
anon295__t1                       -1.70156e-05
vdd_drv__t0                            4.99996
anon22__t0                              4.6371
anon22__t1                             4.63686
anon23__t0                             4.27493
anon23__t1                             4.27469
anon26__t0                             3.91361
anon26__t1                             3.91338
anon27__t0                             3.55308
anon27__t1                             3.55284
anon30__t0                             3.19325
anon30__t1                             3.19302
anon31__t0                             2.83407
x3_nref__t4                           0.688374
anon21__t0                               1.045
anon21__t1                             1.04523
anon24__t0                             1.40206
anon24__t1                             1.40229
anon25__t0                             1.75941
anon25__t1                             1.75964
anon28__t0                              2.1171
anon28__t1                             2.11733
anon29__t0                             2.47522
anon29__t1                             2.47545
anon31__t1                             2.83384
vdd_drv__t1                            4.99997
anon32__t0                             4.73937
anon32__t1                             4.73917
anon33__t0                             4.47935
anon33__t1                             4.47915
anon34__t0                             4.22008
anon34__t1                             4.21987
anon35__t0                              3.9615
anon35__t1                             3.96129
anon36__t0                             3.70357
anon36__t1                             3.70337
anon37__t0                             3.44625
anon37__t1                             3.44605
anon38__t0                             3.18951
anon38__t1                             3.18931
anon39__t1                             2.93329
x3_ndiv__t1                           0.897429
anon40__t0                             1.15076
anon40__t1                             1.15095
anon42__t0                             1.40447
anon42__t1                             1.40467
anon44__t0                             1.65841
anon44__t1                             1.65861
anon45__t0                             1.91263
anon45__t1                             1.91283
anon46__t0                             2.16717
anon46__t1                             2.16737
anon47__t0                             2.42206
anon47__t1                             2.42226
anon48__t0                             2.67735
anon48__t1                             2.67755
anon39__t0                             2.93309
x3_uvlo_ok__t2                         4.99919
anon49__t0                              4.9297
x3_ndiv__t3                           0.896775
anon41__t0                            0.597888
anon49__t1                             4.92966
anon50__t0                             4.86116
anon41__t1                            0.597696
anon43__t0                            0.298929
anon50__t1                             4.86112
anon51__t0                             4.79359
anon43__t1                            0.298737
gnd_drv__t16                       2.92433e-05
anon51__t1                             4.79354
anon52__t0                             4.72698
anon52__t1                             4.72693
anon53__t0                             4.66131
anon53__t1                             4.66127
anon54__t0                             4.59658
anon54__t1                             4.59653
anon55__t0                             4.53276
anon55__t1                             4.53272
anon56__t0                             4.46986
anon57__t1                             3.99779
anon59__t0                             4.05384
anon59__t1                             4.05387
anon60__t0                             4.11074
anon60__t1                             4.11077
anon63__t0                             4.16846
anon63__t1                             4.16849
anon65__t0                             4.22701
anon65__t1                             4.22705
anon66__t0                             4.28641
anon66__t1                             4.28645
anon69__t0                             4.34667
anon69__t1                             4.34671
anon71__t0                              4.4078
anon71__t1                             4.40784
anon56__t1                             4.46981
anon57__t0                             3.99775
anon58__t0                              3.9425
anon58__t1                             3.94246
anon61__t0                               3.888
anon61__t1                             3.88796
anon62__t0                             3.83428
anon62__t1                             3.83424
anon64__t0                             3.78132
anon64__t1                             3.78129
anon67__t0                             3.72913
anon67__t1                             3.72909
anon68__t0                             3.67768
anon68__t1                             3.67765
anon70__t0                             3.62696
anon70__t1                             3.62693
anon72__t1                             3.57697
anon73__t0                             3.20203
anon74__t0                             3.24653
anon74__t1                             3.24656
anon76__t0                             3.29171
anon76__t1                             3.29174
anon78__t0                             3.33755
anon78__t1                             3.33758
anon81__t0                             3.38405
anon81__t1                             3.38408
anon82__t0                             3.43123
anon82__t1                             3.43127
anon84__t0                              3.4791
anon84__t1                             3.47914
anon86__t0                             3.52767
anon86__t1                              3.5277
anon72__t0                             3.57694
anon73__t1                               3.202
anon75__t0                             3.15814
anon75__t1                             3.15811
anon77__t0                             3.11488
anon77__t1                             3.11485
anon79__t0                             3.07225
anon79__t1                             3.07222
anon80__t0                             3.03023
anon80__t1                              3.0302
anon83__t0                             2.98882
anon83__t1                             2.98879
anon85__t0                               2.948
anon85__t1                             2.94798
anon87__t0                             2.90778
anon87__t1                             2.90775
anon88__t1                             2.86813
anon89__t0                             2.57102
anon90__t0                             2.60626
anon89__t1                             2.57099
anon91__t0                             2.53627
anon90__t1                             2.60628
anon93__t0                             2.64204
anon91__t1                             2.53625
anon94__t0                             2.50203
anon93__t1                             2.64206
anon96__t0                             2.67835
anon94__t1                               2.502
anon97__t0                             2.46829
anon96__t1                             2.67838
anon100__t0                             2.7152
anon97__t1                             2.46826
anon99__t0                             2.43504
anon99__t1                             2.43502
anon102__t0                            2.40228
anon100__t1                            2.71523
anon103__t0                             2.7526
anon103__t1                            2.75262
anon105__t0                            2.79054
anon102__t1                            2.40226
anon106__t0                               2.37
anon105__t1                            2.79056
anon108__t0                            2.82904
anon106__t1                            2.36998
anon109__t0                             2.3382
anon108__t1                            2.82907
anon88__t0                             2.86811
anon109__t1                            2.33818
anon111__t0                            2.30686
anon112__t0                            2.07227
anon113__t0                            2.04489
anon112__t1                            2.07229
anon92__t0                             2.10008
anon113__t1                            2.04487
anon115__t0                             2.0179
anon92__t1                              2.1001
anon95__t0                             2.12831
anon115__t1                            2.01789
anon117__t0                            1.99132
anon95__t1                             2.12833
anon98__t0                             2.15697
anon98__t1                             2.15699
anon101__t0                            2.18606
anon117__t1                             1.9913
anon119__t0                            1.96514
anon119__t1                            1.96512
anon121__t0                            1.93935
anon101__t1                            2.18607
anon104__t0                            2.21558
anon104__t1                             2.2156
anon107__t0                            2.24555
anon121__t1                            1.93933
anon123__t0                            1.91394
anon107__t1                            2.24557
anon110__t0                            2.27597
anon123__t1                            1.91393
anon125__t0                            1.88892
anon125__t1                            1.88891
anon127__t0                            1.86428
anon110__t1                            2.27599
anon111__t1                            2.30684
anon128__t0                            1.68018
anon114__t0                            1.70195
anon128__t1                            1.68017
anon129__t0                            1.65873
anon114__t1                            1.70197
anon116__t0                            1.72408
anon129__t1                            1.65871
anon131__t0                            1.63761
anon131__t1                            1.63759
anon133__t0                            1.61681
anon116__t1                             1.7241
anon118__t0                            1.74656
anon118__t1                            1.74657
anon120__t0                            1.76938
anon133__t1                             1.6168
anon135__t0                            1.59634
anon135__t1                            1.59633
anon137__t0                            1.57619
anon120__t1                             1.7694
anon122__t0                            1.79256
anon137__t1                            1.57618
anon139__t0                            1.55636
anon122__t1                            1.79258
anon124__t0                             1.8161
anon139__t1                            1.55635
anon141__t0                            1.53684
anon124__t1                            1.81611
anon126__t0                               1.84
anon141__t1                            1.53682
anon143__t0                            1.51762
anon126__t1                            1.84001
anon127__t1                            1.86427
anon144__t1                            1.37452
anon130__t0                             1.3914
anon144__t0                            1.37451
anon145__t0                            1.35791
anon145__t1                             1.3579
anon147__t0                            1.34156
anon130__t1                            1.39141
anon132__t0                            1.40856
anon132__t1                            1.40857
anon134__t0                            1.42601
anon147__t1                            1.34155
anon149__t0                            1.32549
anon149__t1                            1.32548
anon151__t0                            1.30968
anon134__t1                            1.42602
anon136__t0                            1.44375
anon136__t1                            1.44376
anon138__t0                            1.46177
anon151__t1                            1.30967
anon153__t0                            1.29414
anon153__t1                            1.29413
anon155__t0                            1.27885
anon138__t1                            1.46178
anon140__t0                            1.48008
anon155__t1                            1.27884
anon157__t0                            1.26382
anon140__t1                             1.4801
anon142__t0                             1.4987
anon157__t1                            1.26381
anon159__t1                            1.24904
anon142__t1                            1.49871
anon143__t1                            1.51761
anon160__t0                            1.13958
anon146__t0                            1.15243
anon160__t1                            1.13957
anon161__t0                            1.12695
anon161__t1                            1.12694
anon163__t0                            1.11455
anon146__t1                            1.15244
anon148__t0                            1.16552
anon163__t1                            1.11454
anon165__t0                            1.10237
anon148__t1                            1.16552
anon150__t0                            1.17884
anon150__t1                            1.17884
anon152__t0                            1.19239
anon165__t1                            1.10236
anon167__t0                            1.09041
anon152__t1                             1.1924
anon154__t0                            1.20619
anon167__t1                             1.0904
anon169__t0                            1.07867
anon169__t1                            1.07866
anon171__t0                            1.06714
anon154__t1                             1.2062
anon156__t0                            1.22022
anon156__t1                            1.22023
anon158__t0                             1.2345
anon171__t1                            1.06713
anon173__t0                            1.05583
anon173__t1                            1.05582
anon175__t0                            1.04473
anon158__t1                            1.23451
anon159__t0                            1.24903
anon176__t0                           0.963273
anon162__t0                           0.972753
anon176__t1                           0.963267
anon177__t0                           0.953979
anon162__t1                            0.97276
anon164__t0                           0.982435
anon177__t1                           0.953973
anon179__t0                           0.944876
anon179__t1                            0.94487
anon181__t0                           0.935962
anon164__t1                           0.982441
anon166__t0                           0.992313
anon166__t1                           0.992319
anon168__t0                            1.00239
anon181__t1                           0.935956
anon183__t0                           0.927235
anon168__t1                             1.0024
anon170__t0                            1.01267
anon183__t1                            0.92723
anon185__t0                           0.918694
anon185__t1                           0.918689
anon187__t0                           0.910337
anon170__t1                            1.01267
anon172__t0                            1.02315
anon172__t1                            1.02315
anon174__t0                            1.03383
anon187__t1                           0.910332
anon189__t0                           0.902162
anon189__t1                           0.902157
anon191__t0                           0.894168
anon174__t1                            1.03384
anon175__t1                            1.04472
anon192__t1                           0.836523
anon193__t0                            0.83009
anon192__t0                           0.836527
anon178__t0                           0.843128
anon193__t1                           0.830086
anon195__t0                           0.823819
anon178__t1                           0.843132
anon180__t0                           0.849901
anon180__t1                           0.849906
anon182__t0                           0.856845
anon195__t1                           0.823815
anon197__t0                           0.817713
anon182__t1                           0.856849
anon184__t0                           0.863959
anon197__t1                           0.817709
anon199__t0                            0.81177
anon199__t1                           0.811766
anon201__t0                            0.80599
anon184__t1                           0.863964
anon186__t0                           0.871247
anon186__t1                           0.871252
anon188__t0                           0.878709
anon201__t1                           0.805986
anon203__t0                           0.800371
anon188__t1                           0.878714
anon190__t0                           0.886347
anon203__t1                           0.800368
anon205__t0                           0.794912
anon205__t1                           0.794909
anon207__t0                           0.789613
anon190__t1                           0.886352
anon191__t1                           0.894163
anon208__t1                            0.75282
anon209__t0                           0.748911
anon208__t0                           0.752822
anon194__t0                           0.756882
anon209__t1                           0.748908
anon211__t0                           0.745149
anon194__t1                           0.756885
anon196__t0                           0.761096
anon196__t1                           0.761099
anon198__t0                           0.765462
anon211__t1                           0.745146
anon213__t0                           0.741536
anon213__t1                           0.741534
anon215__t0                           0.738071
anon198__t1                           0.765465
anon200__t0                           0.769982
anon200__t1                           0.769985
anon202__t0                           0.774655
anon215__t1                           0.738069
anon217__t0                           0.734755
anon217__t1                           0.734753
anon219__t0                           0.731585
anon202__t1                           0.774658
anon204__t0                           0.779484
anon219__t1                           0.731583
anon221__t0                           0.728562
anon204__t1                           0.779487
anon206__t0                           0.784468
anon206__t1                           0.784471
anon207__t1                            0.78961
anon221__t1                            0.72856
anon223__t1                           0.725684
anon224__t1                           0.707851
anon210__t0                           0.709579
anon224__t0                            0.70785
anon225__t0                           0.706263
anon225__t1                           0.706262
anon227__t0                           0.704817
anon210__t1                            0.70958
anon212__t0                            0.71145
anon212__t1                           0.711452
anon214__t0                           0.713464
anon227__t1                           0.704816
anon229__t0                           0.703512
anon229__t1                           0.703511
anon231__t0                           0.702347
anon214__t1                           0.713465
anon216__t0                            0.71562
anon216__t1                           0.715622
anon218__t0                            0.71792
anon231__t1                           0.702347
anon233__t0                           0.701323
anon233__t1                           0.701323
anon235__t0                            0.70044
anon218__t1                           0.717921
anon220__t0                           0.720363
anon235__t1                           0.700439
anon237__t0                           0.699697
anon220__t1                           0.720365
anon222__t0                           0.722951
anon222__t1                           0.722952
anon223__t0                           0.725683
anon237__t1                           0.699696
anon239__t1                           0.699093
anon240__t1                             0.6993
anon241__t0                           0.699954
anon240__t0                           0.699299
anon226__t0                           0.698785
anon241__t1                           0.699955
anon243__t0                           0.700749
anon226__t1                           0.698784
anon228__t0                           0.698409
anon228__t1                           0.698409
anon230__t0                           0.698174
anon243__t1                            0.70075
anon245__t0                           0.701684
anon245__t1                           0.701685
anon247__t0                            0.70276
anon230__t1                           0.698174
anon232__t0                           0.698078
anon247__t1                           0.702761
anon249__t0                           0.703976
anon232__t1                           0.698078
anon234__t0                           0.698122
anon234__t1                           0.698122
anon236__t0                           0.698306
anon249__t1                           0.703977
anon251__t0                           0.705333
anon251__t1                           0.705334
anon253__t0                           0.706832
anon236__t1                           0.698306
anon238__t0                            0.69863
anon253__t1                           0.706833
anon255__t0                           0.708471
anon238__t1                            0.69863
anon239__t0                           0.699093
anon256__t0                           0.726727
anon242__t0                           0.723943
anon256__t1                           0.726729
anon257__t0                           0.729658
anon242__t1                           0.723942
anon244__t0                           0.721303
anon257__t1                            0.72966
anon259__t0                           0.732735
anon259__t1                           0.732737
anon261__t0                           0.735959
anon244__t1                           0.721301
anon246__t0                           0.718806
anon261__t1                           0.735961
anon263__t0                            0.73933
anon246__t1                           0.718804
anon248__t0                           0.716453
anon263__t1                           0.739332
anon265__t0                           0.742849
anon248__t1                           0.716452
anon250__t0                           0.714244
anon250__t1                           0.714243
anon252__t0                           0.712178
anon265__t1                           0.742851
anon267__t0                           0.746517
anon267__t1                           0.746519
anon269__t0                           0.750334
anon252__t1                           0.712177
anon254__t0                           0.710254
anon254__t1                           0.710253
anon255__t1                           0.708472
anon269__t1                           0.750336
anon271__t1                           0.754301
anon272__t1                            0.79155
anon273__t0                           0.796904
anon272__t0                           0.791546
anon258__t0                            0.78635
anon273__t1                           0.796908
anon275__t0                           0.802422
anon258__t1                           0.786347
anon260__t0                           0.781307
anon260__t1                           0.781304
anon262__t0                           0.776421
anon275__t1                           0.802425
anon277__t0                             0.8081
anon277__t1                           0.808104
anon279__t0                            0.81394
anon262__t1                           0.776418
anon264__t0                           0.771691
anon279__t1                           0.813944
anon281__t0                           0.819943
anon264__t1                           0.771688
anon266__t0                           0.767115
anon266__t1                           0.767112
anon268__t0                           0.762692
anon281__t1                           0.819947
anon283__t0                           0.826109
anon283__t1                           0.826113
anon285__t0                           0.832442
anon268__t1                           0.762689
anon270__t0                           0.758422
anon285__t1                           0.832446
anon287__t1                            0.83894
anon270__t1                           0.758419
anon271__t0                           0.754304
x3_ndiv__t2                           0.897091
anon274__t0                           0.889215
anon274__t1                            0.88921
anon276__t0                           0.881512
anon276__t1                           0.881507
anon278__t0                           0.873985
anon278__t1                            0.87398
anon280__t0                           0.866633
anon280__t1                           0.866628
anon282__t0                           0.859454
anon282__t1                           0.859449
anon284__t0                           0.852447
anon284__t1                           0.852443
anon286__t0                           0.845611
anon286__t1                           0.845607
anon287__t0                           0.838945
gnd_logic__t0                                0
gnd_logic__t1                                0
gnd_logic__t2                                0
gnd_logic__t3                                0
gnd_logic__t4                                0
gnd_logic__t5                                0
gnd_logic__t6                                0
gnd_logic__t7                                0
gnd_logic__t8                                0
gnd_logic__t9                                0
gnd_logic__t10                               0
gnd_logic__t11                               0
gnd_logic__t12                               0
gnd_logic__t13                               0
gnd_logic__t14                               0
gnd_logic__t15                               0
gnd_logic__t16                               0
gnd_logic__t17                               0
gnd_logic__t18                               0
gnd_logic__t19                               0
gnd_logic__t20                               0
gnd_logic__t21                               0
gnd_logic__t22                               0
gnd_logic__t23                               0
gnd_logic__t24                               0
gnd_logic__t25                               0
gnd_logic__t26                               0
gnd_logic__t27                               0
gnd_logic__t28                               0
gnd_logic__t29                               0
gnd_logic__t30                               0
gnd_logic__t31                               0
gnd_logic__t32                               0
gnd_logic__t33                               0
gnd_logic__t34                               0
gnd_logic__t35                               0
gnd_logic__t36                               0
gnd_logic__t37                               0
gnd_logic__t38                               0
gnd_logic__t39                               0
gnd_logic__t40                               0
gnd_logic__t41                               0
gnd_logic__t42                               0
gnd_logic__t43                               0
gnd_logic__t44                               0
gnd_logic__t45                               0
gnd_logic__t46                               0
gnd_logic__t47                               0
gnd_logic__t48                               0
gnd_logic__t49                               0
gnd_logic__t50                               0
gnd_logic__t51                               0
gnd_logic__t52                               0
gnd_logic__t53                               0
gnd_logic__t54                               0
gnd_logic__t55                               0
gnd_logic__t56                               0
gnd_logic__t57                               0
gnd_logic__t58                               0
gnd_logic__t59                               0
gnd_logic__t60                               0
gnd_logic__t61                               0
gnd_logic__t62                               0
gnd_logic__t63                               0
gnd_logic__t64                               0
gnd_logic__t65                               0
gnd_logic__t66                               0
gnd_logic__t67                               0
gnd_logic__t68                               0
gnd_logic__t69                               0
gnd_logic__t70                               0
gnd_logic__t71                               0
gnd_logic__t72                               0
gnd_logic__t73                               0
gnd_logic__t74                               0
gnd_logic__t75                               0
gnd_logic__t76                               0
gnd_logic__t77                               0
gnd_logic__t78                               0
gnd_logic__t79                               0
gnd_logic__t80                               0
gnd_logic__t81                               0
gnd_logic__t82                               0
gnd_logic__t83                               0
gnd_logic__t84                               0
gnd_logic__t85                               0
gnd_logic__t86                               0
gnd_logic__t87                               0
gnd_logic__t88                               0
gnd_logic__t89                               0
gnd_logic__t90                               0
gnd_logic__t91                               0
gnd_logic__t92                               0
gnd_logic__t93                               0
gnd_logic__t94                               0
gnd_logic__t95                               0
gnd_logic__t96                               0
gnd_logic__t97                               0
gnd_logic__t98                               0
gnd_logic__t99                               0
gnd_logic__t100                              0
gnd_logic__t101                              0
gnd_logic__t102                              0
gnd_logic__t103                              0
gnd_logic__t104                              0
gnd_logic__t105                              0
gnd_logic__t106                              0
gnd_logic__t107                              0
gnd_logic__t108                              0
gnd_logic__t109                              0
gnd_logic__t110                              0
gnd_logic__t111                              0
gnd_logic__t112                              0
gnd_logic__t113                              0
gnd_logic__t114                              0
gnd_logic__t115                              0
gnd_logic__t116                              0
gnd_logic__t117                              0
gnd_logic__t118                              0
gnd_logic__t119                              0
gnd_logic__t120                              0
gnd_logic__t121                              0
gnd_logic__t122                              0
gnd_logic__t123                              0
gnd_logic__t124                              0
gnd_logic__t125                              0
gnd_logic__t126                              0
gnd_logic__t127                              0
gnd_logic__t128                              0
gnd_logic__t129                              0
gnd_logic__t130                              0
gnd_logic__t131                              0
gnd_logic__t132                              0
gnd_logic__t133                              0
gnd_logic__t134                              0
gnd_logic__t135                              0
gnd_logic__t136                              0
gnd_logic__t137                              0
gnd_logic__t138                              0
gnd_logic__t139                              0
gnd_logic__t140                              0
gnd_logic__t141                              0
gnd_logic__t142                              0
gnd_logic__t143                              0
gnd_logic__t144                              0
gnd_logic__t145                              0
gnd_logic__t146                              0
gnd_logic__t147                              0
gnd_logic__t148                              0
gnd_logic__t149                              0
gnd_logic__t150                              0
gnd_logic__t151                              0
gnd_logic__t152                              0
gnd_logic__t153                              0
gnd_logic__t154                              0
gnd_logic__t155                              0
gnd_logic__t156                              0
gnd_logic__t157                              0
gnd_logic__t158                              0
gnd_logic__t159                              0
gnd_logic__t160                              0
gnd_logic__t161                              0
gnd_logic__t162                              0
gnd_logic__t163                              0
gnd_logic__t164                              0
gnd_logic__t165                              0
gnd_logic__t166                              0
gnd_logic__t167                              0
gnd_logic__t168                              0
gnd_logic__t169                              0
gnd_logic__t170                              0
gnd_logic__t171                              0
gnd_logic__t172                              0
gnd_logic__t173                              0
gnd_logic__t174                              0
gnd_logic__t175                              0
gnd_logic__t176                              0
gnd_logic__t177                              0
gnd_logic__t178                              0
gnd_logic__t179                              0
gnd_logic__t180                              0
gnd_logic__t181                              0
gnd_logic__t182                              0
gnd_logic__t183                              0
gnd_logic__t184                              0
gnd_logic__t185                              0
gnd_logic__t186                              0
gnd_logic__t187                              0
gnd_logic__t188                              0
gnd_logic__t189                              0
gnd_logic__t190                              0
gnd_logic__t191                              0
gnd_logic__t192                              0
gnd_logic__t193                              0
gnd_logic__t194                              0
gnd_logic__t195                              0
gnd_logic__t196                              0
gnd_logic__t197                              0
gnd_logic__t198                              0
gnd_logic__t199                              0
gnd_logic__t200                              0
gnd_logic__t201                              0
gnd_logic__t202                              0
gnd_logic__t203                              0
gnd_logic__t204                              0
gnd_logic__t205                              0
gnd_logic__t206                              0
gnd_logic__t207                              0
gnd_logic__t208                              0
gnd_logic__t209                              0
gnd_logic__t210                              0
gnd_logic__t211                              0
gnd_logic__t212                              0
gnd_logic__t213                              0
gnd_logic__t214                              0
gnd_logic__t215                              0
gnd_logic__t216                              0
gnd_logic__t217                              0
gnd_logic__t218                              0
gnd_logic__t219                              0
gnd_logic__t220                              0
gnd_logic__t221                              0
gnd_logic__t222                              0
gnd_logic__t223                              0
gnd_logic__t224                              0
gnd_logic__t225                              0
gnd_logic__t226                              0
gnd_logic__t227                              0
gnd_logic__t228                              0
gnd_logic__t229                              0
gnd_logic__t230                              0
gnd_logic__t231                              0
gnd_logic__t232                              0
gnd_logic__t233                              0
gnd_logic__t234                              0
gnd_logic__t235                              0
gnd_logic__t236                              0
gnd_logic__t237                              0
gnd_logic__t238                              0
gnd_logic__t239                              0
gnd_logic__t240                              0
gnd_logic__t241                              0
gnd_logic__t242                              0
gnd_logic__t243                              0
gnd_logic__t244                              0
gnd_logic__t245                              0
gnd_logic__t246                              0
gnd_logic__t247                              0
gnd_logic__t248                              0
gnd_logic__t249                              0
gnd_logic__t250                              0
gnd_logic__t251                              0
gnd_logic__t252                              0
gnd_logic__t253                              0
gnd_logic__t254                              0
gnd_logic__t255                              0
gnd_logic__t256                              0
gnd_logic__t257                              0
gnd_logic__t258                              0
gnd_logic__t259                              0
gnd_logic__t260                              0
gnd_logic__t261                              0
gnd_logic__t262                              0
gnd_logic__t263                              0
gnd_logic__t264                              0
gnd_logic__t265                              0
gnd_logic__t266                              0
gnd_logic__t267                              0
gnd_logic__t268                              0
gnd_logic__t269                              0
gnd_logic__t270                              0
in                                           0
in_drv                              1.0155e-06
out                                1.74948e-06
anon100                                2.71522
anon101                                2.18606
anon102                                2.40227
anon103                                2.75261
anon104                                2.21559
anon105                                2.79055
anon106                                2.36999
anon107                                2.24556
anon108                                2.82905
anon109                                2.33819
anon110                                2.27598
anon111                                2.30685
anon112                                2.07228
anon113                                2.04488
anon114                                1.70196
anon115                                 2.0179
anon116                                1.72409
anon117                                1.99131
anon118                                1.74657
anon119                                1.96513
anon120                                1.76939
anon121                                1.93934
anon122                                1.79257
anon123                                1.91394
anon124                                 1.8161
anon125                                1.88892
anon126                                1.84001
anon127                                1.86427
anon128                                1.68017
anon129                                1.65872
anon130                                 1.3914
anon131                                 1.6376
anon132                                1.40857
anon133                                1.61681
anon134                                1.42602
anon135                                1.59634
anon136                                1.44375
anon137                                1.57619
anon138                                1.46178
anon139                                1.55635
anon140                                1.48009
anon141                                1.53683
anon142                                 1.4987
anon143                                1.51761
anon144                                1.37451
anon145                                 1.3579
anon146                                1.15243
anon147                                1.34156
anon148                                1.16552
anon149                                1.32549
anon150                                1.17884
anon151                                1.30968
anon152                                 1.1924
anon153                                1.29413
anon154                                1.20619
anon155                                1.27885
anon156                                1.22023
anon157                                1.26382
anon158                                1.23451
anon159                                1.24904
anon160                                1.13958
anon161                                1.12695
anon162                               0.972756
anon163                                1.11454
anon164                               0.982438
anon165                                1.10236
anon166                               0.992316
anon167                                 1.0904
anon168                                1.00239
anon169                                1.07866
anon170                                1.01267
anon171                                1.06714
anon172                                1.02315
anon173                                1.05583
anon174                                1.03383
anon175                                1.04473
anon176                                0.96327
anon177                               0.953976
anon178                                0.84313
anon179                               0.944873
anon180                               0.849903
anon181                               0.935959
anon182                               0.856847
anon183                               0.927233
anon184                               0.863962
anon185                               0.918692
anon186                                0.87125
anon187                               0.910335
anon188                               0.878712
anon189                                0.90216
anon190                                0.88635
anon191                               0.894165
anon192                               0.836525
anon193                               0.830088
anon194                               0.756884
anon195                               0.823817
anon196                               0.761097
anon197                               0.817711
anon198                               0.765464
anon199                               0.811768
anon200                               0.769983
anon201                               0.805988
anon202                               0.774657
anon203                               0.800369
anon204                               0.779485
anon205                               0.794911
anon206                                0.78447
anon207                               0.789611
anon208                               0.752821
anon209                               0.748909
anon21                                 1.04511
anon210                                0.70958
anon211                               0.745147
anon212                               0.711451
anon213                               0.741535
anon214                               0.713465
anon215                                0.73807
anon216                               0.715621
anon217                               0.734754
anon218                               0.717921
anon219                               0.731584
anon22                                 4.63698
anon220                               0.720364
anon221                               0.728561
anon222                               0.722951
anon223                               0.725684
anon224                                0.70785
anon225                               0.706263
anon226                               0.698784
anon227                               0.704817
anon228                               0.698409
anon229                               0.703511
anon23                                 4.27481
anon230                               0.698174
anon231                               0.702347
anon232                               0.698078
anon233                               0.701323
anon234                               0.698122
anon235                                0.70044
anon236                               0.698306
anon237                               0.699696
anon238                                0.69863
anon239                               0.699093
anon24                                 1.40218
anon240                               0.699299
anon241                               0.699954
anon242                               0.723942
anon243                               0.700749
anon244                               0.721302
anon245                               0.701685
anon246                               0.718805
anon247                                0.70276
anon248                               0.716453
anon249                               0.703977
anon25                                 1.75952
anon250                               0.714243
anon251                               0.705334
anon252                               0.712177
anon253                               0.706832
anon254                               0.710253
anon255                               0.708472
anon256                               0.726728
anon257                               0.729659
anon258                               0.786348
anon259                               0.732736
anon26                                 3.91349
anon260                               0.781306
anon261                                0.73596
anon262                                0.77642
anon263                               0.739331
anon264                               0.771689
anon265                                0.74285
anon266                               0.767113
anon267                               0.746518
anon268                               0.762691
anon269                               0.750335
anon27                                 3.55296
anon270                               0.758421
anon271                               0.754302
anon272                               0.791548
anon273                               0.796906
anon274                               0.889213
anon275                               0.802424
anon276                               0.881509
anon277                               0.808102
anon278                               0.873982
anon279                               0.813942
anon28                                 2.11722
anon280                                0.86663
anon281                               0.819945
anon282                               0.859452
anon283                               0.826111
anon284                               0.852445
anon285                               0.832444
anon286                               0.845609
anon287                               0.838943
anon29                                 2.47534
anon293                            -2.2615e-05
anon294                           -2.50212e-05
anon295                           -1.70156e-05
anon30                                 3.19314
anon31                                 2.83396
anon32                                 4.73927
anon33                                 4.47925
anon34                                 4.21998
anon35                                 3.96139
anon36                                 3.70347
anon37                                 3.44615
anon38                                 3.18941
anon39                                 2.93319
anon40                                 1.15085
anon41                                0.597792
anon42                                 1.40457
anon43                                0.298833
anon44                                 1.65851
anon45                                 1.91273
anon46                                 2.16727
anon47                                 2.42216
anon48                                 2.67745
anon49                                 4.92968
anon50                                 4.86114
anon51                                 4.79357
anon52                                 4.72695
anon53                                 4.66129
anon54                                 4.59655
anon55                                 4.53274
anon56                                 4.46983
anon57                                 3.99777
anon58                                 3.94248
anon59                                 4.05386
anon60                                 4.11075
anon61                                 3.88798
anon62                                 3.83426
anon63                                 4.16848
anon64                                 3.78131
anon65                                 4.22703
anon66                                 4.28643
anon67                                 3.72911
anon68                                 3.67766
anon69                                 4.34669
anon70                                 3.62695
anon71                                 4.40782
anon72                                 3.57696
anon73                                 3.20201
anon74                                 3.24654
anon75                                 3.15812
anon76                                 3.29172
anon77                                 3.11487
anon78                                 3.33756
anon79                                 3.07223
anon80                                 3.03021
anon81                                 3.38407
anon82                                 3.43125
anon83                                  2.9888
anon84                                 3.47912
anon85                                 2.94799
anon86                                 3.52769
anon87                                 2.90776
anon88                                 2.86812
anon89                                   2.571
anon90                                 2.60627
anon91                                 2.53626
anon92                                 2.10009
anon93                                 2.64205
anon94                                 2.50202
anon95                                 2.12832
anon96                                 2.67837
anon97                                 2.46828
anon98                                 2.15698
anon99                                 2.43503
x1_inb                                 3.29999
x1_na                                  2.28508
x1_nb                              1.54451e-06
x1_nbuf1                               4.99997
x1_nca                                 4.99994
x1_ncb                             3.76264e-06
x2_n1                                  4.99996
x2_n2                              1.70618e-06
x2_n3                                  4.99991
x2_n4                              2.00386e-06
x2_n5                                  4.99998
x3_lockout                         1.82173e-06
x3_ncompn                              4.99957
x3_ncompp                              4.11065
x3_ndiv                               0.897099
x3_nref                               0.686673
x3_ntail                              0.190617
x3_uvlo_ok                             4.99956
vin#branch                         1.31579e-17
vgnd_logic#branch                  2.02818e-05
vsup_drv#branch                   -2.98694e-05
vsup_logic#branch                 -2.64002e-08

 Reference value :  0.00000e+00
 Reference value :  1.05600e-10
 Reference value :  5.85600e-10
 Reference value :  1.04560e-09
 Reference value :  1.42560e-09
 Reference value :  1.80560e-09
 Reference value :  2.18560e-09
 Reference value :  2.62560e-09
 Reference value :  3.02560e-09
 Reference value :  3.42560e-09
 Reference value :  3.80560e-09
 Reference value :  4.16560e-09
 Reference value :  4.60560e-09
 Reference value :  4.98560e-09
 Reference value :  5.36560e-09
 Reference value :  5.78560e-09
 Reference value :  6.18560e-09
 Reference value :  6.56560e-09
 Reference value :  6.94560e-09
 Reference value :  7.32560e-09
 Reference value :  7.70560e-09
 Reference value :  8.06560e-09
 Reference value :  8.46560e-09
 Reference value :  8.86560e-09
 Reference value :  9.26560e-09
 Reference value :  9.68560e-09
 Reference value :  1.00856e-08
 Reference value :  1.05056e-08
 Reference value :  1.09456e-08
 Reference value :  1.14056e-08
 Reference value :  1.19456e-08
 Reference value :  1.24656e-08
 Reference value :  1.29056e-08
 Reference value :  1.33256e-08
 Reference value :  1.38456e-08
 Reference value :  1.42856e-08
 Reference value :  1.47056e-08
 Reference value :  1.51056e-08
 Reference value :  1.55056e-08
 Reference value :  1.59056e-08
 Reference value :  1.62856e-08
 Reference value :  1.66856e-08
 Reference value :  1.71656e-08
 Reference value :  1.77056e-08
 Reference value :  1.81656e-08
 Reference value :  1.85656e-08
 Reference value :  1.89856e-08
 Reference value :  1.93856e-08
 Reference value :  1.97656e-08
 Reference value :  2.00101e-08
 Reference value :  2.02589e-08
 Reference value :  2.04381e-08
 Reference value :  2.07099e-08
 Reference value :  2.10499e-08
 Reference value :  2.14499e-08
 Reference value :  2.18699e-08
 Reference value :  2.22499e-08
 Reference value :  2.26699e-08
 Reference value :  2.30699e-08
 Reference value :  2.35499e-08
 Reference value :  2.40299e-08
 Reference value :  2.45899e-08
 Reference value :  2.50099e-08
 Reference value :  2.54299e-08
 Reference value :  2.58499e-08
 Reference value :  2.62699e-08
 Reference value :  2.66699e-08
 Reference value :  2.69071e-08
 Reference value :  2.70705e-08
 Reference value :  2.72165e-08
 Reference value :  2.73534e-08
 Reference value :  2.74575e-08
 Reference value :  2.76359e-08
 Reference value :  2.80131e-08
 Reference value :  2.83931e-08
 Reference value :  2.87531e-08
 Reference value :  2.91731e-08
 Reference value :  2.95331e-08
 Reference value :  2.98931e-08
 Reference value :  3.02731e-08
 Reference value :  3.07131e-08
 Reference value :  3.10531e-08
 Reference value :  3.14331e-08
 Reference value :  3.18331e-08
 Reference value :  3.22531e-08
 Reference value :  3.27131e-08
 Reference value :  3.31131e-08
 Reference value :  3.35531e-08
 Reference value :  3.39931e-08
 Reference value :  3.45131e-08
 Reference value :  3.50131e-08
 Reference value :  3.55331e-08
 Reference value :  3.59731e-08
 Reference value :  3.64131e-08
 Reference value :  3.67931e-08
 Reference value :  3.71531e-08
 Reference value :  3.75331e-08
 Reference value :  3.79131e-08
 Reference value :  3.82931e-08
 Reference value :  3.86731e-08
 Reference value :  3.90731e-08
 Reference value :  3.94531e-08
 Reference value :  3.99331e-08
 Reference value :  4.03131e-08
 Reference value :  4.06731e-08
 Reference value :  4.10531e-08
 Reference value :  4.15131e-08
 Reference value :  4.19531e-08
 Reference value :  4.24131e-08
 Reference value :  4.29531e-08
 Reference value :  4.34531e-08
 Reference value :  4.38531e-08
 Reference value :  4.43131e-08
 Reference value :  4.47331e-08
 Reference value :  4.51131e-08
 Reference value :  4.55531e-08
 Reference value :  4.59731e-08
 Reference value :  4.63331e-08
 Reference value :  4.67131e-08
 Reference value :  4.71331e-08
 Reference value :  4.75131e-08
 Reference value :  4.78931e-08
 Reference value :  4.82931e-08
 Reference value :  4.86731e-08
 Reference value :  4.91331e-08
 Reference value :  4.95331e-08
 Reference value :  4.99931e-08
 Reference value :  5.04931e-08
 Reference value :  5.08931e-08
 Reference value :  5.13531e-08
 Reference value :  5.17731e-08
 Reference value :  5.22131e-08
 Reference value :  5.25931e-08
 Reference value :  5.29731e-08
 Reference value :  5.33531e-08
 Reference value :  5.37331e-08
 Reference value :  5.41331e-08
 Reference value :  5.45131e-08
 Reference value :  5.48931e-08
 Reference value :  5.52531e-08
 Reference value :  5.56131e-08
 Reference value :  5.60531e-08
 Reference value :  5.64731e-08
 Reference value :  5.69131e-08
 Reference value :  5.73531e-08
 Reference value :  5.78131e-08
 Reference value :  5.81731e-08
 Reference value :  5.85531e-08
 Reference value :  5.89531e-08
 Reference value :  5.93531e-08
 Reference value :  5.98131e-08
 Reference value :  6.03531e-08
 Reference value :  6.07276e-08
 Reference value :  6.10016e-08
 Reference value :  6.11367e-08
 Reference value :  6.14303e-08
 Reference value :  6.18103e-08
 Reference value :  6.21703e-08
 Reference value :  6.25303e-08
 Reference value :  6.27703e-08
 Reference value :  6.32503e-08
 Reference value :  6.36103e-08
 Reference value :  6.39903e-08
 Reference value :  6.43503e-08
 Reference value :  6.47103e-08
 Reference value :  6.51103e-08
 Reference value :  6.55138e-08
 Reference value :  6.56780e-08
 Reference value :  6.58704e-08
 Reference value :  6.59802e-08
 Reference value :  6.61808e-08
 Reference value :  6.65452e-08
 Reference value :  6.70452e-08
 Reference value :  6.74652e-08
 Reference value :  6.78452e-08
 Reference value :  6.82852e-08
 Reference value :  6.87052e-08
 Reference value :  6.91252e-08
 Reference value :  6.95252e-08
 Reference value :  6.99652e-08
 Reference value :  7.03252e-08
 Reference value :  7.07652e-08
 Reference value :  7.11852e-08
 Reference value :  7.15852e-08
 Reference value :  7.19852e-08
 Reference value :  7.23852e-08
 Reference value :  7.28052e-08
 Reference value :  7.32252e-08
 Reference value :  7.36252e-08
 Reference value :  7.40652e-08
 Reference value :  7.44652e-08
 Reference value :  7.48652e-08
 Reference value :  7.53252e-08
 Reference value :  7.58052e-08
 Reference value :  7.61852e-08
 Reference value :  7.65652e-08
 Reference value :  7.69652e-08
 Reference value :  7.74052e-08
 Reference value :  7.79252e-08
 Reference value :  7.84252e-08
 Reference value :  7.88652e-08
 Reference value :  7.92452e-08
 Reference value :  7.96652e-08
 Reference value :  8.00652e-08
 Reference value :  8.04652e-08
 Reference value :  8.08652e-08
 Reference value :  8.12652e-08
 Reference value :  8.17252e-08
 Reference value :  8.21252e-08
 Reference value :  8.25452e-08
 Reference value :  8.29252e-08
 Reference value :  8.33052e-08
 Reference value :  8.37052e-08
 Reference value :  8.41252e-08
 Reference value :  8.46252e-08
 Reference value :  8.50852e-08
 Reference value :  8.55052e-08
 Reference value :  8.59052e-08
 Reference value :  8.63652e-08
 Reference value :  8.67652e-08
 Reference value :  8.71452e-08
 Reference value :  8.75252e-08
 Reference value :  8.79652e-08
 Reference value :  8.83652e-08
 Reference value :  8.88052e-08
 Reference value :  8.92052e-08
 Reference value :  8.95652e-08
 Reference value :  8.99252e-08
 Reference value :  9.02852e-08
 Reference value :  9.06452e-08
 Reference value :  9.10052e-08
 Reference value :  9.13852e-08
 Reference value :  9.17652e-08
 Reference value :  9.21652e-08
 Reference value :  9.26052e-08
 Reference value :  9.30052e-08
 Reference value :  9.34052e-08
 Reference value :  9.38052e-08
 Reference value :  9.43252e-08
 Reference value :  9.47452e-08
 Reference value :  9.51052e-08
 Reference value :  9.54852e-08
 Reference value :  9.58652e-08
 Reference value :  9.62452e-08
 Reference value :  9.67052e-08
 Reference value :  9.71252e-08
 Reference value :  9.75452e-08
 Reference value :  9.79252e-08
 Reference value :  9.83052e-08
 Reference value :  9.86852e-08
 Reference value :  9.90852e-08
 Reference value :  9.94652e-08
 Reference value :  9.99052e-08
 Reference value :  1.00094e-07
 Reference value :  1.00272e-07
 Reference value :  1.00534e-07
 Reference value :  1.01010e-07
 Reference value :  1.01470e-07
 Reference value :  1.01930e-07
 Reference value :  1.02390e-07
 Reference value :  1.02810e-07
 Reference value :  1.03190e-07
 Reference value :  1.03570e-07
 Reference value :  1.03950e-07
 Reference value :  1.04350e-07
 Reference value :  1.04770e-07
 Reference value :  1.05150e-07
 Reference value :  1.05570e-07
 Reference value :  1.06090e-07
 Reference value :  1.06570e-07
 Reference value :  1.06827e-07
 Reference value :  1.07019e-07
 Reference value :  1.07195e-07
 Reference value :  1.07274e-07
 Reference value :  1.07396e-07
 Reference value :  1.07474e-07
 Reference value :  1.07750e-07
 Reference value :  1.08210e-07
 Reference value :  1.08650e-07
 Reference value :  1.09070e-07
 Reference value :  1.09450e-07
 Reference value :  1.09850e-07
 Reference value :  1.10270e-07
 Reference value :  1.10690e-07
 Reference value :  1.11150e-07
 Reference value :  1.11590e-07
 Reference value :  1.12030e-07
 Reference value :  1.12490e-07
 Reference value :  1.12890e-07
 Reference value :  1.13330e-07
 Reference value :  1.13710e-07
 Reference value :  1.14090e-07
 Reference value :  1.14490e-07
 Reference value :  1.14870e-07
 Reference value :  1.15270e-07
 Reference value :  1.15670e-07
 Reference value :  1.16130e-07
 Reference value :  1.16530e-07
 Reference value :  1.16910e-07
 Reference value :  1.17270e-07
 Reference value :  1.17630e-07
 Reference value :  1.17990e-07
 Reference value :  1.18370e-07
 Reference value :  1.18750e-07
 Reference value :  1.19170e-07
 Reference value :  1.19570e-07
 Reference value :  1.19950e-07
 Reference value :  1.20350e-07
 Reference value :  1.20730e-07
 Reference value :  1.21130e-07
 Reference value :  1.21550e-07
 Reference value :  1.21950e-07
 Reference value :  1.22370e-07
 Reference value :  1.22770e-07
 Reference value :  1.23210e-07
 Reference value :  1.23630e-07
 Reference value :  1.24030e-07
 Reference value :  1.24410e-07
 Reference value :  1.24790e-07
 Reference value :  1.25150e-07
 Reference value :  1.25550e-07
 Reference value :  1.25970e-07
 Reference value :  1.26370e-07
 Reference value :  1.26850e-07
 Reference value :  1.27290e-07
 Reference value :  1.27650e-07
 Reference value :  1.28070e-07
 Reference value :  1.28450e-07
 Reference value :  1.28810e-07
 Reference value :  1.29230e-07
 Reference value :  1.29610e-07
 Reference value :  1.29990e-07
 Reference value :  1.30370e-07
 Reference value :  1.30810e-07
 Reference value :  1.31230e-07
 Reference value :  1.31650e-07
 Reference value :  1.32050e-07
 Reference value :  1.32430e-07
 Reference value :  1.32810e-07
 Reference value :  1.33250e-07
 Reference value :  1.33690e-07
 Reference value :  1.34130e-07
 Reference value :  1.34510e-07
 Reference value :  1.34870e-07
 Reference value :  1.35230e-07
 Reference value :  1.35650e-07
 Reference value :  1.36010e-07
 Reference value :  1.36370e-07
 Reference value :  1.36730e-07
 Reference value :  1.37090e-07
 Reference value :  1.37490e-07
 Reference value :  1.37890e-07
 Reference value :  1.38290e-07
 Reference value :  1.38710e-07
 Reference value :  1.39070e-07
 Reference value :  1.39450e-07
 Reference value :  1.39890e-07
 Reference value :  1.40310e-07
 Reference value :  1.40626e-07
 Reference value :  1.40928e-07
 Reference value :  1.41068e-07
 Reference value :  1.41230e-07
 Reference value :  1.41610e-07
 Reference value :  1.42010e-07
 Reference value :  1.42430e-07
 Reference value :  1.42810e-07
 Reference value :  1.43170e-07
 Reference value :  1.43590e-07
 Reference value :  1.43990e-07
 Reference value :  1.44370e-07
 Reference value :  1.44750e-07
 Reference value :  1.45150e-07
 Reference value :  1.45454e-07
 Reference value :  1.45638e-07
 Reference value :  1.45887e-07
 Reference value :  1.46008e-07
 Reference value :  1.46246e-07
 Reference value :  1.46645e-07
 Reference value :  1.47045e-07
 Reference value :  1.47525e-07
 Reference value :  1.47985e-07
 Reference value :  1.48365e-07
 Reference value :  1.48725e-07
 Reference value :  1.49225e-07
 Reference value :  1.49665e-07
 Reference value :  1.50045e-07
 Reference value :  1.50425e-07
 Reference value :  1.50805e-07
 Reference value :  1.51185e-07
 Reference value :  1.51565e-07
 Reference value :  1.51985e-07
 Reference value :  1.52385e-07
 Reference value :  1.52845e-07
 Reference value :  1.53285e-07
 Reference value :  1.53745e-07
 Reference value :  1.54125e-07
 Reference value :  1.54505e-07
 Reference value :  1.54905e-07
 Reference value :  1.55285e-07
 Reference value :  1.55645e-07
 Reference value :  1.56005e-07
 Reference value :  1.56365e-07
 Reference value :  1.56745e-07
 Reference value :  1.57125e-07
 Reference value :  1.57565e-07
 Reference value :  1.57965e-07
 Reference value :  1.58345e-07
 Reference value :  1.58725e-07
 Reference value :  1.59085e-07
 Reference value :  1.59465e-07
 Reference value :  1.59865e-07
 Reference value :  1.60265e-07
 Reference value :  1.60665e-07
 Reference value :  1.61045e-07
 Reference value :  1.61445e-07
 Reference value :  1.61825e-07
 Reference value :  1.62205e-07
 Reference value :  1.62585e-07
 Reference value :  1.62965e-07
 Reference value :  1.63365e-07
 Reference value :  1.63725e-07
 Reference value :  1.64085e-07
 Reference value :  1.64445e-07
 Reference value :  1.64825e-07
 Reference value :  1.65185e-07
 Reference value :  1.65545e-07
 Reference value :  1.65945e-07
 Reference value :  1.66345e-07
 Reference value :  1.66765e-07
 Reference value :  1.67165e-07
 Reference value :  1.67525e-07
 Reference value :  1.67965e-07
 Reference value :  1.68365e-07
 Reference value :  1.68745e-07
 Reference value :  1.69125e-07
 Reference value :  1.69505e-07
 Reference value :  1.69885e-07
 Reference value :  1.70265e-07
 Reference value :  1.70705e-07
 Reference value :  1.71105e-07
 Reference value :  1.71465e-07
 Reference value :  1.71825e-07
 Reference value :  1.72205e-07
 Reference value :  1.72605e-07
 Reference value :  1.73005e-07
 Reference value :  1.73485e-07
 Reference value :  1.73925e-07
 Reference value :  1.74345e-07
 Reference value :  1.74785e-07
 Reference value :  1.75265e-07
 Reference value :  1.75665e-07
 Reference value :  1.76025e-07
 Reference value :  1.76405e-07
 Reference value :  1.76765e-07
 Reference value :  1.77165e-07
 Reference value :  1.77565e-07
 Reference value :  1.78005e-07
 Reference value :  1.78385e-07
 Reference value :  1.78765e-07
 Reference value :  1.79205e-07
 Reference value :  1.79625e-07
 Reference value :  1.80000e-07
 Reference value :  1.80234e-07
 Reference value :  1.80378e-07
 Reference value :  1.80670e-07
 Reference value :  1.81030e-07
 Reference value :  1.81390e-07
 Reference value :  1.81810e-07
 Reference value :  1.82270e-07
 Reference value :  1.82690e-07
 Reference value :  1.83070e-07
 Reference value :  1.83410e-07
 Reference value :  1.83790e-07
 Reference value :  1.84170e-07
 Reference value :  1.84550e-07
 Reference value :  1.84930e-07
 Reference value :  1.85370e-07
 Reference value :  1.85830e-07
 Reference value :  1.86250e-07
 Reference value :  1.86650e-07
 Reference value :  1.86887e-07
 Reference value :  1.87027e-07
 Reference value :  1.87195e-07
 Reference value :  1.87287e-07
 Reference value :  1.87422e-07
 Reference value :  1.87567e-07
 Reference value :  1.87910e-07
 Reference value :  1.88310e-07
 Reference value :  1.88690e-07
 Reference value :  1.89090e-07
 Reference value :  1.89550e-07
 Reference value :  1.89950e-07
 Reference value :  1.90350e-07
 Reference value :  1.90770e-07
 Reference value :  1.91250e-07
 Reference value :  1.91650e-07
 Reference value :  1.92030e-07
 Reference value :  1.92410e-07
 Reference value :  1.92810e-07
 Reference value :  1.93270e-07
 Reference value :  1.93650e-07
 Reference value :  1.94030e-07
 Reference value :  1.94390e-07
 Reference value :  1.94770e-07
 Reference value :  1.95130e-07
 Reference value :  1.95490e-07
 Reference value :  1.95890e-07
 Reference value :  1.96290e-07
 Reference value :  1.96690e-07
 Reference value :  1.97090e-07
 Reference value :  1.97470e-07
 Reference value :  1.97850e-07
 Reference value :  1.98230e-07
 Reference value :  1.98590e-07
 Reference value :  1.98990e-07
 Reference value :  1.99370e-07
 Reference value :  1.99750e-07
No. of Data Rows : 10219
mq1                 =  3.30000e+00 at=  1.40500e-07
mq2                 =  3.30000e+00 at=  2.00000e-07
mq3                 =  3.30000e+00 at=  1.80000e-07
mq4                 =  3.30000e+00 at=  3.11531e-08
mq5                 =  3.30869e+00 at=  2.00933e-08
mq6                 =  3.30873e+00 at=  2.00933e-08
na_peak             =  2.29293e+00 at=  2.00933e-08
nb_peak             =  2.22385e+00 at=  1.40928e-07
mvc1                =  9.05119e-01 at=  6.27503e-08
mvc2                =  9.34093e-01 at=  6.27503e-08
mvc3                =  1.04197e+00 at=  1.42730e-07
mvc4                =  1.10265e+00 at=  1.42710e-07
vccomp_stack        =  3.96362e+00 at=  6.27303e-08
t_plh               =  4.77339e-09 targ=  2.50234e-08 trig=  2.02500e-08
t_phl               =  2.70905e-09 targ=  6.34591e-08 trig=  6.07500e-08
vout_hi_abs         =  4.99998e+00
vout_lo_abs         =  1.01550e-06
vdrv_now            =  5.00000e+00
m_vgate_thinox_max = 3.3087320000e+00
m_vna_peak = 2.2929330000e+00
m_vnb_peak = 2.2238460000e+00
m_vccomp_dev_max = 1.1026510000e+00
m_vccomp_stack_max = 3.9636200000e+00
m_t_plh_ns = 4.7733860000e+00
m_t_phl_ns = 2.7090550000e+00
m_vout_hi_ratio = 9.9999540000e-01
m_vout_lo_ratio = 2.0310100000e-07
Note: Simulation executed from .control section 

Warning: singular matrix:  check node anon293

Note: Starting dynamic gmin stepping
Warning: singular matrix:  check node anon294

Warning: Dynamic gmin stepping failed
Note: Starting true gmin stepping
Warning: singular matrix:  check node anon294

Warning: singular matrix:  check node anon294

Warning: singular matrix:  check node anon294

Warning: singular matrix:  check node anon294

Warning: True gmin stepping failed
Note: Starting source stepping
Warning: source stepping failed
Note: Transient op started
Note: Transient op finished successfully
