
Note: No compatibility mode selected!


Circuit: * level-shifter-oxide-safety-postlayout @ sf_27c_vlogic3p30v-vdrv5p00v -- generated by sim/harness, do not edit

Doing analysis at TEMP = 27.000000 and TNOM = 27.000000

Using SPARSE 1.3 as Direct Linear Solver

Initial Transient Solution
--------------------------

Node                                   Voltage
----                                   -------
x1_inb__t0                             3.29999
in__t0                             1.35525e-20
gnd_logic__t1376                   3.59436e-13
gnd_logic                                    0
x2_n2__t2                          1.53864e-06
x2_n1__t3                              4.99995
gnd_drv__t4                        3.57082e-08
gnd_drv                            1.93994e-08
out__t356                          2.77514e-06
x2_n5__t164                            4.99997
gnd_drv__t937                      3.45332e-08
out__t55                           2.78805e-06
x3_lockout__t110                   2.76244e-06
gnd_drv__t611                      1.93994e-08
gnd_drv__t63                       1.93994e-08
x3_lockout__t96                    2.76244e-06
out__t557                          2.78805e-06
out__t511                          2.78805e-06
x3_lockout__t802                   2.76244e-06
gnd_drv__t12                       1.93994e-08
gnd_drv__t447                      1.93994e-08
x3_lockout__t588                   2.76244e-06
out__t914                          2.78805e-06
out__t402                          2.78805e-06
x3_lockout__t589                   2.76244e-06
gnd_drv__t983                      1.93994e-08
gnd_drv__t441                      1.93994e-08
x3_lockout__t577                   2.76244e-06
out__t908                          2.78805e-06
out__t397                          2.78805e-06
x3_lockout__t578                   2.76244e-06
gnd_drv__t978                      1.93994e-08
gnd_drv__t442                      1.93994e-08
x3_lockout__t579                   2.76244e-06
out__t909                          2.78805e-06
out__t398                          2.78805e-06
x3_lockout__t580                   2.76244e-06
gnd_drv__t979                      1.93994e-08
gnd_drv__t443                      1.93994e-08
x3_lockout__t581                   2.76244e-06
out__t910                          2.78805e-06
gnd_drv__t401                      3.44723e-08
x2_n5__t165                            4.99997
out__t868                          2.77522e-06
out__t399                          2.78805e-06
x3_lockout__t582                   2.76244e-06
gnd_drv__t980                      1.93994e-08
gnd_drv__t444                      1.93994e-08
x3_lockout__t583                   2.76244e-06
out__t911                          2.78805e-06
out__t400                          2.78805e-06
x3_lockout__t584                   2.76244e-06
gnd_drv__t981                      1.93994e-08
gnd_drv__t440                      1.93994e-08
x3_lockout__t576                   2.76244e-06
out__t907                          2.78805e-06
out__t386                          2.78805e-06
x3_lockout__t552                   2.76244e-06
gnd_drv__t967                      1.93994e-08
gnd_drv__t427                      1.93994e-08
x3_lockout__t553                   2.76244e-06
out__t894                          2.78805e-06
out__t387                          2.78805e-06
x3_lockout__t554                   2.76244e-06
gnd_drv__t968                      1.93994e-08
gnd_drv__t428                      1.93994e-08
x3_lockout__t555                   2.76244e-06
out__t895                          2.78805e-06
out__t388                          2.78805e-06
x3_lockout__t556                   2.76244e-06
gnd_drv__t969                      1.93994e-08
gnd_drv__t429                      1.93994e-08
x3_lockout__t557                   2.76244e-06
out__t896                          2.78805e-06
out__t357                          2.77529e-06
x2_n5__t166                            4.99997
gnd_drv__t938                      3.44114e-08
out__t389                          2.78805e-06
x3_lockout__t558                   2.76244e-06
gnd_drv__t970                      1.93994e-08
gnd_drv__t435                      1.93994e-08
x3_lockout__t568                   2.76244e-06
out__t902                          2.78805e-06
out__t390                          2.78805e-06
x3_lockout__t560                   2.76244e-06
gnd_drv__t971                      1.93994e-08
gnd_drv__t431                      1.93994e-08
x3_lockout__t561                   2.76244e-06
out__t898                          2.78805e-06
out__t391                          2.78805e-06
x3_lockout__t562                   2.76244e-06
gnd_drv__t972                      1.93994e-08
gnd_drv__t432                      1.93994e-08
x3_lockout__t563                   2.76244e-06
out__t899                          2.78805e-06
out__t392                          2.78805e-06
x3_lockout__t564                   2.76244e-06
gnd_drv__t973                      1.93994e-08
gnd_drv__t433                      1.93994e-08
x3_lockout__t565                   2.76244e-06
out__t900                          2.78805e-06
out__t393                          2.78805e-06
x3_lockout__t566                   2.76244e-06
gnd_drv__t974                      1.93994e-08
gnd_drv__t434                      1.93994e-08
x3_lockout__t567                   2.76244e-06
out__t901                          2.78805e-06
gnd_drv__t402                      3.43505e-08
x2_n5__t167                            4.99997
out__t869                          2.77536e-06
out__t404                          2.78805e-06
x3_lockout__t593                   2.76244e-06
gnd_drv__t985                      1.93994e-08
gnd_drv__t454                      1.93994e-08
x3_lockout__t602                   2.76244e-06
out__t921                          2.78805e-06
out__t409                          2.78805e-06
x3_lockout__t603                   2.76244e-06
gnd_drv__t991                      1.93994e-08
gnd_drv__t455                      1.93994e-08
x3_lockout__t604                   2.76244e-06
out__t922                          2.78805e-06
out__t410                          2.78805e-06
x3_lockout__t605                   2.76244e-06
gnd_drv__t992                      1.93994e-08
gnd_drv__t456                      1.93994e-08
x3_lockout__t606                   2.76244e-06
out__t923                          2.78805e-06
out__t411                          2.78805e-06
x3_lockout__t607                   2.76244e-06
gnd_drv__t993                      1.93994e-08
gnd_drv__t457                      1.93994e-08
x3_lockout__t608                   2.76244e-06
out__t924                          2.78805e-06
out__t416                          2.78805e-06
x3_lockout__t618                   2.76244e-06
gnd_drv__t998                      1.93994e-08
gnd_drv__t459                      1.93994e-08
x3_lockout__t610                   2.76244e-06
out__t926                          2.78805e-06
out__t372                          2.77543e-06
x2_n5__t193                            4.99997
gnd_drv__t953                      3.42895e-08
out__t412                          2.78805e-06
x3_lockout__t611                   2.76244e-06
gnd_drv__t994                      1.93994e-08
gnd_drv__t460                      1.93994e-08
x3_lockout__t612                   2.76244e-06
out__t927                          2.78805e-06
out__t413                          2.78805e-06
x3_lockout__t613                   2.76244e-06
gnd_drv__t995                      1.93994e-08
gnd_drv__t461                      1.93994e-08
x3_lockout__t614                   2.76244e-06
out__t928                          2.78805e-06
out__t414                          2.78805e-06
x3_lockout__t615                   2.76244e-06
gnd_drv__t996                      1.93994e-08
gnd_drv__t462                      1.93994e-08
x3_lockout__t616                   2.76244e-06
out__t929                          2.78805e-06
out__t415                          2.78805e-06
x3_lockout__t617                   2.76244e-06
gnd_drv__t997                      1.93994e-08
gnd_drv__t458                      1.93994e-08
x3_lockout__t609                   2.76244e-06
out__t925                          2.78805e-06
out__t310                          2.78805e-06
x3_lockout__t551                   2.76244e-06
gnd_drv__t875                      1.93994e-08
gnd_drv__t446                      1.93994e-08
x3_lockout__t586                   2.76244e-06
out__t913                          2.78805e-06
gnd_drv__t418                      3.42297e-08
x2_n5__t203                            4.99997
out__t885                           2.7755e-06
out__t401                          2.78805e-06
x3_lockout__t587                   2.76244e-06
gnd_drv__t982                      1.93994e-08
gnd_drv__t532                      1.93994e-08
x3_lockout__t750                   2.76244e-06
out__t994                          2.78805e-06
out__t484                          2.78805e-06
x3_lockout__t751                   2.76244e-06
gnd_drv__t1073                     1.93994e-08
gnd_drv__t531                      1.93994e-08
x3_lockout__t749                   2.76244e-06
out__t993                          2.78805e-06
out__t483                          2.78805e-06
x3_lockout__t748                   2.76244e-06
gnd_drv__t1072                     1.93994e-08
gnd_drv__t448                      1.93994e-08
x3_lockout__t590                   2.76244e-06
out__t915                          2.78805e-06
out__t403                          2.78805e-06
x3_lockout__t591                   2.76244e-06
gnd_drv__t984                      1.93994e-08
gnd_drv__t449                      1.93994e-08
x3_lockout__t592                   2.76244e-06
out__t916                          2.78805e-06
out__t408                          2.78805e-06
x3_lockout__t601                   2.76244e-06
gnd_drv__t990                      1.93994e-08
gnd_drv__t450                      1.93994e-08
x3_lockout__t594                   2.76244e-06
out__t917                          2.78805e-06
out__t366                          2.77557e-06
x2_n5__t182                            4.99997
gnd_drv__t947                      3.41699e-08
out__t405                          2.78805e-06
x3_lockout__t595                   2.76244e-06
gnd_drv__t986                      1.93994e-08
gnd_drv__t451                      1.93994e-08
x3_lockout__t596                   2.76244e-06
out__t918                          2.78805e-06
out__t462                          2.78805e-06
x3_lockout__t707                   2.76244e-06
gnd_drv__t1044                     1.93994e-08
gnd_drv__t452                      1.93994e-08
x3_lockout__t597                   2.76244e-06
out__t919                          2.78805e-06
out__t406                          2.78805e-06
x3_lockout__t598                   2.76244e-06
gnd_drv__t988                      1.93994e-08
gnd_drv__t453                      1.93994e-08
x3_lockout__t599                   2.76244e-06
out__t920                          2.78805e-06
out__t407                          2.78805e-06
x3_lockout__t600                   2.76244e-06
gnd_drv__t989                      1.93994e-08
gnd_drv__t430                      1.93994e-08
x3_lockout__t559                   2.76244e-06
out__t897                          2.78805e-06
out__t487                          2.78805e-06
x3_lockout__t758                   2.76244e-06
gnd_drv__t1076                     1.93994e-08
gnd_drv__t537                      1.93994e-08
x3_lockout__t759                   2.76244e-06
out__t999                          2.78805e-06
gnd_drv__t409                      3.41101e-08
x2_n5__t183                            4.99997
out__t876                          2.77564e-06
out__t488                          2.78805e-06
x3_lockout__t760                   2.76244e-06
gnd_drv__t1077                     1.93994e-08
gnd_drv__t538                      1.93994e-08
x3_lockout__t761                   2.76244e-06
out__t1000                         2.78805e-06
out__t489                          2.78805e-06
x3_lockout__t762                   2.76244e-06
gnd_drv__t1078                     1.93994e-08
gnd_drv__t539                      1.93994e-08
x3_lockout__t763                   2.76244e-06
out__t1001                         2.78805e-06
out__t490                          2.78805e-06
x3_lockout__t764                   2.76244e-06
gnd_drv__t1079                     1.93994e-08
gnd_drv__t544                      1.93994e-08
x3_lockout__t774                   2.76244e-06
out__t1006                         2.78805e-06
out__t492                          2.78805e-06
x3_lockout__t766                   2.76244e-06
gnd_drv__t1081                     1.93994e-08
gnd_drv__t540                      1.93994e-08
x3_lockout__t767                   2.76244e-06
out__t1002                         2.78805e-06
out__t493                          2.78805e-06
x3_lockout__t768                   2.76244e-06
gnd_drv__t1082                     1.93994e-08
gnd_drv__t541                      1.93994e-08
x3_lockout__t769                   2.76244e-06
out__t1003                         2.78805e-06
out__t367                          2.77571e-06
x2_n5__t184                            4.99997
gnd_drv__t948                      3.40503e-08
out__t494                          2.78805e-06
x3_lockout__t770                   2.76244e-06
gnd_drv__t1083                     1.93994e-08
gnd_drv__t542                      1.93994e-08
x3_lockout__t771                   2.76244e-06
out__t1004                         2.78805e-06
out__t495                          2.78805e-06
x3_lockout__t772                   2.76244e-06
gnd_drv__t1084                     1.93994e-08
gnd_drv__t543                      1.93994e-08
x3_lockout__t773                   2.76244e-06
out__t1005                         2.78805e-06
out__t491                          2.78805e-06
x3_lockout__t765                   2.76244e-06
gnd_drv__t1080                     1.93994e-08
gnd_drv__t535                      1.93994e-08
x3_lockout__t756                   2.76244e-06
out__t997                          2.78805e-06
out__t486                          2.78805e-06
x3_lockout__t755                   2.76244e-06
gnd_drv__t1075                     1.93994e-08
gnd_drv__t534                      1.93994e-08
x3_lockout__t754                   2.76244e-06
out__t996                          2.78805e-06
out__t485                          2.78805e-06
x3_lockout__t753                   2.76244e-06
gnd_drv__t1074                     1.93994e-08
gnd_drv__t533                      1.93994e-08
x3_lockout__t752                   2.76244e-06
out__t995                          2.78805e-06
gnd_drv__t406                      3.39905e-08
x2_n5__t176                            4.99997
out__t873                          2.77578e-06
out__t396                          2.78805e-06
x3_lockout__t575                   2.76244e-06
gnd_drv__t977                      1.93994e-08
gnd_drv__t445                      1.93994e-08
x3_lockout__t585                   2.76244e-06
out__t912                          2.78805e-06
out__t474                          2.78805e-06
x3_lockout__t733                   2.76244e-06
gnd_drv__t1063                     1.93994e-08
gnd_drv__t525                      1.93994e-08
x3_lockout__t735                   2.76244e-06
out__t987                          2.78805e-06
out__t478                          2.78805e-06
x3_lockout__t740                   2.76244e-06
gnd_drv__t1067                     1.93994e-08
gnd_drv__t524                      1.93994e-08
x3_lockout__t732                   2.76244e-06
out__t986                          2.78805e-06
out__t475                          2.78805e-06
x3_lockout__t734                   2.76244e-06
gnd_drv__t1064                     1.93994e-08
gnd_drv__t526                      1.93994e-08
x3_lockout__t736                   2.76244e-06
out__t988                          2.78805e-06
out__t476                          2.78805e-06
x3_lockout__t737                   2.76244e-06
gnd_drv__t1065                     1.93994e-08
gnd_drv__t527                      1.93994e-08
x3_lockout__t738                   2.76244e-06
out__t989                          2.78805e-06
x2_n3__t1                               4.9999
x2_n2__t0                          2.27951e-06
gnd_drv__t0                        1.93997e-08
out__t351                          2.77585e-06
x2_n5__t152                            4.99997
gnd_drv__t932                      3.39318e-08
out__t477                          2.78805e-06
x3_lockout__t739                   2.76244e-06
gnd_drv__t1066                     1.93994e-08
gnd_drv__t520                      1.93994e-08
x3_lockout__t725                   2.76244e-06
out__t982                          2.78805e-06
x3_uvlo_ok__t1                         4.99947
x3_lockout__t2                     2.76244e-06
gnd_drv__t8                        1.93995e-08
x3_nref__t0                           0.851139
x3_nref__t1                           0.851532
gnd_drv__t7                        1.27049e-05
x3_ntail__t2                         0.0830213
x3_nref__t3                           0.851532
gnd_drv__t15                       1.62296e-05
x3_ncompn__t1                           4.9558
x3_nref__t2                           0.851532
x3_ntail__t0                         0.0853043
x3_ncompp__t0                          4.17179
x3_ndiv__t0                           0.897099
x3_ntail__t1                         0.0848128
gnd_drv__t394                      3.38731e-08
x2_n5__t153                            4.99997
out__t861                          2.77592e-06
out__t352                          2.77599e-06
x2_n5__t154                            4.99997
gnd_drv__t933                      3.38144e-08
gnd_drv__t395                      3.37557e-08
x2_n5__t155                            4.99997
out__t862                          2.77606e-06
out__t353                          2.77613e-06
x2_n5__t156                            4.99997
gnd_drv__t934                      3.36981e-08
gnd_drv__t398                      3.36394e-08
x2_n5__t160                            4.99997
out__t865                           2.7762e-06
out__t354                          2.77626e-06
x2_n5__t157                            4.99997
gnd_drv__t935                      3.35818e-08
gnd_drv__t424                      3.35253e-08
x2_n5__t214                            4.99997
out__t891                          2.77633e-06
out__t383                           2.7764e-06
x2_n5__t215                            4.99997
gnd_drv__t964                      3.34677e-08
gnd_drv__t425                      3.34112e-08
x2_n5__t216                            4.99997
out__t892                          2.77647e-06
x2_n4__t185                        2.56513e-06
x2_n3__t5                               4.9999
gnd_drv__t5                        4.75298e-08
out__t380                          2.77653e-06
x2_n5__t209                            4.99997
gnd_drv__t961                      3.33547e-08
gnd_drv__t423                      3.32982e-08
x2_n5__t212                            4.99997
out__t890                           2.7766e-06
out__t382                          2.77666e-06
x2_n5__t213                            4.99997
gnd_drv__t963                      3.32417e-08
gnd_drv__t426                      3.31863e-08
x2_n5__t217                            4.99997
out__t893                          2.77673e-06
out__t381                           2.7768e-06
x2_n5__t210                            4.99997
gnd_drv__t962                       3.3131e-08
gnd_drv__t411                      3.30756e-08
x2_n5__t186                            4.99997
out__t878                          2.77686e-06
out__t368                          2.77693e-06
x2_n5__t187                            4.99997
gnd_drv__t949                      3.30202e-08
gnd_drv__t419                      3.29659e-08
x2_n5__t204                            4.99997
out__t886                          2.77699e-06
out__t378                          2.77705e-06
x2_n5__t205                            4.99997
gnd_drv__t959                      3.29117e-08
gnd_drv__t420                      3.28574e-08
x2_n5__t206                            4.99997
out__t887                          2.77712e-06
gnd_drv__t1052                     4.75564e-08
x2_n3__t6                               4.9999
x2_n4__t184                        2.57366e-06
out__t379                          2.77718e-06
x2_n5__t207                            4.99997
gnd_drv__t960                      3.28042e-08
gnd_drv__t421                      3.27511e-08
x2_n5__t208                            4.99997
out__t888                          2.77724e-06
out__t385                          2.77731e-06
x2_n5__t219                            4.99997
gnd_drv__t966                      3.26979e-08
gnd_drv__t422                      3.26448e-08
x2_n5__t211                            4.99997
out__t889                          2.77737e-06
out__t384                          2.77743e-06
x2_n5__t218                            4.99997
gnd_drv__t965                      3.25927e-08
gnd_drv__t9                        3.25407e-08
x2_n5__t1                              4.99997
out__t0                            2.77749e-06
out__t314                           2.7694e-06
x2_n5__t79                             4.99997
gnd_drv__t886                      3.94967e-08
gnd_drv__t294                       3.9425e-08
x2_n5__t8                              4.99997
out__t788                          2.76949e-06
out__t278                          2.76957e-06
x2_n5__t7                              4.99997
gnd_drv__t834                      3.93534e-08
gnd_drv__t293                      3.92829e-08
x2_n5__t6                              4.99997
out__t787                          2.76965e-06
x2_n4__t177                        2.58223e-06
x2_n3__t8                               4.9999
gnd_drv__t1051                     4.75841e-08
out__t277                          2.76973e-06
x2_n5__t5                              4.99997
gnd_drv__t833                      3.92112e-08
gnd_drv__t292                      3.91407e-08
x2_n5__t4                              4.99997
out__t786                          2.76981e-06
out__t276                          2.76989e-06
x2_n5__t3                              4.99997
gnd_drv__t832                      3.90701e-08
gnd_drv__t291                      3.89996e-08
x2_n5__t2                              4.99997
out__t785                          2.76997e-06
out__t290                          2.77005e-06
x2_n5__t31                             4.99997
gnd_drv__t846                       3.8929e-08
gnd_drv__t305                      3.88584e-08
x2_n5__t30                             4.99997
out__t799                          2.77013e-06
out__t289                          2.77021e-06
x2_n5__t29                             4.99997
gnd_drv__t845                      3.87878e-08
gnd_drv__t304                      3.87172e-08
x2_n5__t28                             4.99997
out__t798                          2.77029e-06
out__t302                          2.77038e-06
x2_n5__t54                             4.99997
gnd_drv__t858                      3.86466e-08
gnd_drv__t316                       3.8576e-08
x2_n5__t53                             4.99997
out__t810                          2.77046e-06
gnd_drv__t512                      4.76105e-08
x2_n3__t9                               4.9999
x2_n4__t186                        2.59082e-06
out__t301                          2.77054e-06
x2_n5__t52                             4.99997
gnd_drv__t857                      3.85065e-08
gnd_drv__t310                      3.84359e-08
x2_n5__t42                             4.99997
out__t804                          2.77062e-06
out__t282                           2.7707e-06
x2_n5__t16                             4.99997
gnd_drv__t838                      3.83664e-08
gnd_drv__t298                      3.82969e-08
x2_n5__t15                             4.99997
out__t792                          2.77078e-06
out__t281                          2.77086e-06
x2_n5__t14                             4.99997
gnd_drv__t837                      3.82274e-08
gnd_drv__t297                      3.81567e-08
x2_n5__t13                             4.99997
out__t791                          2.77094e-06
out__t280                          2.77102e-06
x2_n5__t12                             4.99997
gnd_drv__t836                      3.80872e-08
gnd_drv__t296                      3.80188e-08
x2_n5__t11                             4.99997
out__t790                           2.7711e-06
out__t279                          2.77118e-06
x2_n5__t10                             4.99997
gnd_drv__t835                      3.79492e-08
gnd_drv__t295                      3.78797e-08
x2_n5__t9                              4.99997
out__t789                          2.77126e-06
x2_n4__t178                        2.59944e-06
x2_n3__t10                              4.9999
gnd_drv__t1053                     4.76378e-08
out__t283                          2.77134e-06
x2_n5__t17                             4.99997
gnd_drv__t839                      3.78112e-08
gnd_drv__t302                      3.77416e-08
x2_n5__t25                             4.99997
out__t796                          2.77142e-06
out__t292                          2.77149e-06
x2_n5__t33                             4.99997
gnd_drv__t848                      3.76732e-08
gnd_drv__t322                      3.76047e-08
x2_n5__t65                             4.99997
out__t816                          2.77157e-06
out__t291                          2.77165e-06
x2_n5__t32                             4.99997
gnd_drv__t847                      3.75351e-08
gnd_drv__t299                      3.74666e-08
x2_n5__t19                             4.99997
out__t793                          2.77173e-06
out__t284                          2.77181e-06
x2_n5__t18                             4.99997
gnd_drv__t840                      3.73981e-08
gnd_drv__t328                      3.73308e-08
x2_n5__t69                             4.99997
out__t819                          2.77189e-06
out__t316                          2.77197e-06
x2_n5__t82                             4.99997
gnd_drv__t888                      3.72623e-08
gnd_drv__t350                      3.71938e-08
x2_n5__t81                             4.99997
out__t825                          2.77205e-06
gnd_drv__t513                       4.7665e-08
x2_n3__t11                              4.9999
x2_n4__t187                        2.60809e-06
out__t315                          2.77212e-06
x2_n5__t80                             4.99997
gnd_drv__t887                      3.71264e-08
gnd_drv__t349                       3.7059e-08
x2_n5__t78                             4.99997
out__t824                           2.7722e-06
out__t286                          2.77228e-06
x2_n5__t22                             4.99997
gnd_drv__t842                      3.69904e-08
gnd_drv__t300                       3.6923e-08
x2_n5__t21                             4.99997
out__t794                          2.77236e-06
out__t285                          2.77244e-06
x2_n5__t20                             4.99997
gnd_drv__t841                      3.68556e-08
gnd_drv__t303                      3.67893e-08
x2_n5__t27                             4.99997
out__t797                          2.77251e-06
out__t288                          2.77259e-06
x2_n5__t26                             4.99997
gnd_drv__t844                      3.67219e-08
gnd_drv__t323                      3.66544e-08
x2_n5__t67                             4.99997
out__t817                          2.77267e-06
out__t308                          2.77275e-06
x2_n5__t66                             4.99997
gnd_drv__t864                      3.65881e-08
gnd_drv__t306                      3.65206e-08
x2_n5__t34                             4.99997
out__t800                          2.77282e-06
x2_n4__t179                        2.61676e-06
x2_n3__t12                              4.9999
gnd_drv__t1054                     4.76919e-08
out__t287                           2.7729e-06
x2_n5__t24                             4.99997
gnd_drv__t843                      3.64543e-08
gnd_drv__t301                       3.6388e-08
x2_n5__t23                             4.99997
out__t795                          2.77298e-06
out__t361                          2.77306e-06
x2_n5__t174                            4.99997
gnd_drv__t942                      3.63216e-08
gnd_drv__t405                      3.62553e-08
x2_n5__t173                            4.99997
out__t872                          2.77313e-06
out__t360                          2.77321e-06
x2_n5__t172                            4.99997
gnd_drv__t941                        3.619e-08
gnd_drv__t404                      3.61236e-08
x2_n5__t171                            4.99997
out__t871                          2.77329e-06
out__t359                          2.77336e-06
x2_n5__t170                            4.99997
gnd_drv__t940                      3.60584e-08
gnd_drv__t403                      3.59931e-08
x2_n5__t169                            4.99997
out__t870                          2.77344e-06
out__t322                          2.77352e-06
x2_n5__t91                             4.99997
gnd_drv__t903                      3.59279e-08
gnd_drv__t314                      3.58626e-08
x2_n5__t50                             4.99997
out__t808                          2.77359e-06
gnd_drv__t514                      4.77176e-08
x2_n3__t13                              4.9999
x2_n4__t188                        2.62545e-06
out__t300                          2.77367e-06
x2_n5__t49                             4.99997
gnd_drv__t856                      3.57973e-08
gnd_drv__t380                      4.35213e-08
x2_n5__t129                            4.99997
out__t847                          2.76485e-06
out__t342                          2.76494e-06
x2_n5__t130                            4.99997
gnd_drv__t923                      4.34468e-08
gnd_drv__t381                      4.33722e-08
x2_n5__t131                            4.99997
out__t848                          2.76502e-06
out__t343                           2.7651e-06
x2_n5__t132                            4.99997
gnd_drv__t924                      4.32977e-08
gnd_drv__t382                      4.32231e-08
x2_n5__t133                            4.99997
out__t849                          2.76519e-06
out__t365                          2.76527e-06
x2_n5__t181                            4.99997
gnd_drv__t946                      4.31485e-08
gnd_drv__t408                       4.3074e-08
x2_n5__t180                            4.99997
out__t875                          2.76536e-06
out__t364                          2.76544e-06
x2_n5__t179                            4.99997
gnd_drv__t945                      4.29994e-08
gnd_drv__t407                      4.29259e-08
x2_n5__t178                            4.99997
out__t874                          2.76552e-06
x1_na__t0                              2.15302
in__t2                             2.56817e-13
gnd_logic__t1377                   6.27776e-13
x2_n4__t180                        2.63416e-06
x2_n3__t14                              4.9999
gnd_drv__t1055                      4.7744e-08
out__t362                          2.76561e-06
x2_n5__t175                            4.99997
gnd_drv__t943                      4.28513e-08
gnd_drv__t389                      4.27767e-08
x2_n5__t143                            4.99997
out__t856                          2.76569e-06
out__t347                          2.76577e-06
x2_n5__t144                            4.99997
gnd_drv__t928                      4.27032e-08
gnd_drv__t390                      4.26286e-08
x2_n5__t145                            4.99997
out__t857                          2.76586e-06
out__t348                          2.76594e-06
x2_n5__t146                            4.99997
gnd_drv__t929                      4.25551e-08
gnd_drv__t391                      4.24804e-08
x2_n5__t147                            4.99997
out__t858                          2.76602e-06
out__t349                          2.76611e-06
x2_n5__t148                            4.99997
gnd_drv__t930                      4.24069e-08
gnd_drv__t392                      4.23322e-08
x2_n5__t149                            4.99997
out__t859                          2.76619e-06
out__t350                          2.76627e-06
x2_n5__t150                            4.99997
gnd_drv__t931                      4.22587e-08
gnd_drv__t388                      4.21851e-08
x2_n5__t142                            4.99997
out__t855                          2.76636e-06
gnd_drv__t515                      4.77701e-08
x2_n3__t15                              4.9999
x2_n4__t189                        2.64288e-06
out__t336                          2.76644e-06
x2_n5__t118                            4.99997
gnd_drv__t917                      4.21115e-08
gnd_drv__t375                       4.2038e-08
x2_n5__t119                            4.99997
out__t842                          2.76652e-06
out__t337                          2.76661e-06
x2_n5__t120                            4.99997
gnd_drv__t918                      4.19632e-08
gnd_drv__t376                      4.18897e-08
x2_n5__t121                            4.99997
out__t843                          2.76669e-06
out__t338                          2.76677e-06
x2_n5__t122                            4.99997
gnd_drv__t919                       4.1816e-08
gnd_drv__t377                      4.17436e-08
x2_n5__t123                            4.99997
out__t844                          2.76686e-06
out__t339                          2.76694e-06
x2_n5__t124                            4.99997
gnd_drv__t920                      4.16699e-08
gnd_drv__t383                      4.15963e-08
x2_n5__t134                            4.99997
out__t850                          2.76702e-06
out__t363                           2.7671e-06
x2_n5__t177                            4.99997
gnd_drv__t944                      4.15227e-08
gnd_drv__t410                      4.14501e-08
x2_n5__t185                            4.99997
out__t877                          2.76719e-06
x2_n4__t181                         2.6516e-06
x2_n3__t16                              4.9999
gnd_drv__t1056                     4.77958e-08
out__t344                          2.76727e-06
x2_n5__t136                            4.99997
gnd_drv__t925                      4.13765e-08
gnd_drv__t385                      4.13028e-08
x2_n5__t137                            4.99997
out__t852                          2.76735e-06
out__t345                          2.76743e-06
x2_n5__t138                            4.99997
gnd_drv__t926                      4.12303e-08
gnd_drv__t386                      4.11566e-08
x2_n5__t139                            4.99997
out__t853                          2.76752e-06
out__t369                           2.7676e-06
x2_n5__t188                            4.99997
gnd_drv__t950                       4.1084e-08
gnd_drv__t412                      4.10115e-08
x2_n5__t189                            4.99997
out__t879                          2.76768e-06
out__t307                          2.76777e-06
x2_n5__t64                             4.99997
gnd_drv__t863                      4.09389e-08
gnd_drv__t321                      4.08652e-08
x2_n5__t63                             4.99997
out__t815                          2.76785e-06
out__t306                          2.76793e-06
x2_n5__t62                             4.99997
gnd_drv__t862                      4.07926e-08
gnd_drv__t320                        4.072e-08
x2_n5__t61                             4.99997
out__t814                          2.76801e-06
gnd_drv__t516                      4.78211e-08
x2_n3__t17                              4.9999
x2_n4__t190                        2.66033e-06
out__t305                          2.76809e-06
x2_n5__t60                             4.99997
gnd_drv__t861                      4.06473e-08
gnd_drv__t324                      4.05747e-08
x2_n5__t68                             4.99997
out__t818                          2.76818e-06
out__t304                          2.76826e-06
x2_n5__t58                             4.99997
gnd_drv__t860                      4.05032e-08
gnd_drv__t318                      4.04306e-08
x2_n5__t57                             4.99997
out__t812                          2.76834e-06
out__t303                          2.76842e-06
x2_n5__t56                             4.99997
gnd_drv__t859                      4.03579e-08
gnd_drv__t319                      4.02864e-08
x2_n5__t59                             4.99997
out__t813                          2.76851e-06
out__t293                          2.76859e-06
x2_n5__t35                             4.99997
gnd_drv__t849                      4.02137e-08
gnd_drv__t348                      4.01421e-08
x2_n5__t77                             4.99997
out__t823                          2.76867e-06
out__t313                          2.76875e-06
x2_n5__t76                             4.99997
gnd_drv__t885                      4.00695e-08
gnd_drv__t347                      3.99979e-08
x2_n5__t75                             4.99997
out__t822                          2.76883e-06
x2_n4__t182                        2.66905e-06
x2_n3__t18                              4.9999
gnd_drv__t1057                     4.78459e-08
out__t317                          2.76891e-06
x2_n5__t83                             4.99997
gnd_drv__t889                      3.99263e-08
gnd_drv__t345                      3.98536e-08
x2_n5__t74                             4.99997
out__t821                            2.769e-06
out__t312                          2.76908e-06
x2_n5__t73                             4.99997
gnd_drv__t884                       3.9782e-08
gnd_drv__t344                      3.97104e-08
x2_n5__t72                             4.99997
out__t820                          2.76916e-06
out__t311                          2.76924e-06
x2_n5__t71                             4.99997
gnd_drv__t883                      3.96388e-08
gnd_drv__t317                      3.95683e-08
x2_n5__t55                             4.99997
out__t811                          2.76932e-06
out__t510                          2.76021e-06
x2_n5__t220                            4.99997
gnd_drv__t11                       4.76816e-08
gnd_drv__t368                      4.76053e-08
x2_n5__t105                            4.99997
out__t835                           2.7603e-06
out__t330                          2.76038e-06
x2_n5__t106                            4.99997
gnd_drv__t911                       4.7529e-08
gnd_drv__t369                      4.74527e-08
x2_n5__t107                            4.99997
out__t836                          2.76047e-06
gnd_drv__t6                        4.78701e-08
x2_n3__t7                               4.9999
x2_n4__t183                        2.67777e-06
out__t335                          2.76055e-06
x2_n5__t117                            4.99997
gnd_drv__t916                      4.73764e-08
gnd_drv__t371                      4.73001e-08
x2_n5__t109                            4.99997
out__t838                          2.76063e-06
out__t331                          2.76072e-06
x2_n5__t110                            4.99997
gnd_drv__t912                      4.72238e-08
gnd_drv__t372                      4.71475e-08
x2_n5__t111                            4.99997
out__t839                           2.7608e-06
out__t332                          2.76089e-06
x2_n5__t112                            4.99997
gnd_drv__t913                      4.70712e-08
gnd_drv__t373                      4.69948e-08
x2_n5__t113                            4.99997
out__t840                          2.76097e-06
out__t333                          2.76106e-06
x2_n5__t114                            4.99997
gnd_drv__t914                      4.69185e-08
gnd_drv__t374                      4.68421e-08
x2_n5__t115                            4.99997
out__t841                          2.76114e-06
out__t334                          2.76123e-06
x2_n5__t116                            4.99997
gnd_drv__t915                      4.67669e-08
gnd_drv__t370                      4.66905e-08
x2_n5__t108                            4.99997
out__t837                          2.76131e-06
x2_n5__t747                            4.99997
x2_n4__t54                         2.98329e-06
gnd_drv__t13                       1.93995e-08
out__t318                           2.7614e-06
x2_n5__t84                             4.99997
gnd_drv__t899                      4.66141e-08
gnd_drv__t359                      4.65377e-08
x2_n5__t85                             4.99997
out__t826                          2.76148e-06
out__t319                          2.76157e-06
x2_n5__t86                             4.99997
gnd_drv__t900                      4.64624e-08
gnd_drv__t360                       4.6386e-08
x2_n5__t87                             4.99997
out__t827                          2.76165e-06
out__t320                          2.76174e-06
x2_n5__t88                             4.99997
gnd_drv__t901                      4.63095e-08
gnd_drv__t361                      4.62342e-08
x2_n5__t89                             4.99997
out__t828                          2.76182e-06
out__t321                          2.76191e-06
x2_n5__t90                             4.99997
gnd_drv__t902                      4.61578e-08
gnd_drv__t365                      4.60825e-08
x2_n5__t100                            4.99997
out__t832                          2.76199e-06
out__t323                          2.76207e-06
x2_n5__t92                             4.99997
gnd_drv__t904                       4.6006e-08
gnd_drv__t362                      4.59306e-08
x2_n5__t93                             4.99997
out__t829                          2.76216e-06
gnd_drv__t327                      1.93995e-08
x2_n4__t6                          2.98329e-06
x2_n5__t750                            4.99997
out__t324                          2.76224e-06
x2_n5__t94                             4.99997
gnd_drv__t905                      4.58553e-08
gnd_drv__t363                      4.57788e-08
x2_n5__t95                             4.99997
out__t830                          2.76233e-06
out__t325                          2.76241e-06
x2_n5__t96                             4.99997
gnd_drv__t906                      4.57034e-08
gnd_drv__t378                       4.5628e-08
x2_n5__t125                            4.99997
out__t845                           2.7625e-06
out__t371                          2.76258e-06
x2_n5__t191                            4.99997
gnd_drv__t952                      4.55515e-08
gnd_drv__t413                      4.54761e-08
x2_n5__t192                            4.99997
out__t880                          2.76267e-06
out__t377                          2.76275e-06
x2_n5__t202                            4.99997
gnd_drv__t958                      4.54007e-08
gnd_drv__t414                      4.53253e-08
x2_n5__t194                            4.99997
out__t881                          2.76283e-06
out__t373                          2.76292e-06
x2_n5__t195                            4.99997
gnd_drv__t954                      4.52498e-08
gnd_drv__t415                      4.51744e-08
x2_n5__t196                            4.99997
out__t882                            2.763e-06
x2_n5__t723                            4.99997
x2_n4__t5                          2.98329e-06
gnd_drv__t867                      1.93995e-08
out__t374                          2.76309e-06
x2_n5__t197                            4.99997
gnd_drv__t955                      4.50989e-08
gnd_drv__t416                      4.50235e-08
x2_n5__t198                            4.99997
out__t883                          2.76317e-06
out__t375                          2.76326e-06
x2_n5__t199                            4.99997
gnd_drv__t956                       4.4948e-08
gnd_drv__t417                      4.48725e-08
x2_n5__t200                            4.99997
out__t884                          2.76334e-06
out__t376                          2.76342e-06
x2_n5__t201                            4.99997
gnd_drv__t957                       4.4797e-08
gnd_drv__t397                      4.47215e-08
x2_n5__t159                            4.99997
out__t864                          2.76351e-06
out__t328                          2.76359e-06
x2_n5__t101                            4.99997
gnd_drv__t909                       4.4646e-08
gnd_drv__t366                      4.45705e-08
x2_n5__t102                            4.99997
out__t833                          2.76368e-06
out__t329                          2.76376e-06
x2_n5__t103                            4.99997
gnd_drv__t910                      4.44961e-08
gnd_drv__t367                      4.44206e-08
x2_n5__t104                            4.99997
out__t834                          2.76385e-06
gnd_drv__t326                      1.93995e-08
x2_n4__t4                          2.98329e-06
x2_n5__t749                            4.99997
out__t327                          2.76393e-06
x2_n5__t99                             4.99997
gnd_drv__t908                       4.4345e-08
gnd_drv__t384                      4.42706e-08
x2_n5__t135                            4.99997
out__t851                          2.76401e-06
out__t370                           2.7641e-06
x2_n5__t190                            4.99997
gnd_drv__t951                       4.4195e-08
gnd_drv__t364                      4.41206e-08
x2_n5__t97                             4.99997
out__t831                          2.76418e-06
out__t326                          2.76427e-06
x2_n5__t98                             4.99997
gnd_drv__t907                       4.4045e-08
gnd_drv__t387                      4.39705e-08
x2_n5__t141                            4.99997
out__t854                          2.76435e-06
out__t346                          2.76443e-06
x2_n5__t140                            4.99997
gnd_drv__t927                      4.38949e-08
gnd_drv__t379                      4.38204e-08
x2_n5__t127                            4.99997
out__t846                          2.76452e-06
out__t341                           2.7646e-06
x2_n5__t128                            4.99997
gnd_drv__t922                      4.37459e-08
gnd_drv__t393                      4.36714e-08
x2_n5__t151                            4.99997
out__t860                          2.76469e-06
x1_nb__t1                          4.15324e-07
x1_inb__t2                             3.29999
gnd_logic__t1378                   3.81697e-09
x2_n5__t722                            4.99997
x2_n4__t3                          2.98329e-06
gnd_drv__t866                      1.93995e-08
out__t340                          2.76477e-06
x2_n5__t126                            4.99997
gnd_drv__t921                      4.35958e-08
x3_lockout__t803                   2.45316e-06
x3_ncompn__t3                          4.95662
gnd_drv__t14                        3.1076e-08
out__t259                          2.78805e-06
x3_lockout__t517                   2.76244e-06
gnd_drv__t815                      1.93994e-08
gnd_drv__t289                      1.93994e-08
x3_lockout__t548                   2.76244e-06
out__t783                          2.78805e-06
out__t273                          2.78805e-06
x3_lockout__t544                   2.76244e-06
gnd_drv__t829                      1.93994e-08
gnd_drv__t287                      1.93994e-08
x3_lockout__t546                   2.76244e-06
out__t781                          2.78805e-06
out__t274                          2.78805e-06
x3_lockout__t545                   2.76244e-06
gnd_drv__t830                      1.93994e-08
gnd_drv__t288                      1.93994e-08
x3_lockout__t547                   2.76244e-06
out__t782                          2.78805e-06
out__t271                          2.78805e-06
x3_lockout__t540                   2.76244e-06
gnd_drv__t827                      1.93994e-08
gnd_drv__t290                      1.93994e-08
x3_lockout__t549                   2.76244e-06
out__t784                          2.78805e-06
gnd_drv__t325                      1.93995e-08
x2_n4__t2                          2.98329e-06
x2_n5__t748                            4.99997
out__t258                          2.78805e-06
x3_lockout__t514                   2.76244e-06
gnd_drv__t814                      1.93994e-08
gnd_drv__t272                      1.93994e-08
x3_lockout__t515                   2.76244e-06
out__t766                          2.78805e-06
out__t260                          2.78805e-06
x3_lockout__t518                   2.76244e-06
gnd_drv__t816                      1.93994e-08
gnd_drv__t286                      1.93994e-08
x3_lockout__t543                   2.76244e-06
out__t780                          2.78805e-06
out__t236                          2.78805e-06
x3_lockout__t470                   2.76244e-06
gnd_drv__t792                      1.93994e-08
gnd_drv__t191                      1.93994e-08
x3_lockout__t352                   2.76244e-06
out__t685                          2.78805e-06
out__t177                          2.78805e-06
x3_lockout__t353                   2.76244e-06
gnd_drv__t733                      1.93994e-08
gnd_drv__t192                      1.93994e-08
x3_lockout__t354                   2.76244e-06
out__t686                          2.78805e-06
out__t178                          2.78805e-06
x3_lockout__t355                   2.76244e-06
gnd_drv__t734                      1.93994e-08
gnd_drv__t193                      1.93994e-08
x3_lockout__t356                   2.76244e-06
out__t687                          2.78805e-06
x2_n5__t721                            4.99997
x2_n4__t1                          2.98329e-06
gnd_drv__t865                      1.93995e-08
out__t179                          2.78805e-06
x3_lockout__t357                   2.76244e-06
gnd_drv__t735                      1.93994e-08
gnd_drv__t194                      1.93994e-08
x3_lockout__t358                   2.76244e-06
out__t688                          2.78805e-06
out__t180                          2.78805e-06
x3_lockout__t359                   2.76244e-06
gnd_drv__t736                      1.93994e-08
gnd_drv__t199                      1.93994e-08
x3_lockout__t369                   2.76244e-06
out__t693                          2.78805e-06
out__t182                          2.78805e-06
x3_lockout__t361                   2.76244e-06
gnd_drv__t738                      1.93994e-08
gnd_drv__t195                      1.93994e-08
x3_lockout__t362                   2.76244e-06
out__t689                          2.78805e-06
out__t183                          2.78805e-06
x3_lockout__t363                   2.76244e-06
gnd_drv__t739                      1.93994e-08
gnd_drv__t196                      1.93994e-08
x3_lockout__t364                   2.76244e-06
out__t690                          2.78805e-06
out__t184                          2.78805e-06
x3_lockout__t365                   2.76244e-06
gnd_drv__t740                      1.93994e-08
gnd_drv__t197                      1.93994e-08
x3_lockout__t366                   2.76244e-06
out__t691                          2.78805e-06
gnd_drv__t337                      1.93995e-08
x2_n4__t22                         2.98329e-06
x2_n5__t759                            4.99997
out__t185                          2.78805e-06
x3_lockout__t367                   2.76244e-06
gnd_drv__t741                      1.93994e-08
gnd_drv__t198                      1.93994e-08
x3_lockout__t368                   2.76244e-06
out__t692                          2.78805e-06
out__t181                          2.78805e-06
x3_lockout__t360                   2.76244e-06
gnd_drv__t737                      1.93994e-08
gnd_drv__t182                      1.93994e-08
x3_lockout__t334                   2.76244e-06
out__t676                          2.78805e-06
out__t168                          2.78805e-06
x3_lockout__t335                   2.76244e-06
gnd_drv__t724                      1.93994e-08
gnd_drv__t183                      1.93994e-08
x3_lockout__t336                   2.76244e-06
out__t677                          2.78805e-06
out__t169                          2.78805e-06
x3_lockout__t337                   2.76244e-06
gnd_drv__t725                      1.93994e-08
gnd_drv__t184                      1.93994e-08
x3_lockout__t338                   2.76244e-06
out__t678                          2.78805e-06
out__t170                          2.78805e-06
x3_lockout__t339                   2.76244e-06
gnd_drv__t726                      1.93994e-08
gnd_drv__t185                      1.93994e-08
x3_lockout__t340                   2.76244e-06
out__t679                          2.78805e-06
x2_n5__t735                            4.99997
x2_n4__t30                         2.98329e-06
gnd_drv__t881                      1.93995e-08
out__t171                          2.78805e-06
x3_lockout__t341                   2.76244e-06
gnd_drv__t727                      1.93994e-08
gnd_drv__t190                      1.93994e-08
x3_lockout__t351                   2.76244e-06
out__t684                          2.78805e-06
out__t173                          2.78805e-06
x3_lockout__t343                   2.76244e-06
gnd_drv__t729                      1.93994e-08
gnd_drv__t186                      1.93994e-08
x3_lockout__t344                   2.76244e-06
out__t680                          2.78805e-06
out__t174                          2.78805e-06
x3_lockout__t345                   2.76244e-06
gnd_drv__t730                      1.93994e-08
gnd_drv__t187                      1.93994e-08
x3_lockout__t346                   2.76244e-06
out__t681                          2.78805e-06
out__t175                          2.78805e-06
x3_lockout__t347                   2.76244e-06
gnd_drv__t731                      1.93994e-08
gnd_drv__t188                      1.93994e-08
x3_lockout__t348                   2.76244e-06
out__t682                          2.78805e-06
out__t176                          2.78805e-06
x3_lockout__t349                   2.76244e-06
gnd_drv__t732                      1.93994e-08
gnd_drv__t189                      1.93994e-08
x3_lockout__t350                   2.76244e-06
out__t683                          2.78805e-06
gnd_drv__t340                      1.93995e-08
x2_n4__t29                         2.98329e-06
x2_n5__t762                            4.99997
out__t190                          2.78805e-06
x3_lockout__t378                   2.76244e-06
gnd_drv__t746                      1.93994e-08
gnd_drv__t209                      1.93994e-08
x3_lockout__t388                   2.76244e-06
out__t703                          2.78805e-06
out__t195                          2.78805e-06
x3_lockout__t389                   2.76244e-06
gnd_drv__t751                      1.93994e-08
gnd_drv__t210                      1.93994e-08
x3_lockout__t390                   2.76244e-06
out__t704                          2.78805e-06
out__t196                          2.78805e-06
x3_lockout__t391                   2.76244e-06
gnd_drv__t752                      1.93994e-08
gnd_drv__t211                      1.93994e-08
x3_lockout__t392                   2.76244e-06
out__t705                          2.78805e-06
out__t197                          2.78805e-06
x3_lockout__t393                   2.76244e-06
gnd_drv__t753                      1.93994e-08
gnd_drv__t212                      1.93994e-08
x3_lockout__t394                   2.76244e-06
out__t706                          2.78805e-06
out__t198                          2.78805e-06
x3_lockout__t395                   2.76244e-06
gnd_drv__t754                      1.93994e-08
gnd_drv__t217                      1.93994e-08
x3_lockout__t405                   2.76244e-06
out__t711                          2.78805e-06
x2_n5__t734                            4.99997
x2_n4__t28                         2.98329e-06
gnd_drv__t880                      1.93995e-08
out__t200                          2.78805e-06
x3_lockout__t397                   2.76244e-06
gnd_drv__t756                      1.93994e-08
gnd_drv__t213                      1.93994e-08
x3_lockout__t398                   2.76244e-06
out__t707                          2.78805e-06
out__t201                          2.78805e-06
x3_lockout__t399                   2.76244e-06
gnd_drv__t757                      1.93994e-08
gnd_drv__t214                      1.93994e-08
x3_lockout__t400                   2.76244e-06
out__t708                          2.78805e-06
out__t202                          2.78805e-06
x3_lockout__t401                   2.76244e-06
gnd_drv__t758                      1.93994e-08
gnd_drv__t215                      1.93994e-08
x3_lockout__t402                   2.76244e-06
out__t709                          2.78805e-06
out__t203                          2.78805e-06
x3_lockout__t403                   2.76244e-06
gnd_drv__t759                      1.93994e-08
gnd_drv__t216                      1.93994e-08
x3_lockout__t404                   2.76244e-06
out__t710                          2.78805e-06
out__t199                          2.78805e-06
x3_lockout__t396                   2.76244e-06
gnd_drv__t755                      1.93994e-08
gnd_drv__t200                      1.93994e-08
x3_lockout__t370                   2.76244e-06
out__t694                          2.78805e-06
gnd_drv__t339                      1.93995e-08
x2_n4__t27                         2.98329e-06
x2_n5__t761                            4.99997
out__t186                          2.78805e-06
x3_lockout__t371                   2.76244e-06
gnd_drv__t742                      1.93994e-08
gnd_drv__t201                      1.93994e-08
x3_lockout__t372                   2.76244e-06
out__t695                          2.78805e-06
out__t187                          2.78805e-06
x3_lockout__t373                   2.76244e-06
gnd_drv__t743                      1.93994e-08
gnd_drv__t202                      1.93994e-08
x3_lockout__t374                   2.76244e-06
out__t696                          2.78805e-06
out__t188                          2.78805e-06
x3_lockout__t375                   2.76244e-06
gnd_drv__t744                      1.93994e-08
gnd_drv__t203                      1.93994e-08
x3_lockout__t376                   2.76244e-06
out__t697                          2.78805e-06
out__t189                          2.78805e-06
x3_lockout__t377                   2.76244e-06
gnd_drv__t745                      1.93994e-08
gnd_drv__t208                      1.93994e-08
x3_lockout__t387                   2.76244e-06
out__t702                          2.78805e-06
out__t191                          2.78805e-06
x3_lockout__t379                   2.76244e-06
gnd_drv__t747                      1.93994e-08
gnd_drv__t204                      1.93994e-08
x3_lockout__t380                   2.76244e-06
out__t698                          2.78805e-06
x2_n5__t733                            4.99997
x2_n4__t26                         2.98329e-06
gnd_drv__t879                      1.93995e-08
out__t192                          2.78805e-06
x3_lockout__t381                   2.76244e-06
gnd_drv__t748                      1.93994e-08
gnd_drv__t205                      1.93994e-08
x3_lockout__t382                   2.76244e-06
out__t699                          2.78805e-06
out__t193                          2.78805e-06
x3_lockout__t383                   2.76244e-06
gnd_drv__t749                      1.93994e-08
gnd_drv__t206                      1.93994e-08
x3_lockout__t384                   2.76244e-06
out__t700                          2.78805e-06
out__t194                          2.78805e-06
x3_lockout__t385                   2.76244e-06
gnd_drv__t750                      1.93994e-08
gnd_drv__t207                      1.93994e-08
x3_lockout__t386                   2.76244e-06
out__t701                          2.78805e-06
out__t172                          2.78805e-06
x3_lockout__t342                   2.76244e-06
gnd_drv__t728                      1.93994e-08
gnd_drv__t157                      1.93994e-08
x3_lockout__t280                   2.76244e-06
out__t651                          2.78805e-06
out__t139                          2.78805e-06
x3_lockout__t281                   2.76244e-06
gnd_drv__t695                      1.93994e-08
gnd_drv__t158                      1.93994e-08
x3_lockout__t282                   2.76244e-06
out__t652                          2.78805e-06
gnd_drv__t338                      1.93995e-08
x2_n4__t25                         2.98329e-06
x2_n5__t760                            4.99997
out__t140                          2.78805e-06
x3_lockout__t283                   2.76244e-06
gnd_drv__t696                      1.93994e-08
gnd_drv__t159                      1.93994e-08
x3_lockout__t284                   2.76244e-06
out__t653                          2.78805e-06
out__t141                          2.78805e-06
x3_lockout__t285                   2.76244e-06
gnd_drv__t697                      1.93994e-08
gnd_drv__t160                      1.93994e-08
x3_lockout__t286                   2.76244e-06
out__t654                          2.78805e-06
out__t142                          2.78805e-06
x3_lockout__t287                   2.76244e-06
gnd_drv__t698                      1.93994e-08
gnd_drv__t164                      1.93994e-08
x3_lockout__t297                   2.76244e-06
out__t658                          2.78805e-06
out__t144                          2.78805e-06
x3_lockout__t289                   2.76244e-06
gnd_drv__t700                      1.93994e-08
gnd_drv__t161                      1.93994e-08
x3_lockout__t290                   2.76244e-06
out__t655                          2.78805e-06
out__t145                          2.78805e-06
x3_lockout__t291                   2.76244e-06
gnd_drv__t701                      1.93994e-08
gnd_drv__t162                      1.93994e-08
x3_lockout__t292                   2.76244e-06
out__t656                          2.78805e-06
x2_n5__t731                            4.99997
x2_n4__t23                         2.98329e-06
gnd_drv__t877                      1.93995e-08
out__t146                          2.78805e-06
x3_lockout__t293                   2.76244e-06
gnd_drv__t702                      1.93994e-08
gnd_drv__t10                       1.93994e-08
x3_lockout__t3                     2.76244e-06
out__t1                            2.78805e-06
out__t160                          2.78805e-06
x3_lockout__t320                   2.76244e-06
gnd_drv__t716                      1.93994e-08
gnd_drv__t154                      1.93994e-08
x3_lockout__t276                   2.76244e-06
out__t648                          2.78805e-06
out__t138                          2.78805e-06
x3_lockout__t277                   2.76244e-06
gnd_drv__t694                      1.93994e-08
gnd_drv__t155                      1.93994e-08
x3_lockout__t278                   2.76244e-06
out__t649                          2.78805e-06
out__t153                          2.78805e-06
x3_lockout__t306                   2.76244e-06
gnd_drv__t709                      1.93994e-08
gnd_drv__t174                      1.93994e-08
x3_lockout__t316                   2.76244e-06
out__t668                          2.78805e-06
out__t158                          2.78805e-06
x3_lockout__t317                   2.76244e-06
gnd_drv__t714                      1.93994e-08
gnd_drv__t175                      1.93994e-08
x3_lockout__t318                   2.76244e-06
out__t669                          2.78805e-06
gnd_drv__t341                      1.93995e-08
x2_n4__t31                         2.98329e-06
x2_n5__t763                            4.99997
out__t159                          2.78805e-06
x3_lockout__t319                   2.76244e-06
gnd_drv__t715                      1.93994e-08
gnd_drv__t153                      1.93994e-08
x3_lockout__t275                   2.76244e-06
out__t647                          2.78805e-06
out__t143                          2.78805e-06
x3_lockout__t288                   2.76244e-06
gnd_drv__t699                      1.93994e-08
gnd_drv__t147                      1.93994e-08
x3_lockout__t262                   2.76244e-06
out__t641                          2.78805e-06
out__t131                          2.78805e-06
x3_lockout__t263                   2.76244e-06
gnd_drv__t687                      1.93994e-08
gnd_drv__t148                      1.93994e-08
x3_lockout__t264                   2.76244e-06
out__t642                          2.78805e-06
out__t132                          2.78805e-06
x3_lockout__t265                   2.76244e-06
gnd_drv__t688                      1.93994e-08
gnd_drv__t149                      1.93994e-08
x3_lockout__t266                   2.76244e-06
out__t643                          2.78805e-06
out__t133                          2.78805e-06
x3_lockout__t267                   2.76244e-06
gnd_drv__t689                      1.93994e-08
gnd_drv__t150                      1.93994e-08
x3_lockout__t268                   2.76244e-06
out__t644                          2.78805e-06
x2_n5__t730                            4.99997
x2_n4__t21                         2.98329e-06
gnd_drv__t876                      1.93995e-08
out__t134                          2.78805e-06
x3_lockout__t269                   2.76244e-06
gnd_drv__t690                      1.93994e-08
gnd_drv__t156                      1.93994e-08
x3_lockout__t279                   2.76244e-06
out__t650                          2.78805e-06
out__t136                          2.78805e-06
x3_lockout__t271                   2.76244e-06
gnd_drv__t692                      1.93994e-08
gnd_drv__t151                      1.93994e-08
x3_lockout__t272                   2.76244e-06
out__t645                          2.78805e-06
out__t137                          2.78805e-06
x3_lockout__t273                   2.76244e-06
gnd_drv__t693                      1.93994e-08
gnd_drv__t152                      1.93994e-08
x3_lockout__t274                   2.76244e-06
out__t646                          2.78805e-06
out__t148                          2.78805e-06
x3_lockout__t296                   2.76244e-06
gnd_drv__t704                      1.93994e-08
gnd_drv__t274                      1.93994e-08
x3_lockout__t519                   2.76244e-06
out__t768                          2.78805e-06
out__t261                          2.78805e-06
x3_lockout__t520                   2.76244e-06
gnd_drv__t817                      1.93994e-08
gnd_drv__t275                      1.93994e-08
x3_lockout__t521                   2.76244e-06
out__t769                          2.78805e-06
gnd_drv__t336                      1.93995e-08
x2_n4__t20                         2.98329e-06
x2_n5__t758                            4.99997
out__t266                          2.78805e-06
x3_lockout__t531                   2.76244e-06
gnd_drv__t822                      1.93994e-08
gnd_drv__t277                      1.93994e-08
x3_lockout__t523                   2.76244e-06
out__t771                          2.78805e-06
out__t262                          2.78805e-06
x3_lockout__t524                   2.76244e-06
gnd_drv__t818                      1.93994e-08
gnd_drv__t278                      1.93994e-08
x3_lockout__t525                   2.76244e-06
out__t772                          2.78805e-06
out__t263                          2.78805e-06
x3_lockout__t526                   2.76244e-06
gnd_drv__t819                      1.93994e-08
gnd_drv__t279                      1.93994e-08
x3_lockout__t527                   2.76244e-06
out__t773                          2.78805e-06
out__t264                          2.78805e-06
x3_lockout__t528                   2.76244e-06
gnd_drv__t820                      1.93994e-08
gnd_drv__t280                      1.93994e-08
x3_lockout__t529                   2.76244e-06
out__t774                          2.78805e-06
out__t265                          2.78805e-06
x3_lockout__t530                   2.76244e-06
gnd_drv__t821                      1.93994e-08
gnd_drv__t257                      1.93994e-08
x3_lockout__t486                   2.76244e-06
out__t751                          2.78805e-06
x2_n5__t740                            4.99997
x2_n4__t42                         2.98329e-06
gnd_drv__t893                      1.93995e-08
out__t214                          2.78805e-06
x3_lockout__t424                   2.76244e-06
gnd_drv__t770                      1.93994e-08
gnd_drv__t226                      1.93994e-08
x3_lockout__t425                   2.76244e-06
out__t720                          2.78805e-06
out__t215                          2.78805e-06
x3_lockout__t426                   2.76244e-06
gnd_drv__t771                      1.93994e-08
gnd_drv__t227                      1.93994e-08
x3_lockout__t427                   2.76244e-06
out__t721                          2.78805e-06
out__t216                          2.78805e-06
x3_lockout__t428                   2.76244e-06
gnd_drv__t772                      1.93994e-08
gnd_drv__t228                      1.93994e-08
x3_lockout__t429                   2.76244e-06
out__t722                          2.78805e-06
out__t217                          2.78805e-06
x3_lockout__t430                   2.76244e-06
gnd_drv__t773                      1.93994e-08
gnd_drv__t229                      1.93994e-08
x3_lockout__t431                   2.76244e-06
out__t723                          2.78805e-06
out__t222                          2.78805e-06
x3_lockout__t441                   2.76244e-06
gnd_drv__t778                      1.93994e-08
gnd_drv__t231                      1.93994e-08
x3_lockout__t433                   2.76244e-06
out__t725                          2.78805e-06
gnd_drv__t353                      1.93995e-08
x2_n4__t41                         2.98329e-06
x2_n5__t769                            4.99997
out__t218                          2.78805e-06
x3_lockout__t434                   2.76244e-06
gnd_drv__t774                      1.93994e-08
gnd_drv__t232                      1.93994e-08
x3_lockout__t435                   2.76244e-06
out__t726                          2.78805e-06
out__t219                          2.78805e-06
x3_lockout__t436                   2.76244e-06
gnd_drv__t775                      1.93994e-08
gnd_drv__t233                      1.93994e-08
x3_lockout__t437                   2.76244e-06
out__t727                          2.78805e-06
out__t220                          2.78805e-06
x3_lockout__t438                   2.76244e-06
gnd_drv__t776                      1.93994e-08
gnd_drv__t234                      1.93994e-08
x3_lockout__t439                   2.76244e-06
out__t728                          2.78805e-06
out__t221                          2.78805e-06
x3_lockout__t440                   2.76244e-06
gnd_drv__t777                      1.93994e-08
gnd_drv__t230                      1.93994e-08
x3_lockout__t432                   2.76244e-06
out__t724                          2.78805e-06
out__t204                          2.78805e-06
x3_lockout__t406                   2.76244e-06
gnd_drv__t760                      1.93994e-08
gnd_drv__t218                      1.93994e-08
x3_lockout__t407                   2.76244e-06
out__t712                          2.78805e-06
x2_n5__t739                            4.99997
x2_n4__t40                         2.98329e-06
gnd_drv__t892                      1.93995e-08
out__t205                          2.78805e-06
x3_lockout__t408                   2.76244e-06
gnd_drv__t761                      1.93994e-08
gnd_drv__t219                      1.93994e-08
x3_lockout__t409                   2.76244e-06
out__t713                          2.78805e-06
out__t206                          2.78805e-06
x3_lockout__t410                   2.76244e-06
gnd_drv__t762                      1.93994e-08
gnd_drv__t220                      1.93994e-08
x3_lockout__t411                   2.76244e-06
out__t714                          2.78805e-06
out__t207                          2.78805e-06
x3_lockout__t412                   2.76244e-06
gnd_drv__t763                      1.93994e-08
gnd_drv__t221                      1.93994e-08
x3_lockout__t413                   2.76244e-06
out__t715                          2.78805e-06
out__t213                          2.78805e-06
x3_lockout__t423                   2.76244e-06
gnd_drv__t769                      1.93994e-08
gnd_drv__t222                      1.93994e-08
x3_lockout__t415                   2.76244e-06
out__t716                          2.78805e-06
out__t209                          2.78805e-06
x3_lockout__t416                   2.76244e-06
gnd_drv__t765                      1.93994e-08
gnd_drv__t223                      1.93994e-08
x3_lockout__t417                   2.76244e-06
out__t717                          2.78805e-06
gnd_drv__t352                      1.93995e-08
x2_n4__t39                         2.98329e-06
x2_n5__t768                            4.99997
out__t210                          2.78805e-06
x3_lockout__t418                   2.76244e-06
gnd_drv__t766                      1.93994e-08
gnd_drv__t224                      1.93994e-08
x3_lockout__t419                   2.76244e-06
out__t718                          2.78805e-06
out__t211                          2.78805e-06
x3_lockout__t420                   2.76244e-06
gnd_drv__t767                      1.93994e-08
gnd_drv__t225                      1.93994e-08
x3_lockout__t421                   2.76244e-06
out__t719                          2.78805e-06
out__t212                          2.78805e-06
x3_lockout__t422                   2.76244e-06
gnd_drv__t768                      1.93994e-08
gnd_drv__t239                      1.93994e-08
x3_lockout__t450                   2.76244e-06
out__t733                          2.78805e-06
out__t231                          2.78805e-06
x3_lockout__t460                   2.76244e-06
gnd_drv__t787                      1.93994e-08
gnd_drv__t245                      1.93994e-08
x3_lockout__t461                   2.76244e-06
out__t739                          2.78805e-06
out__t232                          2.78805e-06
x3_lockout__t462                   2.76244e-06
gnd_drv__t788                      1.93994e-08
gnd_drv__t246                      1.93994e-08
x3_lockout__t463                   2.76244e-06
out__t740                          2.78805e-06
x2_n5__t738                            4.99997
x2_n4__t38                         2.98329e-06
gnd_drv__t891                      1.93995e-08
out__t233                          2.78805e-06
x3_lockout__t464                   2.76244e-06
gnd_drv__t789                      1.93994e-08
gnd_drv__t247                      1.93994e-08
x3_lockout__t465                   2.76244e-06
out__t741                          2.78805e-06
out__t234                          2.78805e-06
x3_lockout__t466                   2.76244e-06
gnd_drv__t790                      1.93994e-08
gnd_drv__t248                      1.93994e-08
x3_lockout__t467                   2.76244e-06
out__t742                          2.78805e-06
out__t240                          2.78805e-06
x3_lockout__t477                   2.76244e-06
gnd_drv__t796                      1.93994e-08
gnd_drv__t249                      1.93994e-08
x3_lockout__t469                   2.76244e-06
out__t743                          2.78805e-06
out__t237                          2.78805e-06
x3_lockout__t471                   2.76244e-06
gnd_drv__t793                      1.93994e-08
gnd_drv__t261                      1.93994e-08
x3_lockout__t493                   2.76244e-06
out__t755                          2.78805e-06
out__t248                          2.78805e-06
x3_lockout__t494                   2.76244e-06
gnd_drv__t804                      1.93994e-08
gnd_drv__t276                      1.93994e-08
x3_lockout__t522                   2.76244e-06
out__t770                          2.78805e-06
gnd_drv__t351                      1.93995e-08
x2_n4__t37                         2.98329e-06
x2_n5__t767                            4.99997
out__t267                          2.78805e-06
x3_lockout__t532                   2.76244e-06
gnd_drv__t823                      1.93994e-08
gnd_drv__t281                      1.93994e-08
x3_lockout__t533                   2.76244e-06
out__t775                          2.78805e-06
out__t268                          2.78805e-06
x3_lockout__t534                   2.76244e-06
gnd_drv__t824                      1.93994e-08
gnd_drv__t282                      1.93994e-08
x3_lockout__t535                   2.76244e-06
out__t776                          2.78805e-06
out__t269                          2.78805e-06
x3_lockout__t536                   2.76244e-06
gnd_drv__t825                      1.93994e-08
gnd_drv__t283                      1.93994e-08
x3_lockout__t537                   2.76244e-06
out__t777                          2.78805e-06
out__t270                          2.78805e-06
x3_lockout__t538                   2.76244e-06
gnd_drv__t826                      1.93994e-08
gnd_drv__t284                      1.93994e-08
x3_lockout__t539                   2.76244e-06
out__t778                          2.78805e-06
out__t275                          2.78805e-06
x3_lockout__t550                   2.76244e-06
gnd_drv__t831                      1.93994e-08
gnd_drv__t285                      1.93994e-08
x3_lockout__t541                   2.76244e-06
out__t779                          2.78805e-06
x1_nca__t0                             4.99991
vdd_logic__t2                              3.3
x1_na__t1                              2.15303
x2_n5__t737                            4.99997
x2_n4__t36                         2.98329e-06
gnd_drv__t890                      1.93995e-08
out__t272                          2.78805e-06
x3_lockout__t542                   2.76244e-06
gnd_drv__t828                      1.93994e-08
gnd_drv__t273                      1.93994e-08
x3_lockout__t516                   2.76244e-06
out__t767                          2.78805e-06
out__t104                          2.78805e-06
x3_lockout__t209                   2.76244e-06
gnd_drv__t660                      1.93994e-08
gnd_drv__t126                      1.93994e-08
x3_lockout__t217                   2.76244e-06
out__t620                          2.78805e-06
out__t108                          2.78805e-06
x3_lockout__t219                   2.76244e-06
gnd_drv__t664                      1.93994e-08
gnd_drv__t125                      1.93994e-08
x3_lockout__t216                   2.76244e-06
out__t619                          2.78805e-06
out__t107                          2.78805e-06
x3_lockout__t218                   2.76244e-06
gnd_drv__t663                      1.93994e-08
gnd_drv__t128                      1.93994e-08
x3_lockout__t222                   2.76244e-06
out__t622                          2.78805e-06
out__t109                          2.78805e-06
x3_lockout__t220                   2.76244e-06
gnd_drv__t665                      1.93994e-08
gnd_drv__t127                      1.93994e-08
x3_lockout__t221                   2.76244e-06
out__t621                          2.78805e-06
gnd_drv__t346                      1.93995e-08
x2_n4__t35                         2.98329e-06
x2_n5__t766                            4.99997
out__t110                          2.78805e-06
x3_lockout__t223                   2.76244e-06
gnd_drv__t666                      1.93994e-08
gnd_drv__t121                      1.93994e-08
x3_lockout__t210                   2.76244e-06
out__t615                          2.78805e-06
out__t105                          2.78805e-06
x3_lockout__t211                   2.76244e-06
gnd_drv__t661                      1.93994e-08
gnd_drv__t122                      1.93994e-08
x3_lockout__t212                   2.76244e-06
out__t616                          2.78805e-06
out__t106                          2.78805e-06
x3_lockout__t213                   2.76244e-06
gnd_drv__t662                      1.93994e-08
gnd_drv__t123                      1.93994e-08
x3_lockout__t214                   2.76244e-06
out__t617                          2.78805e-06
out__t114                          2.78805e-06
x3_lockout__t230                   2.76244e-06
gnd_drv__t670                      1.93994e-08
gnd_drv__t116                      1.93994e-08
x3_lockout__t201                   2.76244e-06
out__t610                          2.78805e-06
out__t34                           2.78805e-06
x3_lockout__t66                    2.76244e-06
gnd_drv__t590                      1.93994e-08
gnd_drv__t129                      1.93994e-08
x3_lockout__t224                   2.76244e-06
out__t623                          2.78805e-06
x2_n5__t728                            4.99997
x2_n4__t15                         2.98329e-06
gnd_drv__t872                      1.93995e-08
out__t111                          2.78805e-06
x3_lockout__t225                   2.76244e-06
gnd_drv__t667                      1.93994e-08
gnd_drv__t130                      1.93994e-08
x3_lockout__t226                   2.76244e-06
out__t624                          2.78805e-06
out__t112                          2.78805e-06
x3_lockout__t227                   2.76244e-06
gnd_drv__t668                      1.93994e-08
gnd_drv__t131                      1.93994e-08
x3_lockout__t228                   2.76244e-06
out__t625                          2.78805e-06
out__t113                          2.78805e-06
x3_lockout__t229                   2.76244e-06
gnd_drv__t669                      1.93994e-08
gnd_drv__t144                      1.93994e-08
x3_lockout__t256                   2.76244e-06
out__t638                          2.78805e-06
out__t128                          2.78805e-06
x3_lockout__t257                   2.76244e-06
gnd_drv__t684                      1.93994e-08
gnd_drv__t145                      1.93994e-08
x3_lockout__t258                   2.76244e-06
out__t639                          2.78805e-06
out__t129                          2.78805e-06
x3_lockout__t259                   2.76244e-06
gnd_drv__t685                      1.93994e-08
gnd_drv__t146                      1.93994e-08
x3_lockout__t260                   2.76244e-06
out__t640                          2.78805e-06
gnd_drv__t332                      1.93995e-08
x2_n4__t14                         2.98329e-06
x2_n5__t754                            4.99997
out__t122                          2.78805e-06
x3_lockout__t245                   2.76244e-06
gnd_drv__t678                      1.93994e-08
gnd_drv__t117                      1.93994e-08
x3_lockout__t202                   2.76244e-06
out__t611                          2.78805e-06
out__t101                          2.78805e-06
x3_lockout__t203                   2.76244e-06
gnd_drv__t657                      1.93994e-08
gnd_drv__t118                      1.93994e-08
x3_lockout__t204                   2.76244e-06
out__t612                          2.78805e-06
out__t102                          2.78805e-06
x3_lockout__t205                   2.76244e-06
gnd_drv__t658                      1.93994e-08
gnd_drv__t119                      1.93994e-08
x3_lockout__t206                   2.76244e-06
out__t613                          2.78805e-06
out__t103                          2.78805e-06
x3_lockout__t207                   2.76244e-06
gnd_drv__t659                      1.93994e-08
gnd_drv__t163                      1.93994e-08
x3_lockout__t295                   2.76244e-06
out__t657                          2.78805e-06
out__t161                          2.78805e-06
x3_lockout__t321                   2.76244e-06
gnd_drv__t717                      1.93994e-08
gnd_drv__t176                      1.93994e-08
x3_lockout__t322                   2.76244e-06
out__t670                          2.78805e-06
x2_n5__t732                            4.99997
x2_n4__t24                         2.98329e-06
gnd_drv__t878                      1.93995e-08
out__t162                          2.78805e-06
x3_lockout__t323                   2.76244e-06
gnd_drv__t718                      1.93994e-08
gnd_drv__t181                      1.93994e-08
x3_lockout__t333                   2.76244e-06
out__t675                          2.78805e-06
out__t164                          2.78805e-06
x3_lockout__t325                   2.76244e-06
gnd_drv__t720                      1.93994e-08
gnd_drv__t177                      1.93994e-08
x3_lockout__t326                   2.76244e-06
out__t671                          2.78805e-06
out__t165                          2.78805e-06
x3_lockout__t327                   2.76244e-06
gnd_drv__t721                      1.93994e-08
gnd_drv__t178                      1.93994e-08
x3_lockout__t328                   2.76244e-06
out__t672                          2.78805e-06
out__t166                          2.78805e-06
x3_lockout__t329                   2.76244e-06
gnd_drv__t722                      1.93994e-08
gnd_drv__t179                      1.93994e-08
x3_lockout__t330                   2.76244e-06
out__t673                          2.78805e-06
out__t167                          2.78805e-06
x3_lockout__t331                   2.76244e-06
gnd_drv__t723                      1.93994e-08
gnd_drv__t180                      1.93994e-08
x3_lockout__t332                   2.76244e-06
out__t674                          2.78805e-06
gnd_drv__t334                      1.93995e-08
x2_n4__t18                         2.98329e-06
x2_n5__t756                            4.99997
out__t163                          2.78805e-06
x3_lockout__t324                   2.76244e-06
gnd_drv__t719                      1.93994e-08
gnd_drv__t165                      1.93994e-08
x3_lockout__t298                   2.76244e-06
out__t659                          2.78805e-06
out__t149                          2.78805e-06
x3_lockout__t299                   2.76244e-06
gnd_drv__t705                      1.93994e-08
gnd_drv__t166                      1.93994e-08
x3_lockout__t300                   2.76244e-06
out__t660                          2.78805e-06
out__t150                          2.78805e-06
x3_lockout__t301                   2.76244e-06
gnd_drv__t706                      1.93994e-08
gnd_drv__t167                      1.93994e-08
x3_lockout__t302                   2.76244e-06
out__t661                          2.78805e-06
out__t151                          2.78805e-06
x3_lockout__t303                   2.76244e-06
gnd_drv__t707                      1.93994e-08
gnd_drv__t168                      1.93994e-08
x3_lockout__t304                   2.76244e-06
out__t662                          2.78805e-06
out__t152                          2.78805e-06
x3_lockout__t305                   2.76244e-06
gnd_drv__t708                      1.93994e-08
gnd_drv__t173                      1.93994e-08
x3_lockout__t315                   2.76244e-06
out__t667                          2.78805e-06
x2_n5__t746                            4.99997
x2_n4__t53                         2.98329e-06
gnd_drv__t987                      1.93995e-08
out__t154                          2.78805e-06
x3_lockout__t307                   2.76244e-06
gnd_drv__t710                      1.93994e-08
gnd_drv__t169                      1.93994e-08
x3_lockout__t308                   2.76244e-06
out__t663                          2.78805e-06
out__t155                          2.78805e-06
x3_lockout__t309                   2.76244e-06
gnd_drv__t711                      1.93994e-08
gnd_drv__t170                      1.93994e-08
x3_lockout__t310                   2.76244e-06
out__t664                          2.78805e-06
out__t156                          2.78805e-06
x3_lockout__t311                   2.76244e-06
gnd_drv__t712                      1.93994e-08
gnd_drv__t171                      1.93994e-08
x3_lockout__t312                   2.76244e-06
out__t665                          2.78805e-06
out__t157                          2.78805e-06
x3_lockout__t313                   2.76244e-06
gnd_drv__t713                      1.93994e-08
gnd_drv__t172                      1.93994e-08
x3_lockout__t314                   2.76244e-06
out__t666                          2.78805e-06
out__t208                          2.78805e-06
x3_lockout__t414                   2.76244e-06
gnd_drv__t764                      1.93994e-08
gnd_drv__t263                      1.93994e-08
x3_lockout__t496                   2.76244e-06
out__t757                          2.78805e-06
gnd_drv__t335                      1.93995e-08
x2_n4__t19                         2.98329e-06
x2_n5__t757                            4.99997
out__t249                          2.78805e-06
x3_lockout__t497                   2.76244e-06
gnd_drv__t805                      1.93994e-08
gnd_drv__t264                      1.93994e-08
x3_lockout__t498                   2.76244e-06
out__t758                          2.78805e-06
out__t250                          2.78805e-06
x3_lockout__t499                   2.76244e-06
gnd_drv__t806                      1.93994e-08
gnd_drv__t265                      1.93994e-08
x3_lockout__t500                   2.76244e-06
out__t759                          2.78805e-06
out__t251                          2.78805e-06
x3_lockout__t501                   2.76244e-06
gnd_drv__t807                      1.93994e-08
gnd_drv__t266                      1.93994e-08
x3_lockout__t502                   2.76244e-06
out__t760                          2.78805e-06
out__t252                          2.78805e-06
x3_lockout__t503                   2.76244e-06
gnd_drv__t808                      1.93994e-08
gnd_drv__t271                      1.93994e-08
x3_lockout__t513                   2.76244e-06
out__t765                          2.78805e-06
out__t254                          2.78805e-06
x3_lockout__t505                   2.76244e-06
gnd_drv__t810                      1.93994e-08
gnd_drv__t267                      1.93994e-08
x3_lockout__t506                   2.76244e-06
out__t761                          2.78805e-06
x2_n5__t729                            4.99997
x2_n4__t17                         2.98329e-06
gnd_drv__t874                      1.93995e-08
out__t255                          2.78805e-06
x3_lockout__t507                   2.76244e-06
gnd_drv__t811                      1.93994e-08
gnd_drv__t268                      1.93994e-08
x3_lockout__t508                   2.76244e-06
out__t762                          2.78805e-06
out__t256                          2.78805e-06
x3_lockout__t509                   2.76244e-06
gnd_drv__t812                      1.93994e-08
gnd_drv__t269                      1.93994e-08
x3_lockout__t510                   2.76244e-06
out__t763                          2.78805e-06
out__t257                          2.78805e-06
x3_lockout__t511                   2.76244e-06
gnd_drv__t813                      1.93994e-08
gnd_drv__t270                      1.93994e-08
x3_lockout__t512                   2.76244e-06
out__t764                          2.78805e-06
out__t253                          2.78805e-06
x3_lockout__t504                   2.76244e-06
gnd_drv__t809                      1.93994e-08
gnd_drv__t253                      1.93994e-08
x3_lockout__t478                   2.76244e-06
out__t747                          2.78805e-06
out__t241                          2.78805e-06
x3_lockout__t479                   2.76244e-06
gnd_drv__t797                      1.93994e-08
gnd_drv__t254                      1.93994e-08
x3_lockout__t480                   2.76244e-06
out__t748                          2.78805e-06
gnd_drv__t358                      1.93995e-08
x2_n4__t50                         2.98329e-06
x2_n5__t774                            4.99997
out__t242                          2.78805e-06
x3_lockout__t481                   2.76244e-06
gnd_drv__t798                      1.93994e-08
gnd_drv__t255                      1.93994e-08
x3_lockout__t482                   2.76244e-06
out__t749                          2.78805e-06
out__t243                          2.78805e-06
x3_lockout__t483                   2.76244e-06
gnd_drv__t799                      1.93994e-08
gnd_drv__t256                      1.93994e-08
x3_lockout__t484                   2.76244e-06
out__t750                          2.78805e-06
out__t244                          2.78805e-06
x3_lockout__t485                   2.76244e-06
gnd_drv__t800                      1.93994e-08
gnd_drv__t262                      1.93994e-08
x3_lockout__t495                   2.76244e-06
out__t756                          2.78805e-06
out__t245                          2.78805e-06
x3_lockout__t487                   2.76244e-06
gnd_drv__t801                      1.93994e-08
gnd_drv__t258                      1.93994e-08
x3_lockout__t488                   2.76244e-06
out__t752                          2.78805e-06
out__t246                          2.78805e-06
x3_lockout__t489                   2.76244e-06
gnd_drv__t802                      1.93994e-08
gnd_drv__t259                      1.93994e-08
x3_lockout__t490                   2.76244e-06
out__t753                          2.78805e-06
x1_ncb__t5                         3.71621e-06
vdd_logic__t3                              3.3
x1_nb__t0                          2.89712e-06
x2_n5__t743                            4.99997
x2_n4__t49                         2.98329e-06
gnd_drv__t896                      1.93995e-08
out__t247                          2.78805e-06
x3_lockout__t491                   2.76244e-06
gnd_drv__t803                      1.93994e-08
gnd_drv__t260                      1.93994e-08
x3_lockout__t492                   2.76244e-06
out__t754                          2.78805e-06
out__t80                           2.78805e-06
x3_lockout__t159                   2.76244e-06
gnd_drv__t636                      1.93994e-08
gnd_drv__t101                      1.93994e-08
x3_lockout__t171                   2.76244e-06
out__t595                          2.78805e-06
out__t86                           2.78805e-06
x3_lockout__t172                   2.76244e-06
gnd_drv__t642                      1.93994e-08
gnd_drv__t102                      1.93994e-08
x3_lockout__t173                   2.76244e-06
out__t596                          2.78805e-06
out__t87                           2.78805e-06
x3_lockout__t174                   2.76244e-06
gnd_drv__t643                      1.93994e-08
gnd_drv__t103                      1.93994e-08
x3_lockout__t175                   2.76244e-06
out__t597                          2.78805e-06
out__t88                           2.78805e-06
x3_lockout__t176                   2.76244e-06
gnd_drv__t644                      1.93994e-08
gnd_drv__t25                       1.93994e-08
x3_lockout__t20                    2.76244e-06
out__t519                          2.78805e-06
gnd_drv__t357                      1.93995e-08
x2_n4__t48                         2.98329e-06
x2_n5__t773                            4.99997
out__t7                            2.78805e-06
x3_lockout__t13                    2.76244e-06
gnd_drv__t563                      1.93994e-08
gnd_drv__t251                      1.93994e-08
x3_lockout__t474                   2.76244e-06
out__t745                          2.78805e-06
out__t239                          2.78805e-06
x3_lockout__t475                   2.76244e-06
gnd_drv__t795                      1.93994e-08
gnd_drv__t252                      1.93994e-08
x3_lockout__t476                   2.76244e-06
out__t746                          2.78805e-06
out__t235                          2.78805e-06
x3_lockout__t468                   2.76244e-06
gnd_drv__t791                      1.93994e-08
gnd_drv__t235                      1.93994e-08
x3_lockout__t442                   2.76244e-06
out__t729                          2.78805e-06
out__t223                          2.78805e-06
x3_lockout__t443                   2.76244e-06
gnd_drv__t779                      1.93994e-08
gnd_drv__t236                      1.93994e-08
x3_lockout__t444                   2.76244e-06
out__t730                          2.78805e-06
out__t224                          2.78805e-06
x3_lockout__t445                   2.76244e-06
gnd_drv__t780                      1.93994e-08
gnd_drv__t237                      1.93994e-08
x3_lockout__t446                   2.76244e-06
out__t731                          2.78805e-06
x2_n5__t742                            4.99997
x2_n4__t47                         2.98329e-06
gnd_drv__t895                      1.93995e-08
out__t225                          2.78805e-06
x3_lockout__t447                   2.76244e-06
gnd_drv__t781                      1.93994e-08
gnd_drv__t238                      1.93994e-08
x3_lockout__t448                   2.76244e-06
out__t732                          2.78805e-06
out__t226                          2.78805e-06
x3_lockout__t449                   2.76244e-06
gnd_drv__t782                      1.93994e-08
gnd_drv__t244                      1.93994e-08
x3_lockout__t459                   2.76244e-06
out__t738                          2.78805e-06
out__t227                          2.78805e-06
x3_lockout__t451                   2.76244e-06
gnd_drv__t783                      1.93994e-08
gnd_drv__t240                      1.93994e-08
x3_lockout__t452                   2.76244e-06
out__t734                          2.78805e-06
out__t228                          2.78805e-06
x3_lockout__t453                   2.76244e-06
gnd_drv__t784                      1.93994e-08
gnd_drv__t241                      1.93994e-08
x3_lockout__t454                   2.76244e-06
out__t735                          2.78805e-06
out__t229                          2.78805e-06
x3_lockout__t455                   2.76244e-06
gnd_drv__t785                      1.93994e-08
gnd_drv__t242                      1.93994e-08
x3_lockout__t456                   2.76244e-06
out__t736                          2.78805e-06
gnd_drv__t356                      1.93995e-08
x2_n4__t46                         2.98329e-06
x2_n5__t772                            4.99997
out__t230                          2.78805e-06
x3_lockout__t457                   2.76244e-06
gnd_drv__t786                      1.93994e-08
gnd_drv__t243                      1.93994e-08
x3_lockout__t458                   2.76244e-06
out__t737                          2.78805e-06
out__t10                           2.78805e-06
x3_lockout__t19                    2.76244e-06
gnd_drv__t566                      1.93994e-08
gnd_drv__t24                       1.93994e-08
x3_lockout__t18                    2.76244e-06
out__t518                          2.78805e-06
out__t9                            2.78805e-06
x3_lockout__t17                    2.76244e-06
gnd_drv__t565                      1.93994e-08
gnd_drv__t23                       1.93994e-08
x3_lockout__t16                    2.76244e-06
out__t517                          2.78805e-06
out__t8                            2.78805e-06
x3_lockout__t15                    2.76244e-06
gnd_drv__t564                      1.93994e-08
gnd_drv__t22                       1.93994e-08
x3_lockout__t14                    2.76244e-06
out__t516                          2.78805e-06
out__t6                            2.78805e-06
x3_lockout__t12                    2.76244e-06
gnd_drv__t562                      1.93994e-08
gnd_drv__t21                       1.93994e-08
x3_lockout__t11                    2.76244e-06
out__t515                          2.78805e-06
x2_n5__t741                            4.99997
x2_n4__t45                         2.98329e-06
gnd_drv__t894                      1.93995e-08
out__t2                            2.78805e-06
x3_lockout__t4                     2.76244e-06
gnd_drv__t558                      1.93994e-08
gnd_drv__t18                       1.93994e-08
x3_lockout__t5                     2.76244e-06
out__t512                          2.78805e-06
out__t3                            2.78805e-06
x3_lockout__t6                     2.76244e-06
gnd_drv__t559                      1.93994e-08
gnd_drv__t19                       1.93994e-08
x3_lockout__t7                     2.76244e-06
out__t513                          2.78805e-06
out__t4                            2.78805e-06
x3_lockout__t8                     2.76244e-06
gnd_drv__t560                      1.93994e-08
gnd_drv__t20                       1.93994e-08
x3_lockout__t9                     2.76244e-06
out__t514                          2.78805e-06
out__t5                            2.78805e-06
x3_lockout__t10                    2.76244e-06
gnd_drv__t561                      1.93994e-08
gnd_drv__t250                      1.93994e-08
x3_lockout__t472                   2.76244e-06
out__t744                          2.78805e-06
out__t238                          2.78805e-06
x3_lockout__t473                   2.76244e-06
gnd_drv__t794                      1.93994e-08
gnd_drv__t93                       1.93994e-08
x3_lockout__t155                   2.76244e-06
out__t587                          2.78805e-06
gnd_drv__t355                      1.93995e-08
x2_n4__t44                         2.98329e-06
x2_n5__t771                            4.99997
out__t26                           2.78805e-06
x3_lockout__t51                    2.76244e-06
gnd_drv__t582                      1.93994e-08
gnd_drv__t41                       1.93994e-08
x3_lockout__t52                    2.76244e-06
out__t535                          2.78805e-06
out__t27                           2.78805e-06
x3_lockout__t53                    2.76244e-06
gnd_drv__t583                      1.93994e-08
gnd_drv__t42                       1.93994e-08
x3_lockout__t54                    2.76244e-06
out__t536                          2.78805e-06
out__t28                           2.78805e-06
x3_lockout__t55                    2.76244e-06
gnd_drv__t584                      1.93994e-08
gnd_drv__t43                       1.93994e-08
x3_lockout__t56                    2.76244e-06
out__t537                          2.78805e-06
out__t29                           2.78805e-06
x3_lockout__t57                    2.76244e-06
gnd_drv__t585                      1.93994e-08
gnd_drv__t44                       1.93994e-08
x3_lockout__t58                    2.76244e-06
out__t538                          2.78805e-06
out__t30                           2.78805e-06
x3_lockout__t59                    2.76244e-06
gnd_drv__t586                      1.93994e-08
gnd_drv__t45                       1.93994e-08
x3_lockout__t60                    2.76244e-06
out__t539                          2.78805e-06
x2_n5__t745                            4.99997
x2_n4__t52                         2.98329e-06
gnd_drv__t898                      1.93995e-08
out__t31                           2.78805e-06
x3_lockout__t61                    2.76244e-06
gnd_drv__t587                      1.93994e-08
gnd_drv__t46                       1.93994e-08
x3_lockout__t62                    2.76244e-06
out__t540                          2.78805e-06
out__t32                           2.78805e-06
x3_lockout__t63                    2.76244e-06
gnd_drv__t588                      1.93994e-08
gnd_drv__t47                       1.93994e-08
x3_lockout__t64                    2.76244e-06
out__t541                          2.78805e-06
out__t41                           2.78805e-06
x3_lockout__t80                    2.76244e-06
gnd_drv__t597                      1.93994e-08
gnd_drv__t95                       1.93994e-08
x3_lockout__t160                   2.76244e-06
out__t589                          2.78805e-06
out__t81                           2.78805e-06
x3_lockout__t161                   2.76244e-06
gnd_drv__t637                      1.93994e-08
gnd_drv__t96                       1.93994e-08
x3_lockout__t162                   2.76244e-06
out__t590                          2.78805e-06
out__t82                           2.78805e-06
x3_lockout__t163                   2.76244e-06
gnd_drv__t638                      1.93994e-08
gnd_drv__t97                       1.93994e-08
x3_lockout__t164                   2.76244e-06
out__t591                          2.78805e-06
gnd_drv__t331                      1.93995e-08
x2_n4__t13                         2.98329e-06
x2_n5__t753                            4.99997
out__t83                           2.78805e-06
x3_lockout__t165                   2.76244e-06
gnd_drv__t639                      1.93994e-08
gnd_drv__t98                       1.93994e-08
x3_lockout__t166                   2.76244e-06
out__t592                          2.78805e-06
out__t84                           2.78805e-06
x3_lockout__t167                   2.76244e-06
gnd_drv__t640                      1.93994e-08
gnd_drv__t99                       1.93994e-08
x3_lockout__t168                   2.76244e-06
out__t593                          2.78805e-06
out__t85                           2.78805e-06
x3_lockout__t169                   2.76244e-06
gnd_drv__t641                      1.93994e-08
gnd_drv__t124                      1.93994e-08
x3_lockout__t215                   2.76244e-06
out__t618                          2.78805e-06
out__t115                          2.78805e-06
x3_lockout__t231                   2.76244e-06
gnd_drv__t671                      1.93994e-08
gnd_drv__t132                      1.93994e-08
x3_lockout__t232                   2.76244e-06
out__t626                          2.78805e-06
out__t116                          2.78805e-06
x3_lockout__t233                   2.76244e-06
gnd_drv__t672                      1.93994e-08
gnd_drv__t133                      1.93994e-08
x3_lockout__t234                   2.76244e-06
out__t627                          2.78805e-06
x2_n5__t727                            4.99997
x2_n4__t12                         2.98329e-06
gnd_drv__t871                      1.93995e-08
out__t117                          2.78805e-06
x3_lockout__t235                   2.76244e-06
gnd_drv__t673                      1.93994e-08
gnd_drv__t134                      1.93994e-08
x3_lockout__t236                   2.76244e-06
out__t628                          2.78805e-06
out__t118                          2.78805e-06
x3_lockout__t237                   2.76244e-06
gnd_drv__t674                      1.93994e-08
gnd_drv__t135                      1.93994e-08
x3_lockout__t238                   2.76244e-06
out__t629                          2.78805e-06
out__t119                          2.78805e-06
x3_lockout__t239                   2.76244e-06
gnd_drv__t675                      1.93994e-08
gnd_drv__t136                      1.93994e-08
x3_lockout__t240                   2.76244e-06
out__t630                          2.78805e-06
out__t120                          2.78805e-06
x3_lockout__t241                   2.76244e-06
gnd_drv__t676                      1.93994e-08
gnd_drv__t137                      1.93994e-08
x3_lockout__t242                   2.76244e-06
out__t631                          2.78805e-06
out__t121                          2.78805e-06
x3_lockout__t243                   2.76244e-06
gnd_drv__t677                      1.93994e-08
gnd_drv__t138                      1.93994e-08
x3_lockout__t244                   2.76244e-06
out__t632                          2.78805e-06
gnd_drv__t330                      1.93995e-08
x2_n4__t11                         2.98329e-06
x2_n5__t752                            4.99997
out__t130                          2.78805e-06
x3_lockout__t261                   2.76244e-06
gnd_drv__t686                      1.93994e-08
gnd_drv__t139                      1.93994e-08
x3_lockout__t246                   2.76244e-06
out__t633                          2.78805e-06
out__t123                          2.78805e-06
x3_lockout__t247                   2.76244e-06
gnd_drv__t679                      1.93994e-08
gnd_drv__t140                      1.93994e-08
x3_lockout__t248                   2.76244e-06
out__t634                          2.78805e-06
out__t124                          2.78805e-06
x3_lockout__t249                   2.76244e-06
gnd_drv__t680                      1.93994e-08
gnd_drv__t141                      1.93994e-08
x3_lockout__t250                   2.76244e-06
out__t635                          2.78805e-06
out__t125                          2.78805e-06
x3_lockout__t251                   2.76244e-06
gnd_drv__t681                      1.93994e-08
gnd_drv__t142                      1.93994e-08
x3_lockout__t252                   2.76244e-06
out__t636                          2.78805e-06
out__t126                          2.78805e-06
x3_lockout__t253                   2.76244e-06
gnd_drv__t682                      1.93994e-08
gnd_drv__t143                      1.93994e-08
x3_lockout__t254                   2.76244e-06
out__t637                          2.78805e-06
x1_nbuf1__t2                           4.99995
x1_ncb__t2                         4.20592e-06
gnd_drv__t3                        1.93995e-08
x2_n5__t726                            4.99997
x2_n4__t10                         2.98329e-06
gnd_drv__t870                      1.93995e-08
out__t127                          2.78805e-06
x3_lockout__t255                   2.76244e-06
gnd_drv__t683                      1.93994e-08
gnd_drv__t120                      1.93994e-08
x3_lockout__t208                   2.76244e-06
out__t614                          2.78805e-06
out__t435                          2.78805e-06
x3_lockout__t653                   2.76244e-06
gnd_drv__t1017                     1.93994e-08
gnd_drv__t494                      1.93994e-08
x3_lockout__t683                   2.76244e-06
out__t961                          2.78805e-06
out__t450                          2.78805e-06
x3_lockout__t684                   2.76244e-06
gnd_drv__t1032                     1.93994e-08
gnd_drv__t493                      1.93994e-08
x3_lockout__t681                   2.76244e-06
out__t960                          2.78805e-06
out__t449                          2.78805e-06
x3_lockout__t682                   2.76244e-06
gnd_drv__t1031                     1.93994e-08
gnd_drv__t481                      1.93994e-08
x3_lockout__t659                   2.76244e-06
out__t948                          2.78805e-06
out__t443                          2.78805e-06
x3_lockout__t669                   2.76244e-06
gnd_drv__t1025                     1.93994e-08
gnd_drv__t472                      1.93994e-08
x3_lockout__t639                   2.76244e-06
out__t939                          2.78805e-06
gnd_drv__t329                      1.93995e-08
x2_n4__t9                          2.98329e-06
x2_n5__t751                            4.99997
out__t428                          2.78805e-06
x3_lockout__t640                   2.76244e-06
gnd_drv__t1010                     1.93994e-08
gnd_drv__t473                      1.93994e-08
x3_lockout__t641                   2.76244e-06
out__t940                          2.78805e-06
out__t429                          2.78805e-06
x3_lockout__t642                   2.76244e-06
gnd_drv__t1011                     1.93994e-08
gnd_drv__t478                      1.93994e-08
x3_lockout__t652                   2.76244e-06
out__t945                          2.78805e-06
out__t431                          2.78805e-06
x3_lockout__t644                   2.76244e-06
gnd_drv__t1013                     1.93994e-08
gnd_drv__t474                      1.93994e-08
x3_lockout__t645                   2.76244e-06
out__t941                          2.78805e-06
out__t432                          2.78805e-06
x3_lockout__t646                   2.76244e-06
gnd_drv__t1014                     1.93994e-08
gnd_drv__t475                      1.93994e-08
x3_lockout__t647                   2.76244e-06
out__t942                          2.78805e-06
out__t433                          2.78805e-06
x3_lockout__t648                   2.76244e-06
gnd_drv__t1015                     1.93994e-08
gnd_drv__t476                      1.93994e-08
x3_lockout__t649                   2.76244e-06
out__t943                          2.78805e-06
x2_n5__t725                            4.99997
x2_n4__t8                          2.98329e-06
gnd_drv__t869                      1.93995e-08
out__t434                          2.78805e-06
x3_lockout__t650                   2.76244e-06
gnd_drv__t1016                     1.93994e-08
gnd_drv__t477                      1.93994e-08
x3_lockout__t651                   2.76244e-06
out__t944                          2.78805e-06
out__t430                          2.78805e-06
x3_lockout__t643                   2.76244e-06
gnd_drv__t1012                     1.93994e-08
gnd_drv__t463                      1.93994e-08
x3_lockout__t619                   2.76244e-06
out__t930                          2.78805e-06
out__t417                          2.78805e-06
x3_lockout__t620                   2.76244e-06
gnd_drv__t999                      1.93994e-08
gnd_drv__t464                      1.93994e-08
x3_lockout__t621                   2.76244e-06
out__t931                          2.78805e-06
out__t418                          2.78805e-06
x3_lockout__t622                   2.76244e-06
gnd_drv__t1000                     1.93994e-08
gnd_drv__t465                      1.93994e-08
x3_lockout__t623                   2.76244e-06
out__t932                          2.78805e-06
out__t419                          2.78805e-06
x3_lockout__t624                   2.76244e-06
gnd_drv__t1001                     1.93994e-08
gnd_drv__t466                      1.93994e-08
x3_lockout__t625                   2.76244e-06
out__t933                          2.78805e-06
gnd_drv__t333                      1.93995e-08
x2_n4__t16                         2.98329e-06
x2_n5__t755                            4.99997
out__t425                          2.78805e-06
x3_lockout__t635                   2.76244e-06
gnd_drv__t1007                     1.93994e-08
gnd_drv__t467                      1.93994e-08
x3_lockout__t627                   2.76244e-06
out__t934                          2.78805e-06
out__t421                          2.78805e-06
x3_lockout__t628                   2.76244e-06
gnd_drv__t1003                     1.93994e-08
gnd_drv__t468                      1.93994e-08
x3_lockout__t629                   2.76244e-06
out__t935                          2.78805e-06
out__t422                          2.78805e-06
x3_lockout__t630                   2.76244e-06
gnd_drv__t1004                     1.93994e-08
gnd_drv__t469                      1.93994e-08
x3_lockout__t631                   2.76244e-06
out__t936                          2.78805e-06
out__t423                          2.78805e-06
x3_lockout__t632                   2.76244e-06
gnd_drv__t1005                     1.93994e-08
gnd_drv__t470                      1.93994e-08
x3_lockout__t633                   2.76244e-06
out__t937                          2.78805e-06
out__t424                          2.78805e-06
x3_lockout__t634                   2.76244e-06
gnd_drv__t1006                     1.93994e-08
gnd_drv__t482                      1.93994e-08
x3_lockout__t660                   2.76244e-06
out__t949                          2.78805e-06
x2_n5__t724                            4.99997
x2_n4__t7                          2.98329e-06
gnd_drv__t868                      1.93995e-08
out__t451                          2.78805e-06
x3_lockout__t685                   2.76244e-06
gnd_drv__t1033                     1.93994e-08
gnd_drv__t491                      1.93994e-08
x3_lockout__t677                   2.76244e-06
out__t958                          2.78805e-06
out__t436                          2.78805e-06
x3_lockout__t654                   2.76244e-06
gnd_drv__t1018                     1.93994e-08
gnd_drv__t479                      1.93994e-08
x3_lockout__t655                   2.76244e-06
out__t946                          2.78805e-06
out__t437                          2.78805e-06
x3_lockout__t656                   2.76244e-06
gnd_drv__t1019                     1.93994e-08
gnd_drv__t487                      1.93994e-08
x3_lockout__t670                   2.76244e-06
out__t954                          2.78805e-06
out__t444                          2.78805e-06
x3_lockout__t671                   2.76244e-06
gnd_drv__t1026                     1.93994e-08
gnd_drv__t480                      1.93994e-08
x3_lockout__t657                   2.76244e-06
out__t947                          2.78805e-06
out__t438                          2.78805e-06
x3_lockout__t658                   2.76244e-06
gnd_drv__t1020                     1.93994e-08
gnd_drv__t488                      1.93994e-08
x3_lockout__t672                   2.76244e-06
out__t955                          2.78805e-06
gnd_drv__t343                      1.93995e-08
x2_n4__t34                         2.98329e-06
x2_n5__t765                            4.99997
out__t445                          2.78805e-06
x3_lockout__t673                   2.76244e-06
gnd_drv__t1027                     1.93994e-08
gnd_drv__t490                      1.93994e-08
x3_lockout__t675                   2.76244e-06
out__t957                          2.78805e-06
out__t446                          2.78805e-06
x3_lockout__t676                   2.76244e-06
gnd_drv__t1028                     1.93994e-08
gnd_drv__t495                      1.93994e-08
x3_lockout__t686                   2.76244e-06
out__t962                          2.78805e-06
out__t447                          2.78805e-06
x3_lockout__t678                   2.76244e-06
gnd_drv__t1029                     1.93994e-08
gnd_drv__t492                      1.93994e-08
x3_lockout__t679                   2.76244e-06
out__t959                          2.78805e-06
out__t448                          2.78805e-06
x3_lockout__t680                   2.76244e-06
gnd_drv__t1030                     1.93994e-08
gnd_drv__t438                      1.93994e-08
x3_lockout__t573                   2.76244e-06
out__t905                          2.78805e-06
out__t147                          2.78805e-06
x3_lockout__t294                   2.76244e-06
gnd_drv__t703                      1.93994e-08
gnd_drv__t105                      1.93994e-08
x3_lockout__t178                   2.76244e-06
out__t599                          2.78805e-06
x2_n5__t736                            4.99997
x2_n4__t33                         2.98329e-06
gnd_drv__t882                      1.93995e-08
out__t89                           2.78805e-06
x3_lockout__t179                   2.76244e-06
gnd_drv__t645                      1.93994e-08
gnd_drv__t106                      1.93994e-08
x3_lockout__t180                   2.76244e-06
out__t600                          2.78805e-06
out__t90                           2.78805e-06
x3_lockout__t181                   2.76244e-06
gnd_drv__t646                      1.93994e-08
gnd_drv__t107                      1.93994e-08
x3_lockout__t182                   2.76244e-06
out__t601                          2.78805e-06
out__t91                           2.78805e-06
x3_lockout__t183                   2.76244e-06
gnd_drv__t647                      1.93994e-08
gnd_drv__t33                       1.93994e-08
x3_lockout__t35                    2.76244e-06
out__t527                          2.78805e-06
out__t92                           2.78805e-06
x3_lockout__t184                   2.76244e-06
gnd_drv__t648                      1.93994e-08
gnd_drv__t115                      1.93994e-08
x3_lockout__t200                   2.76244e-06
out__t609                          2.78805e-06
out__t94                           2.78805e-06
x3_lockout__t186                   2.76244e-06
gnd_drv__t650                      1.93994e-08
gnd_drv__t108                      1.93994e-08
x3_lockout__t187                   2.76244e-06
out__t602                          2.78805e-06
gnd_drv__t354                      1.93995e-08
x2_n4__t43                         2.98329e-06
x2_n5__t770                            4.99997
out__t95                           2.78805e-06
x3_lockout__t188                   2.76244e-06
gnd_drv__t651                      1.93994e-08
gnd_drv__t109                      1.93994e-08
x3_lockout__t189                   2.76244e-06
out__t603                          2.78805e-06
out__t96                           2.78805e-06
x3_lockout__t190                   2.76244e-06
gnd_drv__t652                      1.93994e-08
gnd_drv__t110                      1.93994e-08
x3_lockout__t191                   2.76244e-06
out__t604                          2.78805e-06
out__t97                           2.78805e-06
x3_lockout__t192                   2.76244e-06
gnd_drv__t653                      1.93994e-08
gnd_drv__t111                      1.93994e-08
x3_lockout__t193                   2.76244e-06
out__t605                          2.78805e-06
out__t98                           2.78805e-06
x3_lockout__t194                   2.76244e-06
gnd_drv__t654                      1.93994e-08
gnd_drv__t112                      1.93994e-08
x3_lockout__t195                   2.76244e-06
out__t606                          2.78805e-06
out__t99                           2.78805e-06
x3_lockout__t196                   2.76244e-06
gnd_drv__t655                      1.93994e-08
gnd_drv__t113                      1.93994e-08
x3_lockout__t197                   2.76244e-06
out__t607                          2.78805e-06
x2_n5__t744                            4.99997
x2_n4__t51                         2.98329e-06
gnd_drv__t897                      1.93995e-08
out__t100                          2.78805e-06
x3_lockout__t198                   2.76244e-06
gnd_drv__t656                      1.93994e-08
gnd_drv__t114                      1.93994e-08
x3_lockout__t199                   2.76244e-06
out__t608                          2.78805e-06
out__t93                           2.78805e-06
x3_lockout__t185                   2.76244e-06
gnd_drv__t649                      1.93994e-08
gnd_drv__t86                       1.93994e-08
x3_lockout__t141                   2.76244e-06
out__t580                          2.78805e-06
out__t71                           2.78805e-06
x3_lockout__t142                   2.76244e-06
gnd_drv__t627                      1.93994e-08
gnd_drv__t87                       1.93994e-08
x3_lockout__t143                   2.76244e-06
out__t581                          2.78805e-06
out__t72                           2.78805e-06
x3_lockout__t144                   2.76244e-06
gnd_drv__t628                      1.93994e-08
gnd_drv__t88                       1.93994e-08
x3_lockout__t145                   2.76244e-06
out__t582                          2.78805e-06
out__t73                           2.78805e-06
x3_lockout__t146                   2.76244e-06
gnd_drv__t629                      1.93994e-08
gnd_drv__t89                       1.93994e-08
x3_lockout__t147                   2.76244e-06
out__t583                          2.78805e-06
gnd_drv__t342                      1.93995e-08
x2_n4__t32                         2.98329e-06
x2_n5__t764                            4.99997
out__t74                           2.78805e-06
x3_lockout__t148                   2.76244e-06
gnd_drv__t630                      1.93994e-08
gnd_drv__t90                       1.93994e-08
x3_lockout__t149                   2.76244e-06
out__t584                          2.78805e-06
out__t75                           2.78805e-06
x3_lockout__t150                   2.76244e-06
gnd_drv__t631                      1.93994e-08
gnd_drv__t91                       1.93994e-08
x3_lockout__t151                   2.76244e-06
out__t585                          2.78805e-06
out__t76                           2.78805e-06
x3_lockout__t152                   2.76244e-06
gnd_drv__t632                      1.93994e-08
gnd_drv__t92                       1.93994e-08
x3_lockout__t153                   2.76244e-06
out__t586                          2.78805e-06
out__t77                           2.78805e-06
x3_lockout__t154                   2.76244e-06
gnd_drv__t633                      1.93994e-08
gnd_drv__t100                      1.93994e-08
x3_lockout__t170                   2.76244e-06
out__t594                          2.78805e-06
out__t78                           2.78805e-06
x3_lockout__t156                   2.76244e-06
gnd_drv__t634                      1.93994e-08
gnd_drv__t94                       1.93994e-08
x3_lockout__t157                   2.76244e-06
out__t588                          2.78805e-06
in_drv__t3                         8.36731e-07
x1_nbuf1__t0                           4.99995
gnd_drv__t2                        3.69659e-08
x2_n5__t0                              4.99997
x2_n4__t0                          2.98329e-06
gnd_drv__t17                       1.93995e-08
out__t79                           2.78805e-06
x3_lockout__t158                   2.76244e-06
gnd_drv__t635                      1.93994e-08
gnd_drv__t104                      1.93994e-08
x3_lockout__t177                   2.76244e-06
out__t598                          2.78805e-06
out__t67                           2.78805e-06
x3_lockout__t135                   2.76244e-06
gnd_drv__t623                      1.93994e-08
gnd_drv__t29                       1.93994e-08
x3_lockout__t28                    2.76244e-06
out__t523                          2.78805e-06
out__t15                           2.78805e-06
x3_lockout__t29                    2.76244e-06
gnd_drv__t571                      1.93994e-08
gnd_drv__t30                       1.93994e-08
x3_lockout__t30                    2.76244e-06
out__t524                          2.78805e-06
out__t16                           2.78805e-06
x3_lockout__t31                    2.76244e-06
gnd_drv__t572                      1.93994e-08
gnd_drv__t31                       1.93994e-08
x3_lockout__t32                    2.76244e-06
out__t525                          2.78805e-06
out__t17                           2.78805e-06
x3_lockout__t33                    2.76244e-06
gnd_drv__t573                      1.93994e-08
gnd_drv__t32                       1.93994e-08
x3_lockout__t34                    2.76244e-06
out__t526                          2.78805e-06
gnd_drv__t313                       3.5732e-08
x2_n5__t48                             4.99997
out__t807                          2.77374e-06
out__t25                           2.78805e-06
x3_lockout__t50                    2.76244e-06
gnd_drv__t581                      1.93994e-08
gnd_drv__t34                       1.93994e-08
x3_lockout__t36                    2.76244e-06
out__t528                          2.78805e-06
out__t18                           2.78805e-06
x3_lockout__t37                    2.76244e-06
gnd_drv__t574                      1.93994e-08
gnd_drv__t35                       1.93994e-08
x3_lockout__t38                    2.76244e-06
out__t529                          2.78805e-06
out__t19                           2.78805e-06
x3_lockout__t39                    2.76244e-06
gnd_drv__t575                      1.93994e-08
gnd_drv__t36                       1.93994e-08
x3_lockout__t40                    2.76244e-06
out__t530                          2.78805e-06
out__t20                           2.78805e-06
x3_lockout__t41                    2.76244e-06
gnd_drv__t576                      1.93994e-08
gnd_drv__t37                       1.93994e-08
x3_lockout__t42                    2.76244e-06
out__t531                          2.78805e-06
out__t21                           2.78805e-06
x3_lockout__t43                    2.76244e-06
gnd_drv__t577                      1.93994e-08
gnd_drv__t38                       1.93994e-08
x3_lockout__t44                    2.76244e-06
out__t532                          2.78805e-06
out__t299                          2.77382e-06
x2_n5__t47                             4.99997
gnd_drv__t855                      3.56679e-08
out__t22                           2.78805e-06
x3_lockout__t45                    2.76244e-06
gnd_drv__t578                      1.93994e-08
gnd_drv__t39                       1.93994e-08
x3_lockout__t46                    2.76244e-06
out__t533                          2.78805e-06
out__t23                           2.78805e-06
x3_lockout__t47                    2.76244e-06
gnd_drv__t579                      1.93994e-08
gnd_drv__t40                       1.93994e-08
x3_lockout__t48                    2.76244e-06
out__t534                          2.78805e-06
out__t24                           2.78805e-06
x3_lockout__t49                    2.76244e-06
gnd_drv__t580                      1.93994e-08
gnd_drv__t62                       1.93994e-08
x3_lockout__t95                    2.76244e-06
out__t556                          2.78805e-06
out__t56                           2.78805e-06
x3_lockout__t111                   2.76244e-06
gnd_drv__t612                      1.93994e-08
gnd_drv__t71                       1.93994e-08
x3_lockout__t112                   2.76244e-06
out__t565                          2.78805e-06
out__t57                           2.78805e-06
x3_lockout__t113                   2.76244e-06
gnd_drv__t613                      1.93994e-08
gnd_drv__t72                       1.93994e-08
x3_lockout__t114                   2.76244e-06
out__t566                          2.78805e-06
gnd_drv__t312                      3.56026e-08
x2_n5__t46                             4.99997
out__t806                          2.77389e-06
out__t58                           2.78805e-06
x3_lockout__t115                   2.76244e-06
gnd_drv__t614                      1.93994e-08
gnd_drv__t73                       1.93994e-08
x3_lockout__t116                   2.76244e-06
out__t567                          2.78805e-06
out__t59                           2.78805e-06
x3_lockout__t117                   2.76244e-06
gnd_drv__t615                      1.93994e-08
gnd_drv__t74                       1.93994e-08
x3_lockout__t118                   2.76244e-06
out__t568                          2.78805e-06
out__t60                           2.78805e-06
x3_lockout__t119                   2.76244e-06
gnd_drv__t616                      1.93994e-08
gnd_drv__t75                       1.93994e-08
x3_lockout__t120                   2.76244e-06
out__t569                          2.78805e-06
out__t61                           2.78805e-06
x3_lockout__t121                   2.76244e-06
gnd_drv__t617                      1.93994e-08
gnd_drv__t76                       1.93994e-08
x3_lockout__t122                   2.76244e-06
out__t570                          2.78805e-06
out__t62                           2.78805e-06
x3_lockout__t123                   2.76244e-06
gnd_drv__t618                      1.93994e-08
gnd_drv__t77                       1.93994e-08
x3_lockout__t124                   2.76244e-06
out__t571                          2.78805e-06
out__t298                          2.77397e-06
x2_n5__t45                             4.99997
gnd_drv__t854                      3.55384e-08
out__t70                           2.78805e-06
x3_lockout__t140                   2.76244e-06
gnd_drv__t626                      1.93994e-08
gnd_drv__t79                       1.93994e-08
x3_lockout__t126                   2.76244e-06
out__t573                          2.78805e-06
out__t63                           2.78805e-06
x3_lockout__t127                   2.76244e-06
gnd_drv__t619                      1.93994e-08
gnd_drv__t80                       1.93994e-08
x3_lockout__t128                   2.76244e-06
out__t574                          2.78805e-06
out__t64                           2.78805e-06
x3_lockout__t129                   2.76244e-06
gnd_drv__t620                      1.93994e-08
gnd_drv__t81                       1.93994e-08
x3_lockout__t130                   2.76244e-06
out__t575                          2.78805e-06
out__t65                           2.78805e-06
x3_lockout__t131                   2.76244e-06
gnd_drv__t621                      1.93994e-08
gnd_drv__t82                       1.93994e-08
x3_lockout__t132                   2.76244e-06
out__t576                          2.78805e-06
out__t66                           2.78805e-06
x3_lockout__t133                   2.76244e-06
gnd_drv__t622                      1.93994e-08
gnd_drv__t83                       1.93994e-08
x3_lockout__t134                   2.76244e-06
out__t577                          2.78805e-06
gnd_drv__t311                      3.54742e-08
x2_n5__t44                             4.99997
out__t805                          2.77404e-06
out__t14                           2.78805e-06
x3_lockout__t27                    2.76244e-06
gnd_drv__t570                      1.93994e-08
gnd_drv__t49                       1.93994e-08
x3_lockout__t69                    2.76244e-06
out__t543                          2.78805e-06
out__t36                           2.78805e-06
x3_lockout__t70                    2.76244e-06
gnd_drv__t592                      1.93994e-08
gnd_drv__t50                       1.93994e-08
x3_lockout__t71                    2.76244e-06
out__t544                          2.78805e-06
out__t37                           2.78805e-06
x3_lockout__t72                    2.76244e-06
gnd_drv__t593                      1.93994e-08
gnd_drv__t51                       1.93994e-08
x3_lockout__t73                    2.76244e-06
out__t545                          2.78805e-06
out__t38                           2.78805e-06
x3_lockout__t74                    2.76244e-06
gnd_drv__t594                      1.93994e-08
gnd_drv__t52                       1.93994e-08
x3_lockout__t75                    2.76244e-06
out__t546                          2.78805e-06
out__t39                           2.78805e-06
x3_lockout__t76                    2.76244e-06
gnd_drv__t595                      1.93994e-08
gnd_drv__t53                       1.93994e-08
x3_lockout__t77                    2.76244e-06
out__t547                          2.78805e-06
out__t297                          2.77412e-06
x2_n5__t43                             4.99997
gnd_drv__t853                        3.541e-08
out__t40                           2.78805e-06
x3_lockout__t78                    2.76244e-06
gnd_drv__t596                      1.93994e-08
gnd_drv__t54                       1.93994e-08
x3_lockout__t79                    2.76244e-06
out__t548                          2.78805e-06
out__t33                           2.78805e-06
x3_lockout__t65                    2.76244e-06
gnd_drv__t589                      1.93994e-08
gnd_drv__t26                       1.93994e-08
x3_lockout__t21                    2.76244e-06
out__t520                          2.78805e-06
out__t11                           2.78805e-06
x3_lockout__t22                    2.76244e-06
gnd_drv__t567                      1.93994e-08
gnd_drv__t27                       1.93994e-08
x3_lockout__t23                    2.76244e-06
out__t521                          2.78805e-06
out__t12                           2.78805e-06
x3_lockout__t24                    2.76244e-06
gnd_drv__t568                      1.93994e-08
gnd_drv__t28                       1.93994e-08
x3_lockout__t25                    2.76244e-06
out__t522                          2.78805e-06
out__t13                           2.78805e-06
x3_lockout__t26                    2.76244e-06
gnd_drv__t569                      1.93994e-08
gnd_drv__t48                       1.93994e-08
x3_lockout__t68                    2.76244e-06
out__t542                          2.78805e-06
gnd_drv__t315                      3.53469e-08
x2_n5__t51                             4.99997
out__t809                          2.77419e-06
out__t439                          2.78805e-06
x3_lockout__t661                   2.76244e-06
gnd_drv__t1021                     1.93994e-08
gnd_drv__t483                      1.93994e-08
x3_lockout__t662                   2.76244e-06
out__t950                          2.78805e-06
out__t440                          2.78805e-06
x3_lockout__t663                   2.76244e-06
gnd_drv__t1022                     1.93994e-08
gnd_drv__t484                      1.93994e-08
x3_lockout__t664                   2.76244e-06
out__t951                          2.78805e-06
out__t441                          2.78805e-06
x3_lockout__t665                   2.76244e-06
gnd_drv__t1023                     1.93994e-08
gnd_drv__t485                      1.93994e-08
x3_lockout__t666                   2.76244e-06
out__t952                          2.78805e-06
out__t442                          2.78805e-06
x3_lockout__t667                   2.76244e-06
gnd_drv__t1024                     1.93994e-08
gnd_drv__t486                      1.93994e-08
x3_lockout__t668                   2.76244e-06
out__t953                          2.78805e-06
out__t420                          2.78805e-06
x3_lockout__t626                   2.76244e-06
gnd_drv__t1002                     1.93994e-08
gnd_drv__t436                      1.93994e-08
x3_lockout__t569                   2.76244e-06
out__t903                          2.78805e-06
out__t296                          2.77427e-06
x2_n5__t41                             4.99997
gnd_drv__t852                      3.52827e-08
out__t394                          2.78805e-06
x3_lockout__t570                   2.76244e-06
gnd_drv__t975                      1.93994e-08
gnd_drv__t437                      1.93994e-08
x3_lockout__t571                   2.76244e-06
out__t904                          2.78805e-06
out__t395                          2.78805e-06
x3_lockout__t572                   2.76244e-06
gnd_drv__t976                      1.93994e-08
gnd_drv__t439                      1.93994e-08
x3_lockout__t574                   2.76244e-06
out__t906                          2.78805e-06
out__t49                           2.78805e-06
x3_lockout__t97                    2.76244e-06
gnd_drv__t605                      1.93994e-08
gnd_drv__t64                       1.93994e-08
x3_lockout__t98                    2.76244e-06
out__t558                          2.78805e-06
out__t50                           2.78805e-06
x3_lockout__t99                    2.76244e-06
gnd_drv__t606                      1.93994e-08
gnd_drv__t65                       1.93994e-08
x3_lockout__t100                   2.76244e-06
out__t559                          2.78805e-06
out__t51                           2.78805e-06
x3_lockout__t101                   2.76244e-06
gnd_drv__t607                      1.93994e-08
gnd_drv__t66                       1.93994e-08
x3_lockout__t102                   2.76244e-06
out__t560                          2.78805e-06
gnd_drv__t309                      3.52196e-08
x2_n5__t40                             4.99997
out__t803                          2.77434e-06
out__t52                           2.78805e-06
x3_lockout__t103                   2.76244e-06
gnd_drv__t608                      1.93994e-08
gnd_drv__t67                       1.93994e-08
x3_lockout__t104                   2.76244e-06
out__t561                          2.78805e-06
out__t53                           2.78805e-06
x3_lockout__t105                   2.76244e-06
gnd_drv__t609                      1.93994e-08
gnd_drv__t68                       1.93994e-08
x3_lockout__t106                   2.76244e-06
out__t562                          2.78805e-06
out__t54                           2.78805e-06
x3_lockout__t107                   2.76244e-06
gnd_drv__t610                      1.93994e-08
gnd_drv__t69                       1.93994e-08
x3_lockout__t108                   2.76244e-06
out__t563                          2.78805e-06
out__t135                          2.78805e-06
x3_lockout__t270                   2.76244e-06
gnd_drv__t691                      1.93994e-08
gnd_drv__t70                       1.93994e-08
x3_lockout__t109                   2.76244e-06
out__t564                          2.78805e-06
out__t426                          2.78805e-06
x3_lockout__t636                   2.76244e-06
gnd_drv__t1008                     1.93994e-08
gnd_drv__t471                      1.93994e-08
x3_lockout__t637                   2.76244e-06
out__t938                          2.78805e-06
x2_n1__t1                              4.99995
in_drv__t0                         1.31786e-06
gnd_drv__t1                        1.93995e-08
out__t295                          2.77442e-06
x2_n5__t39                             4.99997
gnd_drv__t851                      3.51554e-08
out__t427                          2.78805e-06
x3_lockout__t638                   2.76244e-06
gnd_drv__t1009                     1.93994e-08
gnd_drv__t489                      1.93994e-08
x3_lockout__t674                   2.76244e-06
out__t956                          2.78805e-06
out__t471                          2.78805e-06
x3_lockout__t726                   2.76244e-06
gnd_drv__t1060                     1.93994e-08
gnd_drv__t553                      1.93994e-08
x3_lockout__t793                   2.76244e-06
out__t1015                         2.78805e-06
out__t506                          2.78805e-06
x3_lockout__t794                   2.76244e-06
gnd_drv__t1095                     1.93994e-08
gnd_drv__t555                      1.93994e-08
x3_lockout__t797                   2.76244e-06
out__t1017                         2.78805e-06
out__t508                          2.78805e-06
x3_lockout__t798                   2.76244e-06
gnd_drv__t1097                     1.93994e-08
gnd_drv__t556                      1.93994e-08
x3_lockout__t799                   2.76244e-06
out__t1018                         2.78805e-06
out__t509                          2.78805e-06
x3_lockout__t800                   2.76244e-06
gnd_drv__t1098                     1.93994e-08
gnd_drv__t550                      1.93994e-08
x3_lockout__t788                   2.76244e-06
out__t1012                         2.78805e-06
gnd_drv__t308                      3.50923e-08
x2_n5__t38                             4.99997
out__t802                          2.77449e-06
out__t503                          2.78805e-06
x3_lockout__t787                   2.76244e-06
gnd_drv__t1092                     1.93994e-08
gnd_drv__t554                      1.93994e-08
x3_lockout__t795                   2.76244e-06
out__t1016                         2.78805e-06
out__t502                          2.78805e-06
x3_lockout__t786                   2.76244e-06
gnd_drv__t1091                     1.93994e-08
gnd_drv__t549                      1.93994e-08
x3_lockout__t785                   2.76244e-06
out__t1011                         2.78805e-06
out__t501                          2.78805e-06
x3_lockout__t784                   2.76244e-06
gnd_drv__t1090                     1.93994e-08
gnd_drv__t548                      1.93994e-08
x3_lockout__t781                   2.76244e-06
out__t1010                         2.78805e-06
out__t496                          2.78805e-06
x3_lockout__t775                   2.76244e-06
gnd_drv__t1085                     1.93994e-08
gnd_drv__t545                      1.93994e-08
x3_lockout__t776                   2.76244e-06
out__t1007                         2.78805e-06
out__t497                          2.78805e-06
x3_lockout__t777                   2.76244e-06
gnd_drv__t1086                     1.93994e-08
gnd_drv__t546                      1.93994e-08
x3_lockout__t778                   2.76244e-06
out__t1008                         2.78805e-06
out__t294                          2.77456e-06
x2_n5__t37                             4.99997
gnd_drv__t850                      3.50303e-08
out__t498                          2.78805e-06
x3_lockout__t779                   2.76244e-06
gnd_drv__t1087                     1.93994e-08
gnd_drv__t547                      1.93994e-08
x3_lockout__t780                   2.76244e-06
out__t1009                         2.78805e-06
out__t500                          2.78805e-06
x3_lockout__t783                   2.76244e-06
gnd_drv__t1089                     1.93994e-08
gnd_drv__t503                      1.93994e-08
x3_lockout__t702                   2.76244e-06
out__t970                          2.78805e-06
out__t460                          2.78805e-06
x3_lockout__t703                   2.76244e-06
gnd_drv__t1042                     1.93994e-08
gnd_drv__t504                      1.93994e-08
x3_lockout__t704                   2.76244e-06
out__t971                          2.78805e-06
out__t461                          2.78805e-06
x3_lockout__t705                   2.76244e-06
gnd_drv__t1043                     1.93994e-08
gnd_drv__t505                      1.93994e-08
x3_lockout__t706                   2.76244e-06
out__t972                          2.78805e-06
out__t482                          2.78805e-06
x3_lockout__t746                   2.76244e-06
gnd_drv__t1071                     1.93994e-08
gnd_drv__t506                      1.93994e-08
x3_lockout__t708                   2.76244e-06
out__t973                          2.78805e-06
gnd_drv__t307                      3.49672e-08
x2_n5__t36                             4.99997
out__t801                          2.77464e-06
out__t463                          2.78805e-06
x3_lockout__t709                   2.76244e-06
gnd_drv__t1045                     1.93994e-08
gnd_drv__t511                      1.93994e-08
x3_lockout__t719                   2.76244e-06
out__t978                          2.78805e-06
out__t465                          2.78805e-06
x3_lockout__t711                   2.76244e-06
gnd_drv__t1047                     1.93994e-08
gnd_drv__t507                      1.93994e-08
x3_lockout__t712                   2.76244e-06
out__t974                          2.78805e-06
out__t466                          2.78805e-06
x3_lockout__t713                   2.76244e-06
gnd_drv__t1048                     1.93994e-08
gnd_drv__t508                      1.93994e-08
x3_lockout__t714                   2.76244e-06
out__t975                          2.78805e-06
out__t467                          2.78805e-06
x3_lockout__t715                   2.76244e-06
gnd_drv__t1049                     1.93994e-08
gnd_drv__t509                      1.93994e-08
x3_lockout__t716                   2.76244e-06
out__t976                          2.78805e-06
out__t468                          2.78805e-06
x3_lockout__t717                   2.76244e-06
gnd_drv__t1050                     1.93994e-08
gnd_drv__t510                      1.93994e-08
x3_lockout__t718                   2.76244e-06
out__t977                          2.78805e-06
out__t309                          2.77471e-06
x2_n5__t70                             4.99997
gnd_drv__t873                      3.49041e-08
out__t464                          2.78805e-06
x3_lockout__t710                   2.76244e-06
gnd_drv__t1046                     1.93994e-08
gnd_drv__t502                      1.93994e-08
x3_lockout__t701                   2.76244e-06
out__t969                          2.78805e-06
out__t459                          2.78805e-06
x3_lockout__t700                   2.76244e-06
gnd_drv__t1041                     1.93994e-08
gnd_drv__t501                      1.93994e-08
x3_lockout__t699                   2.76244e-06
out__t968                          2.78805e-06
out__t458                          2.78805e-06
x3_lockout__t698                   2.76244e-06
gnd_drv__t1040                     1.93994e-08
gnd_drv__t557                      1.93994e-08
x3_lockout__t801                   2.76244e-06
out__t1019                         2.78805e-06
out__t507                          2.78805e-06
x3_lockout__t796                   2.76244e-06
gnd_drv__t1096                     1.93994e-08
gnd_drv__t500                      1.93994e-08
x3_lockout__t697                   2.76244e-06
out__t967                          2.78805e-06
out__t457                          2.78805e-06
x3_lockout__t696                   2.76244e-06
gnd_drv__t1039                     1.93994e-08
gnd_drv__t499                      1.93994e-08
x3_lockout__t695                   2.76244e-06
out__t966                          2.78805e-06
gnd_drv__t396                      3.48421e-08
x2_n5__t158                            4.99997
out__t863                          2.77478e-06
out__t456                          2.78805e-06
x3_lockout__t694                   2.76244e-06
gnd_drv__t1038                     1.93994e-08
gnd_drv__t521                      1.93994e-08
x3_lockout__t727                   2.76244e-06
out__t983                          2.78805e-06
out__t472                          2.78805e-06
x3_lockout__t728                   2.76244e-06
gnd_drv__t1061                     1.93994e-08
gnd_drv__t522                      1.93994e-08
x3_lockout__t729                   2.76244e-06
out__t984                          2.78805e-06
out__t473                          2.78805e-06
x3_lockout__t730                   2.76244e-06
gnd_drv__t1062                     1.93994e-08
gnd_drv__t523                      1.93994e-08
x3_lockout__t731                   2.76244e-06
out__t985                          2.78805e-06
out__t479                          2.78805e-06
x3_lockout__t741                   2.76244e-06
gnd_drv__t1068                     1.93994e-08
gnd_drv__t518                      1.93994e-08
x3_lockout__t723                   2.76244e-06
out__t980                          2.78805e-06
out__t470                          2.78805e-06
x3_lockout__t722                   2.76244e-06
gnd_drv__t1059                     1.93994e-08
gnd_drv__t530                      1.93994e-08
x3_lockout__t747                   2.76244e-06
out__t992                          2.78805e-06
out__t358                          2.77486e-06
x2_n5__t168                            4.99997
gnd_drv__t939                      3.47801e-08
out__t499                          2.78805e-06
x3_lockout__t782                   2.76244e-06
gnd_drv__t1088                     1.93994e-08
gnd_drv__t529                      1.93994e-08
x3_lockout__t745                   2.76244e-06
out__t991                          2.78805e-06
out__t481                          2.78805e-06
x3_lockout__t744                   2.76244e-06
gnd_drv__t1070                     1.93994e-08
gnd_drv__t528                      1.93994e-08
x3_lockout__t743                   2.76244e-06
out__t990                          2.78805e-06
out__t480                          2.78805e-06
x3_lockout__t742                   2.76244e-06
gnd_drv__t1069                     1.93994e-08
gnd_drv__t536                      1.93994e-08
x3_lockout__t757                   2.76244e-06
out__t998                          2.78805e-06
out__t504                          2.78805e-06
x3_lockout__t789                   2.76244e-06
gnd_drv__t1093                     1.93994e-08
gnd_drv__t551                      1.93994e-08
x3_lockout__t790                   2.76244e-06
out__t1013                         2.78805e-06
out__t505                          2.78805e-06
x3_lockout__t791                   2.76244e-06
gnd_drv__t1094                     1.93994e-08
gnd_drv__t552                      1.93994e-08
x3_lockout__t792                   2.76244e-06
out__t1014                         2.78805e-06
gnd_drv__t399                      3.47181e-08
x2_n5__t161                            4.99997
out__t866                          2.77493e-06
out__t469                          2.78805e-06
x3_lockout__t721                   2.76244e-06
gnd_drv__t1058                     1.93994e-08
gnd_drv__t517                      1.93994e-08
x3_lockout__t720                   2.76244e-06
out__t979                          2.78805e-06
out__t455                          2.78805e-06
x3_lockout__t693                   2.76244e-06
gnd_drv__t1037                     1.93994e-08
gnd_drv__t498                      1.93994e-08
x3_lockout__t692                   2.76244e-06
out__t965                          2.78805e-06
out__t454                          2.78805e-06
x3_lockout__t691                   2.76244e-06
gnd_drv__t1036                     1.93994e-08
gnd_drv__t497                      1.93994e-08
x3_lockout__t690                   2.76244e-06
out__t964                          2.78805e-06
out__t453                          2.78805e-06
x3_lockout__t689                   2.76244e-06
gnd_drv__t1035                     1.93994e-08
gnd_drv__t496                      1.93994e-08
x3_lockout__t688                   2.76244e-06
out__t963                          2.78805e-06
out__t452                          2.78805e-06
x3_lockout__t687                   2.76244e-06
gnd_drv__t1034                     1.93994e-08
gnd_drv__t519                      1.93994e-08
x3_lockout__t724                   2.76244e-06
out__t981                          2.78805e-06
out__t355                            2.775e-06
x2_n5__t162                            4.99997
gnd_drv__t936                      3.46561e-08
out__t35                           2.78805e-06
x3_lockout__t67                    2.76244e-06
gnd_drv__t591                      1.93994e-08
gnd_drv__t84                       1.93994e-08
x3_lockout__t136                   2.76244e-06
out__t578                          2.78805e-06
out__t68                           2.78805e-06
x3_lockout__t137                   2.76244e-06
gnd_drv__t624                      1.93994e-08
gnd_drv__t85                       1.93994e-08
x3_lockout__t138                   2.76244e-06
out__t579                          2.78805e-06
out__t69                           2.78805e-06
x3_lockout__t139                   2.76244e-06
gnd_drv__t625                      1.93994e-08
gnd_drv__t78                       1.93994e-08
x3_lockout__t125                   2.76244e-06
out__t572                          2.78805e-06
out__t42                           2.78805e-06
x3_lockout__t81                    2.76244e-06
gnd_drv__t598                      1.93994e-08
gnd_drv__t55                       1.93994e-08
x3_lockout__t82                    2.76244e-06
out__t549                          2.78805e-06
out__t43                           2.78805e-06
x3_lockout__t83                    2.76244e-06
gnd_drv__t599                      1.93994e-08
gnd_drv__t56                       1.93994e-08
x3_lockout__t84                    2.76244e-06
out__t550                          2.78805e-06
gnd_drv__t400                      3.45952e-08
x2_n5__t163                            4.99997
out__t867                          2.77507e-06
out__t44                           2.78805e-06
x3_lockout__t85                    2.76244e-06
gnd_drv__t600                      1.93994e-08
gnd_drv__t57                       1.93994e-08
x3_lockout__t86                    2.76244e-06
out__t551                          2.78805e-06
out__t45                           2.78805e-06
x3_lockout__t87                    2.76244e-06
gnd_drv__t601                      1.93994e-08
gnd_drv__t58                       1.93994e-08
x3_lockout__t88                    2.76244e-06
out__t552                          2.78805e-06
out__t46                           2.78805e-06
x3_lockout__t89                    2.76244e-06
gnd_drv__t602                      1.93994e-08
gnd_drv__t59                       1.93994e-08
x3_lockout__t90                    2.76244e-06
out__t553                          2.78805e-06
out__t47                           2.78805e-06
x3_lockout__t91                    2.76244e-06
gnd_drv__t603                      1.93994e-08
gnd_drv__t60                       1.93994e-08
x3_lockout__t92                    2.76244e-06
out__t554                          2.78805e-06
out__t48                           2.78805e-06
x3_lockout__t93                    2.76244e-06
gnd_drv__t604                      1.93994e-08
gnd_drv__t61                       1.93994e-08
x3_lockout__t94                    2.76244e-06
out__t555                          2.78805e-06
x1_nca__t2                             4.99992
x1_ncb__t4                         4.20592e-06
vdd_drv__t672                                5
vdd_drv                                      5
x1_ncb__t1                         4.59883e-06
x1_nca__t1                             4.99992
vdd_drv__t13                                 5
x1_nbuf1__t3                           4.99996
x1_ncb__t0                         4.20592e-06
vdd_drv__t11                                 5
in_drv__t2                          1.8859e-06
x1_nbuf1__t1                           4.99996
vdd_drv__t9                                  5
x2_n1__t2                              4.99996
in_drv__t1                         1.31786e-06
vdd_drv__t15                                 5
x2_n2__t3                           3.4138e-06
x2_n1__t0                              4.99995
vdd_drv__t7                                  5
x2_n3__t3                              4.99998
x2_n2__t1                          2.27951e-06
vdd_drv__t5                                  5
x2_n4__t207                        3.21574e-06
x2_n3__t0                               4.9999
vdd_drv__t3                                  5
vdd_drv__t1322                               5
x2_n3__t2                               4.9999
x2_n4__t206                        3.21223e-06
x2_n4__t204                        3.20875e-06
x2_n3__t44                              4.9999
vdd_drv__t1321                               5
vdd_drv__t1000                               5
x2_n3__t43                              4.9999
x2_n4__t220                         3.2053e-06
x2_n4__t203                        3.20187e-06
x2_n3__t42                              4.9999
vdd_drv__t1320                               5
vdd_drv__t999                                5
x2_n3__t41                              4.9999
x2_n4__t219                        3.19849e-06
x2_n4__t202                        3.19513e-06
x2_n3__t40                              4.9999
vdd_drv__t1319                               5
vdd_drv__t998                                5
x2_n3__t39                              4.9999
x2_n4__t218                        3.19181e-06
x2_n4__t201                        3.18853e-06
x2_n3__t38                              4.9999
vdd_drv__t1318                               5
vdd_drv__t997                                5
x2_n3__t37                              4.9999
x2_n4__t217                        3.18529e-06
x2_n4__t200                        3.18209e-06
x2_n3__t36                              4.9999
vdd_drv__t1317                               5
vdd_drv__t991                                5
x2_n3__t31                              4.9999
x2_n4__t215                        3.17894e-06
x2_n4__t196                        3.17583e-06
x2_n3__t30                              4.9999
vdd_drv__t1307                               5
vdd_drv__t990                                5
x2_n3__t29                              4.9999
x2_n4__t214                        3.17277e-06
x2_n4__t195                        3.16976e-06
x2_n3__t28                              4.9999
vdd_drv__t1306                               5
vdd_drv__t989                                5
x2_n3__t27                              4.9999
x2_n4__t213                         3.1668e-06
x2_n4__t199                         3.1639e-06
x2_n3__t35                              4.9999
vdd_drv__t1313                               5
vdd_drv__t987                                5
x2_n3__t26                              4.9999
x2_n4__t212                        3.16105e-06
x2_n4__t194                        3.15827e-06
x2_n3__t25                              4.9999
vdd_drv__t1305                               5
vdd_drv__t986                                5
x2_n3__t24                              4.9999
x2_n4__t211                        3.15555e-06
x2_n4__t193                         3.1529e-06
x2_n3__t23                              4.9999
vdd_drv__t1304                               5
vdd_drv__t985                                5
x2_n3__t22                              4.9999
x2_n4__t210                        3.15032e-06
x2_n4__t205                        3.14781e-06
x2_n3__t45                              4.9999
vdd_drv__t1323                               5
vdd_drv__t984                                5
x2_n3__t21                              4.9999
x2_n4__t209                        3.14538e-06
x2_n4__t198                        3.14303e-06
x2_n3__t34                              4.9999
vdd_drv__t1309                               5
vdd_drv__t992                                5
x2_n3__t33                              4.9999
x2_n4__t216                        3.14077e-06
x2_n4__t197                        3.13859e-06
x2_n3__t32                              4.9999
vdd_drv__t1308                               5
vdd_drv__t983                                5
x2_n3__t20                              4.9999
x2_n4__t208                        3.13651e-06
x2_n4__t191                        3.13452e-06
x2_n3__t19                              4.9999
vdd_drv__t1303                               5
vdd_drv__t18                                 5
x2_n3__t4                               4.9999
x2_n4__t192                        3.13263e-06
vdd_drv__t905                                5
x2_n4__t91                         2.98329e-06
x2_n5__t854                            4.99998
x2_n5__t793                            4.99998
x2_n4__t90                         2.98329e-06
vdd_drv__t1227                               5
vdd_drv__t908                                5
x2_n4__t96                         2.98329e-06
x2_n5__t857                            4.99998
x2_n5__t801                            4.99998
x2_n4__t108                        2.98329e-06
vdd_drv__t1235                               5
vdd_drv__t914                                5
x2_n4__t107                        2.98329e-06
x2_n5__t863                            4.99998
x2_n5__t798                            4.99998
x2_n4__t102                        2.98329e-06
vdd_drv__t1232                               5
vdd_drv__t911                                5
x2_n4__t101                        2.98329e-06
x2_n5__t860                            4.99998
x2_n5__t797                            4.99998
x2_n4__t100                        2.98329e-06
vdd_drv__t1231                               5
vdd_drv__t909                                5
x2_n4__t98                         2.98329e-06
x2_n5__t858                            4.99998
x2_n5__t796                            4.99998
x2_n4__t97                         2.98329e-06
vdd_drv__t1230                               5
vdd_drv__t917                                5
x2_n4__t114                        2.98329e-06
x2_n5__t866                            4.99998
x2_n5__t804                            4.99998
x2_n4__t113                        2.98329e-06
vdd_drv__t1238                               5
vdd_drv__t907                                5
x2_n4__t95                         2.98329e-06
x2_n5__t856                            4.99998
x2_n5__t795                            4.99998
x2_n4__t94                         2.98329e-06
vdd_drv__t1229                               5
vdd_drv__t906                                5
x2_n4__t93                         2.98329e-06
x2_n5__t855                            4.99998
x2_n5__t794                            4.99998
x2_n4__t92                         2.98329e-06
vdd_drv__t1228                               5
vdd_drv__t904                                5
x2_n4__t89                         2.98329e-06
x2_n5__t853                            4.99998
x2_n5__t792                            4.99998
x2_n4__t88                         2.98329e-06
vdd_drv__t1226                               5
vdd_drv__t902                                5
x2_n4__t87                         2.98329e-06
x2_n5__t852                            4.99998
x2_n5__t791                            4.99998
x2_n4__t86                         2.98329e-06
vdd_drv__t1225                               5
vdd_drv__t893                                5
x2_n4__t70                         2.98329e-06
x2_n5__t843                            4.99997
x2_n5__t835                            4.99997
x2_n4__t175                        2.98329e-06
vdd_drv__t1314                               5
vdd_drv__t995                                5
x2_n4__t174                        2.98329e-06
x2_n5__t896                            4.99997
x2_n5__t834                            4.99997
x2_n4__t173                        2.98329e-06
vdd_drv__t1311                               5
vdd_drv__t994                                5
x2_n4__t172                        2.98329e-06
x2_n5__t895                            4.99997
x2_n5__t833                            4.99997
x2_n4__t171                        2.98329e-06
vdd_drv__t1310                               5
vdd_drv__t993                                5
x2_n4__t170                        2.98329e-06
x2_n5__t894                            4.99997
x2_n5__t782                            4.99997
x2_n4__t68                         2.98329e-06
vdd_drv__t1216                               5
vdd_drv__t892                                5
x2_n4__t67                         2.98329e-06
x2_n5__t842                            4.99997
x2_n5__t781                            4.99997
x2_n4__t66                         2.98329e-06
vdd_drv__t1215                               5
vdd_drv__t891                                5
x2_n4__t65                         2.98329e-06
x2_n5__t841                            4.99997
x2_n5__t780                            4.99997
x2_n4__t64                         2.98329e-06
vdd_drv__t1214                               5
vdd_drv__t890                                5
x2_n4__t63                         2.98329e-06
x2_n5__t840                            4.99997
x2_n5__t779                            4.99997
x2_n4__t62                         2.98329e-06
vdd_drv__t1213                               5
vdd_drv__t889                                5
x2_n4__t61                         2.98329e-06
x2_n5__t839                            4.99997
x2_n5__t778                            4.99997
x2_n4__t60                         2.98329e-06
vdd_drv__t1212                               5
vdd_drv__t888                                5
x2_n4__t59                         2.98329e-06
x2_n5__t838                            4.99997
x2_n5__t777                            4.99997
x2_n4__t58                         2.98329e-06
vdd_drv__t1211                               5
vdd_drv__t887                                5
x2_n4__t57                         2.98329e-06
x2_n5__t837                            4.99997
x2_n5__t776                            4.99997
x2_n4__t56                         2.98329e-06
vdd_drv__t1210                               5
vdd_drv__t910                                5
x2_n4__t99                         2.98329e-06
x2_n5__t859                            4.99997
x2_n5__t808                            4.99997
x2_n4__t121                        2.98329e-06
vdd_drv__t1242                               5
vdd_drv__t921                                5
x2_n4__t122                        2.98329e-06
x2_n5__t870                            4.99997
x2_n5__t812                            4.99997
x2_n4__t129                        2.98329e-06
vdd_drv__t1246                               5
vdd_drv__t933                                5
x2_n4__t140                        2.98329e-06
x2_n5__t879                            4.99997
x2_n5__t813                            4.99997
x2_n4__t131                        2.98329e-06
vdd_drv__t1247                               5
vdd_drv__t926                                5
x2_n4__t132                        2.98329e-06
x2_n5__t875                            4.99997
x2_n5__t814                            4.99997
x2_n4__t133                        2.98329e-06
vdd_drv__t1248                               5
vdd_drv__t927                                5
x2_n4__t134                        2.98329e-06
x2_n5__t876                            4.99997
x2_n5__t815                            4.99997
x2_n4__t135                        2.98329e-06
vdd_drv__t1249                               5
vdd_drv__t928                                5
x2_n4__t136                        2.98329e-06
x2_n5__t877                            4.99997
x2_n5__t816                            4.99997
x2_n4__t137                        2.98329e-06
vdd_drv__t1250                               5
vdd_drv__t929                                5
x2_n4__t138                        2.98329e-06
x2_n5__t878                            4.99997
x2_n5__t817                            4.99997
x2_n4__t139                        2.98329e-06
vdd_drv__t1251                               5
vdd_drv__t923                                5
x2_n4__t126                        2.98329e-06
x2_n5__t872                            4.99997
x2_n5__t811                            4.99997
x2_n4__t127                        2.98329e-06
vdd_drv__t1245                               5
vdd_drv__t924                                5
x2_n4__t128                        2.98329e-06
x2_n5__t873                            4.99997
x2_n5__t809                            4.99997
x2_n4__t123                        2.98329e-06
vdd_drv__t1243                               5
vdd_drv__t922                                5
x2_n4__t124                        2.98329e-06
x2_n5__t871                            4.99997
x2_n5__t810                            4.99997
x2_n4__t125                        2.98329e-06
vdd_drv__t1244                               5
vdd_drv__t23                                 5
x2_n4__t55                         2.98329e-06
x2_n5__t775                            4.99997
x2_n5__t836                            4.99998
x2_n4__t176                        2.98329e-06
vdd_drv__t678                                5
vdd_drv__t937                                5
x2_n4__t150                        2.98329e-06
x2_n5__t883                            4.99998
x2_n5__t823                            4.99998
x2_n4__t149                        2.98329e-06
vdd_drv__t1260                               5
vdd_drv__t936                                5
x2_n4__t148                        2.98329e-06
x2_n5__t882                            4.99998
x2_n5__t822                            4.99998
x2_n4__t147                        2.98329e-06
vdd_drv__t1259                               5
vdd_drv__t919                                5
x2_n4__t119                        2.98329e-06
x2_n5__t868                            4.99998
x2_n5__t807                            4.99998
x2_n4__t118                        2.98329e-06
vdd_drv__t1241                               5
vdd_drv__t918                                5
x2_n4__t117                        2.98329e-06
x2_n5__t867                            4.99998
x2_n5__t806                            4.99998
x2_n4__t116                        2.98329e-06
vdd_drv__t1240                               5
vdd_drv__t940                                5
x2_n4__t154                        2.98329e-06
x2_n5__t886                            4.99998
x2_n5__t831                            4.99998
x2_n4__t168                        2.98329e-06
vdd_drv__t1268                               5
vdd_drv__t948                                5
x2_n4__t167                        2.98329e-06
x2_n5__t893                            4.99998
x2_n5__t830                            4.99998
x2_n4__t166                        2.98329e-06
vdd_drv__t1267                               5
vdd_drv__t947                                5
x2_n4__t165                        2.98329e-06
x2_n5__t892                            4.99998
x2_n5__t829                            4.99998
x2_n4__t164                        2.98329e-06
vdd_drv__t1266                               5
vdd_drv__t945                                5
x2_n4__t163                        2.98329e-06
x2_n5__t891                            4.99998
x2_n5__t828                            4.99998
x2_n4__t162                        2.98329e-06
vdd_drv__t1265                               5
vdd_drv__t944                                5
x2_n4__t161                        2.98329e-06
x2_n5__t890                            4.99998
x2_n5__t827                            4.99998
x2_n4__t160                        2.98329e-06
vdd_drv__t1264                               5
vdd_drv__t943                                5
x2_n4__t159                        2.98329e-06
x2_n5__t889                            4.99998
x2_n5__t826                            4.99998
x2_n4__t158                        2.98329e-06
vdd_drv__t1263                               5
vdd_drv__t942                                5
x2_n4__t157                        2.98329e-06
x2_n5__t888                            4.99998
x2_n5__t825                            4.99998
x2_n4__t156                        2.98329e-06
vdd_drv__t1262                               5
vdd_drv__t941                                5
x2_n4__t155                        2.98329e-06
x2_n5__t887                            4.99998
x2_n5__t832                            4.99998
x2_n4__t169                        2.98329e-06
vdd_drv__t1269                               5
vdd_drv__t939                                5
x2_n4__t153                        2.98329e-06
x2_n5__t885                            4.99998
x2_n5__t824                            4.99998
x2_n4__t152                        2.98329e-06
vdd_drv__t1261                               5
vdd_drv__t938                                5
x2_n4__t151                        2.98329e-06
x2_n5__t884                            4.99998
x2_n5__t783                            4.99998
x2_n4__t69                         2.98329e-06
vdd_drv__t1217                               5
vdd_drv__t898                                5
x2_n4__t80                         2.98329e-06
x2_n5__t848                            4.99998
x2_n5__t788                            4.99998
x2_n4__t79                         2.98329e-06
vdd_drv__t1222                               5
vdd_drv__t897                                5
x2_n4__t78                         2.98329e-06
x2_n5__t847                            4.99998
x2_n5__t787                            4.99998
x2_n4__t77                         2.98329e-06
vdd_drv__t1221                               5
vdd_drv__t896                                5
x2_n4__t76                         2.98329e-06
x2_n5__t846                            4.99998
x2_n5__t786                            4.99998
x2_n4__t75                         2.98329e-06
vdd_drv__t1220                               5
vdd_drv__t895                                5
x2_n4__t74                         2.98329e-06
x2_n5__t845                            4.99998
x2_n5__t785                            4.99998
x2_n4__t73                         2.98329e-06
vdd_drv__t1219                               5
vdd_drv__t901                                5
x2_n4__t85                         2.98329e-06
x2_n5__t851                            4.99998
x2_n5__t819                            4.99998
x2_n4__t143                        2.98329e-06
vdd_drv__t1256                               5
vdd_drv__t934                                5
x2_n4__t142                        2.98329e-06
x2_n5__t880                            4.99998
x2_n5__t818                            4.99998
x2_n4__t141                        2.98329e-06
vdd_drv__t1254                               5
vdd_drv__t925                                5
x2_n4__t130                        2.98329e-06
x2_n5__t874                            4.99998
x2_n5__t790                            4.99998
x2_n4__t84                         2.98329e-06
vdd_drv__t1224                               5
vdd_drv__t900                                5
x2_n4__t83                         2.98329e-06
x2_n5__t850                            4.99998
x2_n5__t789                            4.99998
x2_n4__t82                         2.98329e-06
vdd_drv__t1223                               5
vdd_drv__t899                                5
x2_n4__t81                         2.98329e-06
x2_n5__t849                            4.99998
x2_n5__t784                            4.99998
x2_n4__t72                         2.98329e-06
vdd_drv__t1218                               5
vdd_drv__t894                                5
x2_n4__t71                         2.98329e-06
x2_n5__t844                            4.99998
x2_n5__t821                            4.99998
x2_n4__t146                        2.98329e-06
vdd_drv__t1258                               5
vdd_drv__t935                                5
x2_n4__t145                        2.98329e-06
x2_n5__t881                            4.99998
x2_n5__t820                            4.99998
x2_n4__t144                        2.98329e-06
vdd_drv__t1257                               5
vdd_drv__t920                                5
x2_n4__t120                        2.98329e-06
x2_n5__t869                            4.99998
x2_n5__t800                            4.99998
x2_n4__t106                        2.98329e-06
vdd_drv__t1234                               5
vdd_drv__t913                                5
x2_n4__t105                        2.98329e-06
x2_n5__t862                            4.99998
x2_n5__t799                            4.99998
x2_n4__t104                        2.98329e-06
vdd_drv__t1233                               5
vdd_drv__t912                                5
x2_n4__t103                        2.98329e-06
x2_n5__t861                            4.99998
x2_n5__t805                            4.99998
x2_n4__t115                        2.98329e-06
vdd_drv__t1239                               5
vdd_drv__t916                                5
x2_n4__t112                        2.98329e-06
x2_n5__t865                            4.99998
x2_n5__t803                            4.99998
x2_n4__t111                        2.98329e-06
vdd_drv__t1237                               5
vdd_drv__t915                                5
x2_n4__t110                        2.98329e-06
x2_n5__t864                            4.99998
x2_n5__t802                            4.99998
x2_n4__t109                        2.98329e-06
vdd_drv__t1236                               5
vdd_drv__t956                                5
x2_n5__t655                            4.99997
out__t1488                         2.79318e-06
out__t1239                          2.7932e-06
x2_n5__t661                            4.99997
vdd_drv__t1279                               5
vdd_drv__t959                                5
x2_n5__t660                            4.99997
out__t1491                         2.79322e-06
out__t1238                         2.79325e-06
x2_n5__t659                            4.99997
vdd_drv__t1278                               5
vdd_drv__t958                                5
x2_n5__t658                            4.99997
out__t1490                         2.79327e-06
out__t1237                         2.79329e-06
x2_n5__t657                            4.99997
vdd_drv__t1277                               5
vdd_drv__t957                                5
x2_n5__t656                            4.99997
out__t1489                         2.79331e-06
out__t1244                         2.79334e-06
x2_n5__t670                            4.99997
vdd_drv__t1284                               5
vdd_drv__t955                                5
x2_n5__t654                            4.99997
out__t1487                         2.79336e-06
out__t1236                         2.79338e-06
x2_n5__t653                            4.99997
vdd_drv__t1276                               5
vdd_drv__t954                                5
x2_n5__t652                            4.99997
out__t1486                         2.79341e-06
out__t1269                         2.79343e-06
x2_n5__t718                            4.99997
vdd_drv__t1327                               5
vdd_drv__t963                                5
x2_n5__t669                            4.99997
out__t1495                         2.79345e-06
out__t1243                         2.79348e-06
x2_n5__t668                            4.99997
vdd_drv__t1283                               5
vdd_drv__t962                                5
x2_n5__t667                            4.99997
out__t1494                          2.7935e-06
out__t1242                         2.79352e-06
x2_n5__t666                            4.99997
vdd_drv__t1282                               5
vdd_drv__t961                                5
x2_n5__t665                            4.99997
out__t1493                         2.79355e-06
out__t1241                         2.79357e-06
x2_n5__t664                            4.99997
vdd_drv__t1281                               5
vdd_drv__t960                                5
x2_n5__t663                            4.99997
out__t1492                         2.79359e-06
out__t1240                         2.79362e-06
x2_n5__t662                            4.99997
vdd_drv__t1280                               5
vdd_drv__t949                                5
x2_n5__t642                            4.99997
out__t1481                         2.79364e-06
out__t1230                         2.79367e-06
x2_n5__t641                            4.99997
vdd_drv__t1270                               5
vdd_drv__t971                                5
x2_n5__t685                            4.99997
out__t1503                         2.79369e-06
out__t1259                         2.79372e-06
x2_n5__t700                            4.99997
vdd_drv__t1299                               5
vdd_drv__t977                                5
x2_n5__t698                            4.99997
out__t1509                         2.79374e-06
out__t1258                         2.79376e-06
x2_n5__t697                            4.99997
vdd_drv__t1298                               5
vdd_drv__t978                                5
x2_n5__t699                            4.99997
out__t1510                         2.79379e-06
out__t1257                         2.79381e-06
x2_n5__t696                            4.99997
vdd_drv__t1297                               5
vdd_drv__t976                                5
x2_n5__t695                            4.99997
out__t1508                         2.79384e-06
out__t1256                         2.79386e-06
x2_n5__t694                            4.99997
vdd_drv__t1296                               5
vdd_drv__t975                                5
x2_n5__t693                            4.99997
out__t1507                         2.79389e-06
out__t1255                         2.79392e-06
x2_n5__t692                            4.99997
vdd_drv__t1295                               5
vdd_drv__t974                                5
x2_n5__t691                            4.99997
out__t1506                         2.79394e-06
out__t1254                         2.79397e-06
x2_n5__t690                            4.99997
vdd_drv__t1294                               5
vdd_drv__t973                                5
x2_n5__t689                            4.99997
out__t1505                         2.79399e-06
out__t1253                         2.79402e-06
x2_n5__t688                            4.99997
vdd_drv__t1293                               5
vdd_drv__t972                                5
x2_n5__t687                            4.99997
out__t1504                         2.79404e-06
out__t1252                         2.79407e-06
x2_n5__t686                            4.99997
vdd_drv__t1292                               5
vdd_drv__t979                                5
x2_n5__t701                            4.99997
out__t1511                         2.79409e-06
out__t1251                         2.79412e-06
x2_n5__t684                            4.99997
vdd_drv__t1291                               5
vdd_drv__t970                                5
x2_n5__t683                            4.99997
out__t1502                         2.79415e-06
out__t1250                         2.79417e-06
x2_n5__t682                            4.99997
vdd_drv__t1290                               5
vdd_drv__t969                                5
x2_n5__t681                            4.99997
out__t1501                          2.7942e-06
out__t1249                         2.79423e-06
x2_n5__t680                            4.99997
vdd_drv__t1289                               5
vdd_drv__t968                                5
x2_n5__t679                            4.99997
out__t1500                         2.79425e-06
out__t1248                         2.79428e-06
x2_n5__t678                            4.99997
vdd_drv__t1288                               5
vdd_drv__t967                                5
x2_n5__t677                            4.99997
out__t1499                         2.79431e-06
out__t1247                         2.79433e-06
x2_n5__t676                            4.99997
vdd_drv__t1287                               5
vdd_drv__t966                                5
x2_n5__t675                            4.99997
out__t1498                         2.79436e-06
out__t1246                         2.79439e-06
x2_n5__t674                            4.99997
vdd_drv__t1286                               5
vdd_drv__t965                                5
x2_n5__t673                            4.99997
out__t1497                         2.79441e-06
out__t1245                         2.79444e-06
x2_n5__t672                            4.99997
vdd_drv__t1285                               5
vdd_drv__t964                                5
x2_n5__t671                            4.99997
out__t1496                         2.79447e-06
out__t1263                         2.79449e-06
x2_n5__t709                            4.99997
vdd_drv__t1312                               5
vdd_drv__t932                                5
x2_n5__t638                            4.99997
out__t1479                         2.79452e-06
out__t1235                         2.79455e-06
x2_n5__t651                            4.99997
vdd_drv__t1275                               5
vdd_drv__t953                                5
x2_n5__t650                            4.99997
out__t1485                         2.79458e-06
out__t1234                          2.7946e-06
x2_n5__t649                            4.99997
vdd_drv__t1274                               5
vdd_drv__t952                                5
x2_n5__t648                            4.99997
out__t1484                         2.79463e-06
out__t1233                         2.79466e-06
x2_n5__t647                            4.99997
vdd_drv__t1273                               5
vdd_drv__t951                                5
x2_n5__t646                            4.99997
out__t1483                         2.79469e-06
out__t1232                         2.79471e-06
x2_n5__t645                            4.99997
vdd_drv__t1272                               5
vdd_drv__t24                                 5
x2_n5__t221                            4.99997
out__t1020                         2.79474e-06
out__t1060                         2.79219e-06
x2_n5__t298                            4.99997
vdd_drv__t1043                               5
vdd_drv__t718                                5
x2_n5__t297                            4.99997
out__t1307                          2.7922e-06
out__t1087                         2.79221e-06
x2_n5__t350                            4.99997
vdd_drv__t1070                               5
vdd_drv__t723                                5
x2_n5__t308                            4.99997
out__t1312                         2.79222e-06
out__t1072                         2.79223e-06
x2_n5__t321                            4.99997
vdd_drv__t1055                               5
vdd_drv__t729                                5
x2_n5__t320                            4.99997
out__t1318                         2.79224e-06
out__t1071                         2.79225e-06
x2_n5__t319                            4.99997
vdd_drv__t1054                               5
vdd_drv__t728                                5
x2_n5__t318                            4.99997
out__t1317                         2.79226e-06
out__t1070                         2.79227e-06
x2_n5__t317                            4.99997
vdd_drv__t1053                               5
vdd_drv__t727                                5
x2_n5__t316                            4.99997
out__t1316                         2.79228e-06
out__t1069                         2.79229e-06
x2_n5__t315                            4.99997
vdd_drv__t1052                               5
vdd_drv__t726                                5
x2_n5__t314                            4.99997
out__t1315                         2.79231e-06
out__t1068                         2.79232e-06
x2_n5__t313                            4.99997
vdd_drv__t1051                               5
vdd_drv__t725                                5
x2_n5__t312                            4.99997
out__t1314                         2.79233e-06
out__t1067                         2.79234e-06
x2_n5__t311                            4.99997
vdd_drv__t1050                               5
vdd_drv__t724                                5
x2_n5__t310                            4.99997
out__t1313                         2.79236e-06
out__t1066                         2.79237e-06
x2_n5__t309                            4.99997
vdd_drv__t1049                               5
vdd_drv__t730                                5
x2_n5__t322                            4.99997
out__t1319                         2.79238e-06
out__t1065                          2.7924e-06
x2_n5__t307                            4.99997
vdd_drv__t1048                               5
vdd_drv__t722                                5
x2_n5__t306                            4.99997
out__t1311                         2.79241e-06
out__t1064                         2.79243e-06
x2_n5__t305                            4.99997
vdd_drv__t1047                               5
vdd_drv__t721                                5
x2_n5__t304                            4.99997
out__t1310                         2.79244e-06
out__t1063                         2.79246e-06
x2_n5__t303                            4.99997
vdd_drv__t1046                               5
vdd_drv__t720                                5
x2_n5__t302                            4.99997
out__t1309                         2.79247e-06
out__t1062                         2.79249e-06
x2_n5__t301                            4.99997
vdd_drv__t1045                               5
vdd_drv__t719                                5
x2_n5__t300                            4.99997
out__t1308                          2.7925e-06
out__t1061                         2.79252e-06
x2_n5__t299                            4.99997
vdd_drv__t1044                               5
vdd_drv__t744                                5
x2_n5__t351                            4.99997
out__t1333                         2.79253e-06
out__t1131                         2.79255e-06
x2_n5__t438                            4.99997
vdd_drv__t1114                               5
vdd_drv__t702                                5
x2_n5__t265                            4.99997
out__t1291                         2.79256e-06
out__t1043                         2.79258e-06
x2_n5__t264                            4.99997
vdd_drv__t1026                               5
vdd_drv__t701                                5
x2_n5__t263                            4.99997
out__t1290                          2.7926e-06
out__t1042                         2.79261e-06
x2_n5__t262                            4.99997
vdd_drv__t1025                               5
vdd_drv__t700                                5
x2_n5__t261                            4.99997
out__t1289                         2.79263e-06
out__t1041                         2.79265e-06
x2_n5__t260                            4.99997
vdd_drv__t1024                               5
vdd_drv__t821                                5
x2_n5__t502                            4.99997
out__t1410                         2.79267e-06
out__t1161                         2.79268e-06
x2_n5__t501                            4.99997
vdd_drv__t1144                               5
vdd_drv__t950                                5
x2_n5__t644                            4.99997
out__t1482                          2.7927e-06
out__t1231                         2.79272e-06
x2_n5__t643                            4.99997
vdd_drv__t1271                               5
vdd_drv__t1001                               5
x2_n5__t713                            4.99997
out__t1517                         2.79274e-06
out__t1267                         2.79276e-06
x2_n5__t715                            4.99997
vdd_drv__t1325                               5
vdd_drv__t1002                               5
x2_n5__t716                            4.99997
out__t1518                         2.79277e-06
out__t1268                         2.79279e-06
x2_n5__t717                            4.99997
vdd_drv__t1326                               5
vdd_drv__t1003                               5
x2_n5__t719                            4.99997
out__t1519                         2.79281e-06
out__t1266                         2.79283e-06
x2_n5__t714                            4.99997
vdd_drv__t1324                               5
vdd_drv__t988                                5
x2_n5__t708                            4.99997
out__t1515                         2.79285e-06
out__t1260                         2.79287e-06
x2_n5__t702                            4.99997
vdd_drv__t1300                               5
vdd_drv__t980                                5
x2_n5__t703                            4.99997
out__t1512                         2.79289e-06
out__t1261                         2.79291e-06
x2_n5__t704                            4.99997
vdd_drv__t1301                               5
vdd_drv__t981                                5
x2_n5__t705                            4.99997
out__t1513                         2.79293e-06
out__t1262                         2.79295e-06
x2_n5__t706                            4.99997
vdd_drv__t1302                               5
vdd_drv__t982                                5
x2_n5__t707                            4.99997
out__t1514                         2.79297e-06
out__t1229                         2.79299e-06
x2_n5__t639                            4.99997
vdd_drv__t1255                               5
vdd_drv__t946                                5
x2_n5__t640                            4.99997
out__t1480                         2.79301e-06
out__t1227                         2.79303e-06
x2_n5__t634                            4.99997
vdd_drv__t1252                               5
vdd_drv__t930                                5
x2_n5__t635                            4.99997
out__t1477                         2.79305e-06
out__t1228                         2.79307e-06
x2_n5__t636                            4.99997
vdd_drv__t1253                               5
vdd_drv__t931                                5
x2_n5__t637                            4.99997
out__t1478                         2.79309e-06
out__t1265                         2.79312e-06
x2_n5__t712                            4.99997
vdd_drv__t1316                               5
vdd_drv__t996                                5
x2_n5__t711                            4.99997
out__t1516                         2.79314e-06
out__t1264                         2.79316e-06
x2_n5__t710                            4.99997
vdd_drv__t1315                               5
vdd_drv__t717                                5
x2_n5__t296                            4.99997
out__t1306                         2.79218e-06
out__t1091                         2.79217e-06
x2_n5__t358                            4.99997
vdd_drv__t1074                               5
vdd_drv__t747                                5
x2_n5__t357                            4.99997
out__t1336                         2.79216e-06
out__t1090                         2.79215e-06
x2_n5__t356                            4.99997
vdd_drv__t1073                               5
vdd_drv__t746                                5
x2_n5__t355                            4.99997
out__t1335                         2.79215e-06
out__t1089                         2.79214e-06
x2_n5__t354                            4.99997
vdd_drv__t1072                               5
vdd_drv__t745                                5
x2_n5__t353                            4.99997
out__t1334                         2.79213e-06
out__t1116                         2.79212e-06
x2_n5__t409                            4.99997
vdd_drv__t1099                               5
vdd_drv__t773                                5
x2_n5__t408                            4.99997
out__t1362                         2.79212e-06
out__t1115                         2.79211e-06
x2_n5__t407                            4.99997
vdd_drv__t1098                               5
vdd_drv__t772                                5
x2_n5__t406                            4.99997
out__t1361                          2.7921e-06
out__t1114                          2.7921e-06
x2_n5__t405                            4.99997
vdd_drv__t1097                               5
vdd_drv__t771                                5
x2_n5__t404                            4.99997
out__t1360                         2.79209e-06
out__t1113                         2.79208e-06
x2_n5__t403                            4.99997
vdd_drv__t1096                               5
vdd_drv__t770                                5
x2_n5__t402                            4.99997
out__t1359                         2.79208e-06
out__t1112                         2.79207e-06
x2_n5__t401                            4.99997
vdd_drv__t1095                               5
vdd_drv__t763                                5
x2_n5__t387                            4.99997
out__t1352                         2.79207e-06
out__t1085                         2.79206e-06
x2_n5__t347                            4.99997
vdd_drv__t1068                               5
vdd_drv__t742                                5
x2_n5__t346                            4.99997
out__t1331                         2.79206e-06
out__t1084                         2.79205e-06
x2_n5__t345                            4.99997
vdd_drv__t1067                               5
vdd_drv__t741                                5
x2_n5__t344                            4.99997
out__t1330                         2.79205e-06
out__t1083                         2.79205e-06
x2_n5__t343                            4.99997
vdd_drv__t1066                               5
vdd_drv__t740                                5
x2_n5__t342                            4.99997
out__t1329                         2.79204e-06
out__t1082                         2.79204e-06
x2_n5__t341                            4.99997
vdd_drv__t1065                               5
vdd_drv__t739                                5
x2_n5__t340                            4.99997
out__t1328                         2.79204e-06
out__t1081                         2.79204e-06
x2_n5__t339                            4.99997
vdd_drv__t1064                               5
vdd_drv__t738                                5
x2_n5__t338                            4.99997
out__t1327                         2.79203e-06
out__t1080                         2.79203e-06
x2_n5__t337                            4.99997
vdd_drv__t1063                               5
vdd_drv__t737                                5
x2_n5__t336                            4.99997
out__t1326                         2.79203e-06
out__t1086                         2.79203e-06
x2_n5__t348                            4.99997
vdd_drv__t1069                               5
vdd_drv__t736                                5
x2_n5__t334                            4.99997
out__t1325                         2.79203e-06
out__t1078                         2.79203e-06
x2_n5__t333                            4.99997
vdd_drv__t1061                               5
vdd_drv__t735                                5
x2_n5__t332                            4.99997
out__t1324                         2.79203e-06
out__t1077                         2.79203e-06
x2_n5__t331                            4.99997
vdd_drv__t1060                               5
vdd_drv__t748                                5
x2_n5__t359                            4.99997
out__t1337                         2.79203e-06
out__t1088                         2.79203e-06
x2_n5__t352                            4.99997
vdd_drv__t1071                               5
vdd_drv__t694                                5
x2_n5__t245                            4.99997
out__t1283                         2.79203e-06
out__t1037                         2.79203e-06
x2_n5__t256                            4.99997
vdd_drv__t1020                               5
vdd_drv__t693                                5
x2_n5__t243                            4.99997
out__t1282                         2.79203e-06
out__t1030                         2.79204e-06
x2_n5__t241                            4.99997
vdd_drv__t1013                               5
vdd_drv__t691                                5
x2_n5__t240                            4.99997
out__t1280                         2.79204e-06
out__t1029                         2.79204e-06
x2_n5__t239                            4.99997
vdd_drv__t1012                               5
vdd_drv__t690                                5
x2_n5__t238                            4.99997
out__t1279                         2.79204e-06
out__t1028                         2.79205e-06
x2_n5__t237                            4.99997
vdd_drv__t1011                               5
vdd_drv__t689                                5
x2_n5__t236                            4.99997
out__t1278                         2.79205e-06
out__t1027                         2.79205e-06
x2_n5__t235                            4.99997
vdd_drv__t1010                               5
vdd_drv__t688                                5
x2_n5__t234                            4.99997
out__t1277                         2.79206e-06
out__t1026                         2.79206e-06
x2_n5__t233                            4.99997
vdd_drv__t1009                               5
vdd_drv__t687                                5
x2_n5__t232                            4.99997
out__t1276                         2.79207e-06
out__t1025                         2.79207e-06
x2_n5__t231                            4.99997
vdd_drv__t1008                               5
vdd_drv__t686                                5
x2_n5__t230                            4.99997
out__t1275                         2.79208e-06
out__t1024                         2.79208e-06
x2_n5__t229                            4.99997
vdd_drv__t1007                               5
vdd_drv__t685                                5
x2_n5__t228                            4.99997
out__t1274                         2.79209e-06
out__t1023                         2.79209e-06
x2_n5__t227                            4.99997
vdd_drv__t1006                               5
vdd_drv__t684                                5
x2_n5__t226                            4.99997
out__t1273                          2.7921e-06
out__t1022                         2.79211e-06
x2_n5__t225                            4.99997
vdd_drv__t1005                               5
vdd_drv__t683                                5
x2_n5__t224                            4.99997
out__t1272                         2.79211e-06
out__t1021                         2.79212e-06
x2_n5__t223                            4.99997
vdd_drv__t1004                               5
vdd_drv__t682                                5
x2_n5__t222                            4.99997
out__t1271                         2.79213e-06
out__t1031                         2.79213e-06
x2_n5__t244                            4.99997
vdd_drv__t1014                               5
vdd_drv__t692                                5
x2_n5__t242                            4.99997
out__t1281                         2.79214e-06
out__t1045                         2.79215e-06
x2_n5__t268                            4.99997
vdd_drv__t1028                               5
vdd_drv__t703                                5
x2_n5__t267                            4.99997
out__t1292                         2.79216e-06
out__t1044                         2.79217e-06
x2_n5__t266                            4.99997
vdd_drv__t1027                               5
vdd_drv__t695                                5
x2_n5__t246                            4.99997
out__t1284                         2.79315e-06
out__t1052                         2.79312e-06
x2_n5__t282                            4.99997
vdd_drv__t1035                               5
vdd_drv__t716                                5
x2_n5__t294                            4.99997
out__t1305                          2.7931e-06
out__t1110                         2.79308e-06
x2_n5__t399                            4.99997
vdd_drv__t1093                               5
vdd_drv__t769                                5
x2_n5__t398                            4.99997
out__t1358                         2.79306e-06
out__t1109                         2.79304e-06
x2_n5__t397                            4.99997
vdd_drv__t1092                               5
vdd_drv__t768                                5
x2_n5__t396                            4.99997
out__t1357                         2.79302e-06
out__t1108                           2.793e-06
x2_n5__t395                            4.99997
vdd_drv__t1091                               5
vdd_drv__t767                                5
x2_n5__t394                            4.99997
out__t1356                         2.79298e-06
out__t1107                         2.79296e-06
x2_n5__t393                            4.99997
vdd_drv__t1090                               5
vdd_drv__t766                                5
x2_n5__t392                            4.99997
out__t1355                         2.79294e-06
out__t1106                         2.79292e-06
x2_n5__t391                            4.99997
vdd_drv__t1089                               5
vdd_drv__t765                                5
x2_n5__t390                            4.99997
out__t1354                          2.7929e-06
out__t1105                         2.79288e-06
x2_n5__t389                            4.99997
vdd_drv__t1088                               5
vdd_drv__t764                                5
x2_n5__t388                            4.99997
out__t1353                         2.79286e-06
out__t1111                         2.79284e-06
x2_n5__t400                            4.99997
vdd_drv__t1094                               5
vdd_drv__t762                                5
x2_n5__t386                            4.99997
out__t1351                         2.79282e-06
out__t1104                          2.7928e-06
x2_n5__t385                            4.99997
vdd_drv__t1087                               5
vdd_drv__t761                                5
x2_n5__t384                            4.99997
out__t1350                         2.79278e-06
out__t1103                         2.79276e-06
x2_n5__t383                            4.99997
vdd_drv__t1086                               5
vdd_drv__t760                                5
x2_n5__t382                            4.99997
out__t1349                         2.79274e-06
out__t1102                         2.79273e-06
x2_n5__t381                            4.99997
vdd_drv__t1085                               5
vdd_drv__t759                                5
x2_n5__t380                            4.99997
out__t1348                         2.79271e-06
out__t1101                         2.79269e-06
x2_n5__t379                            4.99997
vdd_drv__t1084                               5
vdd_drv__t758                                5
x2_n5__t378                            4.99997
out__t1347                         2.79267e-06
out__t1100                         2.79266e-06
x2_n5__t377                            4.99997
vdd_drv__t1083                               5
vdd_drv__t757                                5
x2_n5__t376                            4.99997
out__t1346                         2.79264e-06
out__t1099                         2.79262e-06
x2_n5__t375                            4.99997
vdd_drv__t1082                               5
vdd_drv__t776                                5
x2_n5__t413                            4.99997
out__t1365                          2.7926e-06
out__t1123                         2.79259e-06
x2_n5__t425                            4.99997
vdd_drv__t1106                               5
vdd_drv__t782                                5
x2_n5__t424                            4.99997
out__t1371                         2.79257e-06
out__t1122                         2.79255e-06
x2_n5__t423                            4.99997
vdd_drv__t1105                               5
vdd_drv__t781                                5
x2_n5__t422                            4.99997
out__t1370                         2.79254e-06
out__t1121                         2.79252e-06
x2_n5__t421                            4.99997
vdd_drv__t1104                               5
vdd_drv__t780                                5
x2_n5__t420                            4.99997
out__t1369                         2.79251e-06
out__t1120                         2.79249e-06
x2_n5__t419                            4.99997
vdd_drv__t1103                               5
vdd_drv__t779                                5
x2_n5__t418                            4.99997
out__t1368                         2.79248e-06
out__t1039                         2.79246e-06
x2_n5__t258                            4.99997
vdd_drv__t1022                               5
vdd_drv__t734                                5
x2_n5__t330                            4.99997
out__t1323                         2.79245e-06
out__t1076                         2.79243e-06
x2_n5__t329                            4.99997
vdd_drv__t1059                               5
vdd_drv__t733                                5
x2_n5__t328                            4.99997
out__t1322                         2.79242e-06
out__t1075                          2.7924e-06
x2_n5__t327                            4.99997
vdd_drv__t1058                               5
vdd_drv__t732                                5
x2_n5__t326                            4.99997
out__t1321                         2.79239e-06
out__t1074                         2.79238e-06
x2_n5__t325                            4.99997
vdd_drv__t1057                               5
vdd_drv__t731                                5
x2_n5__t324                            4.99997
out__t1320                         2.79236e-06
out__t1073                         2.79235e-06
x2_n5__t323                            4.99997
vdd_drv__t1056                               5
vdd_drv__t750                                5
x2_n5__t361                            4.99997
out__t1339                         2.79234e-06
out__t1097                         2.79232e-06
x2_n5__t373                            4.99997
vdd_drv__t1080                               5
vdd_drv__t756                                5
x2_n5__t372                            4.99997
out__t1345                         2.79231e-06
out__t1096                          2.7923e-06
x2_n5__t371                            4.99997
vdd_drv__t1079                               5
vdd_drv__t755                                5
x2_n5__t370                            4.99997
out__t1344                         2.79229e-06
out__t1095                         2.79228e-06
x2_n5__t369                            4.99997
vdd_drv__t1078                               5
vdd_drv__t754                                5
x2_n5__t368                            4.99997
out__t1343                         2.79226e-06
out__t1094                         2.79225e-06
x2_n5__t367                            4.99997
vdd_drv__t1077                               5
vdd_drv__t753                                5
x2_n5__t366                            4.99997
out__t1342                         2.79224e-06
out__t1093                         2.79223e-06
x2_n5__t365                            4.99997
vdd_drv__t1076                               5
vdd_drv__t752                                5
x2_n5__t364                            4.99997
out__t1341                         2.79222e-06
out__t1092                         2.79221e-06
x2_n5__t363                            4.99997
vdd_drv__t1075                               5
vdd_drv__t751                                5
x2_n5__t362                            4.99997
out__t1340                          2.7922e-06
out__t1098                         2.79219e-06
x2_n5__t374                            4.99997
vdd_drv__t1081                               5
vdd_drv__t749                                5
x2_n5__t360                            4.99997
out__t1338                         2.79218e-06
out__t1119                         2.79317e-06
x2_n5__t416                            4.99997
vdd_drv__t1102                               5
vdd_drv__t804                                5
x2_n5__t470                            4.99997
out__t1393                         2.79475e-06
out__t1146                         2.79472e-06
x2_n5__t469                            4.99997
vdd_drv__t1129                               5
vdd_drv__t803                                5
x2_n5__t468                            4.99997
out__t1392                          2.7947e-06
out__t1145                         2.79467e-06
x2_n5__t467                            4.99997
vdd_drv__t1128                               5
vdd_drv__t802                                5
x2_n5__t466                            4.99997
out__t1391                         2.79464e-06
out__t1144                         2.79461e-06
x2_n5__t465                            4.99997
vdd_drv__t1127                               5
vdd_drv__t808                                5
x2_n5__t477                            4.99997
out__t1397                         2.79459e-06
out__t1212                         2.79456e-06
x2_n5__t605                            4.99997
vdd_drv__t1195                               5
vdd_drv__t873                                5
x2_n5__t604                            4.99997
out__t1462                         2.79453e-06
out__t1211                          2.7945e-06
x2_n5__t603                            4.99997
vdd_drv__t1194                               5
vdd_drv__t872                                5
x2_n5__t602                            4.99997
out__t1461                         2.79448e-06
out__t1210                         2.79445e-06
x2_n5__t601                            4.99997
vdd_drv__t1193                               5
vdd_drv__t871                                5
x2_n5__t600                            4.99997
out__t1460                         2.79442e-06
out__t1209                          2.7944e-06
x2_n5__t599                            4.99997
vdd_drv__t1192                               5
vdd_drv__t870                                5
x2_n5__t598                            4.99997
out__t1459                         2.79437e-06
out__t1208                         2.79434e-06
x2_n5__t597                            4.99997
vdd_drv__t1191                               5
vdd_drv__t869                                5
x2_n5__t596                            4.99997
out__t1458                         2.79432e-06
out__t1207                         2.79429e-06
x2_n5__t595                            4.99997
vdd_drv__t1190                               5
vdd_drv__t868                                5
x2_n5__t594                            4.99997
out__t1457                         2.79426e-06
out__t1213                         2.79424e-06
x2_n5__t606                            4.99997
vdd_drv__t1196                               5
vdd_drv__t867                                5
x2_n5__t592                            4.99997
out__t1456                         2.79421e-06
out__t1205                         2.79418e-06
x2_n5__t591                            4.99997
vdd_drv__t1188                               5
vdd_drv__t788                                5
x2_n5__t440                            4.99997
out__t1377                         2.79416e-06
out__t1132                         2.79413e-06
x2_n5__t439                            4.99997
vdd_drv__t1115                               5
vdd_drv__t794                                5
x2_n5__t451                            4.99997
out__t1383                         2.79411e-06
out__t1130                         2.79408e-06
x2_n5__t437                            4.99997
vdd_drv__t1113                               5
vdd_drv__t787                                5
x2_n5__t436                            4.99997
out__t1376                         2.79405e-06
out__t1129                         2.79403e-06
x2_n5__t435                            4.99997
vdd_drv__t1112                               5
vdd_drv__t786                                5
x2_n5__t434                            4.99997
out__t1375                           2.794e-06
out__t1128                         2.79398e-06
x2_n5__t433                            4.99997
vdd_drv__t1111                               5
vdd_drv__t785                                5
x2_n5__t432                            4.99997
out__t1374                         2.79395e-06
out__t1127                         2.79393e-06
x2_n5__t431                            4.99997
vdd_drv__t1110                               5
vdd_drv__t784                                5
x2_n5__t430                            4.99997
out__t1373                          2.7939e-06
out__t1126                         2.79387e-06
x2_n5__t429                            4.99997
vdd_drv__t1109                               5
vdd_drv__t783                                5
x2_n5__t428                            4.99997
out__t1372                         2.79385e-06
out__t1125                         2.79382e-06
x2_n5__t427                            4.99997
vdd_drv__t1108                               5
vdd_drv__t801                                5
x2_n5__t464                            4.99997
out__t1390                          2.7938e-06
out__t1149                         2.79377e-06
x2_n5__t476                            4.99997
vdd_drv__t1132                               5
vdd_drv__t807                                5
x2_n5__t475                            4.99997
out__t1396                         2.79375e-06
out__t1148                         2.79373e-06
x2_n5__t474                            4.99997
vdd_drv__t1131                               5
vdd_drv__t806                                5
x2_n5__t473                            4.99997
out__t1395                          2.7937e-06
out__t1147                         2.79368e-06
x2_n5__t472                            4.99997
vdd_drv__t1130                               5
vdd_drv__t805                                5
x2_n5__t471                            4.99997
out__t1394                         2.79365e-06
out__t1040                         2.79363e-06
x2_n5__t259                            4.99997
vdd_drv__t1023                               5
vdd_drv__t820                                5
x2_n5__t500                            4.99997
out__t1409                          2.7936e-06
out__t1032                         2.79358e-06
x2_n5__t248                            4.99997
vdd_drv__t1015                               5
vdd_drv__t696                                5
x2_n5__t247                            4.99997
out__t1285                         2.79356e-06
out__t1118                         2.79353e-06
x2_n5__t415                            4.99997
vdd_drv__t1101                               5
vdd_drv__t777                                5
x2_n5__t414                            4.99997
out__t1366                         2.79351e-06
out__t1124                         2.79348e-06
x2_n5__t426                            4.99997
vdd_drv__t1107                               5
vdd_drv__t775                                5
x2_n5__t412                            4.99997
out__t1364                         2.79346e-06
out__t1035                         2.79344e-06
x2_n5__t253                            4.99997
vdd_drv__t1018                               5
vdd_drv__t698                                5
x2_n5__t252                            4.99997
out__t1287                         2.79341e-06
out__t1034                         2.79339e-06
x2_n5__t251                            4.99997
vdd_drv__t1017                               5
vdd_drv__t697                                5
x2_n5__t250                            4.99997
out__t1286                         2.79337e-06
out__t1033                         2.79335e-06
x2_n5__t249                            4.99997
vdd_drv__t1016                               5
vdd_drv__t778                                5
x2_n5__t417                            4.99997
out__t1367                         2.79332e-06
out__t1117                          2.7933e-06
x2_n5__t411                            4.99997
vdd_drv__t1100                               5
vdd_drv__t774                                5
x2_n5__t410                            4.99997
out__t1363                         2.79328e-06
out__t1038                         2.79326e-06
x2_n5__t257                            4.99997
vdd_drv__t1021                               5
vdd_drv__t704                                5
x2_n5__t269                            4.99997
out__t1293                         2.79323e-06
out__t1036                         2.79321e-06
x2_n5__t255                            4.99997
vdd_drv__t1019                               5
vdd_drv__t699                                5
x2_n5__t254                            4.99997
out__t1288                         2.79319e-06
out__t1164                         2.79654e-06
x2_n5__t509                            4.99997
vdd_drv__t1147                               5
vdd_drv__t825                                5
x2_n5__t508                            4.99997
out__t1414                         2.79651e-06
out__t1163                         2.79648e-06
x2_n5__t506                            4.99997
vdd_drv__t1146                               5
vdd_drv__t790                                5
x2_n5__t444                            4.99997
out__t1379                         2.79645e-06
out__t1134                         2.79642e-06
x2_n5__t443                            4.99997
vdd_drv__t1117                               5
vdd_drv__t789                                5
x2_n5__t442                            4.99997
out__t1378                         2.79639e-06
out__t1133                         2.79636e-06
x2_n5__t441                            4.99997
vdd_drv__t1116                               5
vdd_drv__t817                                5
x2_n5__t496                            4.99997
out__t1406                         2.79633e-06
out__t1159                          2.7963e-06
x2_n5__t495                            4.99997
vdd_drv__t1142                               5
vdd_drv__t816                                5
x2_n5__t494                            4.99997
out__t1405                         2.79627e-06
out__t1158                         2.79624e-06
x2_n5__t493                            4.99997
vdd_drv__t1141                               5
vdd_drv__t815                                5
x2_n5__t492                            4.99997
out__t1404                         2.79621e-06
out__t1157                         2.79618e-06
x2_n5__t491                            4.99997
vdd_drv__t1140                               5
vdd_drv__t822                                5
x2_n5__t503                            4.99997
out__t1411                         2.79615e-06
out__t1155                         2.79612e-06
x2_n5__t489                            4.99997
vdd_drv__t1138                               5
vdd_drv__t814                                5
x2_n5__t488                            4.99997
out__t1403                         2.79609e-06
out__t1154                         2.79606e-06
x2_n5__t487                            4.99997
vdd_drv__t1137                               5
vdd_drv__t813                                5
x2_n5__t486                            4.99997
out__t1402                         2.79603e-06
out__t1153                           2.796e-06
x2_n5__t485                            4.99997
vdd_drv__t1136                               5
vdd_drv__t812                                5
x2_n5__t484                            4.99997
out__t1401                         2.79597e-06
out__t1152                         2.79594e-06
x2_n5__t483                            4.99997
vdd_drv__t1135                               5
vdd_drv__t811                                5
x2_n5__t482                            4.99997
out__t1400                         2.79591e-06
out__t1151                         2.79588e-06
x2_n5__t481                            4.99997
vdd_drv__t1134                               5
vdd_drv__t810                                5
x2_n5__t480                            4.99997
out__t1399                         2.79585e-06
out__t1150                         2.79582e-06
x2_n5__t479                            4.99997
vdd_drv__t1133                               5
vdd_drv__t809                                5
x2_n5__t478                            4.99997
out__t1398                         2.79579e-06
out__t1168                         2.79576e-06
x2_n5__t516                            4.99997
vdd_drv__t1151                               5
vdd_drv__t834                                5
x2_n5__t528                            4.99997
out__t1423                         2.79573e-06
out__t1174                          2.7957e-06
x2_n5__t527                            4.99997
vdd_drv__t1157                               5
vdd_drv__t833                                5
x2_n5__t526                            4.99997
out__t1422                         2.79567e-06
out__t1173                         2.79564e-06
x2_n5__t525                            4.99997
vdd_drv__t1156                               5
vdd_drv__t832                                5
x2_n5__t524                            4.99997
out__t1421                         2.79561e-06
out__t1172                         2.79558e-06
x2_n5__t523                            4.99997
vdd_drv__t1155                               5
vdd_drv__t831                                5
x2_n5__t522                            4.99997
out__t1420                         2.79555e-06
out__t1171                         2.79552e-06
x2_n5__t521                            4.99997
vdd_drv__t1154                               5
vdd_drv__t830                                5
x2_n5__t520                            4.99997
out__t1419                         2.79549e-06
out__t1170                         2.79546e-06
x2_n5__t519                            4.99997
vdd_drv__t1153                               5
vdd_drv__t829                                5
x2_n5__t518                            4.99997
out__t1418                         2.79544e-06
out__t1169                         2.79541e-06
x2_n5__t517                            4.99997
vdd_drv__t1152                               5
vdd_drv__t835                                5
x2_n5__t529                            4.99997
out__t1424                         2.79538e-06
out__t1167                         2.79535e-06
x2_n5__t515                            4.99997
vdd_drv__t1150                               5
vdd_drv__t828                                5
x2_n5__t514                            4.99997
out__t1417                         2.79532e-06
out__t1166                         2.79529e-06
x2_n5__t513                            4.99997
vdd_drv__t1149                               5
vdd_drv__t827                                5
x2_n5__t512                            4.99997
out__t1416                         2.79526e-06
out__t1165                         2.79523e-06
x2_n5__t511                            4.99997
vdd_drv__t1148                               5
vdd_drv__t826                                5
x2_n5__t510                            4.99997
out__t1415                          2.7952e-06
out__t1160                         2.79518e-06
x2_n5__t498                            4.99997
vdd_drv__t1143                               5
vdd_drv__t818                                5
x2_n5__t497                            4.99997
out__t1407                         2.79515e-06
out__t1143                         2.79512e-06
x2_n5__t463                            4.99997
vdd_drv__t1126                               5
vdd_drv__t800                                5
x2_n5__t462                            4.99997
out__t1389                         2.79509e-06
out__t1142                         2.79506e-06
x2_n5__t461                            4.99997
vdd_drv__t1125                               5
vdd_drv__t799                                5
x2_n5__t460                            4.99997
out__t1388                         2.79503e-06
out__t1141                           2.795e-06
x2_n5__t459                            4.99997
vdd_drv__t1124                               5
vdd_drv__t798                                5
x2_n5__t458                            4.99997
out__t1387                         2.79498e-06
out__t1140                         2.79495e-06
x2_n5__t457                            4.99997
vdd_drv__t1123                               5
vdd_drv__t797                                5
x2_n5__t456                            4.99997
out__t1386                         2.79492e-06
out__t1139                         2.79489e-06
x2_n5__t455                            4.99997
vdd_drv__t1122                               5
vdd_drv__t796                                5
x2_n5__t454                            4.99997
out__t1385                         2.79486e-06
out__t1138                         2.79484e-06
x2_n5__t453                            4.99997
vdd_drv__t1121                               5
vdd_drv__t795                                5
x2_n5__t452                            4.99997
out__t1384                         2.79481e-06
out__t1180                         2.79478e-06
x2_n5__t541                            4.99997
vdd_drv__t1163                               5
vdd_drv__t824                                5
x2_n5__t507                            4.99997
out__t1413                         2.79657e-06
out__t1053                         2.79854e-06
x2_n5__t284                            4.99997
vdd_drv__t1036                               5
vdd_drv__t711                                5
x2_n5__t283                            4.99997
out__t1300                         2.79851e-06
out__t1059                         2.79848e-06
x2_n5__t295                            4.99997
vdd_drv__t1042                               5
vdd_drv__t710                                5
x2_n5__t281                            4.99997
out__t1299                         2.79845e-06
out__t1051                         2.79842e-06
x2_n5__t280                            4.99997
vdd_drv__t1034                               5
vdd_drv__t709                                5
x2_n5__t279                            4.99997
out__t1298                         2.79838e-06
out__t1048                         2.79835e-06
x2_n5__t274                            4.99997
vdd_drv__t1031                               5
vdd_drv__t706                                5
x2_n5__t273                            4.99997
out__t1295                         2.79832e-06
out__t1047                         2.79829e-06
x2_n5__t272                            4.99997
vdd_drv__t1030                               5
vdd_drv__t705                                5
x2_n5__t271                            4.99997
out__t1294                         2.79826e-06
out__t1046                         2.79822e-06
x2_n5__t270                            4.99997
vdd_drv__t1029                               5
vdd_drv__t837                                5
x2_n5__t533                            4.99997
out__t1426                         2.79819e-06
out__t1176                         2.79816e-06
x2_n5__t532                            4.99997
vdd_drv__t1159                               5
vdd_drv__t836                                5
x2_n5__t531                            4.99997
out__t1425                         2.79813e-06
out__t1175                          2.7981e-06
x2_n5__t530                            4.99997
vdd_drv__t1158                               5
vdd_drv__t855                                5
x2_n5__t567                            4.99997
out__t1444                         2.79807e-06
out__t1198                         2.79803e-06
x2_n5__t579                            4.99997
vdd_drv__t1181                               5
vdd_drv__t861                                5
x2_n5__t578                            4.99997
out__t1450                           2.798e-06
out__t1197                         2.79797e-06
x2_n5__t577                            4.99997
vdd_drv__t1180                               5
vdd_drv__t860                                5
x2_n5__t576                            4.99997
out__t1449                         2.79794e-06
out__t1196                         2.79791e-06
x2_n5__t575                            4.99997
vdd_drv__t1179                               5
vdd_drv__t859                                5
x2_n5__t574                            4.99997
out__t1448                         2.79788e-06
out__t1195                         2.79784e-06
x2_n5__t573                            4.99997
vdd_drv__t1178                               5
vdd_drv__t858                                5
x2_n5__t572                            4.99997
out__t1447                         2.79781e-06
out__t1194                         2.79778e-06
x2_n5__t571                            4.99997
vdd_drv__t1177                               5
vdd_drv__t857                                5
x2_n5__t570                            4.99997
out__t1446                         2.79775e-06
out__t1193                         2.79772e-06
x2_n5__t569                            4.99997
vdd_drv__t1176                               5
vdd_drv__t856                                5
x2_n5__t568                            4.99997
out__t1445                         2.79769e-06
out__t1199                         2.79766e-06
x2_n5__t580                            4.99997
vdd_drv__t1182                               5
vdd_drv__t854                                5
x2_n5__t566                            4.99997
out__t1443                         2.79762e-06
out__t1192                         2.79759e-06
x2_n5__t565                            4.99997
vdd_drv__t1175                               5
vdd_drv__t853                                5
x2_n5__t564                            4.99997
out__t1442                         2.79756e-06
out__t1191                         2.79753e-06
x2_n5__t563                            4.99997
vdd_drv__t1174                               5
vdd_drv__t852                                5
x2_n5__t562                            4.99997
out__t1441                          2.7975e-06
out__t1190                         2.79747e-06
x2_n5__t561                            4.99997
vdd_drv__t1173                               5
vdd_drv__t851                                5
x2_n5__t560                            4.99997
out__t1440                         2.79744e-06
out__t1189                         2.79741e-06
x2_n5__t559                            4.99997
vdd_drv__t1172                               5
vdd_drv__t850                                5
x2_n5__t558                            4.99997
out__t1439                         2.79737e-06
out__t1188                         2.79734e-06
x2_n5__t557                            4.99997
vdd_drv__t1171                               5
vdd_drv__t849                                5
x2_n5__t556                            4.99997
out__t1438                         2.79731e-06
out__t1187                         2.79728e-06
x2_n5__t555                            4.99997
vdd_drv__t1170                               5
vdd_drv__t743                                5
x2_n5__t349                            4.99997
out__t1332                         2.79725e-06
out__t1079                         2.79722e-06
x2_n5__t335                            4.99997
vdd_drv__t1062                               5
vdd_drv__t715                                5
x2_n5__t293                            4.99997
out__t1304                         2.79719e-06
out__t1058                         2.79716e-06
x2_n5__t292                            4.99997
vdd_drv__t1041                               5
vdd_drv__t903                                5
x2_n5__t633                            4.99997
out__t1476                         2.79712e-06
out__t1057                         2.79709e-06
x2_n5__t291                            4.99997
vdd_drv__t1040                               5
vdd_drv__t714                                5
x2_n5__t290                            4.99997
out__t1303                         2.79706e-06
out__t1056                         2.79703e-06
x2_n5__t289                            4.99997
vdd_drv__t1039                               5
vdd_drv__t713                                5
x2_n5__t288                            4.99997
out__t1302                           2.797e-06
out__t1055                         2.79697e-06
x2_n5__t287                            4.99997
vdd_drv__t1038                               5
vdd_drv__t712                                5
x2_n5__t286                            4.99997
out__t1301                         2.79694e-06
out__t1054                         2.79691e-06
x2_n5__t285                            4.99997
vdd_drv__t1037                               5
vdd_drv__t819                                5
x2_n5__t499                            4.99997
out__t1408                         2.79688e-06
out__t1162                         2.79685e-06
x2_n5__t505                            4.99997
vdd_drv__t1145                               5
vdd_drv__t823                                5
x2_n5__t504                            4.99997
out__t1412                         2.79682e-06
out__t1156                         2.79678e-06
x2_n5__t490                            4.99997
vdd_drv__t1139                               5
vdd_drv__t793                                5
x2_n5__t450                            4.99997
out__t1382                         2.79675e-06
out__t1137                         2.79672e-06
x2_n5__t449                            4.99997
vdd_drv__t1120                               5
vdd_drv__t792                                5
x2_n5__t448                            4.99997
out__t1381                         2.79669e-06
out__t1136                         2.79666e-06
x2_n5__t447                            4.99997
vdd_drv__t1119                               5
vdd_drv__t791                                5
x2_n5__t446                            4.99997
out__t1380                         2.79663e-06
out__t1135                          2.7966e-06
x2_n5__t445                            4.99997
vdd_drv__t1118                               5
vdd_drv__t841                                5
x2_n5__t540                            4.99997
out__t1430                         2.80052e-06
out__t1179                         2.80049e-06
x2_n5__t539                            4.99997
vdd_drv__t1162                               5
vdd_drv__t840                                5
x2_n5__t538                            4.99997
out__t1429                         2.80045e-06
out__t1178                         2.80042e-06
x2_n5__t537                            4.99997
vdd_drv__t1161                               5
vdd_drv__t839                                5
x2_n5__t536                            4.99997
out__t1428                         2.80039e-06
out__t1177                         2.80035e-06
x2_n5__t535                            4.99997
vdd_drv__t1160                               5
vdd_drv__t838                                5
x2_n5__t534                            4.99997
out__t1427                         2.80032e-06
out__t1216                         2.80029e-06
x2_n5__t612                            4.99997
vdd_drv__t1199                               5
vdd_drv__t876                                5
x2_n5__t611                            4.99997
out__t1465                         2.80026e-06
out__t1215                         2.80022e-06
x2_n5__t610                            4.99997
vdd_drv__t1198                               5
vdd_drv__t875                                5
x2_n5__t609                            4.99997
out__t1464                         2.80019e-06
out__t1214                         2.80016e-06
x2_n5__t608                            4.99997
vdd_drv__t1197                               5
vdd_drv__t874                                5
x2_n5__t607                            4.99997
out__t1463                         2.80013e-06
out__t1206                         2.80009e-06
x2_n5__t593                            4.99997
vdd_drv__t1189                               5
vdd_drv__t847                                5
x2_n5__t553                            4.99997
out__t1436                         2.80006e-06
out__t1186                         2.80003e-06
x2_n5__t552                            4.99997
vdd_drv__t1169                               5
vdd_drv__t846                                5
x2_n5__t551                            4.99997
out__t1435                             2.8e-06
out__t1185                         2.79996e-06
x2_n5__t550                            4.99997
vdd_drv__t1168                               5
vdd_drv__t845                                5
x2_n5__t549                            4.99997
out__t1434                         2.79993e-06
out__t1184                          2.7999e-06
x2_n5__t548                            4.99997
vdd_drv__t1167                               5
vdd_drv__t844                                5
x2_n5__t547                            4.99997
out__t1433                         2.79987e-06
out__t1183                         2.79983e-06
x2_n5__t546                            4.99997
vdd_drv__t1166                               5
vdd_drv__t843                                5
x2_n5__t545                            4.99997
out__t1432                          2.7998e-06
out__t1182                         2.79977e-06
x2_n5__t544                            4.99997
vdd_drv__t1165                               5
vdd_drv__t842                                5
x2_n5__t543                            4.99997
out__t1431                         2.79974e-06
out__t1181                          2.7997e-06
x2_n5__t542                            4.99997
vdd_drv__t1164                               5
vdd_drv__t848                                5
x2_n5__t554                            4.99997
out__t1437                         2.79967e-06
out__t1204                         2.79964e-06
x2_n5__t589                            4.99997
vdd_drv__t1187                               5
vdd_drv__t879                                5
x2_n5__t617                            4.99997
out__t1468                         2.79961e-06
out__t1218                         2.79957e-06
x2_n5__t616                            4.99997
vdd_drv__t1201                               5
vdd_drv__t878                                5
x2_n5__t615                            4.99997
out__t1467                         2.79954e-06
out__t1217                         2.79951e-06
x2_n5__t614                            4.99997
vdd_drv__t1200                               5
vdd_drv__t877                                5
x2_n5__t613                            4.99997
out__t1466                         2.79948e-06
out__t1203                         2.79944e-06
x2_n5__t588                            4.99997
vdd_drv__t1186                               5
vdd_drv__t865                                5
x2_n5__t587                            4.99997
out__t1454                         2.79941e-06
out__t1202                         2.79938e-06
x2_n5__t586                            4.99997
vdd_drv__t1185                               5
vdd_drv__t864                                5
x2_n5__t585                            4.99997
out__t1453                         2.79935e-06
out__t1201                         2.79931e-06
x2_n5__t584                            4.99997
vdd_drv__t1184                               5
vdd_drv__t863                                5
x2_n5__t583                            4.99997
out__t1452                         2.79928e-06
out__t1200                         2.79925e-06
x2_n5__t582                            4.99997
vdd_drv__t1183                               5
vdd_drv__t862                                5
x2_n5__t581                            4.99997
out__t1451                         2.79922e-06
out__t1220                         2.79919e-06
x2_n5__t619                            4.99997
vdd_drv__t1203                               5
vdd_drv__t885                                5
x2_n5__t631                            4.99997
out__t1474                         2.79915e-06
out__t1226                         2.79912e-06
x2_n5__t630                            4.99997
vdd_drv__t1209                               5
vdd_drv__t884                                5
x2_n5__t629                            4.99997
out__t1473                         2.79909e-06
out__t1225                         2.79906e-06
x2_n5__t628                            4.99997
vdd_drv__t1208                               5
vdd_drv__t883                                5
x2_n5__t627                            4.99997
out__t1472                         2.79902e-06
out__t1224                         2.79899e-06
x2_n5__t626                            4.99997
vdd_drv__t1207                               5
vdd_drv__t882                                5
x2_n5__t625                            4.99997
out__t1471                         2.79896e-06
out__t1223                         2.79893e-06
x2_n5__t624                            4.99997
vdd_drv__t1206                               5
vdd_drv__t881                                5
x2_n5__t623                            4.99997
out__t1470                          2.7989e-06
out__t1222                         2.79886e-06
x2_n5__t622                            4.99997
vdd_drv__t1205                               5
vdd_drv__t880                                5
x2_n5__t621                            4.99997
out__t1469                         2.79883e-06
out__t1221                          2.7988e-06
x2_n5__t620                            4.99997
vdd_drv__t1204                               5
vdd_drv__t886                                5
x2_n5__t632                            4.99997
out__t1475                         2.79877e-06
out__t1219                         2.79874e-06
x2_n5__t618                            4.99997
vdd_drv__t1202                               5
vdd_drv__t866                                5
x2_n5__t590                            4.99997
out__t1455                          2.7987e-06
out__t1050                         2.79867e-06
x2_n5__t278                            4.99997
vdd_drv__t1033                               5
vdd_drv__t708                                5
x2_n5__t277                            4.99997
out__t1297                         2.79864e-06
out__t1049                         2.79861e-06
x2_n5__t276                            4.99997
vdd_drv__t1032                               5
vdd_drv__t707                                5
x2_n5__t275                            4.99997
out__t1296                         2.79857e-06
out__t1270                         2.80055e-06
x2_n5__t720                            4.99997
vdd_drv__t679                                5
x3_uvlo_ok__t0                         4.99966
x3_lockout__t0                     2.76244e-06
vdd_drv__t20                                 5
x3_ncompp__t1                          4.17377
x3_ncompp__t2                          4.17353
vdd_drv__t674                          4.99999
x3_ncompn__t2                          4.95666
x3_ncompp__t3                          4.17353
vdd_drv__t675                                5
x3_lockout__t1                     3.07292e-06
x3_ncompn__t0                          4.95662
vdd_drv__t22                                 5
x1_inb__t1                             3.29999
in__t1                             2.03288e-20
vdd_logic__t0                              3.3
vdd_logic                                  3.3
x1_ncb__t3                         4.20597e-06
anon293__t0                        -2.9544e-05
anon294__t1                       -3.52642e-05
anon293__t1                        -2.9544e-05
anon294__t0                       -3.52642e-05
anon295__t0                       -2.65746e-05
in_drv__t4                         1.31791e-06
anon295__t1                       -2.65746e-05
vdd_drv__t0                            4.99996
anon22__t0                             4.65076
anon22__t1                             4.65053
anon23__t0                             4.30226
anon23__t1                             4.30203
anon26__t0                             3.95462
anon26__t1                             3.95439
anon27__t0                             3.60777
anon27__t1                             3.60755
anon30__t0                             3.26164
anon30__t1                             3.26142
anon31__t0                             2.91617
x3_nref__t4                           0.853168
anon21__t0                             1.19595
anon21__t1                             1.19617
anon24__t0                              1.5392
anon24__t1                             1.53942
anon25__t0                             1.88275
anon25__t1                             1.88297
anon28__t0                             2.22668
anon28__t1                              2.2269
anon29__t0                             2.57106
anon29__t1                             2.57128
anon31__t1                             2.91595
vdd_drv__t1                            4.99997
anon32__t0                             4.73937
anon32__t1                             4.73917
anon33__t0                             4.47935
anon33__t1                             4.47915
anon34__t0                             4.22008
anon34__t1                             4.21987
anon35__t0                              3.9615
anon35__t1                             3.96129
anon36__t0                             3.70357
anon36__t1                             3.70337
anon37__t0                             3.44625
anon37__t1                             3.44605
anon38__t0                             3.18951
anon38__t1                             3.18931
anon39__t1                             2.93329
x3_ndiv__t1                           0.897429
anon40__t0                             1.15076
anon40__t1                             1.15095
anon42__t0                             1.40447
anon42__t1                             1.40467
anon44__t0                             1.65841
anon44__t1                             1.65861
anon45__t0                             1.91263
anon45__t1                             1.91283
anon46__t0                             2.16717
anon46__t1                             2.16737
anon47__t0                             2.42206
anon47__t1                             2.42226
anon48__t0                             2.67735
anon48__t1                             2.67755
anon39__t0                             2.93309
x3_uvlo_ok__t2                          4.9991
anon49__t0                             4.92962
x3_ndiv__t3                           0.896774
anon41__t0                            0.597888
anon49__t1                             4.92957
anon50__t0                             4.86107
anon41__t1                            0.597696
anon43__t0                            0.298929
anon50__t1                             4.86103
anon51__t0                              4.7935
anon43__t1                            0.298737
gnd_drv__t16                       2.92424e-05
anon51__t1                             4.79346
anon52__t0                             4.72689
anon52__t1                             4.72685
anon53__t0                             4.66123
anon53__t1                             4.66119
anon54__t0                             4.59649
anon54__t1                             4.59645
anon55__t0                             4.53268
anon55__t1                             4.53264
anon56__t0                             4.46978
anon57__t1                             3.99772
anon59__t0                             4.05377
anon59__t1                              4.0538
anon60__t0                             4.11066
anon60__t1                              4.1107
anon63__t0                             4.16838
anon63__t1                             4.16842
anon65__t0                             4.22694
anon65__t1                             4.22698
anon66__t0                             4.28634
anon66__t1                             4.28638
anon69__t0                              4.3466
anon69__t1                             4.34664
anon71__t0                             4.40773
anon71__t1                             4.40777
anon56__t1                             4.46974
anon57__t0                             3.99768
anon58__t0                             3.94243
anon58__t1                             3.94239
anon61__t0                             3.88793
anon61__t1                              3.8879
anon62__t0                             3.83421
anon62__t1                             3.83418
anon64__t0                             3.78126
anon64__t1                             3.78122
anon67__t0                             3.72906
anon67__t1                             3.72903
anon68__t0                             3.67761
anon68__t1                             3.67758
anon70__t0                              3.6269
anon70__t1                             3.62687
anon72__t1                             3.57691
anon73__t0                             3.20197
anon74__t0                             3.24647
anon74__t1                              3.2465
anon76__t0                             3.29165
anon76__t1                             3.29168
anon78__t0                             3.33749
anon78__t1                             3.33752
anon81__t0                             3.38399
anon81__t1                             3.38402
anon82__t0                             3.43117
anon82__t1                             3.43121
anon84__t0                             3.47904
anon84__t1                             3.47907
anon86__t0                             3.52761
anon86__t1                             3.52764
anon72__t0                             3.57688
anon73__t1                             3.20194
anon75__t0                             3.15808
anon75__t1                             3.15805
anon77__t0                             3.11483
anon77__t1                              3.1148
anon79__t0                             3.07219
anon79__t1                             3.07217
anon80__t0                             3.03018
anon80__t1                             3.03015
anon83__t0                             2.98876
anon83__t1                             2.98874
anon85__t0                             2.94795
anon85__t1                             2.94792
anon87__t0                             2.90773
anon87__t1                              2.9077
anon88__t1                             2.86808
anon89__t0                             2.57097
anon90__t0                             2.60621
anon89__t1                             2.57095
anon91__t0                             2.53622
anon90__t1                             2.60623
anon93__t0                               2.642
anon91__t1                              2.5362
anon94__t0                             2.50198
anon93__t1                             2.64202
anon96__t0                             2.67831
anon94__t1                             2.50196
anon97__t0                             2.46824
anon96__t1                             2.67833
anon100__t0                            2.71516
anon97__t1                             2.46822
anon99__t0                               2.435
anon99__t1                             2.43498
anon102__t0                            2.40224
anon100__t1                            2.71518
anon103__t0                            2.75255
anon103__t1                            2.75257
anon105__t0                            2.79049
anon102__t1                            2.40222
anon106__t0                            2.36996
anon105__t1                            2.79052
anon108__t0                            2.82899
anon106__t1                            2.36994
anon109__t0                            2.33816
anon108__t1                            2.82902
anon88__t0                             2.86806
anon109__t1                            2.33814
anon111__t0                            2.30682
anon112__t0                            2.07223
anon113__t0                            2.04486
anon112__t1                            2.07225
anon92__t0                             2.10004
anon113__t1                            2.04484
anon115__t0                            2.01787
anon92__t1                             2.10006
anon95__t0                             2.12827
anon115__t1                            2.01785
anon117__t0                            1.99129
anon95__t1                             2.12829
anon98__t0                             2.15693
anon98__t1                             2.15695
anon101__t0                            2.18602
anon117__t1                            1.99127
anon119__t0                             1.9651
anon119__t1                            1.96509
anon121__t0                            1.93931
anon101__t1                            2.18604
anon104__t0                            2.21554
anon104__t1                            2.21556
anon107__t0                            2.24551
anon121__t1                             1.9393
anon123__t0                            1.91391
anon107__t1                            2.24553
anon110__t0                            2.27593
anon123__t1                            1.91389
anon125__t0                            1.88889
anon125__t1                            1.88888
anon127__t0                            1.86425
anon110__t1                            2.27595
anon111__t1                             2.3068
anon128__t0                            1.68015
anon114__t0                            1.70193
anon128__t1                            1.68014
anon129__t0                             1.6587
anon114__t1                            1.70194
anon116__t0                            1.72406
anon129__t1                            1.65869
anon131__t0                            1.63758
anon131__t1                            1.63757
anon133__t0                            1.61679
anon116__t1                            1.72407
anon118__t0                            1.74653
anon118__t1                            1.74654
anon120__t0                            1.76935
anon133__t1                            1.61677
anon135__t0                            1.59632
anon135__t1                             1.5963
anon137__t0                            1.57617
anon120__t1                            1.76937
anon122__t0                            1.79253
anon137__t1                            1.57615
anon139__t0                            1.55633
anon122__t1                            1.79255
anon124__t0                            1.81607
anon139__t1                            1.55632
anon141__t0                            1.53681
anon124__t1                            1.81608
anon126__t0                            1.83997
anon141__t1                             1.5368
anon143__t0                             1.5176
anon126__t1                            1.83998
anon127__t1                            1.86423
anon144__t1                             1.3745
anon130__t0                            1.39137
anon144__t0                            1.37449
anon145__t0                            1.35788
anon145__t1                            1.35787
anon147__t0                            1.34154
anon130__t1                            1.39139
anon132__t0                            1.40854
anon132__t1                            1.40855
anon134__t0                            1.42599
anon147__t1                            1.34153
anon149__t0                            1.32547
anon149__t1                            1.32546
anon151__t0                            1.30966
anon134__t1                              1.426
anon136__t0                            1.44372
anon136__t1                            1.44373
anon138__t0                            1.46175
anon151__t1                            1.30965
anon153__t0                            1.29412
anon153__t1                            1.29411
anon155__t0                            1.27883
anon138__t1                            1.46176
anon140__t0                            1.48006
anon155__t1                            1.27882
anon157__t0                             1.2638
anon140__t1                            1.48007
anon142__t0                            1.49867
anon157__t1                            1.26379
anon159__t1                            1.24902
anon142__t1                            1.49868
anon143__t1                            1.51758
anon160__t0                            1.13956
anon146__t0                            1.15241
anon160__t1                            1.13955
anon161__t0                            1.12693
anon161__t1                            1.12693
anon163__t0                            1.11453
anon146__t1                            1.15242
anon148__t0                             1.1655
anon163__t1                            1.11452
anon165__t0                            1.10235
anon148__t1                            1.16551
anon150__t0                            1.17882
anon150__t1                            1.17883
anon152__t0                            1.19237
anon165__t1                            1.10234
anon167__t0                            1.09039
anon152__t1                            1.19238
anon154__t0                            1.20617
anon167__t1                            1.09038
anon169__t0                            1.07865
anon169__t1                            1.07864
anon171__t0                            1.06713
anon154__t1                            1.20618
anon156__t0                            1.22021
anon156__t1                            1.22021
anon158__t0                            1.23449
anon171__t1                            1.06712
anon173__t0                            1.05581
anon173__t1                            1.05581
anon175__t0                            1.04471
anon158__t1                            1.23449
anon159__t0                            1.24901
anon176__t0                           0.963259
anon162__t0                           0.972739
anon176__t1                           0.963253
anon177__t0                           0.953965
anon162__t1                           0.972746
anon164__t0                            0.98242
anon177__t1                           0.953959
anon179__t0                           0.944863
anon179__t1                           0.944857
anon181__t0                           0.935949
anon164__t1                           0.982427
anon166__t0                           0.992298
anon166__t1                           0.992304
anon168__t0                            1.00237
anon181__t1                           0.935943
anon183__t0                           0.927222
anon168__t1                            1.00238
anon170__t0                            1.01265
anon183__t1                           0.927217
anon185__t0                           0.918682
anon185__t1                           0.918676
anon187__t0                           0.910325
anon170__t1                            1.01266
anon172__t0                            1.02313
anon172__t1                            1.02314
anon174__t0                            1.03381
anon187__t1                           0.910319
anon189__t0                            0.90215
anon189__t1                           0.902145
anon191__t0                           0.894156
anon174__t1                            1.03382
anon175__t1                            1.04471
anon192__t1                           0.836513
anon193__t0                            0.83008
anon192__t0                           0.836517
anon178__t0                           0.843117
anon193__t1                           0.830076
anon195__t0                           0.823809
anon178__t1                           0.843121
anon180__t0                            0.84989
anon180__t1                           0.849894
anon182__t0                           0.856833
anon195__t1                           0.823805
anon197__t0                           0.817703
anon182__t1                           0.856838
anon184__t0                           0.863948
anon197__t1                           0.817699
anon199__t0                            0.81176
anon199__t1                           0.811756
anon201__t0                            0.80598
anon184__t1                           0.863953
anon186__t0                           0.871236
anon186__t1                            0.87124
anon188__t0                           0.878698
anon201__t1                           0.805976
anon203__t0                           0.800361
anon188__t1                           0.878702
anon190__t0                           0.886335
anon203__t1                           0.800358
anon205__t0                           0.794903
anon205__t1                           0.794899
anon207__t0                           0.789603
anon190__t1                            0.88634
anon191__t1                           0.894151
anon208__t1                           0.752812
anon209__t0                           0.748902
anon208__t0                           0.752814
anon194__t0                           0.756874
anon209__t1                             0.7489
anon211__t0                           0.745141
anon194__t1                           0.756876
anon196__t0                           0.761088
anon196__t1                            0.76109
anon198__t0                           0.765454
anon211__t1                           0.745138
anon213__t0                           0.741528
anon213__t1                           0.741526
anon215__t0                           0.738064
anon198__t1                           0.765456
anon200__t0                           0.769973
anon200__t1                           0.769976
anon202__t0                           0.774646
anon215__t1                           0.738062
anon217__t0                           0.734747
anon217__t1                           0.734745
anon219__t0                           0.731578
anon202__t1                           0.774649
anon204__t0                           0.779474
anon219__t1                           0.731576
anon221__t0                           0.728555
anon204__t1                           0.779478
anon206__t0                           0.784459
anon206__t1                           0.784462
anon207__t1                             0.7896
anon221__t1                           0.728553
anon223__t1                           0.725677
anon224__t1                           0.707845
anon210__t0                           0.709573
anon224__t0                           0.707844
anon225__t0                           0.706257
anon225__t1                           0.706256
anon227__t0                           0.704811
anon210__t1                           0.709574
anon212__t0                           0.711444
anon212__t1                           0.711445
anon214__t0                           0.713457
anon227__t1                            0.70481
anon229__t0                           0.703506
anon229__t1                           0.703505
anon231__t0                           0.702342
anon214__t1                           0.713459
anon216__t0                           0.715614
anon216__t1                           0.715615
anon218__t0                           0.717913
anon231__t1                           0.702341
anon233__t0                           0.701318
anon233__t1                           0.701317
anon235__t0                           0.700434
anon218__t1                           0.717915
anon220__t0                           0.720356
anon235__t1                           0.700434
anon237__t0                           0.699691
anon220__t1                           0.720358
anon222__t0                           0.722943
anon222__t1                           0.722945
anon223__t0                           0.725675
anon237__t1                           0.699691
anon239__t1                           0.699088
anon240__t1                           0.699295
anon241__t0                            0.69995
anon240__t0                           0.699295
anon226__t0                            0.69878
anon241__t1                            0.69995
anon243__t0                           0.700745
anon226__t1                            0.69878
anon228__t0                           0.698405
anon228__t1                           0.698405
anon230__t0                           0.698169
anon243__t1                           0.700745
anon245__t0                            0.70168
anon245__t1                           0.701681
anon247__t0                           0.702756
anon230__t1                           0.698169
anon232__t0                           0.698074
anon247__t1                           0.702757
anon249__t0                           0.703972
anon232__t1                           0.698073
anon234__t0                           0.698117
anon234__t1                           0.698118
anon236__t0                           0.698301
anon249__t1                           0.703973
anon251__t0                           0.705329
anon251__t1                            0.70533
anon253__t0                           0.706828
anon236__t1                           0.698301
anon238__t0                           0.698624
anon253__t1                           0.706829
anon255__t0                           0.708468
anon238__t1                           0.698625
anon239__t0                           0.699088
anon256__t0                           0.726724
anon242__t0                            0.72394
anon256__t1                           0.726726
anon257__t0                           0.729656
anon242__t1                           0.723939
anon244__t0                           0.721299
anon257__t1                           0.729657
anon259__t0                           0.732733
anon259__t1                           0.732735
anon261__t0                           0.735957
anon244__t1                           0.721298
anon246__t0                           0.718803
anon261__t1                           0.735959
anon263__t0                           0.739328
anon246__t1                           0.718801
anon248__t0                            0.71645
anon263__t1                            0.73933
anon265__t0                           0.742847
anon248__t1                           0.716449
anon250__t0                           0.714241
anon250__t1                           0.714239
anon252__t0                           0.712174
anon265__t1                           0.742849
anon267__t0                           0.746514
anon267__t1                           0.746517
anon269__t0                           0.750332
anon252__t1                           0.712173
anon254__t0                           0.710251
anon254__t1                           0.710249
anon255__t1                           0.708469
anon269__t1                           0.750334
anon271__t1                           0.754299
anon272__t1                           0.791548
anon273__t0                           0.796903
anon272__t0                           0.791545
anon258__t0                           0.786348
anon273__t1                           0.796906
anon275__t0                           0.802421
anon258__t1                           0.786345
anon260__t0                           0.781306
anon260__t1                           0.781303
anon262__t0                            0.77642
anon275__t1                           0.802424
anon277__t0                           0.808099
anon277__t1                           0.808102
anon279__t0                           0.813939
anon262__t1                           0.776417
anon264__t0                           0.771689
anon279__t1                           0.813943
anon281__t0                           0.819942
anon264__t1                           0.771686
anon266__t0                           0.767113
anon266__t1                            0.76711
anon268__t0                            0.76269
anon281__t1                           0.819945
anon283__t0                           0.826108
anon283__t1                           0.826112
anon285__t0                           0.832441
anon268__t1                           0.762687
anon270__t0                            0.75842
anon285__t1                           0.832445
anon287__t1                            0.83894
anon270__t1                           0.758417
anon271__t0                           0.754301
x3_ndiv__t2                           0.897091
anon274__t0                           0.889215
anon274__t1                            0.88921
anon276__t0                           0.881511
anon276__t1                           0.881506
anon278__t0                           0.873984
anon278__t1                           0.873979
anon280__t0                           0.866632
anon280__t1                           0.866627
anon282__t0                           0.859453
anon282__t1                           0.859449
anon284__t0                           0.852447
anon284__t1                           0.852442
anon286__t0                           0.845611
anon286__t1                           0.845606
anon287__t0                           0.838944
gnd_logic__t0                                0
gnd_logic__t1                                0
gnd_logic__t2                                0
gnd_logic__t3                                0
gnd_logic__t4                                0
gnd_logic__t5                                0
gnd_logic__t6                                0
gnd_logic__t7                                0
gnd_logic__t8                                0
gnd_logic__t9                                0
gnd_logic__t10                               0
gnd_logic__t11                               0
gnd_logic__t12                               0
gnd_logic__t13                               0
gnd_logic__t14                               0
gnd_logic__t15                               0
gnd_logic__t16                               0
gnd_logic__t17                               0
gnd_logic__t18                               0
gnd_logic__t19                               0
gnd_logic__t20                               0
gnd_logic__t21                               0
gnd_logic__t22                               0
gnd_logic__t23                               0
gnd_logic__t24                               0
gnd_logic__t25                               0
gnd_logic__t26                               0
gnd_logic__t27                               0
gnd_logic__t28                               0
gnd_logic__t29                               0
gnd_logic__t30                               0
gnd_logic__t31                               0
gnd_logic__t32                               0
gnd_logic__t33                               0
gnd_logic__t34                               0
gnd_logic__t35                               0
gnd_logic__t36                               0
gnd_logic__t37                               0
gnd_logic__t38                               0
gnd_logic__t39                               0
gnd_logic__t40                               0
gnd_logic__t41                               0
gnd_logic__t42                               0
gnd_logic__t43                               0
gnd_logic__t44                               0
gnd_logic__t45                               0
gnd_logic__t46                               0
gnd_logic__t47                               0
gnd_logic__t48                               0
gnd_logic__t49                               0
gnd_logic__t50                               0
gnd_logic__t51                               0
gnd_logic__t52                               0
gnd_logic__t53                               0
gnd_logic__t54                               0
gnd_logic__t55                               0
gnd_logic__t56                               0
gnd_logic__t57                               0
gnd_logic__t58                               0
gnd_logic__t59                               0
gnd_logic__t60                               0
gnd_logic__t61                               0
gnd_logic__t62                               0
gnd_logic__t63                               0
gnd_logic__t64                               0
gnd_logic__t65                               0
gnd_logic__t66                               0
gnd_logic__t67                               0
gnd_logic__t68                               0
gnd_logic__t69                               0
gnd_logic__t70                               0
gnd_logic__t71                               0
gnd_logic__t72                               0
gnd_logic__t73                               0
gnd_logic__t74                               0
gnd_logic__t75                               0
gnd_logic__t76                               0
gnd_logic__t77                               0
gnd_logic__t78                               0
gnd_logic__t79                               0
gnd_logic__t80                               0
gnd_logic__t81                               0
gnd_logic__t82                               0
gnd_logic__t83                               0
gnd_logic__t84                               0
gnd_logic__t85                               0
gnd_logic__t86                               0
gnd_logic__t87                               0
gnd_logic__t88                               0
gnd_logic__t89                               0
gnd_logic__t90                               0
gnd_logic__t91                               0
gnd_logic__t92                               0
gnd_logic__t93                               0
gnd_logic__t94                               0
gnd_logic__t95                               0
gnd_logic__t96                               0
gnd_logic__t97                               0
gnd_logic__t98                               0
gnd_logic__t99                               0
gnd_logic__t100                              0
gnd_logic__t101                              0
gnd_logic__t102                              0
gnd_logic__t103                              0
gnd_logic__t104                              0
gnd_logic__t105                              0
gnd_logic__t106                              0
gnd_logic__t107                              0
gnd_logic__t108                              0
gnd_logic__t109                              0
gnd_logic__t110                              0
gnd_logic__t111                              0
gnd_logic__t112                              0
gnd_logic__t113                              0
gnd_logic__t114                              0
gnd_logic__t115                              0
gnd_logic__t116                              0
gnd_logic__t117                              0
gnd_logic__t118                              0
gnd_logic__t119                              0
gnd_logic__t120                              0
gnd_logic__t121                              0
gnd_logic__t122                              0
gnd_logic__t123                              0
gnd_logic__t124                              0
gnd_logic__t125                              0
gnd_logic__t126                              0
gnd_logic__t127                              0
gnd_logic__t128                              0
gnd_logic__t129                              0
gnd_logic__t130                              0
gnd_logic__t131                              0
gnd_logic__t132                              0
gnd_logic__t133                              0
gnd_logic__t134                              0
gnd_logic__t135                              0
gnd_logic__t136                              0
gnd_logic__t137                              0
gnd_logic__t138                              0
gnd_logic__t139                              0
gnd_logic__t140                              0
gnd_logic__t141                              0
gnd_logic__t142                              0
gnd_logic__t143                              0
gnd_logic__t144                              0
gnd_logic__t145                              0
gnd_logic__t146                              0
gnd_logic__t147                              0
gnd_logic__t148                              0
gnd_logic__t149                              0
gnd_logic__t150                              0
gnd_logic__t151                              0
gnd_logic__t152                              0
gnd_logic__t153                              0
gnd_logic__t154                              0
gnd_logic__t155                              0
gnd_logic__t156                              0
gnd_logic__t157                              0
gnd_logic__t158                              0
gnd_logic__t159                              0
gnd_logic__t160                              0
gnd_logic__t161                              0
gnd_logic__t162                              0
gnd_logic__t163                              0
gnd_logic__t164                              0
gnd_logic__t165                              0
gnd_logic__t166                              0
gnd_logic__t167                              0
gnd_logic__t168                              0
gnd_logic__t169                              0
gnd_logic__t170                              0
gnd_logic__t171                              0
gnd_logic__t172                              0
gnd_logic__t173                              0
gnd_logic__t174                              0
gnd_logic__t175                              0
gnd_logic__t176                              0
gnd_logic__t177                              0
gnd_logic__t178                              0
gnd_logic__t179                              0
gnd_logic__t180                              0
gnd_logic__t181                              0
gnd_logic__t182                              0
gnd_logic__t183                              0
gnd_logic__t184                              0
gnd_logic__t185                              0
gnd_logic__t186                              0
gnd_logic__t187                              0
gnd_logic__t188                              0
gnd_logic__t189                              0
gnd_logic__t190                              0
gnd_logic__t191                              0
gnd_logic__t192                              0
gnd_logic__t193                              0
gnd_logic__t194                              0
gnd_logic__t195                              0
gnd_logic__t196                              0
gnd_logic__t197                              0
gnd_logic__t198                              0
gnd_logic__t199                              0
gnd_logic__t200                              0
gnd_logic__t201                              0
gnd_logic__t202                              0
gnd_logic__t203                              0
gnd_logic__t204                              0
gnd_logic__t205                              0
gnd_logic__t206                              0
gnd_logic__t207                              0
gnd_logic__t208                              0
gnd_logic__t209                              0
gnd_logic__t210                              0
gnd_logic__t211                              0
gnd_logic__t212                              0
gnd_logic__t213                              0
gnd_logic__t214                              0
gnd_logic__t215                              0
gnd_logic__t216                              0
gnd_logic__t217                              0
gnd_logic__t218                              0
gnd_logic__t219                              0
gnd_logic__t220                              0
gnd_logic__t221                              0
gnd_logic__t222                              0
gnd_logic__t223                              0
gnd_logic__t224                              0
gnd_logic__t225                              0
gnd_logic__t226                              0
gnd_logic__t227                              0
gnd_logic__t228                              0
gnd_logic__t229                              0
gnd_logic__t230                              0
gnd_logic__t231                              0
gnd_logic__t232                              0
gnd_logic__t233                              0
gnd_logic__t234                              0
gnd_logic__t235                              0
gnd_logic__t236                              0
gnd_logic__t237                              0
gnd_logic__t238                              0
gnd_logic__t239                              0
gnd_logic__t240                              0
gnd_logic__t241                              0
gnd_logic__t242                              0
gnd_logic__t243                              0
gnd_logic__t244                              0
gnd_logic__t245                              0
gnd_logic__t246                              0
gnd_logic__t247                              0
gnd_logic__t248                              0
gnd_logic__t249                              0
gnd_logic__t250                              0
gnd_logic__t251                              0
gnd_logic__t252                              0
gnd_logic__t253                              0
gnd_logic__t254                              0
gnd_logic__t255                              0
gnd_logic__t256                              0
gnd_logic__t257                              0
gnd_logic__t258                              0
gnd_logic__t259                              0
gnd_logic__t260                              0
gnd_logic__t261                              0
gnd_logic__t262                              0
gnd_logic__t263                              0
gnd_logic__t264                              0
gnd_logic__t265                              0
gnd_logic__t266                              0
gnd_logic__t267                              0
gnd_logic__t268                              0
gnd_logic__t269                              0
gnd_logic__t270                              0
in                                           0
in_drv                             1.31786e-06
out                                2.78805e-06
anon100                                2.71517
anon101                                2.18603
anon102                                2.40223
anon103                                2.75256
anon104                                2.21555
anon105                                 2.7905
anon106                                2.36995
anon107                                2.24552
anon108                                  2.829
anon109                                2.33815
anon110                                2.27594
anon111                                2.30681
anon112                                2.07224
anon113                                2.04485
anon114                                1.70193
anon115                                2.01786
anon116                                1.72406
anon117                                1.99128
anon118                                1.74654
anon119                                 1.9651
anon120                                1.76936
anon121                                1.93931
anon122                                1.79254
anon123                                 1.9139
anon124                                1.81607
anon125                                1.88888
anon126                                1.83997
anon127                                1.86424
anon128                                1.68014
anon129                                1.65869
anon130                                1.39138
anon131                                1.63757
anon132                                1.40855
anon133                                1.61678
anon134                                1.42599
anon135                                1.59631
anon136                                1.44373
anon137                                1.57616
anon138                                1.46175
anon139                                1.55633
anon140                                1.48007
anon141                                 1.5368
anon142                                1.49868
anon143                                1.51759
anon144                                1.37449
anon145                                1.35788
anon146                                1.15241
anon147                                1.34154
anon148                                 1.1655
anon149                                1.32546
anon150                                1.17882
anon151                                1.30966
anon152                                1.19238
anon153                                1.29411
anon154                                1.20617
anon155                                1.27883
anon156                                1.22021
anon157                                 1.2638
anon158                                1.23449
anon159                                1.24902
anon160                                1.13956
anon161                                1.12693
anon162                               0.972742
anon163                                1.11453
anon164                               0.982424
anon165                                1.10235
anon166                               0.992301
anon167                                1.09039
anon168                                1.00238
anon169                                1.07865
anon170                                1.01265
anon171                                1.06712
anon172                                1.02313
anon173                                1.05581
anon174                                1.03382
anon175                                1.04471
anon176                               0.963256
anon177                               0.953962
anon178                               0.843119
anon179                                0.94486
anon180                               0.849892
anon181                               0.935946
anon182                               0.856836
anon183                                0.92722
anon184                                0.86395
anon185                               0.918679
anon186                               0.871238
anon187                               0.910322
anon188                                 0.8787
anon189                               0.902147
anon190                               0.886338
anon191                               0.894153
anon192                               0.836515
anon193                               0.830078
anon194                               0.756875
anon195                               0.823807
anon196                               0.761089
anon197                               0.817701
anon198                               0.765455
anon199                               0.811758
anon200                               0.769974
anon201                               0.805978
anon202                               0.774648
anon203                                0.80036
anon204                               0.779476
anon205                               0.794901
anon206                                0.78446
anon207                               0.789602
anon208                               0.752813
anon209                               0.748901
anon21                                 1.19606
anon210                               0.709573
anon211                               0.745139
anon212                               0.711444
anon213                               0.741527
anon214                               0.713458
anon215                               0.738063
anon216                               0.715614
anon217                               0.734746
anon218                               0.717914
anon219                               0.731577
anon22                                 4.65065
anon220                               0.720357
anon221                               0.728554
anon222                               0.722944
anon223                               0.725676
anon224                               0.707844
anon225                               0.706257
anon226                                0.69878
anon227                               0.704811
anon228                               0.698405
anon229                               0.703506
anon23                                 4.30214
anon230                               0.698169
anon231                               0.702341
anon232                               0.698073
anon233                               0.701318
anon234                               0.698117
anon235                               0.700434
anon236                               0.698301
anon237                               0.699691
anon238                               0.698625
anon239                               0.699088
anon24                                 1.53931
anon240                               0.699295
anon241                                0.69995
anon242                                0.72394
anon243                               0.700745
anon244                               0.721299
anon245                                0.70168
anon246                               0.718802
anon247                               0.702756
anon248                               0.716449
anon249                               0.703973
anon25                                 1.88286
anon250                                0.71424
anon251                                0.70533
anon252                               0.712174
anon253                               0.706828
anon254                                0.71025
anon255                               0.708468
anon256                               0.726725
anon257                               0.729656
anon258                               0.786347
anon259                               0.732734
anon26                                 3.95451
anon260                               0.781304
anon261                               0.735958
anon262                               0.776418
anon263                               0.739329
anon264                               0.771687
anon265                               0.742848
anon266                               0.767111
anon267                               0.746516
anon268                               0.762689
anon269                               0.750333
anon27                                 3.60766
anon270                               0.758418
anon271                                 0.7543
anon272                               0.791546
anon273                               0.796905
anon274                               0.889212
anon275                               0.802422
anon276                               0.881509
anon277                               0.808101
anon278                               0.873982
anon279                               0.813941
anon28                                 2.22679
anon280                                0.86663
anon281                               0.819943
anon282                               0.859451
anon283                                0.82611
anon284                               0.852445
anon285                               0.832443
anon286                               0.845608
anon287                               0.838942
anon29                                 2.57117
anon293                            -2.9544e-05
anon294                           -3.52642e-05
anon295                           -2.65746e-05
anon30                                 3.26153
anon31                                 2.91606
anon32                                 4.73927
anon33                                 4.47925
anon34                                 4.21998
anon35                                 3.96139
anon36                                 3.70347
anon37                                 3.44615
anon38                                 3.18941
anon39                                 2.93319
anon40                                 1.15085
anon41                                0.597792
anon42                                 1.40457
anon43                                0.298833
anon44                                 1.65851
anon45                                 1.91273
anon46                                 2.16727
anon47                                 2.42216
anon48                                 2.67745
anon49                                  4.9296
anon50                                 4.86105
anon51                                 4.79348
anon52                                 4.72687
anon53                                 4.66121
anon54                                 4.59647
anon55                                 4.53266
anon56                                 4.46976
anon57                                  3.9977
anon58                                 3.94241
anon59                                 4.05378
anon60                                 4.11068
anon61                                 3.88791
anon62                                 3.83419
anon63                                  4.1684
anon64                                 3.78124
anon65                                 4.22696
anon66                                 4.28636
anon67                                 3.72905
anon68                                  3.6776
anon69                                 4.34662
anon70                                 3.62688
anon71                                 4.40775
anon72                                  3.5769
anon73                                 3.20196
anon74                                 3.24649
anon75                                 3.15807
anon76                                 3.29166
anon77                                 3.11481
anon78                                  3.3375
anon79                                 3.07218
anon80                                 3.03016
anon81                                 3.38401
anon82                                 3.43119
anon83                                 2.98875
anon84                                 3.47906
anon85                                 2.94794
anon86                                 3.52762
anon87                                 2.90771
anon88                                 2.86807
anon89                                 2.57096
anon90                                 2.60622
anon91                                 2.53621
anon92                                 2.10005
anon93                                 2.64201
anon94                                 2.50197
anon95                                 2.12828
anon96                                 2.67832
anon97                                 2.46823
anon98                                 2.15694
anon99                                 2.43499
x1_inb                                 3.29999
x1_na                                  2.15303
x1_nb                              1.65622e-06
x1_nbuf1                               4.99996
x1_nca                                 4.99992
x1_ncb                             4.20592e-06
x2_n1                                  4.99995
x2_n2                              2.27952e-06
x2_n3                                   4.9999
x2_n4                              2.98329e-06
x2_n5                                  4.99997
x3_lockout                         2.76244e-06
x3_ncompn                              4.95662
x3_ncompp                              4.17353
x3_ndiv                               0.897099
x3_nref                               0.851532
x3_ntail                             0.0847652
x3_uvlo_ok                             4.99947
vin#branch                         1.33666e-15
vgnd_logic#branch                  1.94099e-05
vsup_drv#branch                   -2.90003e-05
vsup_logic#branch                 -2.64004e-08

 Reference value :  0.00000e+00
 Reference value :  1.25600e-10
 Reference value :  6.25600e-10
 Reference value :  1.12560e-09
 Reference value :  1.64560e-09
 Reference value :  2.14560e-09
 Reference value :  2.56560e-09
 Reference value :  3.04560e-09
 Reference value :  3.56560e-09
 Reference value :  3.96560e-09
 Reference value :  4.44560e-09
 Reference value :  4.88560e-09
 Reference value :  5.34560e-09
 Reference value :  5.82560e-09
 Reference value :  6.24560e-09
 Reference value :  6.64560e-09
 Reference value :  7.08560e-09
 Reference value :  7.48560e-09
 Reference value :  7.88560e-09
 Reference value :  8.26560e-09
 Reference value :  8.66560e-09
 Reference value :  9.08560e-09
 Reference value :  9.56560e-09
 Reference value :  1.00856e-08
 Reference value :  1.06256e-08
 Reference value :  1.10656e-08
 Reference value :  1.15256e-08
 Reference value :  1.20256e-08
 Reference value :  1.25656e-08
 Reference value :  1.30656e-08
 Reference value :  1.34856e-08
 Reference value :  1.40456e-08
 Reference value :  1.45856e-08
 Reference value :  1.50256e-08
 Reference value :  1.55056e-08
 Reference value :  1.59656e-08
 Reference value :  1.65056e-08
 Reference value :  1.70056e-08
 Reference value :  1.75056e-08
 Reference value :  1.80256e-08
 Reference value :  1.85256e-08
 Reference value :  1.90456e-08
 Reference value :  1.95456e-08
 Reference value :  2.00003e-08
 Reference value :  2.03080e-08
 Reference value :  2.06516e-08
 Reference value :  2.11516e-08
 Reference value :  2.16916e-08
 Reference value :  2.22116e-08
 Reference value :  2.27516e-08
 Reference value :  2.31916e-08
 Reference value :  2.36116e-08
 Reference value :  2.40516e-08
 Reference value :  2.45316e-08
 Reference value :  2.49916e-08
 Reference value :  2.54716e-08
 Reference value :  2.58716e-08
 Reference value :  2.62916e-08
 Reference value :  2.67716e-08
 Reference value :  2.72316e-08
 Reference value :  2.77116e-08
 Reference value :  2.81316e-08
 Reference value :  2.85916e-08
 Reference value :  2.90676e-08
 Reference value :  2.94380e-08
 Reference value :  2.96657e-08
 Reference value :  2.97990e-08
 Reference value :  3.00309e-08
 Reference value :  3.02852e-08
 Reference value :  3.06852e-08
 Reference value :  3.10852e-08
 Reference value :  3.14452e-08
 Reference value :  3.19452e-08
 Reference value :  3.23852e-08
 Reference value :  3.27852e-08
 Reference value :  3.32252e-08
 Reference value :  3.36852e-08
 Reference value :  3.41852e-08
 Reference value :  3.46852e-08
 Reference value :  3.51252e-08
 Reference value :  3.55652e-08
 Reference value :  3.60452e-08
 Reference value :  3.65252e-08
 Reference value :  3.69652e-08
 Reference value :  3.74652e-08
 Reference value :  3.79052e-08
 Reference value :  3.83052e-08
 Reference value :  3.87852e-08
 Reference value :  3.92852e-08
 Reference value :  3.97252e-08
 Reference value :  4.02052e-08
 Reference value :  4.06252e-08
 Reference value :  4.10252e-08
 Reference value :  4.14052e-08
 Reference value :  4.17852e-08
 Reference value :  4.22252e-08
 Reference value :  4.26852e-08
 Reference value :  4.31252e-08
 Reference value :  4.35252e-08
 Reference value :  4.39852e-08
 Reference value :  4.44452e-08
 Reference value :  4.48652e-08
 Reference value :  4.52852e-08
 Reference value :  4.57052e-08
 Reference value :  4.61052e-08
 Reference value :  4.65252e-08
 Reference value :  4.69452e-08
 Reference value :  4.73852e-08
 Reference value :  4.78252e-08
 Reference value :  4.82652e-08
 Reference value :  4.87052e-08
 Reference value :  4.91452e-08
 Reference value :  4.95652e-08
 Reference value :  5.00252e-08
 Reference value :  5.04652e-08
 Reference value :  5.09052e-08
 Reference value :  5.13252e-08
 Reference value :  5.16852e-08
 Reference value :  5.20652e-08
 Reference value :  5.24452e-08
 Reference value :  5.28252e-08
 Reference value :  5.32252e-08
 Reference value :  5.36252e-08
 Reference value :  5.40652e-08
 Reference value :  5.44252e-08
 Reference value :  5.48452e-08
 Reference value :  5.52452e-08
 Reference value :  5.56252e-08
 Reference value :  5.60652e-08
 Reference value :  5.65052e-08
 Reference value :  5.69452e-08
 Reference value :  5.73652e-08
 Reference value :  5.78252e-08
 Reference value :  5.82652e-08
 Reference value :  5.87052e-08
 Reference value :  5.91452e-08
 Reference value :  5.95852e-08
 Reference value :  6.00052e-08
 Reference value :  6.04452e-08
 Reference value :  6.07346e-08
 Reference value :  6.10012e-08
 Reference value :  6.12087e-08
 Reference value :  6.15378e-08
 Reference value :  6.19778e-08
 Reference value :  6.23978e-08
 Reference value :  6.28378e-08
 Reference value :  6.31378e-08
 Reference value :  6.35378e-08
 Reference value :  6.39778e-08
 Reference value :  6.43978e-08
 Reference value :  6.48178e-08
 Reference value :  6.52578e-08
 Reference value :  6.56978e-08
 Reference value :  6.61178e-08
 Reference value :  6.64978e-08
 Reference value :  6.69178e-08
 Reference value :  6.71809e-08
 Reference value :  6.75362e-08
 Reference value :  6.77078e-08
 Reference value :  6.80554e-08
 Reference value :  6.85154e-08
 Reference value :  6.89554e-08
 Reference value :  6.94154e-08
 Reference value :  6.98354e-08
 Reference value :  7.02754e-08
 Reference value :  7.07154e-08
 Reference value :  7.11354e-08
 Reference value :  7.15754e-08
 Reference value :  7.19954e-08
 Reference value :  7.24354e-08
 Reference value :  7.28354e-08
 Reference value :  7.32354e-08
 Reference value :  7.37154e-08
 Reference value :  7.41154e-08
 Reference value :  7.45554e-08
 Reference value :  7.49754e-08
 Reference value :  7.53554e-08
 Reference value :  7.57954e-08
 Reference value :  7.61754e-08
 Reference value :  7.65954e-08
 Reference value :  7.71354e-08
 Reference value :  7.76554e-08
 Reference value :  7.81354e-08
 Reference value :  7.86154e-08
 Reference value :  7.91154e-08
 Reference value :  7.95954e-08
 Reference value :  8.00954e-08
 Reference value :  8.05154e-08
 Reference value :  8.09354e-08
 Reference value :  8.13954e-08
 Reference value :  8.19154e-08
 Reference value :  8.23554e-08
 Reference value :  8.28154e-08
 Reference value :  8.32954e-08
 Reference value :  8.38154e-08
 Reference value :  8.42954e-08
 Reference value :  8.47354e-08
 Reference value :  8.52154e-08
 Reference value :  8.56954e-08
 Reference value :  8.61354e-08
 Reference value :  8.65754e-08
 Reference value :  8.70754e-08
 Reference value :  8.75354e-08
 Reference value :  8.80354e-08
 Reference value :  8.85754e-08
 Reference value :  8.91154e-08
 Reference value :  8.95554e-08
 Reference value :  8.99954e-08
 Reference value :  9.04354e-08
 Reference value :  9.08354e-08
 Reference value :  9.12354e-08
 Reference value :  9.16354e-08
 Reference value :  9.20754e-08
 Reference value :  9.24954e-08
 Reference value :  9.29154e-08
 Reference value :  9.33354e-08
 Reference value :  9.37954e-08
 Reference value :  9.42554e-08
 Reference value :  9.47154e-08
 Reference value :  9.51954e-08
 Reference value :  9.56154e-08
 Reference value :  9.60354e-08
 Reference value :  9.64754e-08
 Reference value :  9.69354e-08
 Reference value :  9.74554e-08
 Reference value :  9.79954e-08
 Reference value :  9.84554e-08
 Reference value :  9.89154e-08
 Reference value :  9.93154e-08
 Reference value :  9.97354e-08
 Reference value :  1.00005e-07
 Reference value :  1.00293e-07
 Reference value :  1.00536e-07
 Reference value :  1.01012e-07
 Reference value :  1.01472e-07
 Reference value :  1.01872e-07
 Reference value :  1.02292e-07
 Reference value :  1.02712e-07
 Reference value :  1.03172e-07
 Reference value :  1.03672e-07
 Reference value :  1.04152e-07
 Reference value :  1.04632e-07
 Reference value :  1.05072e-07
 Reference value :  1.05552e-07
 Reference value :  1.06032e-07
 Reference value :  1.06512e-07
 Reference value :  1.07012e-07
 Reference value :  1.07492e-07
 Reference value :  1.07972e-07
 Reference value :  1.08472e-07
 Reference value :  1.08972e-07
 Reference value :  1.09427e-07
 Reference value :  1.09664e-07
 Reference value :  1.09867e-07
 Reference value :  1.10119e-07
 Reference value :  1.10572e-07
 Reference value :  1.11052e-07
 Reference value :  1.11532e-07
 Reference value :  1.11992e-07
 Reference value :  1.12432e-07
 Reference value :  1.12892e-07
 Reference value :  1.13352e-07
 Reference value :  1.13812e-07
 Reference value :  1.14272e-07
 Reference value :  1.14692e-07
 Reference value :  1.15152e-07
 Reference value :  1.15652e-07
 Reference value :  1.16152e-07
 Reference value :  1.16672e-07
 Reference value :  1.17152e-07
 Reference value :  1.17592e-07
 Reference value :  1.18052e-07
 Reference value :  1.18532e-07
 Reference value :  1.18992e-07
 Reference value :  1.19452e-07
 Reference value :  1.19932e-07
 Reference value :  1.20392e-07
 Reference value :  1.20832e-07
 Reference value :  1.21292e-07
 Reference value :  1.21752e-07
 Reference value :  1.22212e-07
 Reference value :  1.22692e-07
 Reference value :  1.23152e-07
 Reference value :  1.23612e-07
 Reference value :  1.24052e-07
 Reference value :  1.24492e-07
 Reference value :  1.24912e-07
 Reference value :  1.25332e-07
 Reference value :  1.25772e-07
 Reference value :  1.26192e-07
 Reference value :  1.26612e-07
 Reference value :  1.27032e-07
 Reference value :  1.27472e-07
 Reference value :  1.27952e-07
 Reference value :  1.28392e-07
 Reference value :  1.28812e-07
 Reference value :  1.29232e-07
 Reference value :  1.29672e-07
 Reference value :  1.30092e-07
 Reference value :  1.30512e-07
 Reference value :  1.30892e-07
 Reference value :  1.31272e-07
 Reference value :  1.31652e-07
 Reference value :  1.32092e-07
 Reference value :  1.32532e-07
 Reference value :  1.32912e-07
 Reference value :  1.33352e-07
 Reference value :  1.33792e-07
 Reference value :  1.34212e-07
 Reference value :  1.34672e-07
 Reference value :  1.35132e-07
 Reference value :  1.35552e-07
 Reference value :  1.35972e-07
 Reference value :  1.36432e-07
 Reference value :  1.36852e-07
 Reference value :  1.37292e-07
 Reference value :  1.37752e-07
 Reference value :  1.38212e-07
 Reference value :  1.38692e-07
 Reference value :  1.39132e-07
 Reference value :  1.39572e-07
 Reference value :  1.40012e-07
 Reference value :  1.40452e-07
 Reference value :  1.40735e-07
 Reference value :  1.41002e-07
 Reference value :  1.41209e-07
 Reference value :  1.41518e-07
 Reference value :  1.41958e-07
 Reference value :  1.42458e-07
 Reference value :  1.42978e-07
 Reference value :  1.43438e-07
 Reference value :  1.43918e-07
 Reference value :  1.44398e-07
 Reference value :  1.44898e-07
 Reference value :  1.45478e-07
 Reference value :  1.46018e-07
 Reference value :  1.46538e-07
 Reference value :  1.46958e-07
 Reference value :  1.47196e-07
 Reference value :  1.47556e-07
 Reference value :  1.47795e-07
 Reference value :  1.48235e-07
 Reference value :  1.48675e-07
 Reference value :  1.49135e-07
 Reference value :  1.49615e-07
 Reference value :  1.50175e-07
 Reference value :  1.50735e-07
 Reference value :  1.51215e-07
 Reference value :  1.51635e-07
 Reference value :  1.52095e-07
 Reference value :  1.52555e-07
 Reference value :  1.52995e-07
 Reference value :  1.53435e-07
 Reference value :  1.53875e-07
 Reference value :  1.54375e-07
 Reference value :  1.54815e-07
 Reference value :  1.55275e-07
 Reference value :  1.55735e-07
 Reference value :  1.56195e-07
 Reference value :  1.56715e-07
 Reference value :  1.57195e-07
 Reference value :  1.57655e-07
 Reference value :  1.58135e-07
 Reference value :  1.58575e-07
 Reference value :  1.59035e-07
 Reference value :  1.59495e-07
 Reference value :  1.59935e-07
 Reference value :  1.60395e-07
 Reference value :  1.60835e-07
 Reference value :  1.61275e-07
 Reference value :  1.61735e-07
 Reference value :  1.62175e-07
 Reference value :  1.62615e-07
 Reference value :  1.63055e-07
 Reference value :  1.63495e-07
 Reference value :  1.63935e-07
 Reference value :  1.64375e-07
 Reference value :  1.64795e-07
 Reference value :  1.65215e-07
 Reference value :  1.65635e-07
 Reference value :  1.66055e-07
 Reference value :  1.66475e-07
 Reference value :  1.66915e-07
 Reference value :  1.67335e-07
 Reference value :  1.67795e-07
 Reference value :  1.68235e-07
 Reference value :  1.68675e-07
 Reference value :  1.69095e-07
 Reference value :  1.69535e-07
 Reference value :  1.69975e-07
 Reference value :  1.70415e-07
 Reference value :  1.70835e-07
 Reference value :  1.71275e-07
 Reference value :  1.71695e-07
 Reference value :  1.72095e-07
 Reference value :  1.72495e-07
 Reference value :  1.72955e-07
 Reference value :  1.73395e-07
 Reference value :  1.73815e-07
 Reference value :  1.74215e-07
 Reference value :  1.74635e-07
 Reference value :  1.75075e-07
 Reference value :  1.75515e-07
 Reference value :  1.75955e-07
 Reference value :  1.76395e-07
 Reference value :  1.76855e-07
 Reference value :  1.77295e-07
 Reference value :  1.77715e-07
 Reference value :  1.78095e-07
 Reference value :  1.78475e-07
 Reference value :  1.78855e-07
 Reference value :  1.79235e-07
 Reference value :  1.79615e-07
 Reference value :  1.79988e-07
 Reference value :  1.80159e-07
 Reference value :  1.80365e-07
 Reference value :  1.80692e-07
 Reference value :  1.81132e-07
 Reference value :  1.81592e-07
 Reference value :  1.82052e-07
 Reference value :  1.82532e-07
 Reference value :  1.82992e-07
 Reference value :  1.83452e-07
 Reference value :  1.83932e-07
 Reference value :  1.84392e-07
 Reference value :  1.84832e-07
 Reference value :  1.85272e-07
 Reference value :  1.85692e-07
 Reference value :  1.86132e-07
 Reference value :  1.86572e-07
 Reference value :  1.87032e-07
 Reference value :  1.87492e-07
 Reference value :  1.87952e-07
 Reference value :  1.88412e-07
 Reference value :  1.88832e-07
 Reference value :  1.89247e-07
 Reference value :  1.89546e-07
 Reference value :  1.89713e-07
 Reference value :  1.89987e-07
 Reference value :  1.90234e-07
 Reference value :  1.90692e-07
 Reference value :  1.91132e-07
 Reference value :  1.91572e-07
 Reference value :  1.92012e-07
 Reference value :  1.92432e-07
 Reference value :  1.92852e-07
 Reference value :  1.93232e-07
 Reference value :  1.93632e-07
 Reference value :  1.94092e-07
 Reference value :  1.94532e-07
 Reference value :  1.94972e-07
 Reference value :  1.95392e-07
 Reference value :  1.95812e-07
 Reference value :  1.96332e-07
 Reference value :  1.96812e-07
 Reference value :  1.97292e-07
 Reference value :  1.97792e-07
 Reference value :  1.98312e-07
 Reference value :  1.98772e-07
 Reference value :  1.99192e-07
 Reference value :  1.99672e-07
No. of Data Rows : 10146
mq1                 =  3.30000e+00 at=  1.40500e-07
mq2                 =  3.30000e+00 at=  2.00000e-07
mq3                 =  3.30000e+00 at=  1.80000e-07
mq4                 =  3.30000e+00 at=  3.43052e-08
mq5                 =  3.31124e+00 at=  1.00119e-07
mq6                 =  3.31130e+00 at=  1.80119e-07
na_peak             =  2.16473e+00 at=  2.01066e-08
nb_peak             =  2.06458e+00 at=  1.40975e-07
mvc1                =  9.53651e-01 at=  1.85832e-07
mvc2                =  9.50661e-01 at=  6.34378e-08
mvc3                =  1.05728e+00 at=  1.43398e-07
mvc4                =  1.11735e+00 at=  1.43378e-07
vccomp_stack        =  4.02768e+00 at=  6.33978e-08
t_plh               =  6.22576e-09 targ=  2.64758e-08 trig=  2.02500e-08
t_phl               =  3.56088e-09 targ=  6.43109e-08 trig=  6.07500e-08
vout_hi_abs         =  4.99997e+00
vout_lo_abs         =  1.31786e-06
vdrv_now            =  5.00000e+00
m_vgate_thinox_max = 3.3113030000e+00
m_vna_peak = 2.1647300000e+00
m_vnb_peak = 2.0645820000e+00
m_vccomp_dev_max = 1.1173510000e+00
m_vccomp_stack_max = 4.0276840000e+00
m_t_plh_ns = 6.2257650000e+00
m_t_phl_ns = 3.5608770000e+00
m_vout_hi_ratio = 9.9999420000e-01
m_vout_lo_ratio = 2.6357280000e-07
Note: Simulation executed from .control section 

Warning: singular matrix:  check node anon294

Note: Starting dynamic gmin stepping
Warning: singular matrix:  check node anon295

Warning: Dynamic gmin stepping failed
Note: Starting true gmin stepping
Warning: singular matrix:  check node anon295

Warning: singular matrix:  check node anon295

Warning: singular matrix:  check node anon295

Warning: singular matrix:  check node anon295

Warning: True gmin stepping failed
Note: Starting source stepping
Warning: source stepping failed
Note: Transient op started
Note: Transient op finished successfully
