* ====================================================================
* record-id : 20260808-023237-61e0c25
* testbench : tb_device_mv_fet.spice
* corner    : ff
* temp      : 27 C
* supply    : n/a (no supply rail in this device-level testbench)
* pdk       : gf180mcuD (/home/ubuntu/.volare/gf180mcuD)
* ngspice   : ngspice-46 : Circuit level simulation program
* run (UTC) : 2026-08-08T02:32:37Z
* ====================================================================

Note: No compatibility mode selected!


Circuit: *include "corner.spice

Doing analysis at TEMP = 27.000000 and TNOM = 27.000000

Using SPARSE 1.3 as Direct Linear Solver
 Reference value :  5.22000e-01
No. of Data Rows : 501
                                                                                                                                                                                                                                                     *include "corner.spice
                                                                                                                                                                                                                                                     DC transfer characteristic  Sat Aug  8 02:32:53  2026
--------------------------------------------------------------------------------------------------------------------------------------------------------------------------------------------------------------------------------------------------------------------------------------------------------------------------------------------------------------------------------------------------------------------------------------------------------------------------------------------------------------------------------
Index   v-sweep         v(vfrac)        id_vt_n06       id_vt_p06       id_vt_n05       id_vt_p05       id_vt_n33       id_vt_p33       
--------------------------------------------------------------------------------------------------------------------------------------------------------------------------------------------------------------------------------------------------------------------------------------------------------------------------------------------------------------------------------------------------------------------------------------------------------------------------------------------------------------------------------
0	0.0000000000e+00	0.0000000000e+00	8.1307198690e-13	-5.877585075e-14	1.5560923400e-12	-5.933945661e-14	5.7900489924e-12	-3.584579678e-13	
1	2.0000000000e-03	2.0000000000e-03	1.0749339949e-12	-6.183663180e-14	1.9882212470e-12	-6.207092488e-14	6.9662364612e-12	-4.179551687e-13	
2	4.0000000000e-03	4.0000000000e-03	1.5688692431e-12	-6.763174033e-14	2.7253082455e-12	-6.676485340e-14	8.6978866179e-12	-5.045130541e-13	
3	6.0000000000e-03	6.0000000000e-03	2.1951723772e-12	-7.499388084e-14	3.6169845449e-12	-7.246273197e-14	1.0664742539e-11	-6.023646575e-13	
4	8.0000000000e-03	8.0000000000e-03	3.0810010376e-12	-8.543075973e-14	4.8065946766e-12	-8.009813692e-14	1.3078817366e-11	-7.216824622e-13	
5	1.0000000000e-02	1.0000000000e-02	4.3337960249e-12	-1.002254200e-13	6.3935907991e-12	-9.032889381e-14	1.6041647678e-11	-8.671741510e-13	
6	1.2000000000e-02	1.2000000000e-02	6.1054142482e-12	-1.211971051e-13	8.5105746274e-12	-1.040369130e-13	1.9677779990e-11	-1.044579321e-12	
7	1.4000000000e-02	1.4000000000e-02	8.6104495611e-12	-1.509243382e-13	1.1334322098e-11	-1.224038877e-13	2.4139972308e-11	-1.260895496e-12	
8	1.6000000000e-02	1.6000000000e-02	1.2152083819e-11	-1.930616782e-13	1.5100461597e-11	-1.470129978e-13	2.9615567449e-11	-1.524653583e-12	
9	1.8000000000e-02	1.8000000000e-02	1.7158545480e-11	-2.527885252e-13	2.0123009717e-11	-1.799852656e-13	3.6334300759e-11	-1.846253557e-12	
10	2.0000000000e-02	2.0000000000e-02	2.4234498841e-11	-3.374449594e-13	2.6820361642e-11	-2.241621933e-13	4.4577863256e-11	-2.238373523e-12	
11	2.2000000000e-02	2.2000000000e-02	3.4233429270e-11	-4.574324497e-13	3.5749852894e-11	-2.833503755e-13	5.4691612441e-11	-2.716468147e-12	
12	2.4000000000e-02	2.4000000000e-02	4.8359521115e-11	-6.274895812e-13	4.7653694882e-11	-3.626490940e-13	6.7098909878e-11	-3.299375936e-12	
13	2.6000000000e-02	2.6000000000e-02	6.8310909443e-11	-8.684986368e-13	6.3519990227e-11	-4.688890052e-13	8.2318670331e-11	-4.010059057e-12	
14	2.8000000000e-02	2.8000000000e-02	9.6480883639e-11	-1.210041270e-12	8.4663721848e-11	-6.112195400e-13	1.0098683599e-10	-4.876504527e-12	
15	3.0000000000e-02	3.0000000000e-02	1.3624011600e-10	-1.693972545e-12	1.1283416848e-10	-8.018953345e-13	1.2388264571e-10	-5.932821842e-12	
16	3.2000000000e-02	3.2000000000e-02	1.9233193226e-10	-2.379555084e-12	1.5035723900e-10	-1.057328995e-12	1.5196075940e-10	-7.220579683e-12	
17	3.4000000000e-02	3.4000000000e-02	2.7142489468e-10	-3.350684691e-12	2.0032387890e-10	-1.399500176e-12	1.8639052792e-10	-8.790433542e-12	
18	3.6000000000e-02	3.6000000000e-02	3.8288365804e-10	-4.726082626e-12	2.6683916220e-10	-1.857841240e-12	2.2860397886e-10	-1.070410725e-11	
19	3.8000000000e-02	3.8000000000e-02	5.3984163033e-10	-6.673702438e-12	3.5535116229e-10	-2.471760165e-12	2.8035442605e-10	-1.303680493e-11	
20	4.0000000000e-02	4.0000000000e-02	7.6068924618e-10	-9.431065006e-12	4.7308447084e-10	-3.294015276e-12	3.4378801951e-10	-1.588014629e-11	
21	4.2000000000e-02	4.2000000000e-02	1.0711318777e-09	-1.333394048e-11	6.2961063928e-10	-4.395227708e-12	4.2153104533e-10	-1.934573800e-11	
22	4.4000000000e-02	4.4000000000e-02	1.5070242290e-09	-1.885676903e-11	8.3759725611e-10	-5.869818134e-12	5.1679637751e-10	-2.356951801e-11	
23	4.6000000000e-02	4.6000000000e-02	2.1182565315e-09	-2.666956820e-11	1.1137893190e-09	-7.844070057e-12	6.3351319657e-10	-2.871703850e-11	
24	4.8000000000e-02	4.8000000000e-02	2.9740553021e-09	-3.771795769e-11	1.4802915607e-09	-1.048692697e-11	7.7648494253e-10	-3.498988860e-11	
25	5.0000000000e-02	5.0000000000e-02	4.1701712516e-09	-5.333553839e-11	1.9662390512e-09	-1.402427102e-11	9.5158148951e-10	-4.263350000e-11	
26	5.2000000000e-02	5.2000000000e-02	5.8385624296e-09	-7.540145240e-11	2.6099663884e-09	-1.875801824e-11	1.1659727430e-09	-5.194662979e-11	
27	5.4000000000e-02	5.4000000000e-02	8.1603448817e-09	-1.065608726e-10	3.4618137755e-09	-2.509156817e-11	1.4284123020e-09	-6.329287640e-11	
28	5.6000000000e-02	5.6000000000e-02	1.1382978957e-08	-1.505328748e-10	4.5877419366e-09	-3.356369639e-11	1.7495815294e-09	-7.711465826e-11	
29	5.8000000000e-02	5.8000000000e-02	1.5842890704e-08	-2.125392191e-10	6.0739677264e-09	-4.489365130e-11	2.1425063808e-09	-9.395017340e-11	
30	6.0000000000e-02	6.0000000000e-02	2.1995001035e-08	-2.998997357e-10	8.0328789441e-09	-6.004109888e-11	2.6230616828e-09	-1.144539648e-10	
31	6.2000000000e-02	6.2000000000e-02	3.0450962141e-08	-4.228561918e-10	1.0610540651e-08	-8.028571237e-11	3.2105802842e-09	-1.394218431e-10	
32	6.4000000000e-02	6.4000000000e-02	4.2028299176e-08	-5.957077721e-10	1.3996166550e-08	-1.073327067e-10	3.9285876575e-09	-1.698210697e-10	
33	6.6000000000e-02	6.6000000000e-02	5.7813143179e-08	-8.383689099e-10	1.8433998162e-08	-1.434525657e-10	4.8056861455e-09	-2.068268847e-10	
34	6.8000000000e-02	6.8000000000e-02	7.9239809899e-08	-1.178495535e-09	2.4238112517e-08	-1.916657261e-10	5.8766171648e-09	-2.518666776e-10	
35	7.0000000000e-02	7.0000000000e-02	1.0819102575e-07	-1.654370387e-09	3.1810767463e-08	-2.559862103e-10	7.1835343060e-09	-3.066733532e-10	
36	7.2000000000e-02	7.2000000000e-02	1.4712280130e-07	-2.318793450e-09	4.1664995169e-08	-3.417423227e-10	8.7775254234e-09	-3.733497438e-10	
37	7.4000000000e-02	7.4000000000e-02	1.9921706522e-07	-3.244291596e-09	5.4452271952e-08	-4.559977396e-10	1.0720427450e-08	-4.544462729e-10	
38	7.6000000000e-02	7.6000000000e-02	2.6856185194e-07	-4.530044252e-09	7.0996227306e-08	-6.081028882e-10	1.3086983769e-08	-5.530544860e-10	
39	7.8000000000e-02	7.8000000000e-02	3.6035112406e-07	-6.311022422e-09	9.2333500013e-08	-8.104146859e-10	1.5967400393e-08	-6.729195466e-10	
40	8.0000000000e-02	8.0000000000e-02	4.8108212708e-07	-8.769961438e-09	1.1976297744e-07	-1.079232807e-09	1.9470363843e-08	-8.185753539e-10	
41	8.2000000000e-02	8.2000000000e-02	6.3870670287e-07	-1.215294004e-08	1.5490469856e-07	-1.436012992e-09	2.3726590209e-08	-9.955065800e-10	
42	8.4000000000e-02	8.4000000000e-02	8.4266704803e-07	-1.678952722e-08	1.9976952743e-07	-1.908932855e-09	2.8892981166e-08	-1.210342668e-09	
43	8.6000000000e-02	8.6000000000e-02	1.1037251790e-06	-2.311868319e-08	2.5684008006e-07	-2.534903576e-09	3.5157468348e-08	-1.471089667e-09	
44	8.8000000000e-02	8.8000000000e-02	1.4334955064e-06	-3.172183278e-08	3.2916197190e-07	-3.362142210e-09	4.2744631984e-08	-1.787406738e-09	
45	9.0000000000e-02	9.0000000000e-02	1.8436315827e-06	-4.336466350e-08	4.2044181832e-07	-4.453444605e-09	5.1922182534e-08	-2.170935221e-09	
46	9.2000000000e-02	9.2000000000e-02	2.3447123359e-06	-5.904898297e-08	5.3514416831e-07	-5.890328933e-09	6.3008394671e-08	-2.635689347e-09	
47	9.4000000000e-02	9.4000000000e-02	2.9450022887e-06	-8.007489916e-08	6.7857353454e-07	-7.778255436e-09	7.6380580555e-08	-3.198518980e-09	
48	9.6000000000e-02	9.6000000000e-02	3.6493663693e-06	-1.081108733e-07	8.5692035188e-07	-1.025317087e-08	9.2484683173e-08	-3.879656162e-09	
49	9.8000000000e-02	9.8000000000e-02	4.4586273643e-06	-1.452638976e-07	1.0772424971e-06	-1.348967786e-08	1.1184605950e-07	-4.703358813e-09	
50	1.0000000000e-01	1.0000000000e-01	5.3695306447e-06	-1.941336526e-07	1.3473496559e-06	-1.771119145e-08	1.3508150617e-07	-5.698666460e-09	
51	1.0200000000e-01	1.0200000000e-01	6.3752829824e-06	-2.578240713e-07	1.6755601935e-06	-2.320251719e-08	1.6291255524e-07	-6.900284644e-09	
52	1.0400000000e-01	1.0400000000e-01	7.4664697118e-06	-3.398774977e-07	2.0703133446e-06	-3.032535989e-08	1.9618003213e-07	-8.349616307e-09	
53	1.0600000000e-01	1.0600000000e-01	8.6321003494e-06	-4.440985493e-07	2.5396457547e-06	-3.953733016e-08	2.3585981786e-07	-1.009596027e-08	
54	1.0800000000e-01	1.0800000000e-01	9.8605782284e-06	-5.742558411e-07	3.0905781886e-06	-5.141501124e-08	2.8307968824e-07	-1.219789864e-08	
55	1.1000000000e-01	1.1000000000e-01	1.1140477743e-05	-7.336916113e-07	3.7284959808e-06	-6.668149468e-08	3.3913700597e-07	-1.472489669e-08	
56	1.1200000000e-01	1.1200000000e-01	1.2461093100e-05	-9.249171082e-07	4.4566298547e-06	-8.623834992e-08	4.0551690997e-07	-1.775914053e-08	
57	1.1400000000e-01	1.1400000000e-01	1.3812774194e-05	-1.149295991e-06	5.2757371267e-06	-1.112010598e-07	4.8391046869e-07	-2.139763929e-08	
58	1.1600000000e-01	1.1600000000e-01	1.5187089488e-05	-1.406896946e-06	6.1840432706e-06	-1.429353131e-07	5.7623203412e-07	-2.575462017e-08	
59	1.1800000000e-01	1.1800000000e-01	1.6576861633e-05	-1.696539003e-06	7.1774435799e-06	-1.830890507e-07	6.8463474744e-07	-3.096424589e-08	
60	1.2000000000e-01	1.2000000000e-01	1.7976117636e-05	-2.015993265e-06	8.2499084771e-06	-2.336119484e-07	8.1152281430e-07	-3.718368490e-08	
61	1.2200000000e-01	1.2200000000e-01	1.9379987533e-05	-2.362272671e-06	9.3940043211e-06	-2.967507481e-07	9.5955881216e-07	-4.459656482e-08	
62	1.2400000000e-01	1.2400000000e-01	2.0784576981e-05	-2.731941678e-06	1.0601439983e-05	-3.750069768e-07	1.1316639629e-06	-5.341683869e-08	
63	1.2600000000e-01	1.2600000000e-01	2.2186831484e-05	-3.121396809e-06	1.1863569559e-05	-4.710452631e-07	1.3310090727e-06	-6.389308979e-08	
64	1.2800000000e-01	1.2800000000e-01	2.3584403800e-05	-3.527091846e-06	1.3171809734e-05	-5.875477278e-07	1.5609938004e-06	-7.631329420e-08	
65	1.3000000000e-01	1.3000000000e-01	2.4975531336e-05	-3.945699688e-06	1.4517955892e-05	-7.270231208e-07	1.8252121694e-06	-9.101004672e-08	
66	1.3200000000e-01	1.3200000000e-01	2.6358927016e-05	-4.374214574e-06	1.5894399199e-05	-8.915952989e-07	2.1274028660e-06	-1.083662340e-07	
67	1.3400000000e-01	1.3400000000e-01	2.7733684843e-05	-4.810004386e-06	1.7294257186e-05	-1.082807568e-06	2.4713839121e-06	-1.288211042e-07	
68	1.3600000000e-01	1.3600000000e-01	2.9099199956e-05	-5.250824814e-06	1.8711434691e-05	-1.301480389e-06	2.8609727212e-06	-1.528766295e-07	
69	1.3800000000e-01	1.3800000000e-01	3.0455102152e-05	-5.694806796e-06	2.0140632388e-05	-1.547647930e-06	3.2998942162e-06	-1.811039873e-07	
70	1.4000000000e-01	1.4000000000e-01	3.1801201421e-05	-6.140427051e-06	2.1577318455e-05	-1.820579020e-06	3.7916813664e-06	-2.141498857e-07	
71	1.4200000000e-01	1.4200000000e-01	3.3137443897e-05	-6.586469458e-06	2.3017676325e-05	-2.118869223e-06	4.3395739160e-06	-2.527423390e-07	
72	1.4400000000e-01	1.4400000000e-01	3.4463876654e-05	-7.031982918e-06	2.4458538667e-05	-2.440579646e-06	4.9464219271e-06	-2.976953571e-07	
73	1.4600000000e-01	1.4600000000e-01	3.5780619862e-05	-7.476239588e-06	2.5897315173e-05	-2.783396101e-06	5.6146008283e-06	-3.499118632e-07	
74	1.4800000000e-01	1.4800000000e-01	3.7087845008e-05	-7.918695853e-06	2.7331919510e-05	-3.144786583e-06	6.3459438726e-06	-4.103840155e-07	
75	1.5000000000e-01	1.5000000000e-01	3.8385758046e-05	-8.358957364e-06	2.8760699039e-05	-3.522141980e-06	7.1416963506e-06	-4.801900168e-07	
76	1.5200000000e-01	1.5200000000e-01	3.9674586498e-05	-8.796748669e-06	3.0182369513e-05	-3.912891730e-06	8.0024938277e-06	-5.604864806e-07	
77	1.5400000000e-01	1.5400000000e-01	4.0954569716e-05	-9.231887479e-06	3.1595955961e-05	-4.314591599e-06	8.9283644316e-06	-6.524955331e-07	
78	1.5600000000e-01	1.5600000000e-01	4.2225951635e-05	-9.664263291e-06	3.3000740263e-05	-4.724984454e-06	9.9187531523e-06	-7.574860950e-07	
79	1.5800000000e-01	1.5800000000e-01	4.3488975484e-05	-1.009381993e-05	3.4396215392e-05	-5.142037163e-06	1.0972564539e-05	-8.767492283e-07	
80	1.6000000000e-01	1.6000000000e-01	4.4743880003e-05	-1.052054154e-05	3.5782046036e-05	-5.563957817e-06	1.2088219219e-05	-1.011568023e-06	
81	1.6200000000e-01	1.6200000000e-01	4.5990896842e-05	-1.094444139e-05	3.7158035083e-05	-5.989197735e-06	1.3263719369e-05	-1.163183190e-06	
82	1.6400000000e-01	1.6400000000e-01	4.7230248838e-05	-1.136555325e-05	3.8524095391e-05	-6.416442463e-06	1.4496718508e-05	-1.332756204e-06	
83	1.6600000000e-01	1.6600000000e-01	4.8462148974e-05	-1.178392461e-05	3.9880226232e-05	-6.844595441e-06	1.5784591653e-05	-1.521332369e-06	
84	1.6800000000e-01	1.6800000000e-01	4.9686799826e-05	-1.219961156e-05	4.1226493778e-05	-7.272757307e-06	1.7124502697e-05	-1.729806466e-06	
85	1.7000000000e-01	1.7000000000e-01	5.0904393392e-05	-1.261267502e-05	4.2563015088e-05	-7.700203192e-06	1.8513466803e-05	-1.958893539e-06	
86	1.7200000000e-01	1.7200000000e-01	5.2115111169e-05	-1.302317784e-05	4.3889945047e-05	-8.126359675e-06	1.9948406435e-05	-2.209106941e-06	
87	1.7400000000e-01	1.7400000000e-01	5.3319124421e-05	-1.343118283e-05	4.5207465806e-05	-8.550782584e-06	2.1426200351e-05	-2.480745022e-06	
88	1.7600000000e-01	1.7600000000e-01	5.4516594574e-05	-1.383675136e-05	4.6515778320e-05	-8.973136381e-06	2.2943725435e-05	-2.773886961e-06	
89	1.7800000000e-01	1.7800000000e-01	5.5707673677e-05	-1.423994237e-05	4.7815095605e-05	-9.393175549e-06	2.4497891602e-05	-3.088397377e-06	
90	1.8000000000e-01	1.8000000000e-01	5.6892504921e-05	-1.464081182e-05	4.9105637437e-05	-9.810728143e-06	2.6085670294e-05	-3.423938620e-06	
91	1.8200000000e-01	1.8200000000e-01	5.8071223170e-05	-1.503941236e-05	5.0387626220e-05	-1.022568154e-05	2.7704117165e-05	-3.779989197e-06	
92	1.8400000000e-01	1.8400000000e-01	5.9243955490e-05	-1.543579316e-05	5.1661283813e-05	-1.063797028e-05	2.9350389664e-05	-4.155866543e-06	
93	1.8600000000e-01	1.8600000000e-01	6.0410821677e-05	-1.582999999e-05	5.2926829127e-05	-1.104756578e-05	3.1021760173e-05	-4.550752379e-06	
94	1.8800000000e-01	1.8800000000e-01	6.1571934756e-05	-1.622207525e-05	5.4184476352e-05	-1.145446785e-05	3.2715625347e-05	-4.963719062e-06	
95	1.9000000000e-01	1.9000000000e-01	6.2727401462e-05	-1.661205815e-05	5.5434433679e-05	-1.185869767e-05	3.4429512252e-05	-5.393755626e-06	
96	1.9200000000e-01	1.9200000000e-01	6.3877322684e-05	-1.699998494e-05	5.6676902416e-05	-1.226029207e-05	3.6161081821e-05	-5.839792481e-06	
97	1.9400000000e-01	1.9400000000e-01	6.5021793895e-05	-1.738588909e-05	5.7912076425e-05	-1.265929898e-05	3.7908130088e-05	-6.300724097e-06	
98	1.9600000000e-01	1.9600000000e-01	6.6160905531e-05	-1.776980156e-05	5.9140141793e-05	-1.305577374e-05	3.9668587622e-05	-6.775429211e-06	
99	1.9800000000e-01	1.9800000000e-01	6.7294743359e-05	-1.815175101e-05	6.0361276696e-05	-1.344977624e-05	4.1440517493e-05	-7.262788343e-06	
100	2.0000000000e-01	2.0000000000e-01	6.8423388805e-05	-1.853176402e-05	6.1575651406e-05	-1.384136876e-05	4.3222112088e-05	-7.761698576e-06	
101	2.0200000000e-01	2.0200000000e-01	6.9546919260e-05	-1.890986532e-05	6.2783428405e-05	-1.423061418e-05	4.5011689024e-05	-8.271085675e-06	
102	2.0400000000e-01	2.0400000000e-01	7.0665408362e-05	-1.928607798e-05	6.3984762577e-05	-1.461757479e-05	4.6807686383e-05	-8.789913702e-06	
103	2.0600000000e-01	2.0600000000e-01	7.1778926246e-05	-1.966042357e-05	6.5179801455e-05	-1.500231133e-05	4.8608657468e-05	-9.317192349e-06	
104	2.0800000000e-01	2.0800000000e-01	7.2887539786e-05	-2.003292238e-05	6.6368685505e-05	-1.538488235e-05	5.0413265214e-05	-9.851982238e-06	
105	2.1000000000e-01	2.1000000000e-01	7.3991312802e-05	-2.040359351e-05	6.7551548438e-05	-1.576534379e-05	5.2220276409e-05	-1.039339844e-05	
106	2.1200000000e-01	2.1200000000e-01	7.5090306261e-05	-2.077245506e-05	6.8728517530e-05	-1.614374867e-05	5.4028555822e-05	-1.094061250e-05	
107	2.1400000000e-01	2.1400000000e-01	7.6184578456e-05	-2.113952421e-05	6.9899713949e-05	-1.652014700e-05	5.5837060335e-05	-1.149285315e-05	
108	2.1600000000e-01	2.1600000000e-01	7.7274185167e-05	-2.150481736e-05	7.1065253076e-05	-1.689458574e-05	5.7644833143e-05	-1.204940602e-05	
109	2.1800000000e-01	2.1800000000e-01	7.8359179816e-05	-2.186835020e-05	7.2225244828e-05	-1.726710878e-05	5.9450998093e-05	-1.260961249e-05	
110	2.2000000000e-01	2.2000000000e-01	7.9439613602e-05	-2.223013781e-05	7.3379793960e-05	-1.763775709e-05	6.1254754194e-05	-1.317286793e-05	
111	2.2200000000e-01	2.2200000000e-01	8.0515535631e-05	-2.259019474e-05	7.4529000365e-05	-1.800656881e-05	6.3055370336e-05	-1.373861941e-05	
112	2.2400000000e-01	2.2400000000e-01	8.1586993032e-05	-2.294853506e-05	7.5672959357e-05	-1.837357940e-05	6.4852180250e-05	-1.430636309e-05	
113	2.2600000000e-01	2.2600000000e-01	8.2654031064e-05	-2.330517241e-05	7.6811761935e-05	-1.873882181e-05	6.6644577712e-05	-1.487564139e-05	
114	2.2800000000e-01	2.2800000000e-01	8.3716693220e-05	-2.366012007e-05	7.7945495038e-05	-1.910232665e-05	6.8432012009e-05	-1.544604004e-05	
115	2.3000000000e-01	2.3000000000e-01	8.4775021313e-05	-2.401339100e-05	7.9074241784e-05	-1.946412236e-05	7.0213983671e-05	-1.601718498e-05	
116	2.3200000000e-01	2.3200000000e-01	8.5829055568e-05	-2.436499786e-05	8.0198081692e-05	-1.982423539e-05	7.1990040465e-05	-1.658873947e-05	
117	2.3400000000e-01	2.3400000000e-01	8.6878834700e-05	-2.471495305e-05	8.1317090892e-05	-2.018269033e-05	7.3759773652e-05	-1.716040101e-05	
118	2.3600000000e-01	2.3600000000e-01	8.7924395986e-05	-2.506326875e-05	8.2431342320e-05	-2.053951013e-05	7.5522814493e-05	-1.773188810e-05	
119	2.3800000000e-01	2.3800000000e-01	8.8965775336e-05	-2.540995693e-05	8.3540905901e-05	-2.089471620e-05	7.7278831004e-05	-1.830289517e-05	
120	2.4000000000e-01	2.4000000000e-01	9.0003007360e-05	-2.575502936e-05	8.4645848719e-05	-2.124832857e-05	7.9027524946e-05	-1.887319585e-05	
121	2.4200000000e-01	2.4200000000e-01	9.1036125425e-05	-2.609849766e-05	8.5746235175e-05	-2.160036600e-05	8.0768629030e-05	-1.944259830e-05	
122	2.4400000000e-01	2.4400000000e-01	9.2065161714e-05	-2.644037327e-05	8.6842127135e-05	-2.195084616e-05	8.2501904349e-05	-2.001093228e-05	
123	2.4600000000e-01	2.4600000000e-01	9.3090147280e-05	-2.678066751e-05	8.7933584065e-05	-2.229978566e-05	8.4227137993e-05	-2.057804707e-05	
124	2.4800000000e-01	2.4800000000e-01	9.4111112095e-05	-2.711939156e-05	8.9020663165e-05	-2.264720021e-05	8.5944140860e-05	-2.114380946e-05	
125	2.5000000000e-01	2.5000000000e-01	9.5128085098e-05	-2.745655646e-05	9.0103419482e-05	-2.299310468e-05	8.7652745641e-05	-2.170810204e-05	
126	2.5200000000e-01	2.5200000000e-01	9.6141094243e-05	-2.779217317e-05	9.1181906022e-05	-2.333751321e-05	8.9352804963e-05	-2.227082149e-05	
127	2.5400000000e-01	2.5400000000e-01	9.7150166536e-05	-2.812625250e-05	9.2256173858e-05	-2.368043929e-05	9.1044189689e-05	-2.283187716e-05	
128	2.5600000000e-01	2.5600000000e-01	9.8155328079e-05	-2.845880518e-05	9.3326272221e-05	-2.402189577e-05	9.2726787351e-05	-2.339118968e-05	
129	2.5800000000e-01	2.5800000000e-01	9.9156604109e-05	-2.878984184e-05	9.4392248592e-05	-2.436189502e-05	9.4400500720e-05	-2.394868975e-05	
130	2.6000000000e-01	2.6000000000e-01	1.0015401903e-04	-2.911937301e-05	9.5454148787e-05	-2.470044887e-05	9.6065246488e-05	-2.450431706e-05	
131	2.6200000000e-01	2.6200000000e-01	1.0114759645e-04	-2.944740912e-05	9.6512017037e-05	-2.503756877e-05	9.7720954067e-05	-2.505801928e-05	
132	2.6400000000e-01	2.6400000000e-01	1.0213735922e-04	-2.977396052e-05	9.7565896058e-05	-2.537326577e-05	9.9367564482e-05	-2.560975117e-05	
133	2.6600000000e-01	2.6600000000e-01	1.0312332945e-04	-3.009903747e-05	9.8615827122e-05	-2.570755055e-05	1.0100502936e-04	-2.615947384e-05	
134	2.6800000000e-01	2.6800000000e-01	1.0410552856e-04	-3.042265014e-05	9.9661850123e-05	-2.604043351e-05	1.0263331001e-04	-2.670715394e-05	
135	2.7000000000e-01	2.7000000000e-01	1.0508397728e-04	-3.074480862e-05	1.0070400364e-04	-2.637192477e-05	1.0425237658e-04	-2.725276313e-05	
136	2.7200000000e-01	2.7200000000e-01	1.0605869570e-04	-3.106552292e-05	1.0174232498e-04	-2.670203416e-05	1.0586220724e-04	-2.779627744e-05	
137	2.7400000000e-01	2.7400000000e-01	1.0702970331e-04	-3.138480297e-05	1.0277685025e-04	-2.703077133e-05	1.0746278755e-04	-2.833767682e-05	
138	2.7600000000e-01	2.7600000000e-01	1.0799701897e-04	-3.170265862e-05	1.0380761441e-04	-2.735814570e-05	1.0905410975e-04	-2.887694464e-05	
139	2.7800000000e-01	2.7800000000e-01	1.0896066100e-04	-3.201909962e-05	1.0483465129e-04	-2.768416651e-05	1.1063617216e-04	-2.941406733e-05	
140	2.8000000000e-01	2.8000000000e-01	1.0992064714e-04	-3.233413566e-05	1.0585799368e-04	-2.800884281e-05	1.1220897869e-04	-2.994903403e-05	
141	2.8200000000e-01	2.8200000000e-01	1.1087699463e-04	-3.264777637e-05	1.0687767334e-04	-2.833218354e-05	1.1377253828e-04	-3.048183625e-05	
142	2.8400000000e-01	2.8400000000e-01	1.1182972018e-04	-3.296003126e-05	1.0789372105e-04	-2.865419744e-05	1.1532686450e-04	-3.101246761e-05	
143	2.8600000000e-01	2.8600000000e-01	1.1277884005e-04	-3.327090979e-05	1.0890616664e-04	-2.897489318e-05	1.1687197508e-04	-3.154092360e-05	
144	2.8800000000e-01	2.8800000000e-01	1.1372436998e-04	-3.358042134e-05	1.0991503905e-04	-2.929427926e-05	1.1840789157e-04	-3.206720133e-05	
145	2.9000000000e-01	2.9000000000e-01	1.1466632531e-04	-3.388857522e-05	1.1092036635e-04	-2.961236411e-05	1.1993463895e-04	-3.259129939e-05	
146	2.9200000000e-01	2.9200000000e-01	1.1560472092e-04	-3.419538065e-05	1.1192217577e-04	-2.992915602e-05	1.2145224535e-04	-3.311321765e-05	
147	2.9400000000e-01	2.9400000000e-01	1.1653957128e-04	-3.450084679e-05	1.1292049372e-04	-3.024466320e-05	1.2296074174e-04	-3.363295710e-05	
148	2.9600000000e-01	2.9600000000e-01	1.1747089047e-04	-3.480498271e-05	1.1391534587e-04	-3.055889379e-05	1.2446016162e-04	-3.415051974e-05	
149	2.9800000000e-01	2.9800000000e-01	1.1839869219e-04	-3.510779741e-05	1.1490675710e-04	-3.087185580e-05	1.2595054085e-04	-3.466590845e-05	
150	3.0000000000e-01	3.0000000000e-01	1.1932298976e-04	-3.540929983e-05	1.1589475160e-04	-3.118355721e-05	1.2743191736e-04	-3.517912691e-05	
151	3.0200000000e-01	3.0200000000e-01	1.2024379615e-04	-3.570949883e-05	1.1687935286e-04	-3.149400587e-05	1.2890433097e-04	-3.569017945e-05	
152	3.0400000000e-01	3.0400000000e-01	1.2116112400e-04	-3.600840318e-05	1.1786058371e-04	-3.180320961e-05	1.3036782319e-04	-3.619907104e-05	
153	3.0600000000e-01	3.0600000000e-01	1.2207498563e-04	-3.630602160e-05	1.1883846631e-04	-3.211117615e-05	1.3182243706e-04	-3.670580720e-05	
154	3.0800000000e-01	3.0800000000e-01	1.2298539301e-04	-3.660236272e-05	1.1981302221e-04	-3.241791315e-05	1.3326821696e-04	-3.721039388e-05	
155	3.1000000000e-01	3.1000000000e-01	1.2389235786e-04	-3.689743512e-05	1.2078427239e-04	-3.272342823e-05	1.3470520852e-04	-3.771283749e-05	
156	3.1200000000e-01	3.1200000000e-01	1.2479589157e-04	-3.719124729e-05	1.2175223720e-04	-3.302772892e-05	1.3613345840e-04	-3.821314480e-05	
157	3.1400000000e-01	3.1400000000e-01	1.2569600529e-04	-3.748380766e-05	1.2271693646e-04	-3.333082270e-05	1.3755301426e-04	-3.871132289e-05	
158	3.1600000000e-01	3.1600000000e-01	1.2659270987e-04	-3.777512459e-05	1.2367838946e-04	-3.363271698e-05	1.3896392456e-04	-3.920737917e-05	
159	3.1800000000e-01	3.1800000000e-01	1.2748601592e-04	-3.806520635e-05	1.2463661495e-04	-3.393341913e-05	1.4036623853e-04	-3.970132125e-05	
160	3.2000000000e-01	3.2000000000e-01	1.2837593381e-04	-3.835406116e-05	1.2559163117e-04	-3.423293644e-05	1.4176000602e-04	-4.019315701e-05	
161	3.2200000000e-01	3.2200000000e-01	1.2926247366e-04	-3.864169718e-05	1.2654345590e-04	-3.453127617e-05	1.4314527746e-04	-4.068289451e-05	
162	3.2400000000e-01	3.2400000000e-01	1.3014564539e-04	-3.892812248e-05	1.2749210643e-04	-3.482844550e-05	1.4452210372e-04	-4.117054199e-05	
163	3.2600000000e-01	3.2600000000e-01	1.3102545867e-04	-3.921334507e-05	1.2843759961e-04	-3.512445157e-05	1.4589053611e-04	-4.165610784e-05	
164	3.2800000000e-01	3.2800000000e-01	1.3190192298e-04	-3.949737290e-05	1.2937995184e-04	-3.541930147e-05	1.4725062624e-04	-4.213960057e-05	
165	3.3000000000e-01	3.3000000000e-01	1.3277504761e-04	-3.978021384e-05	1.3031917909e-04	-3.571300222e-05	1.4860242602e-04	-4.262102885e-05	
166	3.3200000000e-01	3.3200000000e-01	1.3364484164e-04	-4.006187571e-05	1.3125529695e-04	-3.600556079e-05	1.4994598754e-04	-4.310040140e-05	
167	3.3400000000e-01	3.3400000000e-01	1.3451131398e-04	-4.034236625e-05	1.3218832059e-04	-3.629698413e-05	1.5128136310e-04	-4.357772708e-05	
168	3.3600000000e-01	3.3600000000e-01	1.3537447334e-04	-4.062169314e-05	1.3311826479e-04	-3.658727910e-05	1.5260860508e-04	-4.405301479e-05	
169	3.3800000000e-01	3.3800000000e-01	1.3623432830e-04	-4.089986399e-05	1.3404514398e-04	-3.687645253e-05	1.5392776595e-04	-4.452627351e-05	
170	3.4000000000e-01	3.4000000000e-01	1.3709088726e-04	-4.117688637e-05	1.3496897222e-04	-3.716451118e-05	1.5523889820e-04	-4.499751229e-05	
171	3.4200000000e-01	3.4200000000e-01	1.3794415845e-04	-4.145276774e-05	1.3588976323e-04	-3.745146180e-05	1.5654205434e-04	-4.546674022e-05	
172	3.4400000000e-01	3.4400000000e-01	1.3879414997e-04	-4.172751554e-05	1.3680753039e-04	-3.773731104e-05	1.5783728682e-04	-4.593396642e-05	
173	3.4600000000e-01	3.4600000000e-01	1.3964086978e-04	-4.200113713e-05	1.3772228676e-04	-3.802206553e-05	1.5912464803e-04	-4.639920006e-05	
174	3.4800000000e-01	3.4800000000e-01	1.4048432569e-04	-4.227363981e-05	1.3863404509e-04	-3.830573186e-05	1.6040419026e-04	-4.686245034e-05	
175	3.5000000000e-01	3.5000000000e-01	1.4132452539e-04	-4.254503082e-05	1.3954281781e-04	-3.858831654e-05	1.6167596571e-04	-4.732372647e-05	
176	3.5200000000e-01	3.5200000000e-01	1.4216147645e-04	-4.281531732e-05	1.4044861708e-04	-3.886982607e-05	1.6294002640e-04	-4.778303768e-05	
177	3.5400000000e-01	3.5400000000e-01	1.4299518631e-04	-4.308450645e-05	1.4135145476e-04	-3.915026686e-05	1.6419642420e-04	-4.824039322e-05	
178	3.5600000000e-01	3.5600000000e-01	1.4382566231e-04	-4.335260525e-05	1.4225134244e-04	-3.942964531e-05	1.6544521081e-04	-4.869580234e-05	
179	3.5800000000e-01	3.5800000000e-01	1.4465291166e-04	-4.361962071e-05	1.4314829144e-04	-3.970796776e-05	1.6668643770e-04	-4.914927431e-05	
180	3.6000000000e-01	3.6000000000e-01	1.4547694149e-04	-4.388555979e-05	1.4404231284e-04	-3.998524048e-05	1.6792015616e-04	-4.960081837e-05	
181	3.6200000000e-01	3.6200000000e-01	1.4629775881e-04	-4.415042936e-05	1.4493341745e-04	-4.026146974e-05	1.6914641722e-04	-5.005044379e-05	
182	3.6400000000e-01	3.6400000000e-01	1.4711537056e-04	-4.441423623e-05	1.4582161585e-04	-4.053666172e-05	1.7036527168e-04	-5.049815982e-05	
183	3.6600000000e-01	3.6600000000e-01	1.4792978357e-04	-4.467698718e-05	1.4670691839e-04	-4.081082258e-05	1.7157677008e-04	-5.094397569e-05	
184	3.6800000000e-01	3.6800000000e-01	1.4874100459e-04	-4.493868891e-05	1.4758933519e-04	-4.108395842e-05	1.7278096271e-04	-5.138790064e-05	
185	3.7000000000e-01	3.7000000000e-01	1.4954904029e-04	-4.519934808e-05	1.4846887615e-04	-4.135607531e-05	1.7397789956e-04	-5.182994390e-05	
186	3.7200000000e-01	3.7200000000e-01	1.5035389727e-04	-4.545897127e-05	1.4934555096e-04	-4.162717925e-05	1.7516763036e-04	-5.227011465e-05	
187	3.7400000000e-01	3.7400000000e-01	1.5115558204e-04	-4.571756503e-05	1.5021936912e-04	-4.189727623e-05	1.7635020454e-04	-5.270842208e-05	
188	3.7600000000e-01	3.7600000000e-01	1.5195410104e-04	-4.597513584e-05	1.5109033992e-04	-4.216637216e-05	1.7752567122e-04	-5.314487537e-05	
189	3.7800000000e-01	3.7800000000e-01	1.5274946067e-04	-4.623169013e-05	1.5195847244e-04	-4.243447293e-05	1.7869407924e-04	-5.357948364e-05	
190	3.8000000000e-01	3.8000000000e-01	1.5354166724e-04	-4.648723429e-05	1.5282377562e-04	-4.270158437e-05	1.7985547711e-04	-5.401225604e-05	
191	3.8200000000e-01	3.8200000000e-01	1.5433072700e-04	-4.674177463e-05	1.5368625818e-04	-4.296771229e-05	1.8100991305e-04	-5.444320164e-05	
192	3.8400000000e-01	3.8400000000e-01	1.5511664616e-04	-4.699531743e-05	1.5454592869e-04	-4.323286243e-05	1.8215743494e-04	-5.487232952e-05	
193	3.8600000000e-01	3.8600000000e-01	1.5589943087e-04	-4.724786890e-05	1.5540279555e-04	-4.349704051e-05	1.8329809035e-04	-5.529964873e-05	
194	3.8800000000e-01	3.8800000000e-01	1.5667908722e-04	-4.749943522e-05	1.5625686698e-04	-4.376025218e-05	1.8443192652e-04	-5.572516828e-05	
195	3.9000000000e-01	3.9000000000e-01	1.5745562126e-04	-4.775002251e-05	1.5710815108e-04	-4.402250307e-05	1.8555899039e-04	-5.614889716e-05	
196	3.9200000000e-01	3.9200000000e-01	1.5822903900e-04	-4.799963681e-05	1.5795665575e-04	-4.428379876e-05	1.8667932853e-04	-5.657084432e-05	
197	3.9400000000e-01	3.9400000000e-01	1.5899934640e-04	-4.824828416e-05	1.5880238878e-04	-4.454414479e-05	1.8779298721e-04	-5.699101869e-05	
198	3.9600000000e-01	3.9600000000e-01	1.5976654937e-04	-4.849597052e-05	1.5964535782e-04	-4.480354667e-05	1.8890001235e-04	-5.740942916e-05	
199	3.9800000000e-01	3.9800000000e-01	1.6053065380e-04	-4.874270180e-05	1.6048557035e-04	-4.506200984e-05	1.9000044956e-04	-5.782608459e-05	
200	4.0000000000e-01	4.0000000000e-01	1.6129166555e-04	-4.898848387e-05	1.6132303375e-04	-4.531953972e-05	1.9109434411e-04	-5.824099380e-05	
201	4.0200000000e-01	4.0200000000e-01	1.6204959042e-04	-4.923332256e-05	1.6215775526e-04	-4.557614169e-05	1.9218174092e-04	-5.865416559e-05	
202	4.0400000000e-01	4.0400000000e-01	1.6280443420e-04	-4.947722362e-05	1.6298974198e-04	-4.583182109e-05	1.9326268459e-04	-5.906560870e-05	
203	4.0600000000e-01	4.0600000000e-01	1.6355620265e-04	-4.972019280e-05	1.6381900093e-04	-4.608658321e-05	1.9433721939e-04	-5.947533186e-05	
204	4.0800000000e-01	4.0800000000e-01	1.6430490149e-04	-4.996223575e-05	1.6464553897e-04	-4.634043330e-05	1.9540538925e-04	-5.988334375e-05	
205	4.1000000000e-01	4.1000000000e-01	1.6505053644e-04	-5.020335812e-05	1.6546936287e-04	-4.659337659e-05	1.9646723777e-04	-6.028965302e-05	
206	4.1200000000e-01	4.1200000000e-01	1.6579311317e-04	-5.044356549e-05	1.6629047929e-04	-4.684541824e-05	1.9752280823e-04	-6.069426826e-05	
207	4.1400000000e-01	4.1400000000e-01	1.6653263735e-04	-5.068286340e-05	1.6710889480e-04	-4.709656341e-05	1.9857214356e-04	-6.109719805e-05	
208	4.1600000000e-01	4.1600000000e-01	1.6726911462e-04	-5.092125734e-05	1.6792461582e-04	-4.734681719e-05	1.9961528636e-04	-6.149845093e-05	
209	4.1800000000e-01	4.1800000000e-01	1.6800255060e-04	-5.115875276e-05	1.6873764874e-04	-4.759618465e-05	2.0065227892e-04	-6.189803537e-05	
210	4.2000000000e-01	4.2000000000e-01	1.6873295090e-04	-5.139535506e-05	1.6954799980e-04	-4.784467080e-05	2.0168316320e-04	-6.229595984e-05	
211	4.2200000000e-01	4.2200000000e-01	1.6946032113e-04	-5.163106961e-05	1.7035567517e-04	-4.809228064e-05	2.0270798081e-04	-6.269223275e-05	
212	4.2400000000e-01	4.2400000000e-01	1.7018466685e-04	-5.186590172e-05	1.7116068093e-04	-4.833901912e-05	2.0372677307e-04	-6.308686246e-05	
213	4.2600000000e-01	4.2600000000e-01	1.7090599365e-04	-5.209985667e-05	1.7196302308e-04	-4.858489115e-05	2.0473958095e-04	-6.347985731e-05	
214	4.2800000000e-01	4.2800000000e-01	1.7162430709e-04	-5.233293969e-05	1.7276270754e-04	-4.882990161e-05	2.0574644510e-04	-6.387122559e-05	
215	4.3000000000e-01	4.3000000000e-01	1.7233961271e-04	-5.256515596e-05	1.7355974013e-04	-4.907405534e-05	2.0674740588e-04	-6.426097556e-05	
216	4.3200000000e-01	4.3200000000e-01	1.7305191606e-04	-5.279651065e-05	1.7435412662e-04	-4.931735715e-05	2.0774250330e-04	-6.464911542e-05	
217	4.3400000000e-01	4.3400000000e-01	1.7376122268e-04	-5.302700884e-05	1.7514587268e-04	-4.955981180e-05	2.0873177706e-04	-6.503565333e-05	
218	4.3600000000e-01	4.3600000000e-01	1.7446753811e-04	-5.325665562e-05	1.7593498394e-04	-4.980142403e-05	2.0971526657e-04	-6.542059744e-05	
219	4.3800000000e-01	4.3800000000e-01	1.7517086788e-04	-5.348545600e-05	1.7672146592e-04	-5.004219854e-05	2.1069301089e-04	-6.580395581e-05	
220	4.4000000000e-01	4.4000000000e-01	1.7587121752e-04	-5.371341496e-05	1.7750532411e-04	-5.028213999e-05	2.1166504881e-04	-6.618573650e-05	
221	4.4200000000e-01	4.4200000000e-01	1.7656859254e-04	-5.394053746e-05	1.7828656392e-04	-5.052125301e-05	2.1263141878e-04	-6.656594751e-05	
222	4.4400000000e-01	4.4400000000e-01	1.7726299849e-04	-5.416682840e-05	1.7906519070e-04	-5.075954220e-05	2.1359215897e-04	-6.694459680e-05	
223	4.4600000000e-01	4.4600000000e-01	1.7795444088e-04	-5.439229264e-05	1.7984120974e-04	-5.099701212e-05	2.1454730723e-04	-6.732169229e-05	
224	4.4800000000e-01	4.4800000000e-01	1.7864292525e-04	-5.461693501e-05	1.8061462627e-04	-5.123366730e-05	2.1549690110e-04	-6.769724185e-05	
225	4.5000000000e-01	4.5000000000e-01	1.7932845713e-04	-5.484076031e-05	1.8138544547e-04	-5.146951224e-05	2.1644097786e-04	-6.807125332e-05	
226	4.5200000000e-01	4.5200000000e-01	1.8001104204e-04	-5.506377327e-05	1.8215367247e-04	-5.170455138e-05	2.1737957445e-04	-6.844373450e-05	
227	4.5400000000e-01	4.5400000000e-01	1.8069068553e-04	-5.528597863e-05	1.8291931234e-04	-5.193878918e-05	2.1831272754e-04	-6.881469313e-05	
228	4.5600000000e-01	4.5600000000e-01	1.8136739313e-04	-5.550738104e-05	1.8368237009e-04	-5.217223001e-05	2.1924047351e-04	-6.918413692e-05	
229	4.5800000000e-01	4.5800000000e-01	1.8204117041e-04	-5.572798516e-05	1.8444285072e-04	-5.240487825e-05	2.2016284842e-04	-6.955207353e-05	
230	4.6000000000e-01	4.6000000000e-01	1.8271202290e-04	-5.594779559e-05	1.8520075915e-04	-5.263673823e-05	2.2107988809e-04	-6.991851061e-05	
231	4.6200000000e-01	4.6200000000e-01	1.8337995617e-04	-5.616681689e-05	1.8595610026e-04	-5.286781424e-05	2.2199162800e-04	-7.028345571e-05	
232	4.6400000000e-01	4.6400000000e-01	1.8404497579e-04	-5.638505360e-05	1.8670887890e-04	-5.309811057e-05	2.2289810340e-04	-7.064691640e-05	
233	4.6600000000e-01	4.6600000000e-01	1.8470708734e-04	-5.660251020e-05	1.8745909987e-04	-5.332763144e-05	2.2379934923e-04	-7.100890017e-05	
234	4.6800000000e-01	4.6800000000e-01	1.8536629639e-04	-5.681919117e-05	1.8820676794e-04	-5.355638107e-05	2.2469540015e-04	-7.136941447e-05	
235	4.7000000000e-01	4.7000000000e-01	1.8602260854e-04	-5.703510093e-05	1.8895188783e-04	-5.378436362e-05	2.2558629054e-04	-7.172846672e-05	
236	4.7200000000e-01	4.7200000000e-01	1.8667602941e-04	-5.725024387e-05	1.8969446424e-04	-5.401158326e-05	2.2647205454e-04	-7.208606430e-05	
237	4.7400000000e-01	4.7400000000e-01	1.8732656459e-04	-5.746462434e-05	1.9043450181e-04	-5.423804409e-05	2.2735272598e-04	-7.244221454e-05	
238	4.7600000000e-01	4.7600000000e-01	1.8797421972e-04	-5.767824667e-05	1.9117200518e-04	-5.446375020e-05	2.2822833844e-04	-7.279692473e-05	
239	4.7800000000e-01	4.7800000000e-01	1.8861900043e-04	-5.789111516e-05	1.9190697894e-04	-5.468870565e-05	2.2909892522e-04	-7.315020211e-05	
240	4.8000000000e-01	4.8000000000e-01	1.8926091236e-04	-5.810323405e-05	1.9263942764e-04	-5.491291446e-05	2.2996451938e-04	-7.350205391e-05	
241	4.8200000000e-01	4.8200000000e-01	1.8989996119e-04	-5.831460758e-05	1.9336935582e-04	-5.513638064e-05	2.3082515368e-04	-7.385248729e-05	
242	4.8400000000e-01	4.8400000000e-01	1.9053615257e-04	-5.852523993e-05	1.9409676797e-04	-5.535910816e-05	2.3168086065e-04	-7.420150938e-05	
243	4.8600000000e-01	4.8600000000e-01	1.9116949220e-04	-5.873513526e-05	1.9482166859e-04	-5.558110095e-05	2.3253167255e-04	-7.454912725e-05	
244	4.8800000000e-01	4.8800000000e-01	1.9179998577e-04	-5.894429771e-05	1.9554406212e-04	-5.580236292e-05	2.3337762140e-04	-7.489534797e-05	
245	4.9000000000e-01	4.9000000000e-01	1.9242763900e-04	-5.915273136e-05	1.9626395299e-04	-5.602289798e-05	2.3421873893e-04	-7.524017853e-05	
246	4.9200000000e-01	4.9200000000e-01	1.9305245760e-04	-5.936044028e-05	1.9698134560e-04	-5.624270996e-05	2.3505505665e-04	-7.558362589e-05	
247	4.9400000000e-01	4.9400000000e-01	1.9367444732e-04	-5.956742851e-05	1.9769624434e-04	-5.646180270e-05	2.3588660582e-04	-7.592569699e-05	
248	4.9600000000e-01	4.9600000000e-01	1.9429361391e-04	-5.977370005e-05	1.9840865356e-04	-5.668018001e-05	2.3671341744e-04	-7.626639871e-05	
249	4.9800000000e-01	4.9800000000e-01	1.9490996314e-04	-5.997925887e-05	1.9911857761e-04	-5.689784565e-05	2.3753552226e-04	-7.660573789e-05	
250	5.0000000000e-01	5.0000000000e-01	1.9552350079e-04	-6.018410891e-05	1.9982602081e-04	-5.711480338e-05	2.3835295081e-04	-7.694372134e-05	
251	5.0200000000e-01	5.0200000000e-01	1.9613423266e-04	-6.038825408e-05	2.0053098746e-04	-5.733105692e-05	2.3916573337e-04	-7.728035582e-05	
252	5.0400000000e-01	5.0400000000e-01	1.9674216456e-04	-6.059169828e-05	2.0123348185e-04	-5.754660996e-05	2.3997389996e-04	-7.761564807e-05	
253	5.0600000000e-01	5.0600000000e-01	1.9734730232e-04	-6.079444534e-05	2.0193350826e-04	-5.776146617e-05	2.4077748040e-04	-7.794960476e-05	
254	5.0800000000e-01	5.0800000000e-01	1.9794965177e-04	-6.099649910e-05	2.0263107093e-04	-5.797562919e-05	2.4157650424e-04	-7.828223254e-05	
255	5.1000000000e-01	5.1000000000e-01	1.9854921879e-04	-6.119786336e-05	2.0332617410e-04	-5.818910264e-05	2.4237100084e-04	-7.861353803e-05	
256	5.1200000000e-01	5.1200000000e-01	1.9914600924e-04	-6.139854187e-05	2.0401882201e-04	-5.840189012e-05	2.4316099928e-04	-7.894352780e-05	
257	5.1400000000e-01	5.1400000000e-01	1.9974002902e-04	-6.159853838e-05	2.0470901887e-04	-5.861399518e-05	2.4394652845e-04	-7.927220837e-05	
258	5.1600000000e-01	5.1600000000e-01	2.0033128403e-04	-6.179785660e-05	2.0539676888e-04	-5.882542138e-05	2.4472761700e-04	-7.959958624e-05	
259	5.1800000000e-01	5.1800000000e-01	2.0091978019e-04	-6.199650021e-05	2.0608207622e-04	-5.903617221e-05	2.4550429335e-04	-7.992566787e-05	
260	5.2000000000e-01	5.2000000000e-01	2.0150552345e-04	-6.219447286e-05	2.0676494508e-04	-5.924625119e-05	2.4627658572e-04	-8.025045967e-05	
261	5.2200000000e-01	5.2200000000e-01	2.0208851975e-04	-6.239177820e-05	2.0744537964e-04	-5.945566177e-05	2.4704452208e-04	-8.057396803e-05	
262	5.2400000000e-01	5.2400000000e-01	2.0266877507e-04	-6.258841981e-05	2.0812338404e-04	-5.966440739e-05	2.4780813020e-04	-8.089619928e-05	
263	5.2600000000e-01	5.2600000000e-01	2.0324629540e-04	-6.278440127e-05	2.0879896244e-04	-5.987249148e-05	2.4856743764e-04	-8.121715974e-05	
264	5.2800000000e-01	5.2800000000e-01	2.0382108673e-04	-6.297972614e-05	2.0947211898e-04	-6.007991743e-05	2.4932247172e-04	-8.153685566e-05	
265	5.3000000000e-01	5.3000000000e-01	2.0439315509e-04	-6.317439793e-05	2.1014285781e-04	-6.028668861e-05	2.5007325958e-04	-8.185529328e-05	
266	5.3200000000e-01	5.3200000000e-01	2.0496250652e-04	-6.336842013e-05	2.1081118304e-04	-6.049280837e-05	2.5081982813e-04	-8.217247880e-05	
267	5.3400000000e-01	5.3400000000e-01	2.0552914706e-04	-6.356179623e-05	2.1147709880e-04	-6.069828003e-05	2.5156220407e-04	-8.248841837e-05	
268	5.3600000000e-01	5.3600000000e-01	2.0609308279e-04	-6.375452966e-05	2.1214060921e-04	-6.090310689e-05	2.5230041390e-04	-8.280311811e-05	
269	5.3800000000e-01	5.3800000000e-01	2.0665431979e-04	-6.394662385e-05	2.1280171839e-04	-6.110729224e-05	2.5303448391e-04	-8.311658411e-05	
270	5.4000000000e-01	5.4000000000e-01	2.0721286417e-04	-6.413808219e-05	2.1346043043e-04	-6.131083932e-05	2.5376444021e-04	-8.342882242e-05	
271	5.4200000000e-01	5.4200000000e-01	2.0776872203e-04	-6.432890804e-05	2.1411674944e-04	-6.151375138e-05	2.5449030867e-04	-8.373983905e-05	
272	5.4400000000e-01	5.4400000000e-01	2.0832189952e-04	-6.451910476e-05	2.1477067952e-04	-6.171603162e-05	2.5521211499e-04	-8.404963998e-05	
273	5.4600000000e-01	5.4600000000e-01	2.0887240278e-04	-6.470867566e-05	2.1542222477e-04	-6.191768323e-05	2.5592988465e-04	-8.435823115e-05	
274	5.4800000000e-01	5.4800000000e-01	2.0942023798e-04	-6.489762404e-05	2.1607138928e-04	-6.211870937e-05	2.5664364297e-04	-8.466561847e-05	
275	5.5000000000e-01	5.5000000000e-01	2.0996541130e-04	-6.508595318e-05	2.1671817714e-04	-6.231911320e-05	2.5735341504e-04	-8.497180782e-05	
276	5.5200000000e-01	5.5200000000e-01	2.1050792893e-04	-6.527366632e-05	2.1736259245e-04	-6.251889784e-05	2.5805922577e-04	-8.527680502e-05	
277	5.5400000000e-01	5.5400000000e-01	2.1104779710e-04	-6.546076669e-05	2.1800463928e-04	-6.271806639e-05	2.5876109988e-04	-8.558061588e-05	
278	5.5600000000e-01	5.5600000000e-01	2.1158502204e-04	-6.564725749e-05	2.1864432173e-04	-6.291662192e-05	2.5945906190e-04	-8.588324618e-05	
279	5.5800000000e-01	5.5800000000e-01	2.1211960998e-04	-6.583314191e-05	2.1928164388e-04	-6.311456751e-05	2.6015313619e-04	-8.618470164e-05	
280	5.6000000000e-01	5.6000000000e-01	2.1265156718e-04	-6.601842308e-05	2.1991660982e-04	-6.331190618e-05	2.6084334689e-04	-8.648498797e-05	
281	5.6200000000e-01	5.6200000000e-01	2.1318089993e-04	-6.620310416e-05	2.2054922363e-04	-6.350864096e-05	2.6152971799e-04	-8.678411084e-05	
282	5.6400000000e-01	5.6400000000e-01	2.1370761451e-04	-6.638718825e-05	2.2117948940e-04	-6.370477485e-05	2.6221227328e-04	-8.708207587e-05	
283	5.6600000000e-01	5.6600000000e-01	2.1423171723e-04	-6.657067844e-05	2.2180741123e-04	-6.390031083e-05	2.6289103636e-04	-8.737888867e-05	
284	5.6800000000e-01	5.6800000000e-01	2.1475321441e-04	-6.675357780e-05	2.2243299318e-04	-6.409525184e-05	2.6356603067e-04	-8.767455481e-05	
285	5.7000000000e-01	5.7000000000e-01	2.1527211239e-04	-6.693588936e-05	2.2305623936e-04	-6.428960083e-05	2.6423727948e-04	-8.796907982e-05	
286	5.7200000000e-01	5.7200000000e-01	2.1578841752e-04	-6.711761617e-05	2.2367715386e-04	-6.448336072e-05	2.6490480586e-04	-8.826246920e-05	
287	5.7400000000e-01	5.7400000000e-01	2.1630213616e-04	-6.729876121e-05	2.2429574077e-04	-6.467653441e-05	2.6556863271e-04	-8.855472842e-05	
288	5.7600000000e-01	5.7600000000e-01	2.1681327469e-04	-6.747932747e-05	2.2491200418e-04	-6.486912476e-05	2.6622878277e-04	-8.884586292e-05	
289	5.7800000000e-01	5.7800000000e-01	2.1732183951e-04	-6.765931790e-05	2.2552594819e-04	-6.506113465e-05	2.6688527860e-04	-8.913587810e-05	
290	5.8000000000e-01	5.8000000000e-01	2.1782783703e-04	-6.783873545e-05	2.2613757690e-04	-6.525256692e-05	2.6753814260e-04	-8.942477934e-05	
291	5.8200000000e-01	5.8200000000e-01	2.1833127367e-04	-6.801758304e-05	2.2674689442e-04	-6.544342437e-05	2.6818739699e-04	-8.971257197e-05	
292	5.8400000000e-01	5.8400000000e-01	2.1883215586e-04	-6.819586355e-05	2.2735390485e-04	-6.563370982e-05	2.6883306383e-04	-8.999926131e-05	
293	5.8600000000e-01	5.8600000000e-01	2.1933049005e-04	-6.837357987e-05	2.2795861230e-04	-6.582342606e-05	2.6947516502e-04	-9.028485264e-05	
294	5.8800000000e-01	5.8800000000e-01	2.1982628271e-04	-6.855073486e-05	2.2856102088e-04	-6.601257583e-05	2.7011372227e-04	-9.056935119e-05	
295	5.9000000000e-01	5.9000000000e-01	2.2031954031e-04	-6.872733135e-05	2.2916113471e-04	-6.620116190e-05	2.7074875717e-04	-9.085276220e-05	
296	5.9200000000e-01	5.9200000000e-01	2.2081026935e-04	-6.890337215e-05	2.2975895792e-04	-6.638918699e-05	2.7138029111e-04	-9.113509084e-05	
297	5.9400000000e-01	5.9400000000e-01	2.2129847632e-04	-6.907886007e-05	2.3035449462e-04	-6.657665381e-05	2.7200834535e-04	-9.141634227e-05	
298	5.9600000000e-01	5.9600000000e-01	2.2178416774e-04	-6.925379788e-05	2.3094774895e-04	-6.676356504e-05	2.7263294097e-04	-9.169652161e-05	
299	5.9800000000e-01	5.9800000000e-01	2.2226735015e-04	-6.942818834e-05	2.3153872503e-04	-6.694992338e-05	2.7325409890e-04	-9.197563396e-05	
300	6.0000000000e-01	6.0000000000e-01	2.2274803007e-04	-6.960203420e-05	2.3212742702e-04	-6.713573147e-05	2.7387183994e-04	-9.225368438e-05	
301	6.0200000000e-01	6.0200000000e-01	2.2322621406e-04	-6.977533816e-05	2.3271385905e-04	-6.732099195e-05	2.7448618469e-04	-9.253067791e-05	
302	6.0400000000e-01	6.0400000000e-01	2.2370190868e-04	-6.994810293e-05	2.3329802527e-04	-6.750570745e-05	2.7509715363e-04	-9.280661955e-05	
303	6.0600000000e-01	6.0600000000e-01	2.2417512052e-04	-7.012033120e-05	2.3387992983e-04	-6.768988057e-05	2.7570476708e-04	-9.308151429e-05	
304	6.0800000000e-01	6.0800000000e-01	2.2464585615e-04	-7.029202563e-05	2.3445957690e-04	-6.787351390e-05	2.7630904521e-04	-9.335536706e-05	
305	6.1000000000e-01	6.1000000000e-01	2.2511412218e-04	-7.046318886e-05	2.3503697063e-04	-6.805661000e-05	2.7691000805e-04	-9.362818278e-05	
306	6.1200000000e-01	6.1200000000e-01	2.2557992522e-04	-7.063382352e-05	2.3561211520e-04	-6.823917144e-05	2.7750767547e-04	-9.389996635e-05	
307	6.1400000000e-01	6.1400000000e-01	2.2604327188e-04	-7.080393223e-05	2.3618501478e-04	-6.842120074e-05	2.7810206719e-04	-9.417072262e-05	
308	6.1600000000e-01	6.1600000000e-01	2.2650416881e-04	-7.097351757e-05	2.3675567356e-04	-6.860270044e-05	2.7869320281e-04	-9.444045643e-05	
309	6.1800000000e-01	6.1800000000e-01	2.2696262263e-04	-7.114258212e-05	2.3732409571e-04	-6.878367303e-05	2.7928110176e-04	-9.470917257e-05	
310	6.2000000000e-01	6.2000000000e-01	2.2741864001e-04	-7.131112843e-05	2.3789028544e-04	-6.896412100e-05	2.7986578335e-04	-9.497687584e-05	
311	6.2200000000e-01	6.2200000000e-01	2.2787222760e-04	-7.147915904e-05	2.3845424694e-04	-6.914404683e-05	2.8044726673e-04	-9.524357096e-05	
312	6.2400000000e-01	6.2400000000e-01	2.2832339209e-04	-7.164667649e-05	2.3901598441e-04	-6.932345297e-05	2.8102557092e-04	-9.550926267e-05	
313	6.2600000000e-01	6.2600000000e-01	2.2877214014e-04	-7.181368326e-05	2.3957550206e-04	-6.950234186e-05	2.8160071480e-04	-9.577395566e-05	
314	6.2800000000e-01	6.2800000000e-01	2.2921847845e-04	-7.198018185e-05	2.4013280412e-04	-6.968071592e-05	2.8217271712e-04	-9.603765459e-05	
315	6.3000000000e-01	6.3000000000e-01	2.2966241372e-04	-7.214617472e-05	2.4068789481e-04	-6.985857757e-05	2.8274159648e-04	-9.630036410e-05	
316	6.3200000000e-01	6.3200000000e-01	2.3010395266e-04	-7.231166434e-05	2.4124077835e-04	-7.003592919e-05	2.8330737136e-04	-9.656208880e-05	
317	6.3400000000e-01	6.3400000000e-01	2.3054310199e-04	-7.247665315e-05	2.4179145898e-04	-7.021277317e-05	2.8387006009e-04	-9.682283327e-05	
318	6.3600000000e-01	6.3600000000e-01	2.3097986843e-04	-7.264114355e-05	2.4233994094e-04	-7.038911187e-05	2.8442968087e-04	-9.708260208e-05	
319	6.3800000000e-01	6.3800000000e-01	2.3141425873e-04	-7.280513796e-05	2.4288622848e-04	-7.056494763e-05	2.8498625180e-04	-9.734139976e-05	
320	6.4000000000e-01	6.4000000000e-01	2.3184627961e-04	-7.296863877e-05	2.4343032586e-04	-7.074028279e-05	2.8553979080e-04	-9.759923080e-05	
321	6.4200000000e-01	6.4200000000e-01	2.3227593784e-04	-7.313164835e-05	2.4397223734e-04	-7.091511966e-05	2.8609031570e-04	-9.785609970e-05	
322	6.4400000000e-01	6.4400000000e-01	2.3270324017e-04	-7.329416905e-05	2.4451196718e-04	-7.108946055e-05	2.8663784418e-04	-9.811201089e-05	
323	6.4600000000e-01	6.4600000000e-01	2.3312819337e-04	-7.345620322e-05	2.4504951966e-04	-7.126330774e-05	2.8718239380e-04	-9.836696882e-05	
324	6.4800000000e-01	6.4800000000e-01	2.3355080421e-04	-7.361775319e-05	2.4558489906e-04	-7.143666351e-05	2.8772398201e-04	-9.862097788e-05	
325	6.5000000000e-01	6.5000000000e-01	2.3397107946e-04	-7.377882126e-05	2.4611810967e-04	-7.160953012e-05	2.8826262610e-04	-9.887404244e-05	
326	6.5200000000e-01	6.5200000000e-01	2.3438902592e-04	-7.393940972e-05	2.4664915579e-04	-7.178190982e-05	2.8879834326e-04	-9.912616687e-05	
327	6.5400000000e-01	6.5400000000e-01	2.3480465039e-04	-7.409952087e-05	2.4717804171e-04	-7.195380482e-05	2.8933115057e-04	-9.937735548e-05	
328	6.5600000000e-01	6.5600000000e-01	2.3521795965e-04	-7.425915696e-05	2.4770477174e-04	-7.212521736e-05	2.8986106495e-04	-9.962761258e-05	
329	6.5800000000e-01	6.5800000000e-01	2.3562896051e-04	-7.441832024e-05	2.4822935019e-04	-7.229614962e-05	2.9038810324e-04	-9.987694244e-05	
330	6.6000000000e-01	6.6000000000e-01	2.3603765979e-04	-7.457701295e-05	2.4875178140e-04	-7.246660381e-05	2.9091228214e-04	-1.001253493e-04	
331	6.6200000000e-01	6.6200000000e-01	2.3644406430e-04	-7.473523731e-05	2.4927206968e-04	-7.263658210e-05	2.9143361822e-04	-1.003728374e-04	
332	6.6400000000e-01	6.6400000000e-01	2.3684818086e-04	-7.489299552e-05	2.4979021936e-04	-7.280608664e-05	2.9195212796e-04	-1.006194110e-04	
333	6.6600000000e-01	6.6600000000e-01	2.3725001630e-04	-7.505028978e-05	2.5030623480e-04	-7.297511958e-05	2.9246782770e-04	-1.008650742e-04	
334	6.6800000000e-01	6.6800000000e-01	2.3764957745e-04	-7.520712225e-05	2.5082012033e-04	-7.314368307e-05	2.9298073369e-04	-1.011098311e-04	
335	6.7000000000e-01	6.7000000000e-01	2.3804687115e-04	-7.536349512e-05	2.5133188032e-04	-7.331177921e-05	2.9349086203e-04	-1.013536860e-04	
336	6.7200000000e-01	6.7200000000e-01	2.3844190424e-04	-7.551941051e-05	2.5184151911e-04	-7.347941012e-05	2.9399822874e-04	-1.015966429e-04	
337	6.7400000000e-01	6.7400000000e-01	2.3883468356e-04	-7.567487057e-05	2.5234904108e-04	-7.364657790e-05	2.9450284971e-04	-1.018387059e-04	
338	6.7600000000e-01	6.7600000000e-01	2.3922521597e-04	-7.582987742e-05	2.5285445061e-04	-7.381328461e-05	2.9500474072e-04	-1.020798791e-04	
339	6.7800000000e-01	6.7800000000e-01	2.3961350831e-04	-7.598443317e-05	2.5335775206e-04	-7.397953234e-05	2.9550391745e-04	-1.023201664e-04	
340	6.8000000000e-01	6.8000000000e-01	2.3999956744e-04	-7.613853990e-05	2.5385894983e-04	-7.414532314e-05	2.9600039545e-04	-1.025595720e-04	
341	6.8200000000e-01	6.8200000000e-01	2.4038340022e-04	-7.629219970e-05	2.5435804831e-04	-7.431065905e-05	2.9649419017e-04	-1.027980998e-04	
342	6.8400000000e-01	6.8400000000e-01	2.4076501352e-04	-7.644541464e-05	2.5485505190e-04	-7.447554210e-05	2.9698531698e-04	-1.030357537e-04	
343	6.8600000000e-01	6.8600000000e-01	2.4114441420e-04	-7.659818676e-05	2.5534996500e-04	-7.463997431e-05	2.9747379109e-04	-1.032725378e-04	
344	6.8800000000e-01	6.8800000000e-01	2.4152160912e-04	-7.675051810e-05	2.5584279203e-04	-7.480395768e-05	2.9795962764e-04	-1.035084560e-04	
345	6.9000000000e-01	6.9000000000e-01	2.4189660517e-04	-7.690241070e-05	2.5633353740e-04	-7.496749421e-05	2.9844284167e-04	-1.037435120e-04	
346	6.9200000000e-01	6.9200000000e-01	2.4226940920e-04	-7.705386657e-05	2.5682220554e-04	-7.513058589e-05	2.9892344809e-04	-1.039777099e-04	
347	6.9400000000e-01	6.9400000000e-01	2.4264002810e-04	-7.720488770e-05	2.5730880088e-04	-7.529323466e-05	2.9940146171e-04	-1.042110535e-04	
348	6.9600000000e-01	6.9600000000e-01	2.4300846874e-04	-7.735547609e-05	2.5779332785e-04	-7.545544251e-05	2.9987689726e-04	-1.044435467e-04	
349	6.9800000000e-01	6.9800000000e-01	2.4337473800e-04	-7.750563371e-05	2.5827579089e-04	-7.561721136e-05	3.0034976936e-04	-1.046751931e-04	
350	7.0000000000e-01	7.0000000000e-01	2.4373884275e-04	-7.765536252e-05	2.5875619446e-04	-7.577854316e-05	3.0082009250e-04	-1.049059967e-04	
351	7.0200000000e-01	7.0200000000e-01	2.4410078989e-04	-7.780466447e-05	2.5923454301e-04	-7.593943981e-05	3.0128788112e-04	-1.051359612e-04	
352	7.0400000000e-01	7.0400000000e-01	2.4446058629e-04	-7.795354151e-05	2.5971084100e-04	-7.609990324e-05	3.0175314952e-04	-1.053650904e-04	
353	7.0600000000e-01	7.0600000000e-01	2.4481823882e-04	-7.810199555e-05	2.6018509288e-04	-7.625993535e-05	3.0221591191e-04	-1.055933879e-04	
354	7.0800000000e-01	7.0800000000e-01	2.4517375438e-04	-7.825002851e-05	2.6065730315e-04	-7.641953800e-05	3.0267618241e-04	-1.058208575e-04	
355	7.1000000000e-01	7.1000000000e-01	2.4552713985e-04	-7.839764229e-05	2.6112747626e-04	-7.657871309e-05	3.0313397506e-04	-1.060475029e-04	
356	7.1200000000e-01	7.1200000000e-01	2.4587840210e-04	-7.854483878e-05	2.6159561671e-04	-7.673746248e-05	3.0358930376e-04	-1.062733278e-04	
357	7.1400000000e-01	7.1400000000e-01	2.4622754803e-04	-7.869161985e-05	2.6206172899e-04	-7.689578801e-05	3.0404218236e-04	-1.064983357e-04	
358	7.1600000000e-01	7.1600000000e-01	2.4657458451e-04	-7.883798738e-05	2.6252581758e-04	-7.705369153e-05	3.0449262458e-04	-1.067225304e-04	
359	7.1800000000e-01	7.1800000000e-01	2.4691951842e-04	-7.898394322e-05	2.6298788698e-04	-7.721117487e-05	3.0494064407e-04	-1.069459154e-04	
360	7.2000000000e-01	7.2000000000e-01	2.4726235664e-04	-7.912948920e-05	2.6344794171e-04	-7.736823984e-05	3.0538625437e-04	-1.071684943e-04	
361	7.2200000000e-01	7.2200000000e-01	2.4760310606e-04	-7.927462716e-05	2.6390598626e-04	-7.752488826e-05	3.0582946895e-04	-1.073902706e-04	
362	7.2400000000e-01	7.2400000000e-01	2.4794177354e-04	-7.941935892e-05	2.6436202516e-04	-7.768112193e-05	3.0627030117e-04	-1.076112480e-04	
363	7.2600000000e-01	7.2600000000e-01	2.4827836598e-04	-7.956368629e-05	2.6481606293e-04	-7.783694262e-05	3.0670876430e-04	-1.078314300e-04	
364	7.2800000000e-01	7.2800000000e-01	2.4861289024e-04	-7.970761105e-05	2.6526810408e-04	-7.799235212e-05	3.0714487153e-04	-1.080508199e-04	
365	7.3000000000e-01	7.3000000000e-01	2.4894535319e-04	-7.985113501e-05	2.6571815315e-04	-7.814735219e-05	3.0757863595e-04	-1.082694215e-04	
366	7.3200000000e-01	7.3200000000e-01	2.4927576171e-04	-7.999425993e-05	2.6616621468e-04	-7.830194458e-05	3.0801007057e-04	-1.084872380e-04	
367	7.3400000000e-01	7.3400000000e-01	2.4960412266e-04	-8.013698757e-05	2.6661229320e-04	-7.845613105e-05	3.0843918831e-04	-1.087042730e-04	
368	7.3600000000e-01	7.3600000000e-01	2.4993044292e-04	-8.027931969e-05	2.6705639326e-04	-7.860991331e-05	3.0886600200e-04	-1.089205298e-04	
369	7.3800000000e-01	7.3800000000e-01	2.5025472934e-04	-8.042125803e-05	2.6749851941e-04	-7.876329311e-05	3.0929052439e-04	-1.091360120e-04	
370	7.4000000000e-01	7.4000000000e-01	2.5057698879e-04	-8.056280433e-05	2.6793867620e-04	-7.891627214e-05	3.0971276814e-04	-1.093507228e-04	
371	7.4200000000e-01	7.4200000000e-01	2.5089722813e-04	-8.070396029e-05	2.6837686818e-04	-7.906885212e-05	3.1013274582e-04	-1.095646657e-04	
372	7.4400000000e-01	7.4400000000e-01	2.5121545420e-04	-8.084472763e-05	2.6881309993e-04	-7.922103474e-05	3.1055046992e-04	-1.097778440e-04	
373	7.4600000000e-01	7.4600000000e-01	2.5153167386e-04	-8.098510805e-05	2.6924737600e-04	-7.937282167e-05	3.1096595286e-04	-1.099902611e-04	
374	7.4800000000e-01	7.4800000000e-01	2.5184589396e-04	-8.112510324e-05	2.6967970097e-04	-7.952421460e-05	3.1137920696e-04	-1.102019202e-04	
375	7.5000000000e-01	7.5000000000e-01	2.5215812134e-04	-8.126471488e-05	2.7011007941e-04	-7.967521519e-05	3.1179024445e-04	-1.104128247e-04	
376	7.5200000000e-01	7.5200000000e-01	2.5246836284e-04	-8.140394463e-05	2.7053851591e-04	-7.982582509e-05	3.1219907750e-04	-1.106229778e-04	
377	7.5400000000e-01	7.5400000000e-01	2.5277662530e-04	-8.154279415e-05	2.7096501504e-04	-7.997604594e-05	3.1260571819e-04	-1.108323828e-04	
378	7.5600000000e-01	7.5600000000e-01	2.5308291555e-04	-8.168126510e-05	2.7138958139e-04	-8.012587938e-05	3.1301017852e-04	-1.110410430e-04	
379	7.5800000000e-01	7.5800000000e-01	2.5338724041e-04	-8.181935910e-05	2.7181221955e-04	-8.027532704e-05	3.1341247041e-04	-1.112489615e-04	
380	7.6000000000e-01	7.6000000000e-01	2.5368960671e-04	-8.195707779e-05	2.7223293412e-04	-8.042439053e-05	3.1381260570e-04	-1.114561417e-04	
381	7.6200000000e-01	7.6200000000e-01	2.5399002127e-04	-8.209442278e-05	2.7265172970e-04	-8.057307145e-05	3.1421059615e-04	-1.116625866e-04	
382	7.6400000000e-01	7.6400000000e-01	2.5428849089e-04	-8.223139569e-05	2.7306861088e-04	-8.072137141e-05	3.1460645345e-04	-1.118682995e-04	
383	7.6600000000e-01	7.6600000000e-01	2.5458502239e-04	-8.236799811e-05	2.7348358227e-04	-8.086929198e-05	3.1500018921e-04	-1.120732835e-04	
384	7.6800000000e-01	7.6800000000e-01	2.5487962256e-04	-8.250423162e-05	2.7389664848e-04	-8.101683476e-05	3.1539181495e-04	-1.122775417e-04	
385	7.7000000000e-01	7.7000000000e-01	2.5517229821e-04	-8.264009782e-05	2.7430781411e-04	-8.116400130e-05	3.1578134213e-04	-1.124810773e-04	
386	7.7200000000e-01	7.7200000000e-01	2.5546305611e-04	-8.277559827e-05	2.7471708380e-04	-8.131079317e-05	3.1616878214e-04	-1.126838934e-04	
387	7.7400000000e-01	7.7400000000e-01	2.5575190306e-04	-8.291073453e-05	2.7512446214e-04	-8.145721192e-05	3.1655414627e-04	-1.128859930e-04	
388	7.7600000000e-01	7.7600000000e-01	2.5603884584e-04	-8.304550815e-05	2.7552995376e-04	-8.160325909e-05	3.1693744576e-04	-1.130873793e-04	
389	7.7800000000e-01	7.7800000000e-01	2.5632389121e-04	-8.317992067e-05	2.7593356329e-04	-8.174893621e-05	3.1731869176e-04	-1.132880553e-04	
390	7.8000000000e-01	7.8000000000e-01	2.5660704594e-04	-8.331397363e-05	2.7633529535e-04	-8.189424481e-05	3.1769789537e-04	-1.134880240e-04	
391	7.8200000000e-01	7.8200000000e-01	2.5688831680e-04	-8.344766855e-05	2.7673515457e-04	-8.203918641e-05	3.1807506758e-04	-1.136872885e-04	
392	7.8400000000e-01	7.8400000000e-01	2.5716771052e-04	-8.358100694e-05	2.7713314558e-04	-8.218376250e-05	3.1845021935e-04	-1.138858517e-04	
393	7.8600000000e-01	7.8600000000e-01	2.5744523387e-04	-8.371399031e-05	2.7752927302e-04	-8.232797460e-05	3.1882336155e-04	-1.140837167e-04	
394	7.8800000000e-01	7.8800000000e-01	2.5772089357e-04	-8.384662016e-05	2.7792354151e-04	-8.247182418e-05	3.1919450496e-04	-1.142808864e-04	
395	7.9000000000e-01	7.9000000000e-01	2.5799469635e-04	-8.397889797e-05	2.7831595571e-04	-8.261531273e-05	3.1956366032e-04	-1.144773638e-04	
396	7.9200000000e-01	7.9200000000e-01	2.5826664895e-04	-8.411082523e-05	2.7870652024e-04	-8.275844173e-05	3.1993083829e-04	-1.146731518e-04	
397	7.9400000000e-01	7.9400000000e-01	2.5853675808e-04	-8.424240339e-05	2.7909523976e-04	-8.290121264e-05	3.2029604945e-04	-1.148682534e-04	
398	7.9600000000e-01	7.9600000000e-01	2.5880503043e-04	-8.437363393e-05	2.7948211890e-04	-8.304362690e-05	3.2065930434e-04	-1.150626714e-04	
399	7.9800000000e-01	7.9800000000e-01	2.5907147273e-04	-8.450451830e-05	2.7986716232e-04	-8.318568598e-05	3.2102061339e-04	-1.152564088e-04	
400	8.0000000000e-01	8.0000000000e-01	2.5933609165e-04	-8.463505794e-05	2.8025037466e-04	-8.332739132e-05	3.2137998700e-04	-1.154494685e-04	
401	8.0200000000e-01	8.0200000000e-01	2.5959889389e-04	-8.476525429e-05	2.8063176057e-04	-8.346874433e-05	3.2173743549e-04	-1.156418532e-04	
402	8.0400000000e-01	8.0400000000e-01	2.5985988611e-04	-8.489510877e-05	2.8101132470e-04	-8.360974645e-05	3.2209296911e-04	-1.158335659e-04	
403	8.0600000000e-01	8.0600000000e-01	2.6011907499e-04	-8.502462281e-05	2.8138907172e-04	-8.375039909e-05	3.2244659804e-04	-1.160246094e-04	
404	8.0800000000e-01	8.0800000000e-01	2.6037646718e-04	-8.515379781e-05	2.8176500626e-04	-8.389070367e-05	3.2279833240e-04	-1.162149865e-04	
405	8.1000000000e-01	8.1000000000e-01	2.6063206934e-04	-8.528263518e-05	2.8213913300e-04	-8.403066157e-05	3.2314818226e-04	-1.164046999e-04	
406	8.1200000000e-01	8.1200000000e-01	2.6088588811e-04	-8.541113631e-05	2.8251145657e-04	-8.417027419e-05	3.2349615760e-04	-1.165937526e-04	
407	8.1400000000e-01	8.1400000000e-01	2.6113793012e-04	-8.553930259e-05	2.8288198166e-04	-8.430954292e-05	3.2384226835e-04	-1.167821473e-04	
408	8.1600000000e-01	8.1600000000e-01	2.6138820198e-04	-8.566713540e-05	2.8325071290e-04	-8.444846912e-05	3.2418652437e-04	-1.169698867e-04	
409	8.1800000000e-01	8.1800000000e-01	2.6163671033e-04	-8.579463610e-05	2.8361765497e-04	-8.458705418e-05	3.2452893548e-04	-1.171569735e-04	
410	8.2000000000e-01	8.2000000000e-01	2.6188346175e-04	-8.592180607e-05	2.8398281253e-04	-8.472529945e-05	3.2486951139e-04	-1.173434106e-04	
411	8.2200000000e-01	8.2200000000e-01	2.6212846286e-04	-8.604864664e-05	2.8434619023e-04	-8.486320628e-05	3.2520826181e-04	-1.175292005e-04	
412	8.2400000000e-01	8.2400000000e-01	2.6237172022e-04	-8.617515918e-05	2.8470779274e-04	-8.500077602e-05	3.2554519633e-04	-1.177143461e-04	
413	8.2600000000e-01	8.2600000000e-01	2.6261324042e-04	-8.630134502e-05	2.8506762473e-04	-8.513801000e-05	3.2588032451e-04	-1.178988500e-04	
414	8.2800000000e-01	8.2800000000e-01	2.6285303002e-04	-8.642720548e-05	2.8542569085e-04	-8.527490957e-05	3.2621365585e-04	-1.180827149e-04	
415	8.3000000000e-01	8.3000000000e-01	2.6309109559e-04	-8.655274191e-05	2.8578199578e-04	-8.541147603e-05	3.2654519978e-04	-1.182659434e-04	
416	8.3200000000e-01	8.3200000000e-01	2.6332744365e-04	-8.667795560e-05	2.8613654417e-04	-8.554771072e-05	3.2687496568e-04	-1.184485382e-04	
417	8.3400000000e-01	8.3400000000e-01	2.6356208076e-04	-8.680284787e-05	2.8648934069e-04	-8.568361493e-05	3.2720296286e-04	-1.186305019e-04	
418	8.3600000000e-01	8.3600000000e-01	2.6379501343e-04	-8.692742002e-05	2.8684039001e-04	-8.581918997e-05	3.2752920058e-04	-1.188118371e-04	
419	8.3800000000e-01	8.3800000000e-01	2.6402624817e-04	-8.705167335e-05	2.8718969679e-04	-8.595443713e-05	3.2785368803e-04	-1.189925465e-04	
420	8.4000000000e-01	8.4000000000e-01	2.6425579150e-04	-8.717560914e-05	2.8753726570e-04	-8.608935771e-05	3.2817643435e-04	-1.191726325e-04	
421	8.4200000000e-01	8.4200000000e-01	2.6448364990e-04	-8.729922866e-05	2.8788310140e-04	-8.622395297e-05	3.2849744864e-04	-1.193520979e-04	
422	8.4400000000e-01	8.4400000000e-01	2.6470982986e-04	-8.742253320e-05	2.8822720855e-04	-8.635822420e-05	3.2881673991e-04	-1.195309452e-04	
423	8.4600000000e-01	8.4600000000e-01	2.6493433785e-04	-8.754552401e-05	2.8856959182e-04	-8.649217265e-05	3.2913431713e-04	-1.197091768e-04	
424	8.4800000000e-01	8.4800000000e-01	2.6515718032e-04	-8.766820235e-05	2.8891025587e-04	-8.662579960e-05	3.2945018922e-04	-1.198867954e-04	
425	8.5000000000e-01	8.5000000000e-01	2.6537836372e-04	-8.779056948e-05	2.8924920537e-04	-8.675910629e-05	3.2976436503e-04	-1.200638034e-04	
426	8.5200000000e-01	8.5200000000e-01	2.6559789450e-04	-8.791262663e-05	2.8958644498e-04	-8.689209397e-05	3.3007685337e-04	-1.202402035e-04	
427	8.5400000000e-01	8.5400000000e-01	2.6581577907e-04	-8.803437505e-05	2.8992197936e-04	-8.702476387e-05	3.3038766298e-04	-1.204159980e-04	
428	8.5600000000e-01	8.5600000000e-01	2.6603202386e-04	-8.815581595e-05	2.9025581317e-04	-8.715711723e-05	3.3069680256e-04	-1.205911895e-04	
429	8.5800000000e-01	8.5800000000e-01	2.6624663526e-04	-8.827695057e-05	2.9058795107e-04	-8.728915528e-05	3.3100428075e-04	-1.207657803e-04	
430	8.6000000000e-01	8.6000000000e-01	2.6645961966e-04	-8.839778012e-05	2.9091839771e-04	-8.742087923e-05	3.3131010613e-04	-1.209397731e-04	
431	8.6200000000e-01	8.6200000000e-01	2.6667098344e-04	-8.851830581e-05	2.9124715777e-04	-8.755229030e-05	3.3161428723e-04	-1.211131702e-04	
432	8.6400000000e-01	8.6400000000e-01	2.6688073298e-04	-8.863852883e-05	2.9157423590e-04	-8.768338968e-05	3.3191683253e-04	-1.212859741e-04	
433	8.6600000000e-01	8.6600000000e-01	2.6708887462e-04	-8.875845039e-05	2.9189963674e-04	-8.781417859e-05	3.3221775046e-04	-1.214581871e-04	
434	8.6800000000e-01	8.6800000000e-01	2.6729541470e-04	-8.887807168e-05	2.9222336496e-04	-8.794465821e-05	3.3251704939e-04	-1.216298118e-04	
435	8.7000000000e-01	8.7000000000e-01	2.6750035956e-04	-8.899739386e-05	2.9254542520e-04	-8.807482973e-05	3.3281473765e-04	-1.218008504e-04	
436	8.7200000000e-01	8.7200000000e-01	2.6770371552e-04	-8.911641813e-05	2.9286582213e-04	-8.820469432e-05	3.3311082351e-04	-1.219713054e-04	
437	8.7400000000e-01	8.7400000000e-01	2.6790548888e-04	-8.923514565e-05	2.9318456038e-04	-8.833425317e-05	3.3340531518e-04	-1.221411791e-04	
438	8.7600000000e-01	8.7600000000e-01	2.6810568592e-04	-8.935357758e-05	2.9350164462e-04	-8.846350744e-05	3.3369822085e-04	-1.223104740e-04	
439	8.7800000000e-01	8.7800000000e-01	2.6830431294e-04	-8.947171508e-05	2.9381707947e-04	-8.859245830e-05	3.3398954862e-04	-1.224791922e-04	
440	8.8000000000e-01	8.8000000000e-01	2.6850137620e-04	-8.958955930e-05	2.9413086959e-04	-8.872110688e-05	3.3427930657e-04	-1.226473363e-04	
441	8.8200000000e-01	8.8200000000e-01	2.6869688196e-04	-8.970711137e-05	2.9444301962e-04	-8.884945435e-05	3.3456750272e-04	-1.228149084e-04	
442	8.8400000000e-01	8.8400000000e-01	2.6889083645e-04	-8.982437244e-05	2.9475353421e-04	-8.897750185e-05	3.3485414503e-04	-1.229819110e-04	
443	8.8600000000e-01	8.8600000000e-01	2.6908324590e-04	-8.994134364e-05	2.9506241798e-04	-8.910525051e-05	3.3513924145e-04	-1.231483463e-04	
444	8.8800000000e-01	8.8800000000e-01	2.6927411654e-04	-9.005802609e-05	2.9536967557e-04	-8.923270147e-05	3.3542279983e-04	-1.233142165e-04	
445	8.9000000000e-01	8.9000000000e-01	2.6946345455e-04	-9.017442092e-05	2.9567531163e-04	-8.935985584e-05	3.3570482801e-04	-1.234795240e-04	
446	8.9200000000e-01	8.9200000000e-01	2.6965126614e-04	-9.029052922e-05	2.9597933078e-04	-8.948671475e-05	3.3598533376e-04	-1.236442711e-04	
447	8.9400000000e-01	8.9400000000e-01	2.6983755747e-04	-9.040635212e-05	2.9628173764e-04	-8.961327931e-05	3.3626432481e-04	-1.238084599e-04	
448	8.9600000000e-01	8.9600000000e-01	2.7002233472e-04	-9.052189070e-05	2.9658253685e-04	-8.973955062e-05	3.3654180886e-04	-1.239720928e-04	
449	8.9800000000e-01	8.9800000000e-01	2.7020560402e-04	-9.063714607e-05	2.9688173303e-04	-8.986552979e-05	3.3681779353e-04	-1.241351719e-04	
450	9.0000000000e-01	9.0000000000e-01	2.7038737151e-04	-9.075211930e-05	2.9717933080e-04	-8.999121792e-05	3.3709228642e-04	-1.242976995e-04	
451	9.0200000000e-01	9.0200000000e-01	2.7056764332e-04	-9.086681149e-05	2.9747533478e-04	-9.011661608e-05	3.3736529508e-04	-1.244596778e-04	
452	9.0400000000e-01	9.0400000000e-01	2.7074642556e-04	-9.098122371e-05	2.9776974959e-04	-9.024172537e-05	3.3763682701e-04	-1.246211090e-04	
453	9.0600000000e-01	9.0600000000e-01	2.7092372431e-04	-9.109535703e-05	2.9806257983e-04	-9.036654686e-05	3.3790688965e-04	-1.247819952e-04	
454	9.0800000000e-01	9.0800000000e-01	2.7109954565e-04	-9.120921252e-05	2.9835383012e-04	-9.049108162e-05	3.3817549043e-04	-1.249423386e-04	
455	9.1000000000e-01	9.1000000000e-01	2.7127389566e-04	-9.132279122e-05	2.9864350507e-04	-9.061533073e-05	3.3844263670e-04	-1.251021415e-04	
456	9.1200000000e-01	9.1200000000e-01	2.7144678039e-04	-9.143609421e-05	2.9893160927e-04	-9.073929523e-05	3.3870833579e-04	-1.252614059e-04	
457	9.1400000000e-01	9.1400000000e-01	2.7161820587e-04	-9.154912252e-05	2.9921814733e-04	-9.086297620e-05	3.3897259497e-04	-1.254201339e-04	
458	9.1600000000e-01	9.1600000000e-01	2.7178817812e-04	-9.166187719e-05	2.9950312384e-04	-9.098637467e-05	3.3923542148e-04	-1.255783278e-04	
459	9.1800000000e-01	9.1800000000e-01	2.7195670317e-04	-9.177435927e-05	2.9978654340e-04	-9.110949169e-05	3.3949682251e-04	-1.257359896e-04	
460	9.2000000000e-01	9.2000000000e-01	2.7212378700e-04	-9.188656978e-05	3.0006841060e-04	-9.123232831e-05	3.3975680520e-04	-1.258931215e-04	
461	9.2200000000e-01	9.2200000000e-01	2.7228943559e-04	-9.199850975e-05	3.0034873002e-04	-9.135488555e-05	3.4001537667e-04	-1.260497255e-04	
462	9.2400000000e-01	9.2400000000e-01	2.7245365492e-04	-9.211018020e-05	3.0062750625e-04	-9.147716444e-05	3.4027254396e-04	-1.262058038e-04	
463	9.2600000000e-01	9.2600000000e-01	2.7261645093e-04	-9.222158214e-05	3.0090474386e-04	-9.159916601e-05	3.4052831410e-04	-1.263613584e-04	
464	9.2800000000e-01	9.2800000000e-01	2.7277782956e-04	-9.233271658e-05	3.0118044744e-04	-9.172089127e-05	3.4078269407e-04	-1.265163913e-04	
465	9.3000000000e-01	9.3000000000e-01	2.7293779674e-04	-9.244358453e-05	3.0145462154e-04	-9.184234124e-05	3.4103569081e-04	-1.266709047e-04	
466	9.3200000000e-01	9.3200000000e-01	2.7309635837e-04	-9.255418698e-05	3.0172727075e-04	-9.196351692e-05	3.4128731121e-04	-1.268249005e-04	
467	9.3400000000e-01	9.3400000000e-01	2.7325352035e-04	-9.266452493e-05	3.0199839962e-04	-9.208441931e-05	3.4153756212e-04	-1.269783809e-04	
468	9.3600000000e-01	9.3600000000e-01	2.7340928856e-04	-9.277459936e-05	3.0226801271e-04	-9.220504942e-05	3.4178645036e-04	-1.271313478e-04	
469	9.3800000000e-01	9.3800000000e-01	2.7356366886e-04	-9.288441126e-05	3.0253611459e-04	-9.232540823e-05	3.4203398270e-04	-1.272838032e-04	
470	9.4000000000e-01	9.4000000000e-01	2.7371666710e-04	-9.299396160e-05	3.0280270979e-04	-9.244549673e-05	3.4228016587e-04	-1.274357492e-04	
471	9.4200000000e-01	9.4200000000e-01	2.7386828912e-04	-9.310325136e-05	3.0306780287e-04	-9.256531591e-05	3.4252500657e-04	-1.275871878e-04	
472	9.4400000000e-01	9.4400000000e-01	2.7401854074e-04	-9.321228150e-05	3.0333139836e-04	-9.268486673e-05	3.4276851145e-04	-1.277381209e-04	
473	9.4600000000e-01	9.4600000000e-01	2.7416742775e-04	-9.332105299e-05	3.0359350082e-04	-9.280415017e-05	3.4301068713e-04	-1.278885506e-04	
474	9.4800000000e-01	9.4800000000e-01	2.7431495596e-04	-9.342956678e-05	3.0385411476e-04	-9.292316720e-05	3.4325154018e-04	-1.280384787e-04	
475	9.5000000000e-01	9.5000000000e-01	2.7446113114e-04	-9.353782382e-05	3.0411324472e-04	-9.304191878e-05	3.4349107714e-04	-1.281879073e-04	
476	9.5200000000e-01	9.5200000000e-01	2.7460595904e-04	-9.364582507e-05	3.0437089523e-04	-9.316040586e-05	3.4372930451e-04	-1.283368383e-04	
477	9.5400000000e-01	9.5400000000e-01	2.7474944542e-04	-9.375357145e-05	3.0462707080e-04	-9.327862941e-05	3.4396622874e-04	-1.284852736e-04	
478	9.5600000000e-01	9.5600000000e-01	2.7489159599e-04	-9.386106392e-05	3.0488177595e-04	-9.339659035e-05	3.4420185627e-04	-1.286332151e-04	
479	9.5800000000e-01	9.5800000000e-01	2.7503241648e-04	-9.396830339e-05	3.0513501519e-04	-9.351428965e-05	3.4443619347e-04	-1.287806648e-04	
480	9.6000000000e-01	9.6000000000e-01	2.7517191258e-04	-9.407529081e-05	3.0538679302e-04	-9.363172822e-05	3.4466924669e-04	-1.289276246e-04	
481	9.6200000000e-01	9.6200000000e-01	2.7531008998e-04	-9.418202709e-05	3.0563711395e-04	-9.374890702e-05	3.4490102225e-04	-1.290740964e-04	
482	9.6400000000e-01	9.6400000000e-01	2.7544695434e-04	-9.428851315e-05	3.0588598246e-04	-9.386582696e-05	3.4513152641e-04	-1.292200821e-04	
483	9.6600000000e-01	9.6600000000e-01	2.7558251132e-04	-9.439474989e-05	3.0613340306e-04	-9.398248897e-05	3.4536076542e-04	-1.293655835e-04	
484	9.6800000000e-01	9.6800000000e-01	2.7571676655e-04	-9.450073824e-05	3.0637938022e-04	-9.409889397e-05	3.4558874548e-04	-1.295106026e-04	
485	9.7000000000e-01	9.7000000000e-01	2.7584972566e-04	-9.460647910e-05	3.0662391842e-04	-9.421504287e-05	3.4581547274e-04	-1.296551411e-04	
486	9.7200000000e-01	9.7200000000e-01	2.7598139426e-04	-9.471197335e-05	3.0686702215e-04	-9.433093658e-05	3.4604095335e-04	-1.297992010e-04	
487	9.7400000000e-01	9.7400000000e-01	2.7611177792e-04	-9.481722190e-05	3.0710869587e-04	-9.444657601e-05	3.4626519339e-04	-1.299427841e-04	
488	9.7600000000e-01	9.7600000000e-01	2.7624088224e-04	-9.492222564e-05	3.0734894403e-04	-9.456196206e-05	3.4648819892e-04	-1.300858922e-04	
489	9.7800000000e-01	9.7800000000e-01	2.7636871276e-04	-9.502698545e-05	3.0758777111e-04	-9.467709562e-05	3.4670997596e-04	-1.302285272e-04	
490	9.8000000000e-01	9.8000000000e-01	2.7649527503e-04	-9.513150221e-05	3.0782518156e-04	-9.479197759e-05	3.4693053051e-04	-1.303706908e-04	
491	9.8200000000e-01	9.8200000000e-01	2.7662057458e-04	-9.523577680e-05	3.0806117981e-04	-9.490660884e-05	3.4714986852e-04	-1.305123849e-04	
492	9.8400000000e-01	9.8400000000e-01	2.7674461693e-04	-9.533981009e-05	3.0829577032e-04	-9.502099028e-05	3.4736799590e-04	-1.306536113e-04	
493	9.8600000000e-01	9.8600000000e-01	2.7686740756e-04	-9.544360294e-05	3.0852895752e-04	-9.513512276e-05	3.4758491855e-04	-1.307943718e-04	
494	9.8800000000e-01	9.8800000000e-01	2.7698895197e-04	-9.554715623e-05	3.0876074584e-04	-9.524900718e-05	3.4780064230e-04	-1.309346681e-04	
495	9.9000000000e-01	9.9000000000e-01	2.7710925561e-04	-9.565047080e-05	3.0899113970e-04	-9.536264439e-05	3.4801517299e-04	-1.310745020e-04	
496	9.9200000000e-01	9.9200000000e-01	2.7722832393e-04	-9.575354751e-05	3.0922014353e-04	-9.547603526e-05	3.4822851640e-04	-1.312138754e-04	
497	9.9400000000e-01	9.9400000000e-01	2.7734616237e-04	-9.585638721e-05	3.0944776173e-04	-9.558918065e-05	3.4844067827e-04	-1.313527899e-04	
498	9.9600000000e-01	9.9600000000e-01	2.7746277635e-04	-9.595899075e-05	3.0967399872e-04	-9.570208143e-05	3.4865166432e-04	-1.314912473e-04	
499	9.9800000000e-01	9.9800000000e-01	2.7757817126e-04	-9.606135897e-05	3.0989885889e-04	-9.581473844e-05	3.4886148025e-04	-1.316292493e-04	
500	1.0000000000e+00	1.0000000000e+00	2.7769235250e-04	-9.616349270e-05	3.1012234664e-04	-9.592715253e-05	3.4907013170e-04	-1.317667977e-04	
Doing analysis at TEMP = 27.000000 and TNOM = 27.000000

Using SPARSE 1.3 as Direct Linear Solver

No. of Data Rows : 1
idsat_n06 = 6.6592308545e-03
idsat_p06 = -3.390570050e-03
idsat_n05 = 5.9856733605e-03
idsat_p05 = -2.809677827e-03
idsat_n33 = 5.8882983252e-03
idsat_p33 = -2.895916438e-03
ioff_n06 = 1.7612702511e-11
ioff_p06 = -8.556777783e-12
ioff_n05 = 3.4559172129e-11
ioff_p05 = -7.201178486e-12
ioff_n33 = 2.4788211259e-10
ioff_p33 = -8.593700083e-12
cgg_n06 = 9.5296983805e-15
cgd_n06 = -1.317952789e-18
cgg_p06 = 9.0300121708e-15
cgd_p06 = 2.7696221385e-17
cgg_n05 = 7.8334275734e-15
cgd_n05 = -1.296116649e-18
cgg_p05 = 8.2429786462e-15
cgd_p05 = 3.9069386612e-17
cgg_n33 = 6.7898119240e-15
cgd_n33 = 1.2007358920e-16
cgg_p33 = 9.6758970270e-15
cgd_p33 = 7.4959903652e-17
Doing analysis at TEMP = 27.000000 and TNOM = 27.000000

Using SPARSE 1.3 as Direct Linear Solver

No. of Data Rows : 101
                                                                                                                                                                                                                                                     *include "corner.spice
                                                                                                                                                                                                                                                     DC transfer characteristic  Sat Aug  8 02:32:53  2026
--------------------------------------------------------------------------------------------------------------------------------------------------------------------------------------------------------------------------------------------------------------------------------------------------------------------------------------------------------------------------------------------------------------------------------------------------------------------------------------------------------------------------------
Index   v-sweep         v(vfracds)      ioc_n06_r75     ioc_n06_r90     ioc_n06_r100    
--------------------------------------------------------------------------------------------------------------------------------------------------------------------------------------------------------------------------------------------------------------------------------------------------------------------------------------------------------------------------------------------------------------------------------------------------------------------------------------------------------------------------------
0	0.0000000000e+00	0.0000000000e+00	-0.0000000000e+00	-0.0000000000e+00	-0.0000000000e+00	
1	1.0000000000e-02	1.0000000000e-02	3.1527305578e-04	3.4352715806e-04	3.5621499232e-04	
2	2.0000000000e-02	2.0000000000e-02	6.1442265326e-04	6.7191490534e-04	6.9809567803e-04	
3	3.0000000000e-02	3.0000000000e-02	8.9808163382e-04	9.8570459197e-04	1.0261215250e-03	
4	4.0000000000e-02	4.0000000000e-02	1.1668496290e-03	1.2854117650e-03	1.3407506555e-03	
5	5.0000000000e-02	5.0000000000e-02	1.4212946313e-03	1.5715273242e-03	1.6424207668e-03	
6	6.0000000000e-02	6.0000000000e-02	1.6619544071e-03	1.8445185281e-03	1.9315499268e-03	
7	7.0000000000e-02	7.0000000000e-02	1.8893379208e-03	2.1048299524e-03	2.2085373114e-03	
8	8.0000000000e-02	8.0000000000e-02	2.1039268690e-03	2.3528844780e-03	2.4737639401e-03	
9	9.0000000000e-02	9.0000000000e-02	2.3061773421e-03	2.5890843517e-03	2.7275934491e-03	
10	1.0000000000e-01	1.0000000000e-01	2.4965215631e-03	2.8138123298e-03	2.9703729194e-03	
11	1.1000000000e-01	1.1000000000e-01	2.6753695985e-03	3.0274328864e-03	3.2024337623e-03	
12	1.2000000000e-01	1.2000000000e-01	2.8431108933e-03	3.2302934487e-03	3.4240926483e-03	
13	1.3000000000e-01	1.3000000000e-01	3.0001154233e-03	3.4227256038e-03	3.6356524563e-03	
14	1.4000000000e-01	1.4000000000e-01	3.1467341738e-03	3.6050462103e-03	3.8374032111e-03	
15	1.5000000000e-01	1.5000000000e-01	3.2832984771e-03	3.7775583325e-03	4.0296229736e-03	
16	1.6000000000e-01	1.6000000000e-01	3.4101173897e-03	3.9405518909e-03	4.2125786401e-03	
17	1.7000000000e-01	1.7000000000e-01	3.5274715887e-03	4.0943038766e-03	4.3865265997e-03	
18	1.8000000000e-01	1.8000000000e-01	3.6356009201e-03	4.2390778922e-03	4.5517131848e-03	
19	1.9000000000e-01	1.9000000000e-01	3.7346804737e-03	4.3751226170e-03	4.7083748192e-03	
20	2.0000000000e-01	2.0000000000e-01	3.8247778880e-03	4.5026684809e-03	4.8567377226e-03	
21	2.1000000000e-01	2.1000000000e-01	3.9057902314e-03	4.6219212471e-03	4.9970169304e-03	
22	2.2000000000e-01	2.2000000000e-01	3.9774000361e-03	4.7330501587e-03	5.1294142198e-03	
23	2.3000000000e-01	2.3000000000e-01	4.0391967560e-03	4.8361666641e-03	5.2541142177e-03	
24	2.4000000000e-01	2.4000000000e-01	4.0911212089e-03	4.9312881858e-03	5.3712773996e-03	
25	2.5000000000e-01	2.5000000000e-01	4.1339395486e-03	5.0182844533e-03	5.4810277412e-03	
26	2.6000000000e-01	2.6000000000e-01	4.1691380245e-03	5.0968270490e-03	5.5834314164e-03	
27	2.7000000000e-01	2.7000000000e-01	4.1983710666e-03	5.1664287457e-03	5.6784620349e-03	
28	2.8000000000e-01	2.8000000000e-01	4.2230582814e-03	5.2267128912e-03	5.7659517914e-03	
29	2.9000000000e-01	2.9000000000e-01	4.2442811479e-03	5.2778577711e-03	5.8455493143e-03	
30	3.0000000000e-01	3.0000000000e-01	4.2628284263e-03	5.3207870212e-03	5.9167587071e-03	
31	3.1000000000e-01	3.1000000000e-01	4.2792716364e-03	5.3568771463e-03	5.9791710634e-03	
32	3.2000000000e-01	3.2000000000e-01	4.2940290504e-03	5.3875279198e-03	6.0328449309e-03	
33	3.3000000000e-01	3.3000000000e-01	4.3074118752e-03	5.4139227832e-03	6.0785013941e-03	
34	3.4000000000e-01	3.4000000000e-01	4.3196559357e-03	5.4369807144e-03	6.1173207403e-03	
35	3.5000000000e-01	3.5000000000e-01	4.3309431885e-03	5.4573928574e-03	6.1505774109e-03	
36	3.6000000000e-01	3.6000000000e-01	4.3414164225e-03	5.4756763088e-03	6.1793995124e-03	
37	3.7000000000e-01	3.7000000000e-01	4.3511894409e-03	5.4922208419e-03	6.2046939908e-03	
38	3.8000000000e-01	3.8000000000e-01	4.3603542307e-03	5.5073240706e-03	6.2271607234e-03	
39	3.9000000000e-01	3.9000000000e-01	4.3689860943e-03	5.5212166171e-03	6.2473334062e-03	
40	4.0000000000e-01	4.0000000000e-01	4.3771473871e-03	5.5340798732e-03	6.2656200936e-03	
41	4.1000000000e-01	4.1000000000e-01	4.3848902800e-03	5.5460585559e-03	6.2823357494e-03	
42	4.2000000000e-01	4.2000000000e-01	4.3922588343e-03	5.5572696648e-03	6.2977264969e-03	
43	4.3000000000e-01	4.3000000000e-01	4.3992905801e-03	5.5678089520e-03	6.3119872077e-03	
44	4.4000000000e-01	4.4000000000e-01	4.4060177325e-03	5.5777556594e-03	6.3252741840e-03	
45	4.5000000000e-01	4.5000000000e-01	4.4124681411e-03	5.5871760354e-03	6.3377143437e-03	
46	4.6000000000e-01	4.6000000000e-01	4.4186660379e-03	5.5961259806e-03	6.3494119328e-03	
47	4.7000000000e-01	4.7000000000e-01	4.4246326346e-03	5.6046530641e-03	6.3604534851e-03	
48	4.8000000000e-01	4.8000000000e-01	4.4303866030e-03	5.6127980794e-03	6.3709115328e-03	
49	4.9000000000e-01	4.9000000000e-01	4.4359444665e-03	5.6205962574e-03	6.3808474154e-03	
50	5.0000000000e-01	5.0000000000e-01	4.4413209239e-03	5.6280782234e-03	6.3903134316e-03	
51	5.1000000000e-01	5.1000000000e-01	4.4465291199e-03	5.6352707597e-03	6.3993545066e-03	
52	5.2000000000e-01	5.2000000000e-01	4.4515808767e-03	5.6421974192e-03	6.4080094981e-03	
53	5.3000000000e-01	5.3000000000e-01	4.4564868965e-03	5.6488790248e-03	6.4163122287e-03	
54	5.4000000000e-01	5.4000000000e-01	4.4612569439e-03	5.6553340806e-03	6.4242923124e-03	
55	5.5000000000e-01	5.5000000000e-01	4.4659000154e-03	5.6615791148e-03	6.4319758201e-03	
56	5.6000000000e-01	5.6000000000e-01	4.4704245034e-03	5.6676289720e-03	6.4393858234e-03	
57	5.7000000000e-01	5.7000000000e-01	4.4748383579e-03	5.6734970671e-03	6.4465428426e-03	
58	5.8000000000e-01	5.8000000000e-01	4.4791492529e-03	5.6791956121e-03	6.4534652221e-03	
59	5.9000000000e-01	5.9000000000e-01	4.4833647589e-03	5.6847358260e-03	6.4601694501e-03	
60	6.0000000000e-01	6.0000000000e-01	4.4874925260e-03	5.6901281351e-03	6.4666704377e-03	
61	6.1000000000e-01	6.1000000000e-01	4.4915404782e-03	5.6953823710e-03	6.4729817685e-03	
62	6.2000000000e-01	6.2000000000e-01	4.4955170204e-03	5.7005079722e-03	6.4791159307e-03	
63	6.3000000000e-01	6.3000000000e-01	4.4994312594e-03	5.7055141937e-03	6.4850845388e-03	
64	6.4000000000e-01	6.4000000000e-01	4.5032932368e-03	5.7104103285e-03	6.4908985542e-03	
65	6.5000000000e-01	6.5000000000e-01	4.5071141746e-03	5.7152059443e-03	6.4965685100e-03	
66	6.6000000000e-01	6.6000000000e-01	4.5109067309e-03	5.7199111360e-03	6.5021047453e-03	
67	6.7000000000e-01	6.7000000000e-01	4.5146852643e-03	5.7245367957e-03	6.5075176548e-03	
68	6.8000000000e-01	6.8000000000e-01	4.5184661048e-03	5.7290948996e-03	6.5128179539e-03	
69	6.9000000000e-01	6.9000000000e-01	4.5222678275e-03	5.7335988110e-03	6.5180169638e-03	
70	7.0000000000e-01	7.0000000000e-01	4.5261115284e-03	5.7380635979e-03	6.5231269165e-03	
71	7.1000000000e-01	7.1000000000e-01	4.5300210976e-03	5.7425063625e-03	6.5281612786e-03	
72	7.2000000000e-01	7.2000000000e-01	4.5340234886e-03	5.7469465803e-03	6.5331350948e-03	
73	7.3000000000e-01	7.3000000000e-01	4.5381489792e-03	5.7514064454e-03	6.5380653472e-03	
74	7.4000000000e-01	7.4000000000e-01	4.5424314239e-03	5.7559112182e-03	6.5429713293e-03	
75	7.5000000000e-01	7.5000000000e-01	4.5469084926e-03	5.7604895732e-03	6.5478750301e-03	
76	7.6000000000e-01	7.6000000000e-01	4.5516218959e-03	5.7651739415e-03	6.5528015267e-03	
77	7.7000000000e-01	7.7000000000e-01	4.5566175934e-03	5.7700008466e-03	6.5577793792e-03	
78	7.8000000000e-01	7.8000000000e-01	4.5619459837e-03	5.7750112278e-03	6.5628410258e-03	
79	7.9000000000e-01	7.9000000000e-01	4.5676620762e-03	5.7802507500e-03	6.5680231725e-03	
80	8.0000000000e-01	8.0000000000e-01	4.5738256405e-03	5.7857700962e-03	6.5733671745e-03	
81	8.1000000000e-01	8.1000000000e-01	4.5805013360e-03	5.7916252399e-03	6.5789194053e-03	
82	8.2000000000e-01	8.2000000000e-01	4.5877588186e-03	5.7978776951e-03	6.5847316086e-03	
83	8.3000000000e-01	8.3000000000e-01	4.5956728260e-03	5.8045947431e-03	6.5908612318e-03	
84	8.4000000000e-01	8.4000000000e-01	4.6043232400e-03	5.8118496329e-03	6.5973717362e-03	
85	8.5000000000e-01	8.5000000000e-01	4.6137951271e-03	5.8197217551e-03	6.6043328824e-03	
86	8.6000000000e-01	8.6000000000e-01	4.6241787577e-03	5.8282967888e-03	6.6118209884e-03	
87	8.7000000000e-01	8.7000000000e-01	4.6355696034e-03	5.8376668191e-03	6.6199191586e-03	
88	8.8000000000e-01	8.8000000000e-01	4.6480683145e-03	5.8479304277e-03	6.6287174825e-03	
89	8.9000000000e-01	8.9000000000e-01	4.6617806776e-03	5.8591927546e-03	6.6383132018e-03	
90	9.0000000000e-01	9.0000000000e-01	4.6768175544e-03	5.8715655319e-03	6.6488108455e-03	
91	9.1000000000e-01	9.1000000000e-01	4.6932948036e-03	5.8851670909e-03	6.6603223333e-03	
92	9.2000000000e-01	9.2000000000e-01	4.7113331850e-03	5.9001223427e-03	6.6729670464e-03	
93	9.3000000000e-01	9.3000000000e-01	4.7310582493e-03	5.9165627331e-03	6.6868718666e-03	
94	9.4000000000e-01	9.4000000000e-01	4.7526002136e-03	5.9346261733e-03	6.7021711851e-03	
95	9.5000000000e-01	9.5000000000e-01	4.7760938231e-03	5.9544569484e-03	6.7190068803e-03	
96	9.6000000000e-01	9.6000000000e-01	4.8016782023e-03	5.9762056034e-03	6.7375282673e-03	
97	9.7000000000e-01	9.7000000000e-01	4.8294966946e-03	6.0000288096e-03	6.7578920197e-03	
98	9.8000000000e-01	9.8000000000e-01	4.8596966933e-03	6.0260892121e-03	6.7802620652e-03	
99	9.9000000000e-01	9.9000000000e-01	4.8924294640e-03	6.0545552607e-03	6.8048094563e-03	
100	1.0000000000e+00	1.0000000000e+00	4.9278499602e-03	6.0856010247e-03	6.8317122184e-03	
                                                                                                                                                                                                                                                     *include "corner.spice
                                                                                                                                                                                                                                                     DC transfer characteristic  Sat Aug  8 02:32:53  2026
--------------------------------------------------------------------------------------------------------------------------------------------------------------------------------------------------------------------------------------------------------------------------------------------------------------------------------------------------------------------------------------------------------------------------------------------------------------------------------------------------------------------------------
Index   v-sweep         v(vfracds)      ioc_p06_r75     ioc_p06_r90     ioc_p06_r100    
--------------------------------------------------------------------------------------------------------------------------------------------------------------------------------------------------------------------------------------------------------------------------------------------------------------------------------------------------------------------------------------------------------------------------------------------------------------------------------------------------------------------------------
0	0.0000000000e+00	0.0000000000e+00	-0.0000000000e+00	-0.0000000000e+00	-0.0000000000e+00	
1	1.0000000000e-02	1.0000000000e-02	-1.003157868e-04	-1.129118409e-04	-1.201375010e-04	
2	2.0000000000e-02	2.0000000000e-02	-1.975845011e-04	-2.229322863e-04	-2.374803192e-04	
3	3.0000000000e-02	3.0000000000e-02	-2.918487207e-04	-3.300985278e-04	-3.520626425e-04	
4	4.0000000000e-02	4.0000000000e-02	-3.831502383e-04	-4.344471237e-04	-4.639181049e-04	
5	5.0000000000e-02	5.0000000000e-02	-4.715300792e-04	-5.360140134e-04	-5.730797980e-04	
6	6.0000000000e-02	6.0000000000e-02	-5.570285195e-04	-6.348345293e-04	-6.795802817e-04	
7	7.0000000000e-02	7.0000000000e-02	-6.396851028e-04	-7.309434105e-04	-7.834515945e-04	
8	8.0000000000e-02	8.0000000000e-02	-7.195386579e-04	-8.243748139e-04	-8.847252634e-04	
9	9.0000000000e-02	9.0000000000e-02	-7.966273149e-04	-9.151623271e-04	-9.834323146e-04	
10	1.0000000000e-01	1.0000000000e-01	-8.709885220e-04	-1.003338980e-03	-1.079603282e-03	
11	1.1000000000e-01	1.1000000000e-01	-9.426590621e-04	-1.088937256e-03	-1.173268219e-03	
12	1.2000000000e-01	1.2000000000e-01	-1.011675069e-03	-1.171989103e-03	-1.264456705e-03	
13	1.3000000000e-01	1.3000000000e-01	-1.078072045e-03	-1.252525949e-03	-1.353197855e-03	
14	1.4000000000e-01	1.4000000000e-01	-1.141884877e-03	-1.330578705e-03	-1.439520334e-03	
15	1.5000000000e-01	1.5000000000e-01	-1.203147852e-03	-1.406177787e-03	-1.523452359e-03	
16	1.6000000000e-01	1.6000000000e-01	-1.261894677e-03	-1.479353118e-03	-1.605021711e-03	
17	1.7000000000e-01	1.7000000000e-01	-1.318158498e-03	-1.550134144e-03	-1.684255748e-03	
18	1.8000000000e-01	1.8000000000e-01	-1.371971912e-03	-1.618549845e-03	-1.761181408e-03	
19	1.9000000000e-01	1.9000000000e-01	-1.423366993e-03	-1.684628744e-03	-1.835825220e-03	
20	2.0000000000e-01	2.0000000000e-01	-1.472375308e-03	-1.748398922e-03	-1.908213314e-03	
21	2.1000000000e-01	2.1000000000e-01	-1.519027940e-03	-1.809888023e-03	-1.978371432e-03	
22	2.2000000000e-01	2.2000000000e-01	-1.563355509e-03	-1.869123269e-03	-2.046324929e-03	
23	2.3000000000e-01	2.3000000000e-01	-1.605388200e-03	-1.926131469e-03	-2.112098789e-03	
24	2.4000000000e-01	2.4000000000e-01	-1.645155787e-03	-1.980939030e-03	-2.175717631e-03	
25	2.5000000000e-01	2.5000000000e-01	-1.682687662e-03	-2.033571962e-03	-2.237205713e-03	
26	2.6000000000e-01	2.6000000000e-01	-1.718012864e-03	-2.084055892e-03	-2.296586945e-03	
27	2.7000000000e-01	2.7000000000e-01	-1.751160106e-03	-2.132416063e-03	-2.353884892e-03	
28	2.8000000000e-01	2.8000000000e-01	-1.782157791e-03	-2.178677340e-03	-2.409122781e-03	
29	2.9000000000e-01	2.9000000000e-01	-1.811034016e-03	-2.222864206e-03	-2.462323503e-03	
30	3.0000000000e-01	3.0000000000e-01	-1.837816561e-03	-2.265000748e-03	-2.513509617e-03	
31	3.1000000000e-01	3.1000000000e-01	-1.862532946e-03	-2.305110622e-03	-2.562703346e-03	
32	3.2000000000e-01	3.2000000000e-01	-1.885210888e-03	-2.343216997e-03	-2.609926572e-03	
33	3.3000000000e-01	3.3000000000e-01	-1.905880331e-03	-2.379342441e-03	-2.655200813e-03	
34	3.4000000000e-01	3.4000000000e-01	-1.924579857e-03	-2.413508720e-03	-2.698547195e-03	
35	3.5000000000e-01	3.5000000000e-01	-1.941371281e-03	-2.445736445e-03	-2.739986394e-03	
36	3.6000000000e-01	3.6000000000e-01	-1.956360569e-03	-2.476044485e-03	-2.779538538e-03	
37	3.7000000000e-01	3.7000000000e-01	-1.969709716e-03	-2.504449010e-03	-2.817223041e-03	
38	3.8000000000e-01	3.8000000000e-01	-1.981623401e-03	-2.530962137e-03	-2.853058324e-03	
39	3.9000000000e-01	3.9000000000e-01	-1.992317693e-03	-2.555590536e-03	-2.887061357e-03	
40	4.0000000000e-01	4.0000000000e-01	-2.001992546e-03	-2.578335610e-03	-2.919246895e-03	
41	4.1000000000e-01	4.1000000000e-01	-2.010818669e-03	-2.599199159e-03	-2.949626277e-03	
42	4.2000000000e-01	4.2000000000e-01	-2.018935811e-03	-2.618199413e-03	-2.978205632e-03	
43	4.3000000000e-01	4.3000000000e-01	-2.026456393e-03	-2.635395562e-03	-3.004983658e-03	
44	4.4000000000e-01	4.4000000000e-01	-2.033470530e-03	-2.650905033e-03	-3.029950002e-03	
45	4.5000000000e-01	4.5000000000e-01	-2.040050738e-03	-2.664896860e-03	-3.053087312e-03	
46	4.6000000000e-01	4.6000000000e-01	-2.046255800e-03	-2.677565144e-03	-3.074382110e-03	
47	4.7000000000e-01	4.7000000000e-01	-2.052133796e-03	-2.689101333e-03	-3.093847038e-03	
48	4.8000000000e-01	4.8000000000e-01	-2.057724424e-03	-2.699677295e-03	-3.111545652e-03	
49	4.9000000000e-01	4.9000000000e-01	-2.063060768e-03	-2.709439348e-03	-3.127601403e-03	
50	5.0000000000e-01	5.0000000000e-01	-2.068170639e-03	-2.718508793e-03	-3.142182601e-03	
51	5.1000000000e-01	5.1000000000e-01	-2.073077615e-03	-2.726985126e-03	-3.155475003e-03	
52	5.2000000000e-01	5.2000000000e-01	-2.077801843e-03	-2.734949826e-03	-3.167658281e-03	
53	5.3000000000e-01	5.3000000000e-01	-2.082360656e-03	-2.742469850e-03	-3.178893024e-03	
54	5.4000000000e-01	5.4000000000e-01	-2.086769071e-03	-2.749600546e-03	-3.189316566e-03	
55	5.5000000000e-01	5.5000000000e-01	-2.091040179e-03	-2.756387998e-03	-3.199043777e-03	
56	5.6000000000e-01	5.6000000000e-01	-2.095185452e-03	-2.762870867e-03	-3.208169861e-03	
57	5.7000000000e-01	5.7000000000e-01	-2.099215004e-03	-2.769081836e-03	-3.216773618e-03	
58	5.8000000000e-01	5.8000000000e-01	-2.103137789e-03	-2.775048734e-03	-3.224920447e-03	
59	5.9000000000e-01	5.9000000000e-01	-2.106961773e-03	-2.780795429e-03	-3.232664916e-03	
60	6.0000000000e-01	6.0000000000e-01	-2.110694075e-03	-2.786342521e-03	-3.240052833e-03	
61	6.1000000000e-01	6.1000000000e-01	-2.114341079e-03	-2.791707907e-03	-3.247122919e-03	
62	6.2000000000e-01	6.2000000000e-01	-2.117908533e-03	-2.796907219e-03	-3.253908125e-03	
63	6.3000000000e-01	6.3000000000e-01	-2.121401630e-03	-2.801954187e-03	-3.260436682e-03	
64	6.4000000000e-01	6.4000000000e-01	-2.124825076e-03	-2.806860933e-03	-3.266732928e-03	
65	6.5000000000e-01	6.5000000000e-01	-2.128183151e-03	-2.811638208e-03	-3.272817976e-03	
66	6.6000000000e-01	6.6000000000e-01	-2.131479756e-03	-2.816295589e-03	-3.278710244e-03	
67	6.7000000000e-01	6.7000000000e-01	-2.134718459e-03	-2.820841643e-03	-3.284425889e-03	
68	6.8000000000e-01	6.8000000000e-01	-2.137902531e-03	-2.825284060e-03	-3.289979152e-03	
69	6.9000000000e-01	6.9000000000e-01	-2.141034982e-03	-2.829629772e-03	-3.295382646e-03	
70	7.0000000000e-01	7.0000000000e-01	-2.144118582e-03	-2.833885048e-03	-3.300647594e-03	
71	7.1000000000e-01	7.1000000000e-01	-2.147155897e-03	-2.838055571e-03	-3.305784019e-03	
72	7.2000000000e-01	7.2000000000e-01	-2.150149308e-03	-2.842146515e-03	-3.310800912e-03	
73	7.3000000000e-01	7.3000000000e-01	-2.153101031e-03	-2.846162598e-03	-3.315706365e-03	
74	7.4000000000e-01	7.4000000000e-01	-2.156013144e-03	-2.850108139e-03	-3.320507685e-03	
75	7.5000000000e-01	7.5000000000e-01	-2.158887605e-03	-2.853987100e-03	-3.325211493e-03	
76	7.6000000000e-01	7.6000000000e-01	-2.161726272e-03	-2.857803125e-03	-3.329823807e-03	
77	7.7000000000e-01	7.7000000000e-01	-2.164530931e-03	-2.861559577e-03	-3.334350113e-03	
78	7.8000000000e-01	7.8000000000e-01	-2.167303315e-03	-2.865259569e-03	-3.338795423e-03	
79	7.9000000000e-01	7.9000000000e-01	-2.170045133e-03	-2.868905992e-03	-3.343164334e-03	
80	8.0000000000e-01	8.0000000000e-01	-2.172758098e-03	-2.872501545e-03	-3.347461067e-03	
81	8.1000000000e-01	8.1000000000e-01	-2.175443962e-03	-2.876048759e-03	-3.351689515e-03	
82	8.2000000000e-01	8.2000000000e-01	-2.178104549e-03	-2.879550026e-03	-3.355853277e-03	
83	8.3000000000e-01	8.3000000000e-01	-2.180741794e-03	-2.883007626e-03	-3.359955689e-03	
84	8.4000000000e-01	8.4000000000e-01	-2.183357794e-03	-2.886423757e-03	-3.363999860e-03	
85	8.5000000000e-01	8.5000000000e-01	-2.185954850e-03	-2.889800564e-03	-3.367988703e-03	
86	8.6000000000e-01	8.6000000000e-01	-2.188535524e-03	-2.893140179e-03	-3.371924960e-03	
87	8.7000000000e-01	8.7000000000e-01	-2.191102701e-03	-2.896444754e-03	-3.375811238e-03	
88	8.8000000000e-01	8.8000000000e-01	-2.193659648e-03	-2.899716507e-03	-3.379650039e-03	
89	8.9000000000e-01	8.9000000000e-01	-2.196210087e-03	-2.902957773e-03	-3.383443797e-03	
90	9.0000000000e-01	9.0000000000e-01	-2.198758266e-03	-2.906171052e-03	-3.387194914e-03	
91	9.1000000000e-01	9.1000000000e-01	-2.201309040e-03	-2.909359073e-03	-3.390905806e-03	
92	9.2000000000e-01	9.2000000000e-01	-2.203867955e-03	-2.912524857e-03	-3.394578947e-03	
93	9.3000000000e-01	9.3000000000e-01	-2.206441331e-03	-2.915671795e-03	-3.398216924e-03	
94	9.4000000000e-01	9.4000000000e-01	-2.209036356e-03	-2.918803721e-03	-3.401822498e-03	
95	9.5000000000e-01	9.5000000000e-01	-2.211661178e-03	-2.921925002e-03	-3.405398668e-03	
96	9.6000000000e-01	9.6000000000e-01	-2.214325004e-03	-2.925040629e-03	-3.408948746e-03	
97	9.7000000000e-01	9.7000000000e-01	-2.217038196e-03	-2.928156318e-03	-3.412476437e-03	
98	9.8000000000e-01	9.8000000000e-01	-2.219812372e-03	-2.931278612e-03	-3.415985932e-03	
99	9.9000000000e-01	9.9000000000e-01	-2.222660509e-03	-2.934414995e-03	-3.419481998e-03	
100	1.0000000000e+00	1.0000000000e+00	-2.225597044e-03	-2.937574007e-03	-3.422970091e-03	
                                                                                                                                                                                                                                                     *include "corner.spice
                                                                                                                                                                                                                                                     DC transfer characteristic  Sat Aug  8 02:32:53  2026
--------------------------------------------------------------------------------------------------------------------------------------------------------------------------------------------------------------------------------------------------------------------------------------------------------------------------------------------------------------------------------------------------------------------------------------------------------------------------------------------------------------------------------
Index   v-sweep         v(vfracds)      ioc_n05_r75     ioc_n05_r90     ioc_n05_r100    
--------------------------------------------------------------------------------------------------------------------------------------------------------------------------------------------------------------------------------------------------------------------------------------------------------------------------------------------------------------------------------------------------------------------------------------------------------------------------------------------------------------------------------
0	0.0000000000e+00	0.0000000000e+00	-0.0000000000e+00	-0.0000000000e+00	-0.0000000000e+00	
1	1.0000000000e-02	1.0000000000e-02	2.7908250347e-04	3.1137354797e-04	3.2774099835e-04	
2	2.0000000000e-02	2.0000000000e-02	5.4381314000e-04	6.0879607912e-04	6.4196157668e-04	
3	3.0000000000e-02	3.0000000000e-02	7.9473241315e-04	8.9275920166e-04	9.4311483701e-04	
4	4.0000000000e-02	4.0000000000e-02	1.0323533254e-03	1.1637312276e-03	1.2316335174e-03	
5	5.0000000000e-02	5.0000000000e-02	1.2571622811e-03	1.4221579421e-03	1.5079306689e-03	
6	6.0000000000e-02	6.0000000000e-02	1.4696198852e-03	1.6684632176e-03	1.7724001820e-03	
7	7.0000000000e-02	7.0000000000e-02	1.6701618818e-03	1.9030496386e-03	2.0254172790e-03	
8	8.0000000000e-02	8.0000000000e-02	1.8592003693e-03	2.1262992593e-03	2.2673390736e-03	
9	9.0000000000e-02	9.0000000000e-02	2.0371253090e-03	2.3385745590e-03	2.4985052581e-03	
10	1.0000000000e-01	1.0000000000e-01	2.2043062431e-03	2.5402196007e-03	2.7192389462e-03	
11	1.1000000000e-01	1.1000000000e-01	2.3610940609e-03	2.7315613539e-03	2.9298476633e-03	
12	1.2000000000e-01	1.2000000000e-01	2.5078225888e-03	2.9129111071e-03	3.1306244530e-03	
13	1.3000000000e-01	1.3000000000e-01	2.6448097052e-03	3.0845658708e-03	3.3218490478e-03	
14	1.4000000000e-01	1.4000000000e-01	2.7723575636e-03	3.2468096526e-03	3.5037890421e-03	
15	1.5000000000e-01	1.5000000000e-01	2.8907512682e-03	3.3999144593e-03	3.6767009943e-03	
16	1.6000000000e-01	1.6000000000e-01	3.0002548869e-03	3.5441408386e-03	3.8408313735e-03	
17	1.7000000000e-01	1.7000000000e-01	3.1011028468e-03	3.6797376944e-03	3.9964172520e-03	
18	1.8000000000e-01	1.8000000000e-01	3.1934835390e-03	3.8069409495e-03	4.1436866096e-03	
19	1.9000000000e-01	1.9000000000e-01	3.2775115097e-03	3.9259703402e-03	4.2828580602e-03	
20	2.0000000000e-01	2.0000000000e-01	3.3531907600e-03	4.0370231022e-03	4.4141396932e-03	
21	2.1000000000e-01	2.1000000000e-01	3.4204006169e-03	4.1402624753e-03	4.5377265237e-03	
22	2.2000000000e-01	2.2000000000e-01	3.4789946114e-03	4.2357980114e-03	4.6537956801e-03	
23	2.3000000000e-01	2.3000000000e-01	3.5290868185e-03	4.3236551571e-03	4.7624978755e-03	
24	2.4000000000e-01	2.4000000000e-01	3.5713386445e-03	4.4037392555e-03	4.8639429146e-03	
25	2.5000000000e-01	2.5000000000e-01	3.6069014229e-03	4.4758261294e-03	4.9581765474e-03	
26	2.6000000000e-01	2.6000000000e-01	3.6370731988e-03	4.5396559811e-03	5.0451483403e-03	
27	2.7000000000e-01	2.7000000000e-01	3.6630142206e-03	4.5951849559e-03	5.1246822010e-03	
28	2.8000000000e-01	2.8000000000e-01	3.6856474564e-03	4.6428508212e-03	5.1964913652e-03	
29	2.9000000000e-01	2.9000000000e-01	3.7056718448e-03	4.6835789690e-03	5.2603083074e-03	
30	3.0000000000e-01	3.0000000000e-01	3.7236095967e-03	4.7185233626e-03	5.3161363120e-03	
31	3.1000000000e-01	3.1000000000e-01	3.7398524361e-03	4.7487966156e-03	5.3644480365e-03	
32	3.2000000000e-01	3.2000000000e-01	3.7546976737e-03	4.7753363659e-03	5.4061325115e-03	
33	3.3000000000e-01	3.3000000000e-01	3.7683742931e-03	4.7988834745e-03	5.4422532442e-03	
34	3.4000000000e-01	3.4000000000e-01	3.7810613616e-03	4.8200087340e-03	5.4738269635e-03	
35	3.5000000000e-01	3.5000000000e-01	3.7929009915e-03	4.8391499120e-03	5.5017173500e-03	
36	3.6000000000e-01	3.6000000000e-01	3.8040075349e-03	4.8566446840e-03	5.5266168890e-03	
37	3.7000000000e-01	3.7000000000e-01	3.8144741830e-03	4.8727562569e-03	5.5490677934e-03	
38	3.8000000000e-01	3.8000000000e-01	3.8243777686e-03	4.8876923277e-03	5.5694923622e-03	
39	3.9000000000e-01	3.9000000000e-01	3.8337823104e-03	4.9016188750e-03	5.5882208711e-03	
40	4.0000000000e-01	4.0000000000e-01	3.8427416658e-03	4.9146701774e-03	5.6055138913e-03	
41	4.1000000000e-01	4.1000000000e-01	3.8513015416e-03	4.9269561328e-03	5.6215792080e-03	
42	4.2000000000e-01	4.2000000000e-01	3.8595010389e-03	4.9385676592e-03	5.6365843863e-03	
43	4.3000000000e-01	4.3000000000e-01	3.8673738526e-03	4.9495807228e-03	5.6506660617e-03	
44	4.4000000000e-01	4.4000000000e-01	3.8749492136e-03	4.9600593782e-03	5.6639368341e-03	
45	4.5000000000e-01	4.5000000000e-01	3.8822526367e-03	4.9700580903e-03	5.6764904207e-03	
46	4.6000000000e-01	4.6000000000e-01	3.8893065193e-03	4.9796235268e-03	5.6884055446e-03	
47	4.7000000000e-01	4.7000000000e-01	3.8961306254e-03	4.9887959576e-03	5.6997488998e-03	
48	4.8000000000e-01	4.8000000000e-01	3.9027424799e-03	4.9976103583e-03	5.7105774346e-03	
49	4.9000000000e-01	4.9000000000e-01	3.9091576922e-03	5.0060972882e-03	5.7209401295e-03	
50	5.0000000000e-01	5.0000000000e-01	3.9153902243e-03	5.0142835962e-03	5.7308793943e-03	
51	5.1000000000e-01	5.1000000000e-01	3.9214526140e-03	5.0221929924e-03	5.7404321767e-03	
52	5.2000000000e-01	5.2000000000e-01	3.9273561617e-03	5.0298465144e-03	5.7496308499e-03	
53	5.3000000000e-01	5.3000000000e-01	3.9331110899e-03	5.0372629119e-03	5.7585039291e-03	
54	5.4000000000e-01	5.4000000000e-01	3.9387266776e-03	5.0444589640e-03	5.7670766552e-03	
55	5.5000000000e-01	5.5000000000e-01	3.9442113773e-03	5.0514497454e-03	5.7753714724e-03	
56	5.6000000000e-01	5.6000000000e-01	3.9495729167e-03	5.0582488492e-03	5.7834084237e-03	
57	5.7000000000e-01	5.7000000000e-01	3.9548183886e-03	5.0648685762e-03	5.7912054789e-03	
58	5.8000000000e-01	5.8000000000e-01	3.9599543314e-03	5.0713200964e-03	5.7987788105e-03	
59	5.9000000000e-01	5.9000000000e-01	3.9649868040e-03	5.0776135886e-03	5.8061430255e-03	
60	6.0000000000e-01	6.0000000000e-01	3.9699214548e-03	5.0837583622e-03	5.8133113625e-03	
61	6.1000000000e-01	6.1000000000e-01	3.9747635882e-03	5.0897629651e-03	5.8202958622e-03	
62	6.2000000000e-01	6.2000000000e-01	3.9795182299e-03	5.0956352816e-03	5.8271075131e-03	
63	6.3000000000e-01	6.3000000000e-01	3.9841901918e-03	5.1013826219e-03	5.8337563819e-03	
64	6.4000000000e-01	6.4000000000e-01	3.9887841378e-03	5.1070118065e-03	5.8402517283e-03	
65	6.5000000000e-01	6.5000000000e-01	3.9933046518e-03	5.1125292471e-03	5.8466021096e-03	
66	6.6000000000e-01	6.6000000000e-01	3.9977563081e-03	5.1179410271e-03	5.8528154789e-03	
67	6.7000000000e-01	6.7000000000e-01	4.0021437447e-03	5.1232529809e-03	5.8588992768e-03	
68	6.8000000000e-01	6.8000000000e-01	4.0064717407e-03	5.1284707759e-03	5.8648605218e-03	
69	6.9000000000e-01	6.9000000000e-01	4.0107452970e-03	5.1335999972e-03	5.8707058993e-03	
70	7.0000000000e-01	7.0000000000e-01	4.0149697207e-03	5.1386462347e-03	5.8764418517e-03	
71	7.1000000000e-01	7.1000000000e-01	4.0191507134e-03	5.1436151761e-03	5.8820746711e-03	
72	7.2000000000e-01	7.2000000000e-01	4.0232944627e-03	5.1485127031e-03	5.8876105956e-03	
73	7.3000000000e-01	7.3000000000e-01	4.0274077367e-03	5.1533449939e-03	5.8930559100e-03	
74	7.4000000000e-01	7.4000000000e-01	4.0314979818e-03	5.1581186291e-03	5.8984170520e-03	
75	7.5000000000e-01	7.5000000000e-01	4.0355734213e-03	5.1628407037e-03	5.9037007232e-03	
76	7.6000000000e-01	7.6000000000e-01	4.0396431569e-03	5.1675189431e-03	5.9089140066e-03	
77	7.7000000000e-01	7.7000000000e-01	4.0437172699e-03	5.1721618228e-03	5.9140644899e-03	
78	7.8000000000e-01	7.8000000000e-01	4.0478069236e-03	5.1767786919e-03	5.9191603933e-03	
79	7.9000000000e-01	7.9000000000e-01	4.0519244641e-03	5.1813798996e-03	5.9242107035e-03	
80	8.0000000000e-01	8.0000000000e-01	4.0560835208e-03	5.1859769227e-03	5.9292253113e-03	
81	8.1000000000e-01	8.1000000000e-01	4.0602991048e-03	5.1905824953e-03	5.9342151535e-03	
82	8.2000000000e-01	8.2000000000e-01	4.0645877042e-03	5.1952107385e-03	5.9391923576e-03	
83	8.3000000000e-01	8.3000000000e-01	4.0689673772e-03	5.1998772887e-03	5.9441703880e-03	
84	8.4000000000e-01	8.4000000000e-01	4.0734578403e-03	5.2045994255e-03	5.9491641942e-03	
85	8.5000000000e-01	8.5000000000e-01	4.0780805534e-03	5.2093961964e-03	5.9541903582e-03	
86	8.6000000000e-01	8.6000000000e-01	4.0828587991e-03	5.2142885387e-03	5.9592672411e-03	
87	8.7000000000e-01	8.7000000000e-01	4.0878177574e-03	5.2192993971e-03	5.9644151281e-03	
88	8.8000000000e-01	8.8000000000e-01	4.0929845743e-03	5.2244538366e-03	5.9696563699e-03	
89	8.9000000000e-01	8.9000000000e-01	4.0983884250e-03	5.2297791498e-03	5.9750155202e-03	
90	9.0000000000e-01	9.0000000000e-01	4.1040605704e-03	5.2353049579e-03	5.9805194689e-03	
91	9.1000000000e-01	9.1000000000e-01	4.1100344074e-03	5.2410633055e-03	5.9861975685e-03	
92	9.2000000000e-01	9.2000000000e-01	4.1163455126e-03	5.2470887477e-03	5.9920817550e-03	
93	9.3000000000e-01	9.3000000000e-01	4.1230316798e-03	5.2534184296e-03	5.9982066609e-03	
94	9.4000000000e-01	9.4000000000e-01	4.1301329498e-03	5.2600921581e-03	6.0046097204e-03	
95	9.5000000000e-01	9.5000000000e-01	4.1376916341e-03	5.2671524654e-03	6.0113312663e-03	
96	9.6000000000e-01	9.6000000000e-01	4.1457523325e-03	5.2746446638e-03	6.0184146183e-03	
97	9.7000000000e-01	9.7000000000e-01	4.1543619430e-03	5.2826168924e-03	6.0259061617e-03	
98	9.8000000000e-01	9.8000000000e-01	4.1635696659e-03	5.2911201550e-03	6.0338554166e-03	
99	9.9000000000e-01	9.9000000000e-01	4.1734270015e-03	5.3002083490e-03	6.0423150975e-03	
100	1.0000000000e+00	1.0000000000e+00	4.1839877422e-03	5.3099382867e-03	6.0513411635e-03	
                                                                                                                                                                                                                                                     *include "corner.spice
                                                                                                                                                                                                                                                     DC transfer characteristic  Sat Aug  8 02:32:53  2026
--------------------------------------------------------------------------------------------------------------------------------------------------------------------------------------------------------------------------------------------------------------------------------------------------------------------------------------------------------------------------------------------------------------------------------------------------------------------------------------------------------------------------------
Index   v-sweep         v(vfracds)      ioc_p05_r75     ioc_p05_r90     ioc_p05_r100    
--------------------------------------------------------------------------------------------------------------------------------------------------------------------------------------------------------------------------------------------------------------------------------------------------------------------------------------------------------------------------------------------------------------------------------------------------------------------------------------------------------------------------------
0	0.0000000000e+00	0.0000000000e+00	-0.0000000000e+00	-0.0000000000e+00	-0.0000000000e+00	
1	1.0000000000e-02	1.0000000000e-02	-8.161055912e-05	-9.294992468e-05	-9.950827778e-05	
2	2.0000000000e-02	2.0000000000e-02	-1.607117321e-04	-1.834984464e-04	-1.966841266e-04	
3	3.0000000000e-02	3.0000000000e-02	-2.373388574e-04	-2.716767525e-04	-2.915563879e-04	
4	4.0000000000e-02	4.0000000000e-02	-3.115266178e-04	-3.575154951e-04	-3.841534311e-04	
5	5.0000000000e-02	5.0000000000e-02	-3.833090562e-04	-4.410448026e-04	-4.745031638e-04	
6	6.0000000000e-02	6.0000000000e-02	-4.527195905e-04	-5.222942907e-04	-5.626330402e-04	
7	7.0000000000e-02	7.0000000000e-02	-5.197910285e-04	-6.012930732e-04	-6.485700710e-04	
8	8.0000000000e-02	8.0000000000e-02	-5.845555823e-04	-6.780697727e-04	-7.323408313e-04	
9	9.0000000000e-02	9.0000000000e-02	-6.470448833e-04	-7.526525306e-04	-8.139714698e-04	
10	1.0000000000e-01	1.0000000000e-01	-7.072899960e-04	-8.250690174e-04	-8.934877168e-04	
11	1.1000000000e-01	1.1000000000e-01	-7.653214328e-04	-8.953464430e-04	-9.709148928e-04	
12	1.2000000000e-01	1.2000000000e-01	-8.211691687e-04	-9.635115662e-04	-1.046277916e-03	
13	1.3000000000e-01	1.3000000000e-01	-8.748626565e-04	-1.029590705e-03	-1.119601311e-03	
14	1.4000000000e-01	1.4000000000e-01	-9.264308415e-04	-1.093609747e-03	-1.190909218e-03	
15	1.5000000000e-01	1.5000000000e-01	-9.759021783e-04	-1.155594156e-03	-1.260225397e-03	
16	1.6000000000e-01	1.6000000000e-01	-1.023304646e-03	-1.215568989e-03	-1.327573239e-03	
17	1.7000000000e-01	1.7000000000e-01	-1.068665769e-03	-1.273558899e-03	-1.392975775e-03	
18	1.8000000000e-01	1.8000000000e-01	-1.112012630e-03	-1.329588146e-03	-1.456455680e-03	
19	1.9000000000e-01	1.9000000000e-01	-1.153371898e-03	-1.383680613e-03	-1.518035283e-03	
20	2.0000000000e-01	2.0000000000e-01	-1.192769846e-03	-1.435859806e-03	-1.577736576e-03	
21	2.1000000000e-01	2.1000000000e-01	-1.230232382e-03	-1.486148875e-03	-1.635581218e-03	
22	2.2000000000e-01	2.2000000000e-01	-1.265785079e-03	-1.534570612e-03	-1.691590546e-03	
23	2.3000000000e-01	2.3000000000e-01	-1.299453216e-03	-1.581147472e-03	-1.745785581e-03	
24	2.4000000000e-01	2.4000000000e-01	-1.331261831e-03	-1.625901573e-03	-1.798187036e-03	
25	2.5000000000e-01	2.5000000000e-01	-1.361235783e-03	-1.668854713e-03	-1.848815318e-03	
26	2.6000000000e-01	2.6000000000e-01	-1.389399850e-03	-1.710028372e-03	-1.897690542e-03	
27	2.7000000000e-01	2.7000000000e-01	-1.415778856e-03	-1.749443721e-03	-1.944832531e-03	
28	2.8000000000e-01	2.8000000000e-01	-1.440397877e-03	-1.787121630e-03	-1.990260822e-03	
29	2.9000000000e-01	2.9000000000e-01	-1.463282555e-03	-1.823082661e-03	-2.033994669e-03	
30	3.0000000000e-01	3.0000000000e-01	-1.484459670e-03	-1.857347068e-03	-2.076053041e-03	
31	3.1000000000e-01	3.1000000000e-01	-1.503958218e-03	-1.889934772e-03	-2.116454624e-03	
32	3.2000000000e-01	3.2000000000e-01	-1.521811605e-03	-1.920865323e-03	-2.155217804e-03	
33	3.3000000000e-01	3.3000000000e-01	-1.538062025e-03	-1.950157818e-03	-2.192360655e-03	
34	3.4000000000e-01	3.4000000000e-01	-1.552768191e-03	-1.977830769e-03	-2.227900898e-03	
35	3.5000000000e-01	3.5000000000e-01	-1.566015470e-03	-2.003901878e-03	-2.261855848e-03	
36	3.6000000000e-01	3.6000000000e-01	-1.577922508e-03	-2.028387708e-03	-2.294242310e-03	
37	3.7000000000e-01	3.7000000000e-01	-1.588636455e-03	-2.051303276e-03	-2.325076423e-03	
38	3.8000000000e-01	3.8000000000e-01	-1.598316859e-03	-2.072661811e-03	-2.354373399e-03	
39	3.9000000000e-01	3.9000000000e-01	-1.607117682e-03	-2.092475422e-03	-2.382147119e-03	
40	4.0000000000e-01	4.0000000000e-01	-1.615175714e-03	-2.110758316e-03	-2.408409519e-03	
41	4.1000000000e-01	4.1000000000e-01	-1.622606580e-03	-2.127534647e-03	-2.433169756e-03	
42	4.2000000000e-01	4.2000000000e-01	-1.629505537e-03	-2.142850921e-03	-2.456433258e-03	
43	4.3000000000e-01	4.3000000000e-01	-1.635950285e-03	-2.156787207e-03	-2.478201242e-03	
44	4.4000000000e-01	4.4000000000e-01	-1.642004141e-03	-2.169458184e-03	-2.498472081e-03	
45	4.5000000000e-01	4.5000000000e-01	-1.647718920e-03	-2.181001528e-03	-2.517246845e-03	
46	4.6000000000e-01	4.6000000000e-01	-1.653137302e-03	-2.191560844e-03	-2.534540595e-03	
47	4.7000000000e-01	4.7000000000e-01	-1.658294717e-03	-2.201271764e-03	-2.550396614e-03	
48	4.8000000000e-01	4.8000000000e-01	-1.663220817e-03	-2.210254535e-03	-2.564895285e-03	
49	4.9000000000e-01	4.9000000000e-01	-1.667940616e-03	-2.218611934e-03	-2.578150543e-03	
50	5.0000000000e-01	5.0000000000e-01	-1.672475377e-03	-2.226430164e-03	-2.590295842e-03	
51	5.1000000000e-01	5.1000000000e-01	-1.676843311e-03	-2.233780982e-03	-2.601467995e-03	
52	5.2000000000e-01	5.2000000000e-01	-1.681060117e-03	-2.240724061e-03	-2.611795386e-03	
53	5.3000000000e-01	5.3000000000e-01	-1.685139417e-03	-2.247309168e-03	-2.621392059e-03	
54	5.4000000000e-01	5.4000000000e-01	-1.689093104e-03	-2.253578014e-03	-2.630356150e-03	
55	5.5000000000e-01	5.5000000000e-01	-1.692931612e-03	-2.259565770e-03	-2.638770723e-03	
56	5.6000000000e-01	5.6000000000e-01	-1.696664149e-03	-2.265302282e-03	-2.646705601e-03	
57	5.7000000000e-01	5.7000000000e-01	-1.700298875e-03	-2.270813045e-03	-2.654219404e-03	
58	5.8000000000e-01	5.8000000000e-01	-1.703843059e-03	-2.276119974e-03	-2.661361461e-03	
59	5.9000000000e-01	5.9000000000e-01	-1.707303196e-03	-2.281242024e-03	-2.668173453e-03	
60	6.0000000000e-01	6.0000000000e-01	-1.710685119e-03	-2.286195684e-03	-2.674690788e-03	
61	6.1000000000e-01	6.1000000000e-01	-1.713994081e-03	-2.290995379e-03	-2.680943714e-03	
62	6.2000000000e-01	6.2000000000e-01	-1.717234831e-03	-2.295653792e-03	-2.686958219e-03	
63	6.3000000000e-01	6.3000000000e-01	-1.720411676e-03	-2.300182128e-03	-2.692756765e-03	
64	6.4000000000e-01	6.4000000000e-01	-1.723528531e-03	-2.304590335e-03	-2.698358873e-03	
65	6.5000000000e-01	6.5000000000e-01	-1.726588970e-03	-2.308887278e-03	-2.703781599e-03	
66	6.6000000000e-01	6.6000000000e-01	-1.729596260e-03	-2.313080892e-03	-2.709039920e-03	
67	6.7000000000e-01	6.7000000000e-01	-1.732553397e-03	-2.317178305e-03	-2.714147055e-03	
68	6.8000000000e-01	6.8000000000e-01	-1.735463136e-03	-2.321185943e-03	-2.719114718e-03	
69	6.9000000000e-01	6.9000000000e-01	-1.738328011e-03	-2.325109620e-03	-2.723953341e-03	
70	7.0000000000e-01	7.0000000000e-01	-1.741150366e-03	-2.328954608e-03	-2.728672245e-03	
71	7.1000000000e-01	7.1000000000e-01	-1.743932366e-03	-2.332725707e-03	-2.733279796e-03	
72	7.2000000000e-01	7.2000000000e-01	-1.746676019e-03	-2.336427296e-03	-2.737783525e-03	
73	7.3000000000e-01	7.3000000000e-01	-1.749383191e-03	-2.340063383e-03	-2.742190235e-03	
74	7.4000000000e-01	7.4000000000e-01	-1.752055615e-03	-2.343637642e-03	-2.746506095e-03	
75	7.5000000000e-01	7.5000000000e-01	-1.754694911e-03	-2.347153454e-03	-2.750736710e-03	
76	7.6000000000e-01	7.6000000000e-01	-1.757302589e-03	-2.350613932e-03	-2.754887189e-03	
77	7.7000000000e-01	7.7000000000e-01	-1.759880062e-03	-2.354021951e-03	-2.758962205e-03	
78	7.8000000000e-01	7.8000000000e-01	-1.762428658e-03	-2.357380172e-03	-2.762966036e-03	
79	7.9000000000e-01	7.9000000000e-01	-1.764949623e-03	-2.360691061e-03	-2.766902615e-03	
80	8.0000000000e-01	8.0000000000e-01	-1.767444133e-03	-2.363956910e-03	-2.770775562e-03	
81	8.1000000000e-01	8.1000000000e-01	-1.769913301e-03	-2.367179853e-03	-2.774588214e-03	
82	8.2000000000e-01	8.2000000000e-01	-1.772358184e-03	-2.370361877e-03	-2.778343660e-03	
83	8.3000000000e-01	8.3000000000e-01	-1.774779791e-03	-2.373504840e-03	-2.782044761e-03	
84	8.4000000000e-01	8.4000000000e-01	-1.777179091e-03	-2.376610483e-03	-2.785694170e-03	
85	8.5000000000e-01	8.5000000000e-01	-1.779557021e-03	-2.379680438e-03	-2.789294358e-03	
86	8.6000000000e-01	8.6000000000e-01	-1.781914494e-03	-2.382716241e-03	-2.792847624e-03	
87	8.7000000000e-01	8.7000000000e-01	-1.784252411e-03	-2.385719342e-03	-2.796356115e-03	
88	8.8000000000e-01	8.8000000000e-01	-1.786571667e-03	-2.388691114e-03	-2.799821841e-03	
89	8.9000000000e-01	8.9000000000e-01	-1.788873165e-03	-2.391632863e-03	-2.803246686e-03	
90	9.0000000000e-01	9.0000000000e-01	-1.791157828e-03	-2.394545840e-03	-2.806632420e-03	
91	9.1000000000e-01	9.1000000000e-01	-1.793426607e-03	-2.397431247e-03	-2.809980712e-03	
92	9.2000000000e-01	9.2000000000e-01	-1.795680502e-03	-2.400290252e-03	-2.813293141e-03	
93	9.3000000000e-01	9.3000000000e-01	-1.797920573e-03	-2.403123999e-03	-2.816571206e-03	
94	9.4000000000e-01	9.4000000000e-01	-1.800147956e-03	-2.405933618e-03	-2.819816341e-03	
95	9.5000000000e-01	9.5000000000e-01	-1.802363886e-03	-2.408720241e-03	-2.823029921e-03	
96	9.6000000000e-01	9.6000000000e-01	-1.804569710e-03	-2.411485018e-03	-2.826213278e-03	
97	9.7000000000e-01	9.7000000000e-01	-1.806766910e-03	-2.414229127e-03	-2.829367714e-03	
98	9.8000000000e-01	9.8000000000e-01	-1.808957129e-03	-2.416953799e-03	-2.832494510e-03	
99	9.9000000000e-01	9.9000000000e-01	-1.811142187e-03	-2.419660330e-03	-2.835594950e-03	
100	1.0000000000e+00	1.0000000000e+00	-1.813324112e-03	-2.422350108e-03	-2.838670326e-03	
                                                                                                                                                                                                                                                     *include "corner.spice
                                                                                                                                                                                                                                                     DC transfer characteristic  Sat Aug  8 02:32:53  2026
--------------------------------------------------------------------------------------------------------------------------------------------------------------------------------------------------------------------------------------------------------------------------------------------------------------------------------------------------------------------------------------------------------------------------------------------------------------------------------------------------------------------------------
Index   v-sweep         v(vfracds)      ioc_n33_r75     ioc_n33_r90     ioc_n33_r100    
--------------------------------------------------------------------------------------------------------------------------------------------------------------------------------------------------------------------------------------------------------------------------------------------------------------------------------------------------------------------------------------------------------------------------------------------------------------------------------------------------------------------------------
0	0.0000000000e+00	0.0000000000e+00	-0.0000000000e+00	-0.0000000000e+00	-0.0000000000e+00	
1	1.0000000000e-02	1.0000000000e-02	2.1689771280e-04	2.3716238969e-04	2.4705957726e-04	
2	2.0000000000e-02	2.0000000000e-02	4.2497818022e-04	4.6625578573e-04	4.8653936138e-04	
3	3.0000000000e-02	3.0000000000e-02	6.2453169419e-04	6.8751110035e-04	7.1863826730e-04	
4	4.0000000000e-02	4.0000000000e-02	8.1583553043e-04	9.0115031258e-04	9.4354817638e-04	
5	5.0000000000e-02	5.0000000000e-02	9.9915456474e-04	1.1073868520e-03	1.1614542186e-03	
6	6.0000000000e-02	6.0000000000e-02	1.1747418259e-03	1.3064259527e-03	1.3725350362e-03	
7	7.0000000000e-02	7.0000000000e-02	1.3428389822e-03	1.4984649776e-03	1.5769630277e-03	
8	8.0000000000e-02	8.0000000000e-02	1.5036767574e-03	1.6836937113e-03	1.7749045743e-03	
9	9.0000000000e-02	9.0000000000e-02	1.6574752673e-03	1.8622946217e-03	1.9665202455e-03	
10	1.0000000000e-01	1.0000000000e-01	1.8044442647e-03	2.0344430854e-03	2.1519649856e-03	
11	1.1000000000e-01	1.1000000000e-01	1.9447832763e-03	2.2003075756e-03	2.3313882772e-03	
12	1.2000000000e-01	1.2000000000e-01	2.0786816059e-03	2.3600498057e-03	2.5049342826e-03	
13	1.3000000000e-01	1.3000000000e-01	2.2063181687e-03	2.5138248215e-03	2.6727419568e-03	
14	1.4000000000e-01	1.4000000000e-01	2.3278611089e-03	2.6617810323e-03	2.8349451318e-03	
15	1.5000000000e-01	1.5000000000e-01	2.4434671344e-03	2.8040601664e-03	2.9916725639e-03	
16	1.6000000000e-01	1.6000000000e-01	2.5532804801e-03	2.9407971327e-03	3.1430479393e-03	
17	1.7000000000e-01	1.7000000000e-01	2.6574313849e-03	3.0721197628e-03	3.2891898269e-03	
18	1.8000000000e-01	1.8000000000e-01	2.7560339441e-03	3.1981483998e-03	3.4302115674e-03	
19	1.9000000000e-01	1.9000000000e-01	2.8491831904e-03	3.3189952884e-03	3.5662210806e-03	
20	2.0000000000e-01	2.0000000000e-01	2.9369512962e-03	3.4347637069e-03	3.6973205708e-03	
21	2.1000000000e-01	2.1000000000e-01	3.0193829592e-03	3.5455467635e-03	3.8236060992e-03	
22	2.2000000000e-01	2.2000000000e-01	3.0964904633e-03	3.6514257624e-03	3.9451669875e-03	
23	2.3000000000e-01	2.3000000000e-01	3.1682498273e-03	3.7524680288e-03	4.0620850019e-03	
24	2.4000000000e-01	2.4000000000e-01	3.2346011002e-03	3.8487240791e-03	4.1744332553e-03	
25	2.5000000000e-01	2.5000000000e-01	3.2954581153e-03	3.9402240651e-03	4.2822747502e-03	
26	2.6000000000e-01	2.6000000000e-01	3.3507345576e-03	4.0269735435e-03	4.3856604709e-03	
27	2.7000000000e-01	2.7000000000e-01	3.4003906126e-03	4.1089489244e-03	4.4846269317e-03	
28	2.8000000000e-01	2.8000000000e-01	3.4444938154e-03	4.1860935582e-03	4.5791931044e-03	
29	2.9000000000e-01	2.9000000000e-01	3.4832715080e-03	4.2583164653e-03	4.6693567272e-03	
30	3.0000000000e-01	3.0000000000e-01	3.5171253345e-03	4.3254971724e-03	4.7550901749e-03	
31	3.1000000000e-01	3.1000000000e-01	3.5465948094e-03	4.3875014125e-03	4.8363364456e-03	
32	3.2000000000e-01	3.2000000000e-01	3.5722869779e-03	4.4442119382e-03	4.9130064799e-03	
33	3.3000000000e-01	3.3000000000e-01	3.5948045669e-03	4.4955739806e-03	4.9849800374e-03	
34	3.4000000000e-01	3.4000000000e-01	3.6146958481e-03	4.5416452860e-03	5.0521135082e-03	
35	3.5000000000e-01	3.5000000000e-01	3.6324311381e-03	4.5826313497e-03	5.1142585964e-03	
36	3.6000000000e-01	3.6000000000e-01	3.6483992630e-03	4.6188874313e-03	5.1712942636e-03	
37	3.7000000000e-01	3.7000000000e-01	3.6629149319e-03	4.6508839912e-03	5.2231691593e-03	
38	3.8000000000e-01	3.8000000000e-01	3.6762302445e-03	4.6791505532e-03	5.2699437904e-03	
39	3.9000000000e-01	3.9000000000e-01	3.6885465221e-03	4.7042198642e-03	5.3118161194e-03	
40	4.0000000000e-01	4.0000000000e-01	3.7000247895e-03	4.7265873325e-03	5.3491178771e-03	
41	4.1000000000e-01	4.1000000000e-01	3.7107944183e-03	4.7466894346e-03	5.3822818168e-03	
42	4.2000000000e-01	4.2000000000e-01	3.7209599952e-03	4.7648973281e-03	5.4117931654e-03	
43	4.3000000000e-01	4.3000000000e-01	3.7306066744e-03	4.7815197957e-03	5.4381422455e-03	
44	4.4000000000e-01	4.4000000000e-01	3.7398043134e-03	4.7968106117e-03	5.4617895304e-03	
45	4.5000000000e-01	4.5000000000e-01	3.7486106608e-03	4.8109772009e-03	5.4831460233e-03	
46	4.6000000000e-01	4.6000000000e-01	3.7570738164e-03	4.8241889455e-03	5.5025662701e-03	
47	4.7000000000e-01	4.7000000000e-01	3.7652341375e-03	4.8365844476e-03	5.5203495341e-03	
48	4.8000000000e-01	4.8000000000e-01	3.7731257231e-03	4.8482775745e-03	5.5367452031e-03	
49	4.9000000000e-01	4.9000000000e-01	3.7807775778e-03	4.8593623565e-03	5.5519597597e-03	
50	5.0000000000e-01	5.0000000000e-01	3.7882145295e-03	4.8699168954e-03	5.5661638065e-03	
51	5.1000000000e-01	5.1000000000e-01	3.7954579580e-03	4.8800064627e-03	5.5794984263e-03	
52	5.2000000000e-01	5.2000000000e-01	3.8025263786e-03	4.8896859485e-03	5.5920806241e-03	
53	5.3000000000e-01	5.3000000000e-01	3.8094359109e-03	4.8990017992e-03	5.6040078365e-03	
54	5.4000000000e-01	5.4000000000e-01	3.8162006598e-03	4.9079935551e-03	5.6153616025e-03	
55	5.5000000000e-01	5.5000000000e-01	3.8228330260e-03	4.9166950737e-03	5.6262105212e-03	
56	5.6000000000e-01	5.6000000000e-01	3.8293439610e-03	4.9251355102e-03	5.6366126238e-03	
57	5.7000000000e-01	5.7000000000e-01	3.8357431787e-03	4.9333401046e-03	5.6466172756e-03	
58	5.8000000000e-01	5.8000000000e-01	3.8420393311e-03	4.9413308196e-03	5.6562667005e-03	
59	5.9000000000e-01	5.9000000000e-01	3.8482401567e-03	4.9491268588e-03	5.6655972084e-03	
60	6.0000000000e-01	6.0000000000e-01	3.8543526056e-03	4.9567450909e-03	5.6746401852e-03	
61	6.1000000000e-01	6.1000000000e-01	3.8603829476e-03	4.9642003989e-03	5.6834228962e-03	
62	6.2000000000e-01	6.2000000000e-01	3.8663368649e-03	4.9715059693e-03	5.6919691401e-03	
63	6.3000000000e-01	6.3000000000e-01	3.8722195345e-03	4.9786735334e-03	5.7002997847e-03	
64	6.4000000000e-01	6.4000000000e-01	3.8780357011e-03	4.9857135693e-03	5.7084332081e-03	
65	6.5000000000e-01	6.5000000000e-01	3.8837897438e-03	4.9926354741e-03	5.7163856631e-03	
66	6.6000000000e-01	6.6000000000e-01	3.8894857366e-03	4.9994477096e-03	5.7241715813e-03	
67	6.7000000000e-01	6.7000000000e-01	3.8951275065e-03	5.0061579296e-03	5.7318038278e-03	
68	6.8000000000e-01	6.8000000000e-01	3.9007186877e-03	5.0127730901e-03	5.7392939156e-03	
69	6.9000000000e-01	6.9000000000e-01	3.9062627750e-03	5.0192995476e-03	5.7466521890e-03	
70	7.0000000000e-01	7.0000000000e-01	3.9117631752e-03	5.0257431474e-03	5.7538879802e-03	
71	7.1000000000e-01	7.1000000000e-01	3.9172232590e-03	5.0321093047e-03	5.7610097461e-03	
72	7.2000000000e-01	7.2000000000e-01	3.9226464125e-03	5.0384030798e-03	5.7680251878e-03	
73	7.3000000000e-01	7.3000000000e-01	3.9280360886e-03	5.0446292493e-03	5.7749413583e-03	
74	7.4000000000e-01	7.4000000000e-01	3.9333958601e-03	5.0507923749e-03	5.7817647591e-03	
75	7.5000000000e-01	7.5000000000e-01	3.9387294724e-03	5.0568968701e-03	5.7885014298e-03	
76	7.6000000000e-01	7.6000000000e-01	3.9440408981e-03	5.0629470665e-03	5.7951570322e-03	
77	7.7000000000e-01	7.7000000000e-01	3.9493343922e-03	5.0689472787e-03	5.8017369297e-03	
78	7.8000000000e-01	7.8000000000e-01	3.9546145480e-03	5.0749018712e-03	5.8082462649e-03	
79	7.9000000000e-01	7.9000000000e-01	3.9598863552e-03	5.0808153244e-03	5.8146900349e-03	
80	8.0000000000e-01	8.0000000000e-01	3.9651552577e-03	5.0866923026e-03	5.8210731665e-03	
81	8.1000000000e-01	8.1000000000e-01	3.9704272135e-03	5.0925377222e-03	5.8274005912e-03	
82	8.2000000000e-01	8.2000000000e-01	3.9757087550e-03	5.0983568222e-03	5.8336773201e-03	
83	8.3000000000e-01	8.3000000000e-01	3.9810070507e-03	5.1041552348e-03	5.8399085207e-03	
84	8.4000000000e-01	8.4000000000e-01	3.9863299675e-03	5.1099390586e-03	5.8460995941e-03	
85	8.5000000000e-01	8.5000000000e-01	3.9916861335e-03	5.1157149322e-03	5.8522562538e-03	
86	8.6000000000e-01	8.6000000000e-01	3.9970850027e-03	5.1214901100e-03	5.8583846059e-03	
87	8.7000000000e-01	8.7000000000e-01	4.0025369188e-03	5.1272725380e-03	5.8644912314e-03	
88	8.8000000000e-01	8.8000000000e-01	4.0080531808e-03	5.1330709325e-03	5.8705832689e-03	
89	8.9000000000e-01	8.9000000000e-01	4.0136461081e-03	5.1388948586e-03	5.8766685000e-03	
90	9.0000000000e-01	9.0000000000e-01	4.0193291071e-03	5.1447548103e-03	5.8827554357e-03	
91	9.1000000000e-01	9.1000000000e-01	4.0251167363e-03	5.1506622915e-03	5.8888534042e-03	
92	9.2000000000e-01	9.2000000000e-01	4.0310247734e-03	5.1566298976e-03	5.8949726400e-03	
93	9.3000000000e-01	9.3000000000e-01	4.0370702804e-03	5.1626713987e-03	5.9011243748e-03	
94	9.4000000000e-01	9.4000000000e-01	4.0432716704e-03	5.1688018217e-03	5.9073209289e-03	
95	9.5000000000e-01	9.5000000000e-01	4.0496487721e-03	5.1750375347e-03	5.9135758039e-03	
96	9.6000000000e-01	9.6000000000e-01	4.0562228953e-03	5.1813963302e-03	5.9199037763e-03	
97	9.7000000000e-01	9.7000000000e-01	4.0630168951e-03	5.1878975094e-03	5.9263209918e-03	
98	9.8000000000e-01	9.8000000000e-01	4.0700552346e-03	5.1945619658e-03	5.9328450603e-03	
99	9.9000000000e-01	9.9000000000e-01	4.0773640478e-03	5.2014122687e-03	5.9394951510e-03	
100	1.0000000000e+00	1.0000000000e+00	4.0849712006e-03	5.2084727467e-03	5.9462920882e-03	
                                                                                                                                                                                                                                                     *include "corner.spice
                                                                                                                                                                                                                                                     DC transfer characteristic  Sat Aug  8 02:32:53  2026
--------------------------------------------------------------------------------------------------------------------------------------------------------------------------------------------------------------------------------------------------------------------------------------------------------------------------------------------------------------------------------------------------------------------------------------------------------------------------------------------------------------------------------
Index   v-sweep         v(vfracds)      ioc_p33_r75     ioc_p33_r90     ioc_p33_r100    
--------------------------------------------------------------------------------------------------------------------------------------------------------------------------------------------------------------------------------------------------------------------------------------------------------------------------------------------------------------------------------------------------------------------------------------------------------------------------------------------------------------------------------
0	0.0000000000e+00	0.0000000000e+00	-0.0000000000e+00	-0.0000000000e+00	-0.0000000000e+00	
1	1.0000000000e-02	1.0000000000e-02	-7.501441076e-05	-8.544028935e-05	-9.112625838e-05	
2	2.0000000000e-02	2.0000000000e-02	-1.479210725e-04	-1.689135073e-04	-1.803761935e-04	
3	3.0000000000e-02	3.0000000000e-02	-2.187444384e-04	-2.504401099e-04	-2.677680444e-04	
4	4.0000000000e-02	4.0000000000e-02	-2.875085890e-04	-3.300402720e-04	-3.533198155e-04	
5	5.0000000000e-02	5.0000000000e-02	-3.542372396e-04	-4.077338927e-04	-4.370492807e-04	
6	6.0000000000e-02	6.0000000000e-02	-4.189537484e-04	-4.835405997e-04	-5.189739867e-04	
7	7.0000000000e-02	7.0000000000e-02	-4.816811239e-04	-5.574797549e-04	-5.991112571e-04	
8	8.0000000000e-02	8.0000000000e-02	-5.424420326e-04	-6.295704586e-04	-6.774781961e-04	
9	9.0000000000e-02	9.0000000000e-02	-6.012588071e-04	-6.998315545e-04	-7.540916919e-04	
10	1.0000000000e-01	1.0000000000e-01	-6.581534535e-04	-7.682816343e-04	-8.289684206e-04	
11	1.1000000000e-01	1.1000000000e-01	-7.131476596e-04	-8.349390428e-04	-9.021248493e-04	
12	1.2000000000e-01	1.2000000000e-01	-7.662628034e-04	-8.998218821e-04	-9.735772403e-04	
13	1.3000000000e-01	1.3000000000e-01	-8.175199616e-04	-9.629480163e-04	-1.043341654e-03	
14	1.4000000000e-01	1.4000000000e-01	-8.669399190e-04	-1.024335077e-03	-1.111433952e-03	
15	1.5000000000e-01	1.5000000000e-01	-9.145431784e-04	-1.084000466e-03	-1.177869802e-03	
16	1.6000000000e-01	1.6000000000e-01	-9.603499716e-04	-1.141961362e-03	-1.242664679e-03	
17	1.7000000000e-01	1.7000000000e-01	-1.004380272e-03	-1.198234727e-03	-1.305833873e-03	
18	1.8000000000e-01	1.8000000000e-01	-1.046653810e-03	-1.252837307e-03	-1.367392485e-03	
19	1.9000000000e-01	1.9000000000e-01	-1.087190087e-03	-1.305785640e-03	-1.427355440e-03	
20	2.0000000000e-01	2.0000000000e-01	-1.126008399e-03	-1.357096063e-03	-1.485737481e-03	
21	2.1000000000e-01	2.1000000000e-01	-1.163127864e-03	-1.406784714e-03	-1.542553180e-03	
22	2.2000000000e-01	2.2000000000e-01	-1.198567449e-03	-1.454867542e-03	-1.597816938e-03	
23	2.3000000000e-01	2.3000000000e-01	-1.232346019e-03	-1.501360315e-03	-1.651542991e-03	
24	2.4000000000e-01	2.4000000000e-01	-1.264482392e-03	-1.546278623e-03	-1.703745411e-03	
25	2.5000000000e-01	2.5000000000e-01	-1.294995418e-03	-1.589637892e-03	-1.754438115e-03	
26	2.6000000000e-01	2.6000000000e-01	-1.323904090e-03	-1.631453396e-03	-1.803634865e-03	
27	2.7000000000e-01	2.7000000000e-01	-1.351227697e-03	-1.671740265e-03	-1.851349277e-03	
28	2.8000000000e-01	2.8000000000e-01	-1.376986051e-03	-1.710513505e-03	-1.897594822e-03	
29	2.9000000000e-01	2.9000000000e-01	-1.401199814e-03	-1.747788019e-03	-1.942384840e-03	
30	3.0000000000e-01	3.0000000000e-01	-1.423890980e-03	-1.783578629e-03	-1.985732541e-03	
31	3.1000000000e-01	3.1000000000e-01	-1.445083605e-03	-1.817900114e-03	-2.027651016e-03	
32	3.2000000000e-01	3.2000000000e-01	-1.464804881e-03	-1.850767249e-03	-2.068153248e-03	
33	3.3000000000e-01	3.3000000000e-01	-1.483086726e-03	-1.882194868e-03	-2.107252124e-03	
34	3.4000000000e-01	3.4000000000e-01	-1.499968064e-03	-1.912197944e-03	-2.144960455e-03	
35	3.5000000000e-01	3.5000000000e-01	-1.515497887e-03	-1.940791695e-03	-2.181290989e-03	
36	3.6000000000e-01	3.6000000000e-01	-1.529738924e-03	-1.967991747e-03	-2.216256443e-03	
37	3.7000000000e-01	3.7000000000e-01	-1.542771090e-03	-1.993814346e-03	-2.249869536e-03	
38	3.8000000000e-01	3.8000000000e-01	-1.554692994e-03	-2.018276675e-03	-2.282143031e-03	
39	3.9000000000e-01	3.9000000000e-01	-1.565619413e-03	-2.041397305e-03	-2.313089795e-03	
40	4.0000000000e-01	4.0000000000e-01	-1.575673882e-03	-2.063196835e-03	-2.342722884e-03	
41	4.1000000000e-01	4.1000000000e-01	-1.584978392e-03	-2.083698814e-03	-2.371055651e-03	
42	4.2000000000e-01	4.2000000000e-01	-1.593644142e-03	-2.102931016e-03	-2.398101898e-03	
43	4.3000000000e-01	4.3000000000e-01	-1.601766334e-03	-2.120927143e-03	-2.423876097e-03	
44	4.4000000000e-01	4.4000000000e-01	-1.609423261e-03	-2.137728922e-03	-2.448393687e-03	
45	4.5000000000e-01	4.5000000000e-01	-1.616678100e-03	-2.153388348e-03	-2.471671505e-03	
46	4.6000000000e-01	4.6000000000e-01	-1.623581687e-03	-2.167969448e-03	-2.493728381e-03	
47	4.7000000000e-01	4.7000000000e-01	-1.630175227e-03	-2.181548580e-03	-2.514585964e-03	
48	4.8000000000e-01	4.8000000000e-01	-1.636492525e-03	-2.194212359e-03	-2.534269827e-03	
49	4.9000000000e-01	4.9000000000e-01	-1.642561701e-03	-2.206053060e-03	-2.552810880e-03	
50	5.0000000000e-01	5.0000000000e-01	-1.648406458e-03	-2.217162675e-03	-2.570247000e-03	
51	5.1000000000e-01	5.1000000000e-01	-1.654047024e-03	-2.227627486e-03	-2.586624642e-03	
52	5.2000000000e-01	5.2000000000e-01	-1.659500846e-03	-2.237524596e-03	-2.601999913e-03	
53	5.3000000000e-01	5.3000000000e-01	-1.664783111e-03	-2.246920676e-03	-2.616438441e-03	
54	5.4000000000e-01	5.4000000000e-01	-1.669907149e-03	-2.255872347e-03	-2.630013525e-03	
55	5.5000000000e-01	5.5000000000e-01	-1.674884738e-03	-2.264427383e-03	-2.642802642e-03	
56	5.6000000000e-01	5.6000000000e-01	-1.679726355e-03	-2.272626151e-03	-2.654883166e-03	
57	5.7000000000e-01	5.7000000000e-01	-1.684441361e-03	-2.280502947e-03	-2.666328496e-03	
58	5.8000000000e-01	5.8000000000e-01	-1.689038170e-03	-2.288087138e-03	-2.677205478e-03	
59	5.9000000000e-01	5.9000000000e-01	-1.693524369e-03	-2.295404075e-03	-2.687573289e-03	
60	6.0000000000e-01	6.0000000000e-01	-1.697906832e-03	-2.302475818e-03	-2.697483454e-03	
61	6.1000000000e-01	6.1000000000e-01	-1.702191806e-03	-2.309321707e-03	-2.706980508e-03	
62	6.2000000000e-01	6.2000000000e-01	-1.706384985e-03	-2.315958809e-03	-2.716102909e-03	
63	6.3000000000e-01	6.3000000000e-01	-1.710491581e-03	-2.322402277e-03	-2.724883962e-03	
64	6.4000000000e-01	6.4000000000e-01	-1.714516370e-03	-2.328665638e-03	-2.733352652e-03	
65	6.5000000000e-01	6.5000000000e-01	-1.718463745e-03	-2.334761022e-03	-2.741534348e-03	
66	6.6000000000e-01	6.6000000000e-01	-1.722337756e-03	-2.340699360e-03	-2.749451384e-03	
67	6.7000000000e-01	6.7000000000e-01	-1.726142143e-03	-2.346490537e-03	-2.757123535e-03	
68	6.8000000000e-01	6.8000000000e-01	-1.729880368e-03	-2.352143526e-03	-2.764568399e-03	
69	6.9000000000e-01	6.9000000000e-01	-1.733555645e-03	-2.357666497e-03	-2.771801717e-03	
70	7.0000000000e-01	7.0000000000e-01	-1.737170957e-03	-2.363066917e-03	-2.778837629e-03	
71	7.1000000000e-01	7.1000000000e-01	-1.740729085e-03	-2.368351622e-03	-2.785688891e-03	
72	7.2000000000e-01	7.2000000000e-01	-1.744232619e-03	-2.373526896e-03	-2.792367050e-03	
73	7.3000000000e-01	7.3000000000e-01	-1.747683982e-03	-2.378598520e-03	-2.798882599e-03	
74	7.4000000000e-01	7.4000000000e-01	-1.751085439e-03	-2.383571832e-03	-2.805245101e-03	
75	7.5000000000e-01	7.5000000000e-01	-1.754439113e-03	-2.388451769e-03	-2.811463297e-03	
76	7.6000000000e-01	7.6000000000e-01	-1.757746995e-03	-2.393242906e-03	-2.817545201e-03	
77	7.7000000000e-01	7.7000000000e-01	-1.761010958e-03	-2.397949491e-03	-2.823498176e-03	
78	7.8000000000e-01	7.8000000000e-01	-1.764232763e-03	-2.402575476e-03	-2.829329004e-03	
79	7.9000000000e-01	7.9000000000e-01	-1.767414073e-03	-2.407124544e-03	-2.835043950e-03	
80	8.0000000000e-01	8.0000000000e-01	-1.770556454e-03	-2.411600133e-03	-2.840648806e-03	
81	8.1000000000e-01	8.1000000000e-01	-1.773661391e-03	-2.416005455e-03	-2.846148946e-03	
82	8.2000000000e-01	8.2000000000e-01	-1.776730291e-03	-2.420343521e-03	-2.851549360e-03	
83	8.3000000000e-01	8.3000000000e-01	-1.779764488e-03	-2.424617152e-03	-2.856854689e-03	
84	8.4000000000e-01	8.4000000000e-01	-1.782765258e-03	-2.428828997e-03	-2.862069262e-03	
85	8.5000000000e-01	8.5000000000e-01	-1.785733816e-03	-2.432981548e-03	-2.867197120e-03	
86	8.6000000000e-01	8.6000000000e-01	-1.788671331e-03	-2.437077151e-03	-2.872242042e-03	
87	8.7000000000e-01	8.7000000000e-01	-1.791578930e-03	-2.441118019e-03	-2.877207564e-03	
88	8.8000000000e-01	8.8000000000e-01	-1.794457705e-03	-2.445106241e-03	-2.882097007e-03	
89	8.9000000000e-01	8.9000000000e-01	-1.797308724e-03	-2.449043795e-03	-2.886913486e-03	
90	9.0000000000e-01	9.0000000000e-01	-1.800133034e-03	-2.452932554e-03	-2.891659933e-03	
91	9.1000000000e-01	9.1000000000e-01	-1.802931679e-03	-2.456774298e-03	-2.896339107e-03	
92	9.2000000000e-01	9.2000000000e-01	-1.805705698e-03	-2.460570723e-03	-2.900953611e-03	
93	9.3000000000e-01	9.3000000000e-01	-1.808456149e-03	-2.464323447e-03	-2.905505903e-03	
94	9.4000000000e-01	9.4000000000e-01	-1.811184107e-03	-2.468034023e-03	-2.909998309e-03	
95	9.5000000000e-01	9.5000000000e-01	-1.813890687e-03	-2.471703943e-03	-2.914433030e-03	
96	9.6000000000e-01	9.6000000000e-01	-1.816577050e-03	-2.475334654e-03	-2.918812158e-03	
97	9.7000000000e-01	9.7000000000e-01	-1.819244422e-03	-2.478927564e-03	-2.923137682e-03	
98	9.8000000000e-01	9.8000000000e-01	-1.821894103e-03	-2.482484051e-03	-2.927411501e-03	
99	9.9000000000e-01	9.9000000000e-01	-1.824527489e-03	-2.486005480e-03	-2.931635429e-03	
100	1.0000000000e+00	1.0000000000e+00	-1.827146084e-03	-2.489493210e-03	-2.935811212e-03	
ngspice-46 done
