* ====================================================================
* record-id : 20260808-023237-61e0c25
* testbench : tb_device_mv_fet.spice
* corner    : fs
* temp      : -40 C
* supply    : n/a (no supply rail in this device-level testbench)
* pdk       : gf180mcuD (/home/ubuntu/.volare/gf180mcuD)
* ngspice   : ngspice-46 : Circuit level simulation program
* run (UTC) : 2026-08-08T02:32:37Z
* ====================================================================

Note: No compatibility mode selected!


Circuit: *include "corner.spice

Doing analysis at TEMP = -40.000000 and TNOM = 27.000000

Using SPARSE 1.3 as Direct Linear Solver
 Reference value :  9.84000e-01
No. of Data Rows : 501
                                                                                                                                                                                                                                                     *include "corner.spice
                                                                                                                                                                                                                                                     DC transfer characteristic  Sat Aug  8 02:32:54  2026
--------------------------------------------------------------------------------------------------------------------------------------------------------------------------------------------------------------------------------------------------------------------------------------------------------------------------------------------------------------------------------------------------------------------------------------------------------------------------------------------------------------------------------
Index   v-sweep         v(vfrac)        id_vt_n06       id_vt_p06       id_vt_n05       id_vt_p05       id_vt_n33       id_vt_p33       
--------------------------------------------------------------------------------------------------------------------------------------------------------------------------------------------------------------------------------------------------------------------------------------------------------------------------------------------------------------------------------------------------------------------------------------------------------------------------------------------------------------------------------
0	0.0000000000e+00	0.0000000000e+00	5.9381270999e-14	-5.000194166e-14	5.9805341035e-14	-5.000196487e-14	6.3008956074e-14	-5.916997285e-14	
1	2.0000000000e-03	2.0000000000e-03	5.9525529312e-14	-5.000113580e-14	6.0082092286e-14	-5.000128504e-14	6.4022308689e-14	-5.917000873e-14	
2	4.0000000000e-03	4.0000000000e-03	5.9846200946e-14	-5.000038654e-14	6.0624737727e-14	-5.000063600e-14	6.5674032951e-14	-5.917006591e-14	
3	6.0000000000e-03	6.0000000000e-03	6.0288003244e-14	-5.000001909e-14	6.1325989428e-14	-5.000008338e-14	6.7632208215e-14	-5.917013306e-14	
4	8.0000000000e-03	8.0000000000e-03	6.0977002941e-14	-5.000002933e-14	6.2340807410e-14	-5.000002090e-14	7.0177644957e-14	-5.917021926e-14	
5	1.0000000000e-02	1.0000000000e-02	6.2051487676e-14	-5.000004507e-14	6.3809379932e-14	-5.000002994e-14	7.3486342708e-14	-5.917032992e-14	
6	1.2000000000e-02	1.2000000000e-02	6.3727091187e-14	-5.000006925e-14	6.5934558476e-14	-5.000004291e-14	7.7787010207e-14	-5.917047197e-14	
7	1.4000000000e-02	1.4000000000e-02	6.6340044270e-14	-5.000010642e-14	6.9009861672e-14	-5.000006149e-14	8.3376839623e-14	-5.917065432e-14	
8	1.6000000000e-02	1.6000000000e-02	7.0414604401e-14	-5.000016352e-14	7.3459990717e-14	-5.000008811e-14	9.0641997973e-14	-5.917088840e-14	
9	1.8000000000e-02	1.8000000000e-02	7.6768175733e-14	-5.000025127e-14	7.9899444085e-14	-5.000012626e-14	1.0008424522e-13	-5.917118889e-14	
10	2.0000000000e-02	2.0000000000e-02	8.6675177972e-14	-5.000038609e-14	8.9217313791e-14	-5.000018093e-14	1.1235550941e-13	-5.917157462e-14	
11	2.2000000000e-02	2.2000000000e-02	1.0212248139e-13	-5.000059323e-14	1.0269995247e-13	-5.000025928e-14	1.2830279532e-13	-5.917206980e-14	
12	2.4000000000e-02	2.4000000000e-02	1.2620754375e-13	-5.000091147e-14	1.2220841611e-13	-5.000037154e-14	1.4902651258e-13	-5.917270545e-14	
13	2.6000000000e-02	2.6000000000e-02	1.6375891746e-13	-5.000140037e-14	1.5043512735e-13	-5.000053241e-14	1.7595622934e-13	-5.917352144e-14	
14	2.8000000000e-02	2.8000000000e-02	2.2230322648e-13	-5.000215141e-14	1.9127510420e-13	-5.000076294e-14	2.1094905269e-13	-5.917456893e-14	
15	3.0000000000e-02	3.0000000000e-02	3.1357188186e-13	-5.000330512e-14	2.5036285127e-13	-5.000109327e-14	2.5641738768e-13	-5.917591359e-14	
16	3.2000000000e-02	3.2000000000e-02	4.5584844863e-13	-5.000507731e-14	3.3584877345e-13	-5.000156656e-14	3.1549483894e-13	-5.917763974e-14	
17	3.4000000000e-02	3.4000000000e-02	6.7762502343e-13	-5.000779942e-14	4.5952185413e-13	-5.000224469e-14	3.9225163059e-13	-5.917985559e-14	
18	3.6000000000e-02	3.6000000000e-02	1.0232963173e-12	-5.001198043e-14	6.3843282845e-13	-5.000321627e-14	4.9197430775e-13	-5.918270008e-14	
19	3.8000000000e-02	3.8000000000e-02	1.5620246244e-12	-5.001840200e-14	8.9724063984e-13	-5.000460825e-14	6.2152887894e-13	-5.918635156e-14	
20	4.0000000000e-02	4.0000000000e-02	2.4015367944e-12	-5.002826439e-14	1.2716039006e-12	-5.000660249e-14	7.8983225960e-13	-5.919103897e-14	
21	4.2000000000e-02	4.2000000000e-02	3.7095881711e-12	-5.004341065e-14	1.8130817715e-12	-5.000945946e-14	1.0084642724e-12	-5.919705619e-14	
22	4.4000000000e-02	4.4000000000e-02	5.7473368347e-12	-5.006667069e-14	2.5962143643e-12	-5.001355230e-14	1.2924620490e-12	-5.920478050e-14	
23	4.6000000000e-02	4.6000000000e-02	8.9212041149e-12	-5.010238952e-14	3.7287490465e-12	-5.001941543e-14	1.6613511101e-12	-5.921469621e-14	
24	4.8000000000e-02	4.8000000000e-02	1.3863397546e-11	-5.015723814e-14	5.3664054196e-12	-5.002781434e-14	2.1404835196e-12	-5.922742499e-14	
25	5.0000000000e-02	5.0000000000e-02	2.1556815416e-11	-5.024145825e-14	7.7341847507e-12	-5.003984536e-14	2.7627743913e-12	-5.924376493e-14	
26	5.2000000000e-02	5.2000000000e-02	3.3528560130e-11	-5.037077274e-14	1.1157109826e-11	-5.005707872e-14	3.5709550935e-12	-5.926474051e-14	
27	5.4000000000e-02	5.4000000000e-02	5.2149297121e-11	-5.056931809e-14	1.6104543134e-11	-5.008176325e-14	4.6204965468e-12	-5.929166685e-14	
28	5.6000000000e-02	5.6000000000e-02	8.1095493949e-11	-5.087414484e-14	2.3254037231e-11	-5.011711956e-14	5.9834014016e-12	-5.932623215e-14	
29	5.8000000000e-02	5.8000000000e-02	1.2606152406e-10	-5.134212449e-14	3.3583250051e-11	-5.016775986e-14	7.7531226348e-12	-5.937060359e-14	
30	6.0000000000e-02	6.0000000000e-02	1.9585359115e-10	-5.206054861e-14	4.8502130893e-11	-5.024028904e-14	1.0050942120e-11	-5.942756313e-14	
31	6.2000000000e-02	6.2000000000e-02	3.0406433345e-10	-5.316339337e-14	7.0042797605e-11	-5.034416529e-14	1.3034241036e-11	-5.950068196e-14	
32	6.4000000000e-02	6.4000000000e-02	4.7162534937e-10	-5.485627549e-14	1.0113190118e-10	-5.049293231e-14	1.6907221038e-11	-5.959454439e-14	
33	6.6000000000e-02	6.6000000000e-02	7.3067747874e-10	-5.745474181e-14	1.4598065837e-10	-5.070598347e-14	2.1934799256e-11	-5.971503529e-14	
34	6.8000000000e-02	6.8000000000e-02	1.1304016467e-09	-6.144301110e-14	2.1064227275e-10	-5.101108734e-14	2.8460612032e-11	-5.986970896e-14	
35	7.0000000000e-02	7.0000000000e-02	1.7457355948e-09	-6.756408462e-14	3.0380668831e-10	-5.144800335e-14	3.6930335550e-11	-6.006826281e-14	
36	7.2000000000e-02	7.2000000000e-02	2.6902843422e-09	-7.695796183e-14	4.3793052287e-10	-5.207365755e-14	4.7921883578e-11	-6.032314526e-14	
37	7.4000000000e-02	7.4000000000e-02	4.1352330245e-09	-9.137361661e-14	6.3083815822e-10	-5.296955158e-14	6.2184495675e-11	-6.065033615e-14	
38	7.6000000000e-02	7.6000000000e-02	6.3367009784e-09	-1.134940515e-13	9.0798146025e-10	-5.425236783e-14	8.0689311685e-11	-6.107034853e-14	
39	7.8000000000e-02	7.8000000000e-02	9.6747351543e-09	-1.474346695e-13	1.3056141789e-09	-5.608914879e-14	1.0469477603e-10	-6.160951461e-14	
40	8.0000000000e-02	8.0000000000e-02	1.4708019257e-08	-1.995072290e-13	1.8752268582e-09	-5.871902251e-14	1.3583117334e-10	-6.230163641e-14	
41	8.2000000000e-02	8.2000000000e-02	2.2249371207e-08	-2.793906416e-13	2.6897032510e-09	-6.248429514e-14	1.7620982240e-10	-6.319010472e-14	
42	8.4000000000e-02	8.4000000000e-02	3.3468263959e-08	-4.019247872e-13	3.8518033922e-09	-6.787494655e-14	2.2856401859e-10	-6.433061897e-14	
43	8.6000000000e-02	8.6000000000e-02	5.0028076365e-08	-5.898579655e-13	5.5057538039e-09	-7.559230194e-14	2.9643080539e-10	-6.579467863e-14	
44	8.8000000000e-02	8.8000000000e-02	7.4267756640e-08	-8.780532900e-13	7.8529315346e-09	-8.664013627e-14	3.8438517969e-10	-6.767406474e-14	
45	9.0000000000e-02	9.0000000000e-02	1.0943996977e-07	-1.319925639e-12	1.1172862609e-08	-1.024550190e-13	4.9834152833e-10	-7.008659251e-14	
46	9.2000000000e-02	9.2000000000e-02	1.6001931161e-07	-1.997286205e-12	1.5851011358e-08	-1.250927814e-13	6.4594111166e-10	-7.318349531e-14	
47	9.4000000000e-02	9.4000000000e-02	2.3209080670e-07	-3.035387794e-12	2.2415110122e-08	-1.574952392e-13	8.3704944630e-10	-7.715890260e-14	
48	9.6000000000e-02	9.6000000000e-02	3.3381273473e-07	-4.625898282e-12	3.1582071117e-08	-2.038716619e-13	1.0843937123e-09	-8.226200547e-14	
49	9.8000000000e-02	9.8000000000e-02	4.7590837001e-07	-7.061942546e-12	4.4317851018e-08	-2.702442650e-13	1.4043780734e-09	-8.881267168e-14	
50	1.0000000000e-01	1.0000000000e-01	6.7207223635e-07	-1.079148284e-11	6.1913038352e-08	-3.652281138e-13	1.8181243316e-09	-9.722148788e-14	
51	1.0200000000e-01	1.0200000000e-01	9.3908832111e-07	-1.649850460e-11	8.6077434329e-08	-5.011459300e-13	2.3527969256e-09	-1.080154839e-13	
52	1.0400000000e-01	1.0400000000e-01	1.2963888765e-06	-2.522624982e-11	1.1905745174e-07	-6.956212211e-13	3.0432852239e-09	-1.218711491e-13	
53	1.0600000000e-01	1.0600000000e-01	1.7647985397e-06	-3.856382762e-11	1.6378048437e-07	-9.738543001e-13	3.9343325921e-09	-1.396568069e-13	
54	1.0800000000e-01	1.0800000000e-01	2.3643771798e-06	-5.892797188e-11	2.2402975972e-07	-1.371872802e-12	5.0832209972e-09	-1.624869985e-13	
55	1.1000000000e-01	1.1000000000e-01	3.1116134367e-06	-8.998694745e-11	3.0465016931e-07	-1.941172063e-12	6.5631419419e-09	-1.917922772e-13	
56	1.1200000000e-01	1.1200000000e-01	4.0166288459e-06	-1.372955731e-10	4.1177813786e-07	-2.755336502e-12	8.4674090357e-09	-2.294087766e-13	
57	1.1400000000e-01	1.1400000000e-01	5.0812861406e-06	-2.092415561e-10	5.5307470943e-07	-3.919482377e-12	1.0914693869e-08	-2.776931507e-13	
58	1.1600000000e-01	1.1600000000e-01	6.2988957325e-06	-3.184469560e-10	7.3792007284e-07	-5.583715163e-12	1.4055493897e-08	-3.396700660e-13	
59	1.1800000000e-01	1.1800000000e-01	7.6555884016e-06	-4.838282651e-10	9.7750247070e-07	-7.962293299e-12	1.8080066959e-08	-4.192214546e-13	
60	1.2000000000e-01	1.2000000000e-01	9.1327588555e-06	-7.335981862e-10	1.2847125600e-06	-1.136089252e-11	2.3228089193e-08	-5.213293382e-13	
61	1.2200000000e-01	1.2200000000e-01	1.0709721135e-05	-1.109595364e-09	1.6737484020e-06	-1.621535215e-11	2.9800308129e-08	-6.523873658e-13	
62	1.2400000000e-01	1.2400000000e-01	1.2365915772e-05	-1.673457997e-09	2.1593608740e-06	-2.314666685e-11	3.8172466289e-08	-8.206004788e-13	
63	1.2600000000e-01	1.2600000000e-01	1.4082394497e-05	-2.515315657e-09	2.7557348299e-06	-3.303891447e-11	4.8811758161e-08	-1.036497588e-12	
64	1.2800000000e-01	1.2800000000e-01	1.5842612014e-05	-3.765864031e-09	3.4751055655e-06	-4.714948468e-11	6.2296050058e-08	-1.313589152e-12	
65	1.3000000000e-01	1.3000000000e-01	1.7632693557e-05	-5.612918523e-09	4.3263291719e-06	-6.726466056e-11	7.9336034120e-08	-1.669210522e-12	
66	1.3200000000e-01	1.3200000000e-01	1.9441365862e-05	-8.323836927e-09	5.3137104910e-06	-9.591865608e-11	1.0080040180e-07	-2.125603376e-12	
67	1.3400000000e-01	1.3400000000e-01	2.1259704017e-05	-1.227559837e-08	6.4363850878e-06	-1.367010712e-10	1.2774400735e-07	-2.711302287e-12	
68	1.3600000000e-01	1.3600000000e-01	2.3080799835e-05	-1.799486316e-08	7.6884231470e-06	-1.946869490e-10	1.6143884860e-07	-3.462912188e-12	
69	1.3800000000e-01	1.3800000000e-01	2.4899417081e-05	-2.621096750e-08	9.0596141170e-06	-2.770358783e-10	2.0340751950e-07	-4.427386538e-12	
70	1.4000000000e-01	1.4000000000e-01	2.6711669599e-05	-3.792519394e-08	1.0536701551e-05	-3.938226541e-10	2.5545858345e-07	-5.664946584e-12	
71	1.4200000000e-01	1.4200000000e-01	2.8514739128e-05	-5.449886924e-08	1.2104757691e-05	-5.591827526e-10	3.1972306469e-07	-7.252821237e-12	
72	1.4400000000e-01	1.4400000000e-01	3.0306637933e-05	-7.775908650e-08	1.3748431325e-05	-7.928821707e-10	3.9869093653e-07	-9.290036893e-12	
73	1.4600000000e-01	1.4600000000e-01	3.2086014879e-05	-1.101117256e-07	1.5452914900e-05	-1.122453884e-09	4.9524606976e-07	-1.190355007e-11	
74	1.4800000000e-01	1.4800000000e-01	3.3852000401e-05	-1.546353275e-07	1.7204589409e-05	-1.586083044e-09	6.1269756924e-07	-1.525609649e-11	
75	1.5000000000e-01	1.5000000000e-01	3.5604084645e-05	-2.151082432e-07	1.8991380096e-05	-2.236470778e-09	7.5480477468e-07	-1.955623296e-11	
76	1.5200000000e-01	1.5200000000e-01	3.7342022963e-05	-2.959044357e-07	2.0802888838e-05	-3.145963063e-09	9.2579249313e-07	-2.507117880e-11	
77	1.5400000000e-01	1.5400000000e-01	3.9065763454e-05	-4.016979703e-07	2.2630372936e-05	-4.413298274e-09	1.1303524005e-06	-3.214322871e-11	
78	1.5600000000e-01	1.5600000000e-01	4.0775391949e-05	-5.369626431e-07	2.4466629741e-05	-6.172408477e-09	1.3736262023e-06	-4.121071798e-11	
79	1.5800000000e-01	1.5800000000e-01	4.2471090614e-05	-7.053444884e-07	2.6305831843e-05	-8.603811855e-09	1.6611663148e-06	-5.283478486e-11	
80	1.6000000000e-01	1.6000000000e-01	4.4153107070e-05	-9.090816191e-07	2.8143343677e-05	-1.194926628e-08	1.9988707087e-06	-6.773350732e-11	
81	1.6200000000e-01	1.6200000000e-01	4.5821731556e-05	-1.148670712e-06	2.9975539182e-05	-1.653052459e-08	2.3928902038e-06	-8.682540869e-11	
82	1.6400000000e-01	1.6400000000e-01	4.7477280197e-05	-1.422886643e-06	3.1799631930e-05	-2.277323155e-08	2.8495088159e-06	-1.112848501e-10	
83	1.6600000000e-01	1.6600000000e-01	4.9120082874e-05	-1.729107285e-06	3.3613523438e-05	-3.123717474e-08	3.3750004335e-06	-1.426124804e-10	
84	1.6800000000e-01	1.6800000000e-01	5.0750474542e-05	-2.063792010e-06	3.5415671730e-05	-4.265409210e-08	3.9754677774e-06	-1.827247258e-10	
85	1.7000000000e-01	1.7000000000e-01	5.2368789111e-05	-2.422960933e-06	3.7204979950e-05	-5.797374015e-08	4.6566718492e-06	-2.340673076e-10	
86	1.7200000000e-01	1.7200000000e-01	5.3975355222e-05	-2.802582878e-06	3.8980703560e-05	-7.841744843e-08	5.4238616002e-06	-2.997590131e-10	
87	1.7400000000e-01	1.7400000000e-01	5.5570493411e-05	-3.198843427e-06	4.0742374098e-05	-1.055353448e-07	6.2816141176e-06	-3.837734637e-10	
88	1.7600000000e-01	1.7600000000e-01	5.7154514297e-05	-3.608302819e-06	4.2489737216e-05	-1.412584261e-07	7.2336951710e-06	-4.911684691e-10	
89	1.7800000000e-01	1.7800000000e-01	5.8727717486e-05	-4.027968420e-06	4.4222702819e-05	-1.879299720e-07	8.2829485040e-06	-6.283747854e-10	
90	1.8000000000e-01	1.8000000000e-01	6.0290391012e-05	-4.455308000e-06	4.5941305263e-05	-2.482941210e-07	9.4312199855e-06	-8.035587730e-10	
91	1.8200000000e-01	1.8200000000e-01	6.1842811134e-05	-4.888226010e-06	4.7645671814e-05	-3.254162849e-07	1.0679319900e-05	-1.027076615e-09	
92	1.8400000000e-01	1.8400000000e-01	6.3385242393e-05	-5.325019616e-06	4.9335997837e-05	-4.225155153e-07	1.2027023638e-05	-1.312041494e-09	
93	1.8600000000e-01	1.8600000000e-01	6.4917937842e-05	-5.764326102e-06	5.1012527402e-05	-5.427074353e-07	1.3473108236e-05	-1.675029447e-09	
94	1.8800000000e-01	1.8800000000e-01	6.6441139378e-05	-6.205069133e-06	5.2675538228e-05	-6.886873781e-07	1.5015419898e-05	-2.136954588e-09	
95	1.9000000000e-01	1.9000000000e-01	6.7955078160e-05	-6.646408298e-06	5.4325330079e-05	-8.624164805e-07	1.6650966124e-05	-2.724149998e-09	
96	1.9200000000e-01	1.9200000000e-01	6.9459975046e-05	-7.087694164e-06	5.5962215900e-05	-1.064889171e-06	1.8376025340e-05	-3.469696862e-09	
97	1.9400000000e-01	1.9400000000e-01	7.0956041059e-05	-7.528429684e-06	5.7586515086e-05	-1.296042772e-06	2.0186266918e-05	-4.415051287e-09	
98	1.9600000000e-01	1.9600000000e-01	7.2443477856e-05	-7.968237960e-06	5.9198548451e-05	-1.554823341e-06	2.2076875129e-05	-5.612025750e-09	
99	1.9800000000e-01	1.9800000000e-01	7.3922478179e-05	-8.406835841e-06	6.0798634501e-05	-1.839372490e-06	2.4042671469e-05	-7.125190137e-09	
100	2.0000000000e-01	2.0000000000e-01	7.5393226306e-05	-8.844012678e-06	6.2387086723e-05	-2.147273985e-06	2.6078230993e-05	-9.034765963e-09	
101	2.0200000000e-01	2.0200000000e-01	7.6855898473e-05	-9.279613432e-06	6.3964211664e-05	-2.475802347e-06	2.8177989409e-05	-1.144009663e-08	
102	2.0400000000e-01	2.0400000000e-01	7.8310663284e-05	-9.713525408e-06	6.5530307613e-05	-2.822135910e-06	3.0336338793e-05	-1.446378666e-08	
103	2.0600000000e-01	2.0600000000e-01	7.9757682093e-05	-1.014566793e-05	6.7085663729e-05	-3.183518574e-06	3.2547710702e-05	-1.825661399e-08	
104	2.0800000000e-01	2.0800000000e-01	8.1197109375e-05	-1.057598437e-05	6.8630559535e-05	-3.557369699e-06	3.4806646265e-05	-2.300333168e-08	
105	2.1000000000e-01	2.1000000000e-01	8.2629093064e-05	-1.100443603e-05	7.0165264657e-05	-3.941349449e-06	3.7107853421e-05	-2.892948885e-08	
106	2.1200000000e-01	2.1200000000e-01	8.4053774883e-05	-1.143099753e-05	7.1690038760e-05	-4.333389494e-06	3.9446251947e-05	-3.630941317e-08	
107	2.1400000000e-01	2.1400000000e-01	8.5471290651e-05	-1.185565326e-05	7.3205131627e-05	-4.731698819e-06	4.1817007243e-05	-4.547550675e-08	
108	2.1600000000e-01	2.1600000000e-01	8.6881770565e-05	-1.227839476e-05	7.4710783332e-05	-5.134752924e-06	4.4215554033e-05	-5.682900486e-08	
109	2.1800000000e-01	2.1800000000e-01	8.8285339479e-05	-1.269921879e-05	7.6207224490e-05	-5.541272965e-06	4.6637611254e-05	-7.085232195e-08	
110	2.2000000000e-01	2.2000000000e-01	8.9682117157e-05	-1.311812582e-05	7.7694676549e-05	-5.950199666e-06	4.9079189443e-05	-8.812304086e-08	
111	2.2200000000e-01	2.2200000000e-01	9.1072218514e-05	-1.353511899e-05	7.9173352115e-05	-6.360665412e-06	5.1536591868e-05	-1.093294634e-07	
112	2.2400000000e-01	2.2400000000e-01	9.2455753846e-05	-1.395020336e-05	8.0643455289e-05	-6.771966741e-06	5.4006410624e-05	-1.352874006e-07	
113	2.2600000000e-01	2.2600000000e-01	9.3832829044e-05	-1.436338527e-05	8.2105182016e-05	-7.183538630e-06	5.6485518758e-05	-1.669575107e-07	
114	2.2800000000e-01	2.2800000000e-01	9.5203545799e-05	-1.477467203e-05	8.3558720430e-05	-7.594931291e-06	5.8971059398e-05	-2.054619697e-07	
115	2.3000000000e-01	2.3000000000e-01	9.6568001794e-05	-1.518407156e-05	8.5004251195e-05	-8.005789797e-06	6.1460432737e-05	-2.520986034e-07	
116	2.3200000000e-01	2.3200000000e-01	9.7926290884e-05	-1.559159222e-05	8.6441947839e-05	-8.415836551e-06	6.3951281558e-05	-3.083498759e-07	
117	2.3400000000e-01	2.3400000000e-01	9.9278503272e-05	-1.599724267e-05	8.7871977076e-05	-8.824856453e-06	6.6441475923e-05	-3.758834476e-07	
118	2.3600000000e-01	2.3600000000e-01	1.0062472567e-04	-1.640103180e-05	8.9294499115e-05	-9.232684505e-06	6.8929097476e-05	-4.565392049e-07	
119	2.3800000000e-01	2.3800000000e-01	1.0196504146e-04	-1.680296863e-05	9.0709667958e-05	-9.639195587e-06	7.1412423762e-05	-5.522940324e-07	
120	2.4000000000e-01	2.4000000000e-01	1.0329953084e-04	-1.720306228e-05	9.2117631681e-05	-1.004429609e-05	7.3889912837e-05	-6.652277650e-07	
121	2.4200000000e-01	2.4200000000e-01	1.0462827095e-04	-1.760132196e-05	9.3518532705e-05	-1.044791714e-05	7.6360188399e-05	-7.974549527e-07	
122	2.4400000000e-01	2.4400000000e-01	1.0595133601e-04	-1.799775694e-05	9.4912508053e-05	-1.085000914e-05	7.8822025588e-05	-9.510410455e-07	
123	2.4600000000e-01	2.4600000000e-01	1.0726879749e-04	-1.839237657e-05	9.6299689590e-05	-1.125053739e-05	8.1274337563e-05	-1.127907805e-06	
124	2.4800000000e-01	2.4800000000e-01	1.0858072414e-04	-1.878519022e-05	9.7680204259e-05	-1.164947865e-05	8.3716162910e-05	-1.329735454e-06	
125	2.5000000000e-01	2.5000000000e-01	1.0988718221e-04	-1.917620733e-05	9.9054174295e-05	-1.204681841e-05	8.6146653923e-05	-1.557872440e-06	
126	2.5200000000e-01	2.5200000000e-01	1.1118823546e-04	-1.956543738e-05	1.0042171744e-04	-1.244254873e-05	8.8565065754e-05	-1.813263832e-06	
127	2.5400000000e-01	2.5400000000e-01	1.1248394534e-04	-1.995288989e-05	1.0178294712e-04	-1.283666658e-05	9.0970746417e-05	-2.096407047e-06	
128	2.5600000000e-01	2.5600000000e-01	1.1377437106e-04	-2.033857444e-05	1.0313797266e-04	-1.322917257e-05	9.3363127624e-05	-2.407339294e-06	
129	2.5800000000e-01	2.5800000000e-01	1.1505956966e-04	-2.072250064e-05	1.0448689945e-04	-1.362006991e-05	9.5741716409e-05	-2.745655982e-06	
130	2.6000000000e-01	2.6000000000e-01	1.1633959615e-04	-2.110467813e-05	1.0582982910e-04	-1.400936373e-05	9.8106087499e-05	-3.110554893e-06	
131	2.6200000000e-01	2.6200000000e-01	1.1761450354e-04	-2.148511663e-05	1.0716685961e-04	-1.439706043e-05	1.0045587639e-04	-3.500898189e-06	
132	2.6400000000e-01	2.6400000000e-01	1.1888434299e-04	-2.186382583e-05	1.0849808553e-04	-1.478316732e-05	1.0279077305e-04	-3.915283647e-06	
133	2.6600000000e-01	2.6600000000e-01	1.2014916380e-04	-2.224081549e-05	1.0982359809e-04	-1.516769227e-05	1.0511051626e-04	-4.352117482e-06	
134	2.6800000000e-01	2.6800000000e-01	1.2140901358e-04	-2.261609539e-05	1.1114348533e-04	-1.555064347e-05	1.0741488847e-04	-4.809683005e-06	
135	2.7000000000e-01	2.7000000000e-01	1.2266393824e-04	-2.298967533e-05	1.1245783227e-04	-1.593202931e-05	1.0970371118e-04	-5.286201463e-06	
136	2.7200000000e-01	2.7200000000e-01	1.2391398211e-04	-2.336156511e-05	1.1376672098e-04	-1.631185823e-05	1.1197684077e-04	-5.779883233e-06	
137	2.7400000000e-01	2.7400000000e-01	1.2515918800e-04	-2.373177457e-05	1.1507023074e-04	-1.669013865e-05	1.1423416476e-04	-6.288968919e-06	
138	2.7600000000e-01	2.7600000000e-01	1.2639959721e-04	-2.410031352e-05	1.1636843813e-04	-1.706687894e-05	1.1647559845e-04	-6.811760834e-06	
139	2.7800000000e-01	2.7800000000e-01	1.2763524966e-04	-2.446719180e-05	1.1766141714e-04	-1.744208735e-05	1.1870108188e-04	-7.346645821e-06	
140	2.8000000000e-01	2.8000000000e-01	1.2886618390e-04	-2.483241923e-05	1.1894923928e-04	-1.781577204e-05	1.2091057711e-04	-7.892110651e-06	
141	2.8200000000e-01	2.8200000000e-01	1.3009243720e-04	-2.519600565e-05	1.2023197369e-04	-1.818794106e-05	1.2310406583e-04	-8.446751255e-06	
142	2.8400000000e-01	2.8400000000e-01	1.3131404557e-04	-2.555796085e-05	1.2150968718e-04	-1.855860233e-05	1.2528154713e-04	-9.009277008e-06	
143	2.8600000000e-01	2.8600000000e-01	1.3253104380e-04	-2.591829464e-05	1.2278244439e-04	-1.892776367e-05	1.2744303557e-04	-9.578511156e-06	
144	2.8800000000e-01	2.8800000000e-01	1.3374346557e-04	-2.627701678e-05	1.2405030782e-04	-1.929543280e-05	1.2958855942e-04	-1.015338834e-05	
145	2.9000000000e-01	2.9000000000e-01	1.3495134342e-04	-2.663413703e-05	1.2531333794e-04	-1.966161738e-05	1.3171815909e-04	-1.073295004e-05	
146	2.9200000000e-01	2.9200000000e-01	1.3615470884e-04	-2.698966511e-05	1.2657159326e-04	-2.002632495e-05	1.3383188572e-04	-1.131633857e-05	
147	2.9400000000e-01	2.9400000000e-01	1.3735359230e-04	-2.734361072e-05	1.2782513040e-04	-2.038956301e-05	1.3592979994e-04	-1.190279017e-05	
148	2.9600000000e-01	2.9600000000e-01	1.3854802328e-04	-2.769598351e-05	1.2907400417e-04	-2.075133900e-05	1.3801197073e-04	-1.249162770e-05	
149	2.9800000000e-01	2.9800000000e-01	1.3973803035e-04	-2.804679311e-05	1.3031826763e-04	-2.111166032e-05	1.4007847441e-04	-1.308225304e-05	
150	3.0000000000e-01	3.0000000000e-01	1.4092364112e-04	-2.839604912e-05	1.3155797215e-04	-2.147053432e-05	1.4212939373e-04	-1.367413975e-05	
151	3.0200000000e-01	3.0200000000e-01	1.4210488238e-04	-2.874376106e-05	1.3279316748e-04	-2.182796832e-05	1.4416481709e-04	-1.426682583e-05	
152	3.0400000000e-01	3.0400000000e-01	1.4328178006e-04	-2.908993845e-05	1.3402390183e-04	-2.218396961e-05	1.4618483779e-04	-1.485990700e-05	
153	3.0600000000e-01	3.0600000000e-01	1.4445435928e-04	-2.943459074e-05	1.3525022189e-04	-2.253854547e-05	1.4818955338e-04	-1.545303030e-05	
154	3.0800000000e-01	3.0800000000e-01	1.4562264440e-04	-2.977772734e-05	1.3647217290e-04	-2.289170317e-05	1.5017906512e-04	-1.604588833e-05	
155	3.1000000000e-01	3.1000000000e-01	1.4678665904e-04	-3.011935761e-05	1.3768979871e-04	-2.324344993e-05	1.5215347742e-04	-1.663821383e-05	
156	3.1200000000e-01	3.1200000000e-01	1.4794642607e-04	-3.045949087e-05	1.3890314183e-04	-2.359379300e-05	1.5411289738e-04	-1.722977492e-05	
157	3.1400000000e-01	3.1400000000e-01	1.4910196772e-04	-3.079813637e-05	1.4011224346e-04	-2.394273960e-05	1.5605743442e-04	-1.782037072e-05	
158	3.1600000000e-01	3.1600000000e-01	1.5025330553e-04	-3.113530331e-05	1.4131714356e-04	-2.429029694e-05	1.5798719985e-04	-1.840982749e-05	
159	3.1800000000e-01	3.1800000000e-01	1.5140046040e-04	-3.147100085e-05	1.4251788088e-04	-2.463647221e-05	1.5990230658e-04	-1.899799519e-05	
160	3.2000000000e-01	3.2000000000e-01	1.5254345265e-04	-3.180523808e-05	1.4371449301e-04	-2.498127263e-05	1.6180286881e-04	-1.958474441e-05	
161	3.2200000000e-01	3.2200000000e-01	1.5368230196e-04	-3.213802405e-05	1.4490701641e-04	-2.532470538e-05	1.6368900175e-04	-2.016996370e-05	
162	3.2400000000e-01	3.2400000000e-01	1.5481702750e-04	-3.246936773e-05	1.4609548648e-04	-2.566677762e-05	1.6556082144e-04	-2.075355722e-05	
163	3.2600000000e-01	3.2600000000e-01	1.5594764784e-04	-3.279927805e-05	1.4727993754e-04	-2.600749654e-05	1.6741844445e-04	-2.133544265e-05	
164	3.2800000000e-01	3.2800000000e-01	1.5707418108e-04	-3.312776389e-05	1.4846040293e-04	-2.634686929e-05	1.6926198778e-04	-2.191554943e-05	
165	3.3000000000e-01	3.3000000000e-01	1.5819664477e-04	-3.345483404e-05	1.4963691502e-04	-2.668490301e-05	1.7109156863e-04	-2.249381714e-05	
166	3.3200000000e-01	3.3200000000e-01	1.5931505600e-04	-3.378049725e-05	1.5080950521e-04	-2.702160483e-05	1.7290730430e-04	-2.307019418e-05	
167	3.3400000000e-01	3.3400000000e-01	1.6042943140e-04	-3.410476222e-05	1.5197820402e-04	-2.735698187e-05	1.7470931200e-04	-2.364463656e-05	
168	3.3600000000e-01	3.3600000000e-01	1.6153978711e-04	-3.442763758e-05	1.5314304109e-04	-2.769104122e-05	1.7649770879e-04	-2.421710690e-05	
169	3.3800000000e-01	3.3800000000e-01	1.6264613889e-04	-3.474913190e-05	1.5430404521e-04	-2.802378998e-05	1.7827261144e-04	-2.478757351e-05	
170	3.4000000000e-01	3.4000000000e-01	1.6374850205e-04	-3.506925368e-05	1.5546124435e-04	-2.835523520e-05	1.8003413634e-04	-2.535600967e-05	
171	3.4200000000e-01	3.4200000000e-01	1.6484689151e-04	-3.538801138e-05	1.5661466570e-04	-2.868538392e-05	1.8178239942e-04	-2.592239293e-05	
172	3.4400000000e-01	3.4400000000e-01	1.6594132181e-04	-3.570541338e-05	1.5776433567e-04	-2.901424318e-05	1.8351751609e-04	-2.648670454e-05	
173	3.4600000000e-01	3.4600000000e-01	1.6703180710e-04	-3.602146802e-05	1.5891027996e-04	-2.934181995e-05	1.8523960117e-04	-2.704892899e-05	
174	3.4800000000e-01	3.4800000000e-01	1.6811836121e-04	-3.633618356e-05	1.6005252353e-04	-2.966812123e-05	1.8694876879e-04	-2.760905357e-05	
175	3.5000000000e-01	3.5000000000e-01	1.6920099758e-04	-3.664956822e-05	1.6119109067e-04	-2.999315395e-05	1.8864513243e-04	-2.816706800e-05	
176	3.5200000000e-01	3.5200000000e-01	1.7027972937e-04	-3.696163013e-05	1.6232600500e-04	-3.031692504e-05	1.9032880479e-04	-2.872296410e-05	
177	3.5400000000e-01	3.5400000000e-01	1.7135456938e-04	-3.727237739e-05	1.6345728950e-04	-3.063944140e-05	1.9199989779e-04	-2.927673556e-05	
178	3.5600000000e-01	3.5600000000e-01	1.7242553014e-04	-3.758181803e-05	1.6458496651e-04	-3.096070988e-05	1.9365852254e-04	-2.982837767e-05	
179	3.5800000000e-01	3.5800000000e-01	1.7349262386e-04	-3.788996001e-05	1.6570905779e-04	-3.128073733e-05	1.9530478930e-04	-3.037788714e-05	
180	3.6000000000e-01	3.6000000000e-01	1.7455586247e-04	-3.819681124e-05	1.6682958451e-04	-3.159953054e-05	1.9693880747e-04	-3.092526192e-05	
181	3.6200000000e-01	3.6200000000e-01	1.7561525765e-04	-3.850237958e-05	1.6794656728e-04	-3.191709630e-05	1.9856068554e-04	-3.147050102e-05	
182	3.6400000000e-01	3.6400000000e-01	1.7667082079e-04	-3.880667281e-05	1.6906002616e-04	-3.223344134e-05	2.0017053109e-04	-3.201360445e-05	
183	3.6600000000e-01	3.6600000000e-01	1.7772256306e-04	-3.910969866e-05	1.7016998069e-04	-3.254857237e-05	2.0176845080e-04	-3.255457303e-05	
184	3.6800000000e-01	3.6800000000e-01	1.7877049536e-04	-3.941146480e-05	1.7127644989e-04	-3.286249607e-05	2.0335455039e-04	-3.309340835e-05	
185	3.7000000000e-01	3.7000000000e-01	1.7981462837e-04	-3.971197886e-05	1.7237945231e-04	-3.317521908e-05	2.0492893464e-04	-3.363011264e-05	
186	3.7200000000e-01	3.7200000000e-01	1.8085497256e-04	-4.001124838e-05	1.7347900601e-04	-3.348674799e-05	2.0649170737e-04	-3.416468875e-05	
187	3.7400000000e-01	3.7400000000e-01	1.8189153816e-04	-4.030928087e-05	1.7457512857e-04	-3.379708939e-05	2.0804297145e-04	-3.469714002e-05	
188	3.7600000000e-01	3.7600000000e-01	1.8292433522e-04	-4.060608376e-05	1.7566783715e-04	-3.410624980e-05	2.0958282878e-04	-3.522747028e-05	
189	3.7800000000e-01	3.7800000000e-01	1.8395337356e-04	-4.090166445e-05	1.7675714847e-04	-3.441423573e-05	2.1111138029e-04	-3.575568378e-05	
190	3.8000000000e-01	3.8000000000e-01	1.8497866284e-04	-4.119603025e-05	1.7784307884e-04	-3.472105363e-05	2.1262872594e-04	-3.628178513e-05	
191	3.8200000000e-01	3.8200000000e-01	1.8600021253e-04	-4.148918845e-05	1.7892564414e-04	-3.502670993e-05	2.1413496473e-04	-3.680577931e-05	
192	3.8400000000e-01	3.8400000000e-01	1.8701803192e-04	-4.178114625e-05	1.8000485987e-04	-3.533121101e-05	2.1563019468e-04	-3.732767157e-05	
193	3.8600000000e-01	3.8600000000e-01	1.8803213012e-04	-4.207191081e-05	1.8108074118e-04	-3.563456323e-05	2.1711451285e-04	-3.784746745e-05	
194	3.8800000000e-01	3.8800000000e-01	1.8904251611e-04	-4.236148925e-05	1.8215330280e-04	-3.593677289e-05	2.1858801534e-04	-3.836517275e-05	
195	3.9000000000e-01	3.9000000000e-01	1.9004919868e-04	-4.264988861e-05	1.8322255915e-04	-3.623784628e-05	2.2005079728e-04	-3.888079349e-05	
196	3.9200000000e-01	3.9200000000e-01	1.9105218649e-04	-4.293711588e-05	1.8428852427e-04	-3.653778961e-05	2.2150295285e-04	-3.939433587e-05	
197	3.9400000000e-01	3.9400000000e-01	1.9205148807e-04	-4.322317801e-05	1.8535121190e-04	-3.683660910e-05	2.2294457528e-04	-3.990580632e-05	
198	3.9600000000e-01	3.9600000000e-01	1.9304711177e-04	-4.350808189e-05	1.8641063542e-04	-3.713431090e-05	2.2437575686e-04	-4.041521140e-05	
199	3.9800000000e-01	3.9800000000e-01	1.9403906586e-04	-4.379183436e-05	1.8746680794e-04	-3.743090113e-05	2.2579658892e-04	-4.092255785e-05	
200	4.0000000000e-01	4.0000000000e-01	1.9502735846e-04	-4.407444218e-05	1.8851974223e-04	-3.772638588e-05	2.2720716189e-04	-4.142785255e-05	
201	4.0200000000e-01	4.0200000000e-01	1.9601199755e-04	-4.435591210e-05	1.8956945078e-04	-3.802077117e-05	2.2860756524e-04	-4.193110248e-05	
202	4.0400000000e-01	4.0400000000e-01	1.9699299104e-04	-4.463625080e-05	1.9061594581e-04	-3.831406303e-05	2.2999788754e-04	-4.243231477e-05	
203	4.0600000000e-01	4.0600000000e-01	1.9797034668e-04	-4.491546489e-05	1.9165923924e-04	-3.860626742e-05	2.3137821644e-04	-4.293149663e-05	
204	4.0800000000e-01	4.0800000000e-01	1.9894407216e-04	-4.519356095e-05	1.9269934273e-04	-3.889739026e-05	2.3274863869e-04	-4.342865540e-05	
205	4.1000000000e-01	4.1000000000e-01	1.9991417504e-04	-4.547054552e-05	1.9373626769e-04	-3.918743744e-05	2.3410924014e-04	-4.392379847e-05	
206	4.1200000000e-01	4.1200000000e-01	2.0088066278e-04	-4.574642506e-05	1.9477002529e-04	-3.947641482e-05	2.3546010575e-04	-4.441693334e-05	
207	4.1400000000e-01	4.1400000000e-01	2.0184354278e-04	-4.602120600e-05	1.9580062642e-04	-3.976432820e-05	2.3680131961e-04	-4.490806755e-05	
208	4.1600000000e-01	4.1600000000e-01	2.0280282231e-04	-4.629489471e-05	1.9682808178e-04	-4.005118337e-05	2.3813296492e-04	-4.539720875e-05	
209	4.1800000000e-01	4.1800000000e-01	2.0375850860e-04	-4.656749751e-05	1.9785240180e-04	-4.033698605e-05	2.3945512403e-04	-4.588436460e-05	
210	4.2000000000e-01	4.2000000000e-01	2.0471060875e-04	-4.683902070e-05	1.9887359673e-04	-4.062174195e-05	2.4076787842e-04	-4.636954286e-05	
211	4.2200000000e-01	4.2200000000e-01	2.0565912983e-04	-4.710947049e-05	1.9989167658e-04	-4.090545672e-05	2.4207130875e-04	-4.685275131e-05	
212	4.2400000000e-01	4.2400000000e-01	2.0660407880e-04	-4.737885306e-05	2.0090665116e-04	-4.118813600e-05	2.4336549480e-04	-4.733399777e-05	
213	4.2600000000e-01	4.2600000000e-01	2.0754546258e-04	-4.764717455e-05	2.0191853008e-04	-4.146978535e-05	2.4465051557e-04	-4.781329012e-05	
214	4.2800000000e-01	4.2800000000e-01	2.0848328800e-04	-4.791444105e-05	2.0292732275e-04	-4.175041033e-05	2.4592644918e-04	-4.829063625e-05	
215	4.3000000000e-01	4.3000000000e-01	2.0941756184e-04	-4.818065860e-05	2.0393303841e-04	-4.203001646e-05	2.4719337300e-04	-4.876604410e-05	
216	4.3200000000e-01	4.3200000000e-01	2.1034829083e-04	-4.844583319e-05	2.0493568610e-04	-4.230860920e-05	2.4845136354e-04	-4.923952162e-05	
217	4.3400000000e-01	4.3400000000e-01	2.1127548161e-04	-4.870997076e-05	2.0593527468e-04	-4.258619399e-05	2.4970049656e-04	-4.971107679e-05	
218	4.3600000000e-01	4.3600000000e-01	2.1219914080e-04	-4.897307723e-05	2.0693181286e-04	-4.286277622e-05	2.5094084700e-04	-5.018071760e-05	
219	4.3800000000e-01	4.3800000000e-01	2.1311927496e-04	-4.923515844e-05	2.0792530917e-04	-4.313836127e-05	2.5217248904e-04	-5.064845207e-05	
220	4.4000000000e-01	4.4000000000e-01	2.1403589058e-04	-4.949622021e-05	2.0891577198e-04	-4.341295446e-05	2.5339549607e-04	-5.111428823e-05	
221	4.4200000000e-01	4.4200000000e-01	2.1494899414e-04	-4.975626831e-05	2.0990320951e-04	-4.368656107e-05	2.5460994076e-04	-5.157823410e-05	
222	4.4400000000e-01	4.4400000000e-01	2.1585859204e-04	-5.001530847e-05	2.1088762983e-04	-4.395918637e-05	2.5581589499e-04	-5.204029773e-05	
223	4.4600000000e-01	4.4600000000e-01	2.1676469068e-04	-5.027334636e-05	2.1186904085e-04	-4.423083556e-05	2.5701342990e-04	-5.250048715e-05	
224	4.4800000000e-01	4.4800000000e-01	2.1766729638e-04	-5.053038762e-05	2.1284745035e-04	-4.450151384e-05	2.5820261590e-04	-5.295881043e-05	
225	4.5000000000e-01	4.5000000000e-01	2.1856641545e-04	-5.078643785e-05	2.1382286597e-04	-4.477122635e-05	2.5938352269e-04	-5.341527559e-05	
226	4.5200000000e-01	4.5200000000e-01	2.1946205417e-04	-5.104150260e-05	2.1479529524e-04	-4.503997820e-05	2.6055621923e-04	-5.386989070e-05	
227	4.5400000000e-01	4.5400000000e-01	2.2035421875e-04	-5.129558738e-05	2.1576474552e-04	-4.530777447e-05	2.6172077377e-04	-5.432266378e-05	
228	4.5600000000e-01	4.5600000000e-01	2.2124291543e-04	-5.154869767e-05	2.1673122408e-04	-4.557462020e-05	2.6287725387e-04	-5.477360286e-05	
229	4.5800000000e-01	4.5800000000e-01	2.2212815036e-04	-5.180083888e-05	2.1769473804e-04	-4.584052040e-05	2.6402572637e-04	-5.522271599e-05	
230	4.6000000000e-01	4.6000000000e-01	2.2300992972e-04	-5.205201641e-05	2.1865529445e-04	-4.610548005e-05	2.6516625746e-04	-5.567001116e-05	
231	4.6200000000e-01	4.6200000000e-01	2.2388825962e-04	-5.230223560e-05	2.1961290019e-04	-4.636950407e-05	2.6629891263e-04	-5.611549639e-05	
232	4.6400000000e-01	4.6400000000e-01	2.2476314618e-04	-5.255150177e-05	2.2056756208e-04	-4.663259739e-05	2.6742375669e-04	-5.655917966e-05	
233	4.6600000000e-01	4.6600000000e-01	2.2563459549e-04	-5.279982017e-05	2.2151928680e-04	-4.689476487e-05	2.6854085381e-04	-5.700106895e-05	
234	4.6800000000e-01	4.6800000000e-01	2.2650261361e-04	-5.304719603e-05	2.2246808094e-04	-4.715601135e-05	2.6965026749e-04	-5.744117223e-05	
235	4.7000000000e-01	4.7000000000e-01	2.2736720659e-04	-5.329363454e-05	2.2341395100e-04	-4.741634163e-05	2.7075206059e-04	-5.787949745e-05	
236	4.7200000000e-01	4.7200000000e-01	2.2822838047e-04	-5.353914086e-05	2.2435690338e-04	-4.767576049e-05	2.7184629532e-04	-5.831605252e-05	
237	4.7400000000e-01	4.7400000000e-01	2.2908614127e-04	-5.378372009e-05	2.2529694437e-04	-4.793427267e-05	2.7293303327e-04	-5.875084536e-05	
238	4.7600000000e-01	4.7600000000e-01	2.2994049500e-04	-5.402737730e-05	2.2623408020e-04	-4.819188288e-05	2.7401233539e-04	-5.918388386e-05	
239	4.7800000000e-01	4.7800000000e-01	2.3079144766e-04	-5.427011753e-05	2.2716831699e-04	-4.844859579e-05	2.7508426203e-04	-5.961517589e-05	
240	4.8000000000e-01	4.8000000000e-01	2.3163900523e-04	-5.451194579e-05	2.2809966078e-04	-4.870441605e-05	2.7614887292e-04	-6.004472929e-05	
241	4.8200000000e-01	4.8200000000e-01	2.3248317370e-04	-5.475286702e-05	2.2902811754e-04	-4.895934826e-05	2.7720622718e-04	-6.047255189e-05	
242	4.8400000000e-01	4.8400000000e-01	2.3332395902e-04	-5.499288615e-05	2.2995369316e-04	-4.921339701e-05	2.7825638335e-04	-6.089865149e-05	
243	4.8600000000e-01	4.8600000000e-01	2.3416136718e-04	-5.523200808e-05	2.3087639343e-04	-4.946656685e-05	2.7929939937e-04	-6.132303587e-05	
244	4.8800000000e-01	4.8800000000e-01	2.3499540412e-04	-5.547023765e-05	2.3179622410e-04	-4.971886229e-05	2.8033533259e-04	-6.174571278e-05	
245	4.9000000000e-01	4.9000000000e-01	2.3582607580e-04	-5.570757968e-05	2.3271319082e-04	-4.997028782e-05	2.8136423981e-04	-6.216668995e-05	
246	4.9200000000e-01	4.9200000000e-01	2.3665338818e-04	-5.594403895e-05	2.3362729921e-04	-5.022084790e-05	2.8238617723e-04	-6.258597508e-05	
247	4.9400000000e-01	4.9400000000e-01	2.3747734720e-04	-5.617962021e-05	2.3453855478e-04	-5.047054696e-05	2.8340120051e-04	-6.300357585e-05	
248	4.9600000000e-01	4.9600000000e-01	2.3829795881e-04	-5.641432816e-05	2.3544696300e-04	-5.071938938e-05	2.8440936474e-04	-6.341949990e-05	
249	4.9800000000e-01	4.9800000000e-01	2.3911522896e-04	-5.664816748e-05	2.3635252928e-04	-5.096737955e-05	2.8541072448e-04	-6.383375486e-05	
250	5.0000000000e-01	5.0000000000e-01	2.3992916360e-04	-5.688114282e-05	2.3725525897e-04	-5.121452178e-05	2.8640533374e-04	-6.424634831e-05	
251	5.0200000000e-01	5.0200000000e-01	2.4073976867e-04	-5.711325878e-05	2.3815515734e-04	-5.146082039e-05	2.8739324598e-04	-6.465728782e-05	
252	5.0400000000e-01	5.0400000000e-01	2.4154705015e-04	-5.734451993e-05	2.3905222964e-04	-5.170627966e-05	2.8837451413e-04	-6.506658093e-05	
253	5.0600000000e-01	5.0600000000e-01	2.4235101397e-04	-5.757493083e-05	2.3994648103e-04	-5.195090384e-05	2.8934919063e-04	-6.547423514e-05	
254	5.0800000000e-01	5.0800000000e-01	2.4315166610e-04	-5.780449597e-05	2.4083791666e-04	-5.219469714e-05	2.9031732737e-04	-6.588025793e-05	
255	5.1000000000e-01	5.1000000000e-01	2.4394901250e-04	-5.803321983e-05	2.4172654158e-04	-5.243766375e-05	2.9127897573e-04	-6.628465674e-05	
256	5.1200000000e-01	5.1200000000e-01	2.4474305915e-04	-5.826110686e-05	2.4261236085e-04	-5.267980785e-05	2.9223418659e-04	-6.668743899e-05	
257	5.1400000000e-01	5.1400000000e-01	2.4553381203e-04	-5.848816147e-05	2.4349537942e-04	-5.292113356e-05	2.9318301035e-04	-6.708861207e-05	
258	5.1600000000e-01	5.1600000000e-01	2.4632127710e-04	-5.871438803e-05	2.4437560226e-04	-5.316164499e-05	2.9412549689e-04	-6.748818333e-05	
259	5.1800000000e-01	5.1800000000e-01	2.4710546038e-04	-5.893979090e-05	2.4525303424e-04	-5.340134623e-05	2.9506169560e-04	-6.788616010e-05	
260	5.2000000000e-01	5.2000000000e-01	2.4788636784e-04	-5.916437438e-05	2.4612768023e-04	-5.364024131e-05	2.9599165541e-04	-6.828254966e-05	
261	5.2200000000e-01	5.2200000000e-01	2.4866400551e-04	-5.938814278e-05	2.4699954504e-04	-5.387833427e-05	2.9691542477e-04	-6.867735928e-05	
262	5.2400000000e-01	5.2400000000e-01	2.4943837939e-04	-5.961110033e-05	2.4786863344e-04	-5.411562911e-05	2.9783305163e-04	-6.907059619e-05	
263	5.2600000000e-01	5.2600000000e-01	2.5020949551e-04	-5.983325127e-05	2.4873495018e-04	-5.435212978e-05	2.9874458351e-04	-6.946226759e-05	
264	5.2800000000e-01	5.2800000000e-01	2.5097735991e-04	-6.005459979e-05	2.4959849995e-04	-5.458784025e-05	2.9965006744e-04	-6.985238064e-05	
265	5.3000000000e-01	5.3000000000e-01	2.5174197863e-04	-6.027515005e-05	2.5045928743e-04	-5.482276442e-05	3.0054955003e-04	-7.024094248e-05	
266	5.3200000000e-01	5.3200000000e-01	2.5250335773e-04	-6.049490619e-05	2.5131731725e-04	-5.505690619e-05	3.0144307740e-04	-7.062796021e-05	
267	5.3400000000e-01	5.3400000000e-01	2.5326150328e-04	-6.071387232e-05	2.5217259402e-04	-5.529026942e-05	3.0233069525e-04	-7.101344090e-05	
268	5.3600000000e-01	5.3600000000e-01	2.5401642135e-04	-6.093205250e-05	2.5302512232e-04	-5.552285795e-05	3.0321244885e-04	-7.139739159e-05	
269	5.3800000000e-01	5.3800000000e-01	2.5476811805e-04	-6.114945080e-05	2.5387490669e-04	-5.575467560e-05	3.0408838301e-04	-7.177981927e-05	
270	5.4000000000e-01	5.4000000000e-01	2.5551659946e-04	-6.136607122e-05	2.5472195165e-04	-5.598572615e-05	3.0495854212e-04	-7.216073094e-05	
271	5.4200000000e-01	5.4200000000e-01	2.5626187171e-04	-6.158191775e-05	2.5556626169e-04	-5.621601337e-05	3.0582297015e-04	-7.254013351e-05	
272	5.4400000000e-01	5.4400000000e-01	2.5700394093e-04	-6.179699437e-05	2.5640784128e-04	-5.644554099e-05	3.0668171066e-04	-7.291803391e-05	
273	5.4600000000e-01	5.4600000000e-01	2.5774281326e-04	-6.201130500e-05	2.5724669486e-04	-5.667431273e-05	3.0753480676e-04	-7.329443901e-05	
274	5.4800000000e-01	5.4800000000e-01	2.5847849486e-04	-6.222485355e-05	2.5808282685e-04	-5.690233227e-05	3.0838230119e-04	-7.366935565e-05	
275	5.5000000000e-01	5.5000000000e-01	2.5921099190e-04	-6.243764390e-05	2.5891624165e-04	-5.712960329e-05	3.0922423627e-04	-7.404279064e-05	
276	5.5200000000e-01	5.5200000000e-01	2.5994031057e-04	-6.264967990e-05	2.5974694363e-04	-5.735612942e-05	3.1006065391e-04	-7.441475076e-05	
277	5.5400000000e-01	5.5400000000e-01	2.6066645705e-04	-6.286096538e-05	2.6057493715e-04	-5.758191427e-05	3.1089159564e-04	-7.478524275e-05	
278	5.5600000000e-01	5.5600000000e-01	2.6138943757e-04	-6.307150414e-05	2.6140022655e-04	-5.780696145e-05	3.1171710258e-04	-7.515427333e-05	
279	5.5800000000e-01	5.5800000000e-01	2.6210925836e-04	-6.328129994e-05	2.6222281613e-04	-5.803127451e-05	3.1253721549e-04	-7.552184917e-05	
280	5.6000000000e-01	5.6000000000e-01	2.6282592565e-04	-6.349035654e-05	2.6304271021e-04	-5.825485701e-05	3.1335197471e-04	-7.588797692e-05	
281	5.6200000000e-01	5.6200000000e-01	2.6353944572e-04	-6.369867765e-05	2.6385991307e-04	-5.847771246e-05	3.1416142023e-04	-7.625266320e-05	
282	5.6400000000e-01	5.6400000000e-01	2.6424982482e-04	-6.390626697e-05	2.6467442897e-04	-5.869984436e-05	3.1496559165e-04	-7.661591459e-05	
283	5.6600000000e-01	5.6600000000e-01	2.6495706925e-04	-6.411312817e-05	2.6548626217e-04	-5.892125620e-05	3.1576452823e-04	-7.697773763e-05	
284	5.6800000000e-01	5.6800000000e-01	2.6566118531e-04	-6.431926489e-05	2.6629541690e-04	-5.914195142e-05	3.1655826882e-04	-7.733813885e-05	
285	5.7000000000e-01	5.7000000000e-01	2.6636217933e-04	-6.452468075e-05	2.6710189740e-04	-5.936193345e-05	3.1734685194e-04	-7.769712472e-05	
286	5.7200000000e-01	5.7200000000e-01	2.6706005764e-04	-6.472937935e-05	2.6790570787e-04	-5.958120570e-05	3.1813031574e-04	-7.805470171e-05	
287	5.7400000000e-01	5.7400000000e-01	2.6775482660e-04	-6.493336424e-05	2.6870685251e-04	-5.979977155e-05	3.1890869803e-04	-7.841087624e-05	
288	5.7600000000e-01	5.7600000000e-01	2.6844649256e-04	-6.513663898e-05	2.6950533551e-04	-6.001763438e-05	3.1968203624e-04	-7.876565468e-05	
289	5.7800000000e-01	5.7800000000e-01	2.6913506192e-04	-6.533920708e-05	2.7030116106e-04	-6.023479752e-05	3.2045036749e-04	-7.911904340e-05	
290	5.8000000000e-01	5.8000000000e-01	2.6982054106e-04	-6.554107205e-05	2.7109433332e-04	-6.045126430e-05	3.2121372854e-04	-7.947104872e-05	
291	5.8200000000e-01	5.8200000000e-01	2.7050293642e-04	-6.574223735e-05	2.7188485645e-04	-6.066703801e-05	3.2197215581e-04	-7.982167693e-05	
292	5.8400000000e-01	5.8400000000e-01	2.7118225442e-04	-6.594270643e-05	2.7267273461e-04	-6.088212192e-05	3.2272568540e-04	-8.017093430e-05	
293	5.8600000000e-01	5.8600000000e-01	2.7185850151e-04	-6.614248272e-05	2.7345797193e-04	-6.109651930e-05	3.2347435305e-04	-8.051882705e-05	
294	5.8800000000e-01	5.8800000000e-01	2.7253168415e-04	-6.634156962e-05	2.7424057255e-04	-6.131023339e-05	3.2421819421e-04	-8.086536139e-05	
295	5.9000000000e-01	5.9000000000e-01	2.7320180883e-04	-6.653997051e-05	2.7502054059e-04	-6.152326738e-05	3.2495724399e-04	-8.121054346e-05	
296	5.9200000000e-01	5.9200000000e-01	2.7386888203e-04	-6.673768875e-05	2.7579788020e-04	-6.173562449e-05	3.2569153716e-04	-8.155437942e-05	
297	5.9400000000e-01	5.9400000000e-01	2.7453291028e-04	-6.693472765e-05	2.7657259547e-04	-6.194730788e-05	3.2642110822e-04	-8.189687536e-05	
298	5.9600000000e-01	5.9600000000e-01	2.7519390010e-04	-6.713109055e-05	2.7734469052e-04	-6.215832071e-05	3.2714599132e-04	-8.223803736e-05	
299	5.9800000000e-01	5.9800000000e-01	2.7585185803e-04	-6.732678073e-05	2.7811416946e-04	-6.236866610e-05	3.2786622031e-04	-8.257787145e-05	
300	6.0000000000e-01	6.0000000000e-01	2.7650679064e-04	-6.752180145e-05	2.7888103639e-04	-6.257834718e-05	3.2858182873e-04	-8.291638365e-05	
301	6.0200000000e-01	6.0200000000e-01	2.7715870450e-04	-6.771615595e-05	2.7964529540e-04	-6.278736703e-05	3.2929284984e-04	-8.325357993e-05	
302	6.0400000000e-01	6.0400000000e-01	2.7780760621e-04	-6.790984747e-05	2.8040695060e-04	-6.299572873e-05	3.2999931657e-04	-8.358946625e-05	
303	6.0600000000e-01	6.0600000000e-01	2.7845350237e-04	-6.810287920e-05	2.8116600608e-04	-6.320343532e-05	3.3070126158e-04	-8.392404851e-05	
304	6.0800000000e-01	6.0800000000e-01	2.7909639961e-04	-6.829525432e-05	2.8192246592e-04	-6.341048986e-05	3.3139871721e-04	-8.425733262e-05	
305	6.1000000000e-01	6.1000000000e-01	2.7973630457e-04	-6.848697600e-05	2.8267633421e-04	-6.361689534e-05	3.3209171554e-04	-8.458932441e-05	
306	6.1200000000e-01	6.1200000000e-01	2.8037322390e-04	-6.867804736e-05	2.8342761505e-04	-6.382265476e-05	3.3278028835e-04	-8.492002973e-05	
307	6.1400000000e-01	6.1400000000e-01	2.8100716427e-04	-6.886847153e-05	2.8417631251e-04	-6.402777111e-05	3.3346446713e-04	-8.524945436e-05	
308	6.1600000000e-01	6.1600000000e-01	2.8163813238e-04	-6.905825160e-05	2.8492243067e-04	-6.423224734e-05	3.3414428310e-04	-8.557760407e-05	
309	6.1800000000e-01	6.1800000000e-01	2.8226613492e-04	-6.924739065e-05	2.8566597363e-04	-6.443608639e-05	3.3481976721e-04	-8.590448460e-05	
310	6.2000000000e-01	6.2000000000e-01	2.8289117861e-04	-6.943589173e-05	2.8640694547e-04	-6.463929117e-05	3.3549095010e-04	-8.623010166e-05	
311	6.2200000000e-01	6.2200000000e-01	2.8351327019e-04	-6.962375789e-05	2.8714535026e-04	-6.484186460e-05	3.3615786219e-04	-8.655446091e-05	
312	6.2400000000e-01	6.2400000000e-01	2.8413241639e-04	-6.981099213e-05	2.8788119210e-04	-6.504380956e-05	3.3682053358e-04	-8.687756802e-05	
313	6.2600000000e-01	6.2600000000e-01	2.8474862399e-04	-6.999759745e-05	2.8861447506e-04	-6.524512891e-05	3.3747899416e-04	-8.719942859e-05	
314	6.2800000000e-01	6.2800000000e-01	2.8536189976e-04	-7.018357683e-05	2.8934520324e-04	-6.544582550e-05	3.3813327351e-04	-8.752004821e-05	
315	6.3000000000e-01	6.3000000000e-01	2.8597225048e-04	-7.036893322e-05	2.9007338071e-04	-6.564590216e-05	3.3878340096e-04	-8.783943246e-05	
316	6.3200000000e-01	6.3200000000e-01	2.8657968298e-04	-7.055366956e-05	2.9079901158e-04	-6.584536170e-05	3.3942940562e-04	-8.815758684e-05	
317	6.3400000000e-01	6.3400000000e-01	2.8718420407e-04	-7.073778877e-05	2.9152209993e-04	-6.604420693e-05	3.4007131629e-04	-8.847451687e-05	
318	6.3600000000e-01	6.3600000000e-01	2.8778582058e-04	-7.092129375e-05	2.9224264984e-04	-6.624244060e-05	3.4070916155e-04	-8.879022803e-05	
319	6.3800000000e-01	6.3800000000e-01	2.8838453936e-04	-7.110418738e-05	2.9296066543e-04	-6.644006550e-05	3.4134296973e-04	-8.910472575e-05	
320	6.4000000000e-01	6.4000000000e-01	2.8898036728e-04	-7.128647252e-05	2.9367615079e-04	-6.663708435e-05	3.4197276892e-04	-8.941801544e-05	
321	6.4200000000e-01	6.4200000000e-01	2.8957331122e-04	-7.146815201e-05	2.9438911001e-04	-6.683349989e-05	3.4259858694e-04	-8.973010251e-05	
322	6.4400000000e-01	6.4400000000e-01	2.9016337805e-04	-7.164922868e-05	2.9509954720e-04	-6.702931483e-05	3.4322045140e-04	-9.004099230e-05	
323	6.4600000000e-01	6.4600000000e-01	2.9075057470e-04	-7.182970534e-05	2.9580746648e-04	-6.722453186e-05	3.4383838965e-04	-9.035069016e-05	
324	6.4800000000e-01	6.4800000000e-01	2.9133490807e-04	-7.200958477e-05	2.9651287194e-04	-6.741915364e-05	3.4445242880e-04	-9.065920137e-05	
325	6.5000000000e-01	6.5000000000e-01	2.9191638509e-04	-7.218886974e-05	2.9721576771e-04	-6.761318286e-05	3.4506259576e-04	-9.096653123e-05	
326	6.5200000000e-01	6.5200000000e-01	2.9249501271e-04	-7.236756301e-05	2.9791615791e-04	-6.780662213e-05	3.4566891716e-04	-9.127268497e-05	
327	6.5400000000e-01	6.5400000000e-01	2.9307079789e-04	-7.254566731e-05	2.9861404665e-04	-6.799947411e-05	3.4627141945e-04	-9.157766782e-05	
328	6.5600000000e-01	6.5600000000e-01	2.9364374759e-04	-7.272318536e-05	2.9930943807e-04	-6.819174138e-05	3.4687012883e-04	-9.188148497e-05	
329	6.5800000000e-01	6.5800000000e-01	2.9421386879e-04	-7.290011986e-05	3.0000233630e-04	-6.838342656e-05	3.4746507126e-04	-9.218414159e-05	
330	6.6000000000e-01	6.6000000000e-01	2.9478116849e-04	-7.307647349e-05	3.0069274547e-04	-6.857453221e-05	3.4805627251e-04	-9.248564282e-05	
331	6.6200000000e-01	6.6200000000e-01	2.9534565369e-04	-7.325224892e-05	3.0138066973e-04	-6.876506090e-05	3.4864375811e-04	-9.278599377e-05	
332	6.6400000000e-01	6.6400000000e-01	2.9590733142e-04	-7.342744880e-05	3.0206611322e-04	-6.895501519e-05	3.4922755338e-04	-9.308519952e-05	
333	6.6600000000e-01	6.6600000000e-01	2.9646620869e-04	-7.360207576e-05	3.0274908010e-04	-6.914439759e-05	3.4980768343e-04	-9.338326514e-05	
334	6.6800000000e-01	6.6800000000e-01	2.9702229256e-04	-7.377613240e-05	3.0342957452e-04	-6.933321063e-05	3.5038417315e-04	-9.368019565e-05	
335	6.7000000000e-01	6.7000000000e-01	2.9757559006e-04	-7.394962135e-05	3.0410760064e-04	-6.952145681e-05	3.5095704722e-04	-9.397599607e-05	
336	6.7200000000e-01	6.7200000000e-01	2.9812610827e-04	-7.412254517e-05	3.0478316263e-04	-6.970913861e-05	3.5152633011e-04	-9.427067137e-05	
337	6.7400000000e-01	6.7400000000e-01	2.9867385426e-04	-7.429490643e-05	3.0545626467e-04	-6.989625851e-05	3.5209204609e-04	-9.456422651e-05	
338	6.7600000000e-01	6.7600000000e-01	2.9921883512e-04	-7.446670768e-05	3.0612691094e-04	-7.008281897e-05	3.5265421922e-04	-9.485666641e-05	
339	6.7800000000e-01	6.7800000000e-01	2.9976105793e-04	-7.463795146e-05	3.0679510561e-04	-7.026882241e-05	3.5321287337e-04	-9.514799598e-05	
340	6.8000000000e-01	6.8000000000e-01	3.0030052981e-04	-7.480864028e-05	3.0746085288e-04	-7.045427128e-05	3.5376803220e-04	-9.543822010e-05	
341	6.8200000000e-01	6.8200000000e-01	3.0083725786e-04	-7.497877665e-05	3.0812415695e-04	-7.063916797e-05	3.5431971916e-04	-9.572734361e-05	
342	6.8400000000e-01	6.8400000000e-01	3.0137124922e-04	-7.514836306e-05	3.0878502203e-04	-7.082351490e-05	3.5486795754e-04	-9.601537134e-05	
343	6.8600000000e-01	6.8600000000e-01	3.0190251102e-04	-7.531740196e-05	3.0944345231e-04	-7.100731444e-05	3.5541277040e-04	-9.630230810e-05	
344	6.8800000000e-01	6.8800000000e-01	3.0243105041e-04	-7.548589583e-05	3.1009945202e-04	-7.119056897e-05	3.5595418062e-04	-9.658815865e-05	
345	6.9000000000e-01	6.9000000000e-01	3.0295687454e-04	-7.565384710e-05	3.1075302537e-04	-7.137328082e-05	3.5649221091e-04	-9.687292774e-05	
346	6.9200000000e-01	6.9200000000e-01	3.0347999056e-04	-7.582125820e-05	3.1140417660e-04	-7.155545236e-05	3.5702688375e-04	-9.715662012e-05	
347	6.9400000000e-01	6.9400000000e-01	3.0400040566e-04	-7.598813153e-05	3.1205290994e-04	-7.173708590e-05	3.5755822148e-04	-9.743924046e-05	
348	6.9600000000e-01	6.9600000000e-01	3.0451812701e-04	-7.615446949e-05	3.1269922964e-04	-7.191818376e-05	3.5808624623e-04	-9.772079345e-05	
349	6.9800000000e-01	6.9800000000e-01	3.0503316181e-04	-7.632027447e-05	3.1334313993e-04	-7.209874823e-05	3.5861097994e-04	-9.800128375e-05	
350	7.0000000000e-01	7.0000000000e-01	3.0554551725e-04	-7.648554882e-05	3.1398464508e-04	-7.227878161e-05	3.5913244439e-04	-9.828071597e-05	
351	7.0200000000e-01	7.0200000000e-01	3.0605520053e-04	-7.665029491e-05	3.1462374934e-04	-7.245828616e-05	3.5965066117e-04	-9.855909473e-05	
352	7.0400000000e-01	7.0400000000e-01	3.0656221887e-04	-7.681451506e-05	3.1526045699e-04	-7.263726414e-05	3.6016565171e-04	-9.883642460e-05	
353	7.0600000000e-01	7.0600000000e-01	3.0706657949e-04	-7.697821161e-05	3.1589477230e-04	-7.281571780e-05	3.6067743723e-04	-9.911271014e-05	
354	7.0800000000e-01	7.0800000000e-01	3.0756828961e-04	-7.714138685e-05	3.1652669954e-04	-7.299364936e-05	3.6118603881e-04	-9.938795588e-05	
355	7.1000000000e-01	7.1000000000e-01	3.0806735648e-04	-7.730404308e-05	3.1715624302e-04	-7.317106106e-05	3.6169147734e-04	-9.966216633e-05	
356	7.1200000000e-01	7.1200000000e-01	3.0856378733e-04	-7.746618258e-05	3.1778340701e-04	-7.334795509e-05	3.6219377356e-04	-9.993534597e-05	
357	7.1400000000e-01	7.1400000000e-01	3.0905758941e-04	-7.762780763e-05	3.1840819584e-04	-7.352433364e-05	3.6269294800e-04	-1.002074993e-04	
358	7.1600000000e-01	7.1600000000e-01	3.0954876999e-04	-7.778892046e-05	3.1903061379e-04	-7.370019891e-05	3.6318902108e-04	-1.004786307e-04	
359	7.1800000000e-01	7.1800000000e-01	3.1003733631e-04	-7.794952333e-05	3.1965066520e-04	-7.387555304e-05	3.6368201301e-04	-1.007487446e-04	
360	7.2000000000e-01	7.2000000000e-01	3.1052329564e-04	-7.810961845e-05	3.2026835438e-04	-7.405039820e-05	3.6417194385e-04	-1.010178454e-04	
361	7.2200000000e-01	7.2200000000e-01	3.1100665527e-04	-7.826920804e-05	3.2088368566e-04	-7.422473654e-05	3.6465883351e-04	-1.012859374e-04	
362	7.2400000000e-01	7.2400000000e-01	3.1148742247e-04	-7.842829430e-05	3.2149666338e-04	-7.439857017e-05	3.6514270173e-04	-1.015530251e-04	
363	7.2600000000e-01	7.2600000000e-01	3.1196560452e-04	-7.858687940e-05	3.2210729188e-04	-7.457190122e-05	3.6562356809e-04	-1.018191127e-04	
364	7.2800000000e-01	7.2800000000e-01	3.1244120871e-04	-7.874496553e-05	3.2271557551e-04	-7.474473179e-05	3.6610145201e-04	-1.020842046e-04	
365	7.3000000000e-01	7.3000000000e-01	3.1291424235e-04	-7.890255484e-05	3.2332151863e-04	-7.491706398e-05	3.6657637277e-04	-1.023483050e-04	
366	7.3200000000e-01	7.3200000000e-01	3.1338471272e-04	-7.905964948e-05	3.2392512561e-04	-7.508889985e-05	3.6704834948e-04	-1.026114181e-04	
367	7.3400000000e-01	7.3400000000e-01	3.1385262713e-04	-7.921625158e-05	3.2452640080e-04	-7.526024149e-05	3.6751740110e-04	-1.028735483e-04	
368	7.3600000000e-01	7.3600000000e-01	3.1431799289e-04	-7.937236326e-05	3.2512534860e-04	-7.543109095e-05	3.6798354644e-04	-1.031346997e-04	
369	7.3800000000e-01	7.3800000000e-01	3.1478081732e-04	-7.952798663e-05	3.2572197339e-04	-7.560145028e-05	3.6844680417e-04	-1.033948766e-04	
370	7.4000000000e-01	7.4000000000e-01	3.1524110772e-04	-7.968312378e-05	3.2631627956e-04	-7.577132149e-05	3.6890719280e-04	-1.036540830e-04	
371	7.4200000000e-01	7.4200000000e-01	3.1569887143e-04	-7.983777680e-05	3.2690827150e-04	-7.594070663e-05	3.6936473071e-04	-1.039123231e-04	
372	7.4400000000e-01	7.4400000000e-01	3.1615411576e-04	-7.999194775e-05	3.2749795362e-04	-7.610960769e-05	3.6981943610e-04	-1.041696011e-04	
373	7.4600000000e-01	7.4600000000e-01	3.1660684804e-04	-8.014563870e-05	3.2808533033e-04	-7.627802668e-05	3.7027132707e-04	-1.044259211e-04	
374	7.4800000000e-01	7.4800000000e-01	3.1705707560e-04	-8.029885169e-05	3.2867040606e-04	-7.644596558e-05	3.7072042154e-04	-1.046812872e-04	
375	7.5000000000e-01	7.5000000000e-01	3.1750480577e-04	-8.045158876e-05	3.2925318522e-04	-7.661342636e-05	3.7116673732e-04	-1.049357033e-04	
376	7.5200000000e-01	7.5200000000e-01	3.1795004589e-04	-8.060385192e-05	3.2983367225e-04	-7.678041100e-05	3.7161029205e-04	-1.051891736e-04	
377	7.5400000000e-01	7.5400000000e-01	3.1839280330e-04	-8.075564318e-05	3.3041187159e-04	-7.694692143e-05	3.7205110326e-04	-1.054417021e-04	
378	7.5600000000e-01	7.5600000000e-01	3.1883308533e-04	-8.090696455e-05	3.3098778767e-04	-7.711295961e-05	3.7248918832e-04	-1.056932928e-04	
379	7.5800000000e-01	7.5800000000e-01	3.1927089934e-04	-8.105781801e-05	3.3156142497e-04	-7.727852747e-05	3.7292456448e-04	-1.059439496e-04	
380	7.6000000000e-01	7.6000000000e-01	3.1970625265e-04	-8.120820552e-05	3.3213278792e-04	-7.744362692e-05	3.7335724885e-04	-1.061936766e-04	
381	7.6200000000e-01	7.6200000000e-01	3.2013915263e-04	-8.135812907e-05	3.3270188100e-04	-7.760825988e-05	3.7378725840e-04	-1.064424776e-04	
382	7.6400000000e-01	7.6400000000e-01	3.2056960661e-04	-8.150759059e-05	3.3326870868e-04	-7.777242823e-05	3.7421460998e-04	-1.066903566e-04	
383	7.6600000000e-01	7.6600000000e-01	3.2099762194e-04	-8.165659203e-05	3.3383327543e-04	-7.793613387e-05	3.7463932031e-04	-1.069373175e-04	
384	7.6800000000e-01	7.6800000000e-01	3.2142320597e-04	-8.180513532e-05	3.3439558574e-04	-7.809937868e-05	3.7506140596e-04	-1.071833641e-04	
385	7.7000000000e-01	7.7000000000e-01	3.2184636606e-04	-8.195322237e-05	3.3495564410e-04	-7.826216452e-05	3.7548088339e-04	-1.074285004e-04	
386	7.7200000000e-01	7.7200000000e-01	3.2226710955e-04	-8.210085509e-05	3.3551345500e-04	-7.842449325e-05	3.7589776894e-04	-1.076727301e-04	
387	7.7400000000e-01	7.7400000000e-01	3.2268544379e-04	-8.224803537e-05	3.3606902295e-04	-7.858636670e-05	3.7631207880e-04	-1.079160571e-04	
388	7.7600000000e-01	7.7600000000e-01	3.2310137614e-04	-8.239476510e-05	3.3662235245e-04	-7.874778673e-05	3.7672382905e-04	-1.081584851e-04	
389	7.7800000000e-01	7.7800000000e-01	3.2351491394e-04	-8.254104616e-05	3.3717344803e-04	-7.890875514e-05	3.7713303565e-04	-1.084000180e-04	
390	7.8000000000e-01	7.8000000000e-01	3.2392606455e-04	-8.268688040e-05	3.3772231419e-04	-7.906927376e-05	3.7753971444e-04	-1.086406596e-04	
391	7.8200000000e-01	7.8200000000e-01	3.2433483532e-04	-8.283226967e-05	3.3826895547e-04	-7.922934438e-05	3.7794388111e-04	-1.088804135e-04	
392	7.8400000000e-01	7.8400000000e-01	3.2474123359e-04	-8.297721582e-05	3.3881337640e-04	-7.938896881e-05	3.7834555127e-04	-1.091192835e-04	
393	7.8600000000e-01	7.8600000000e-01	3.2514526671e-04	-8.312172068e-05	3.3935558151e-04	-7.954814883e-05	3.7874474038e-04	-1.093572732e-04	
394	7.8800000000e-01	7.8800000000e-01	3.2554694204e-04	-8.326578607e-05	3.3989557536e-04	-7.970688621e-05	3.7914146381e-04	-1.095943865e-04	
395	7.9000000000e-01	7.9000000000e-01	3.2594626691e-04	-8.340941380e-05	3.4043336248e-04	-7.986518271e-05	3.7953573678e-04	-1.098306269e-04	
396	7.9200000000e-01	7.9200000000e-01	3.2634324868e-04	-8.355260566e-05	3.4096894745e-04	-8.002304009e-05	3.7992757442e-04	-1.100659981e-04	
397	7.9400000000e-01	7.9400000000e-01	3.2673789469e-04	-8.369536344e-05	3.4150233480e-04	-8.018046010e-05	3.8031699174e-04	-1.103005037e-04	
398	7.9600000000e-01	7.9600000000e-01	3.2713021227e-04	-8.383768894e-05	3.4203352912e-04	-8.033744447e-05	3.8070400363e-04	-1.105341473e-04	
399	7.9800000000e-01	7.9800000000e-01	3.2752020877e-04	-8.397958390e-05	3.4256253497e-04	-8.049399492e-05	3.8108862488e-04	-1.107669325e-04	
400	8.0000000000e-01	8.0000000000e-01	3.2790789152e-04	-8.412105009e-05	3.4308935694e-04	-8.065011317e-05	3.8147087014e-04	-1.109988630e-04	
401	8.0200000000e-01	8.0200000000e-01	3.2829326787e-04	-8.426208927e-05	3.4361399959e-04	-8.080580094e-05	3.8185075399e-04	-1.112299422e-04	
402	8.0400000000e-01	8.0400000000e-01	3.2867634514e-04	-8.440270316e-05	3.4413646753e-04	-8.096105990e-05	3.8222829087e-04	-1.114601737e-04	
403	8.0600000000e-01	8.0600000000e-01	3.2905713066e-04	-8.454289350e-05	3.4465676534e-04	-8.111589177e-05	3.8260349513e-04	-1.116895610e-04	
404	8.0800000000e-01	8.0800000000e-01	3.2943563176e-04	-8.468266200e-05	3.4517489762e-04	-8.127029820e-05	3.8297638099e-04	-1.119181076e-04	
405	8.1000000000e-01	8.1000000000e-01	3.2981185576e-04	-8.482201038e-05	3.4569086897e-04	-8.142428087e-05	3.8334696259e-04	-1.121458171e-04	
406	8.1200000000e-01	8.1200000000e-01	3.3018580999e-04	-8.496094033e-05	3.4620468400e-04	-8.157784145e-05	3.8371525394e-04	-1.123726928e-04	
407	8.1400000000e-01	8.1400000000e-01	3.3055750176e-04	-8.509945355e-05	3.4671634733e-04	-8.173098158e-05	3.8408126897e-04	-1.125987382e-04	
408	8.1600000000e-01	8.1600000000e-01	3.3092693838e-04	-8.523755172e-05	3.4722586356e-04	-8.188370291e-05	3.8444502149e-04	-1.128239568e-04	
409	8.1800000000e-01	8.1800000000e-01	3.3129412716e-04	-8.537523650e-05	3.4773323733e-04	-8.203600707e-05	3.8480652520e-04	-1.130483519e-04	
410	8.2000000000e-01	8.2000000000e-01	3.3165907541e-04	-8.551250956e-05	3.4823847325e-04	-8.218789568e-05	3.8516579373e-04	-1.132719270e-04	
411	8.2200000000e-01	8.2200000000e-01	3.3202179043e-04	-8.564937255e-05	3.4874157596e-04	-8.233937035e-05	3.8552284058e-04	-1.134946855e-04	
412	8.2400000000e-01	8.2400000000e-01	3.3238227951e-04	-8.578582711e-05	3.4924255009e-04	-8.249043271e-05	3.8587767915e-04	-1.137166307e-04	
413	8.2600000000e-01	8.2600000000e-01	3.3274054995e-04	-8.592187489e-05	3.4974140029e-04	-8.264108434e-05	3.8623032276e-04	-1.139377659e-04	
414	8.2800000000e-01	8.2800000000e-01	3.3309660904e-04	-8.605751749e-05	3.5023813120e-04	-8.279132684e-05	3.8658078462e-04	-1.141580945e-04	
415	8.3000000000e-01	8.3000000000e-01	3.3345046405e-04	-8.619275655e-05	3.5073274745e-04	-8.294116178e-05	3.8692907784e-04	-1.143776198e-04	
416	8.3200000000e-01	8.3200000000e-01	3.3380212227e-04	-8.632759366e-05	3.5122525372e-04	-8.309059074e-05	3.8727521544e-04	-1.145963452e-04	
417	8.3400000000e-01	8.3400000000e-01	3.3415159097e-04	-8.646203043e-05	3.5171565465e-04	-8.323961528e-05	3.8761921035e-04	-1.148142738e-04	
418	8.3600000000e-01	8.3600000000e-01	3.3449887742e-04	-8.659606844e-05	3.5220395490e-04	-8.338823696e-05	3.8796107539e-04	-1.150314089e-04	
419	8.3800000000e-01	8.3800000000e-01	3.3484398886e-04	-8.672970928e-05	3.5269015914e-04	-8.353645733e-05	3.8830082329e-04	-1.152477539e-04	
420	8.4000000000e-01	8.4000000000e-01	3.3518693257e-04	-8.686295451e-05	3.5317427203e-04	-8.368427792e-05	3.8863846671e-04	-1.154633118e-04	
421	8.4200000000e-01	8.4200000000e-01	3.3552771580e-04	-8.699580570e-05	3.5365629825e-04	-8.383170027e-05	3.8897401817e-04	-1.156780860e-04	
422	8.4400000000e-01	8.4400000000e-01	3.3586634577e-04	-8.712826441e-05	3.5413624247e-04	-8.397872589e-05	3.8930749015e-04	-1.158920797e-04	
423	8.4600000000e-01	8.4600000000e-01	3.3620282974e-04	-8.726033218e-05	3.5461410937e-04	-8.412535631e-05	3.8963889501e-04	-1.161052960e-04	
424	8.4800000000e-01	8.4800000000e-01	3.3653717494e-04	-8.739201055e-05	3.5508990364e-04	-8.427159303e-05	3.8996824503e-04	-1.163177381e-04	
425	8.5000000000e-01	8.5000000000e-01	3.3686938858e-04	-8.752330104e-05	3.5556362995e-04	-8.441743755e-05	3.9029555240e-04	-1.165294091e-04	
426	8.5200000000e-01	8.5200000000e-01	3.3719947789e-04	-8.765420518e-05	3.5603529299e-04	-8.456289135e-05	3.9062082921e-04	-1.167403122e-04	
427	8.5400000000e-01	8.5400000000e-01	3.3752745008e-04	-8.778472449e-05	3.5650489746e-04	-8.470795593e-05	3.9094408748e-04	-1.169504505e-04	
428	8.5600000000e-01	8.5600000000e-01	3.3785331234e-04	-8.791486045e-05	3.5697244806e-04	-8.485263276e-05	3.9126533914e-04	-1.171598272e-04	
429	8.5800000000e-01	8.5800000000e-01	3.3817707189e-04	-8.804461458e-05	3.5743794947e-04	-8.499692329e-05	3.9158459602e-04	-1.173684452e-04	
430	8.6000000000e-01	8.6000000000e-01	3.3849873591e-04	-8.817398836e-05	3.5790140641e-04	-8.514082900e-05	3.9190186988e-04	-1.175763077e-04	
431	8.6200000000e-01	8.6200000000e-01	3.3881831157e-04	-8.830298327e-05	3.5836282357e-04	-8.528435134e-05	3.9221717240e-04	-1.177834177e-04	
432	8.6400000000e-01	8.6400000000e-01	3.3913580606e-04	-8.843160078e-05	3.5882220566e-04	-8.542749174e-05	3.9253051515e-04	-1.179897783e-04	
433	8.6600000000e-01	8.6600000000e-01	3.3945122655e-04	-8.855984236e-05	3.5927955739e-04	-8.557025165e-05	3.9284190965e-04	-1.181953926e-04	
434	8.6800000000e-01	8.6800000000e-01	3.3976458018e-04	-8.868770945e-05	3.5973488347e-04	-8.571263249e-05	3.9315136731e-04	-1.184002634e-04	
435	8.7000000000e-01	8.7000000000e-01	3.4007587412e-04	-8.881520352e-05	3.6018818862e-04	-8.585463569e-05	3.9345889948e-04	-1.186043939e-04	
436	8.7200000000e-01	8.7200000000e-01	3.4038511550e-04	-8.894232600e-05	3.6063947755e-04	-8.599626266e-05	3.9376451742e-04	-1.188077870e-04	
437	8.7400000000e-01	8.7400000000e-01	3.4069231146e-04	-8.906907832e-05	3.6108875498e-04	-8.613751480e-05	3.9406823230e-04	-1.190104456e-04	
438	8.7600000000e-01	8.7600000000e-01	3.4099746913e-04	-8.919546191e-05	3.6153602563e-04	-8.627839352e-05	3.9437005523e-04	-1.192123729e-04	
439	8.7800000000e-01	8.7800000000e-01	3.4130059563e-04	-8.932147818e-05	3.6198129423e-04	-8.641890021e-05	3.9466999722e-04	-1.194135715e-04	
440	8.8000000000e-01	8.8000000000e-01	3.4160169805e-04	-8.944712855e-05	3.6242456550e-04	-8.655903625e-05	3.9496806923e-04	-1.196140446e-04	
441	8.8200000000e-01	8.8200000000e-01	3.4190078351e-04	-8.957241442e-05	3.6286584416e-04	-8.669880301e-05	3.9526428211e-04	-1.198137950e-04	
442	8.8400000000e-01	8.8400000000e-01	3.4219785909e-04	-8.969733718e-05	3.6330513495e-04	-8.683820188e-05	3.9555864667e-04	-1.200128256e-04	
443	8.8600000000e-01	8.8600000000e-01	3.4249293187e-04	-8.982189822e-05	3.6374244259e-04	-8.697723421e-05	3.9585117360e-04	-1.202111394e-04	
444	8.8800000000e-01	8.8800000000e-01	3.4278600894e-04	-8.994609892e-05	3.6417777183e-04	-8.711590136e-05	3.9614187356e-04	-1.204087391e-04	
445	8.9000000000e-01	8.9000000000e-01	3.4307709735e-04	-9.006994066e-05	3.6461112739e-04	-8.725420467e-05	3.9643075710e-04	-1.206056276e-04	
446	8.9200000000e-01	8.9200000000e-01	3.4336620415e-04	-9.019342479e-05	3.6504251400e-04	-8.739214550e-05	3.9671783471e-04	-1.208018077e-04	
447	8.9400000000e-01	8.9400000000e-01	3.4365333639e-04	-9.031655268e-05	3.6547193641e-04	-8.752972517e-05	3.9700311681e-04	-1.209972824e-04	
448	8.9600000000e-01	8.9600000000e-01	3.4393850110e-04	-9.043932568e-05	3.6589939936e-04	-8.766694502e-05	3.9728661374e-04	-1.211920544e-04	
449	8.9800000000e-01	8.9800000000e-01	3.4422170531e-04	-9.056174513e-05	3.6632490758e-04	-8.780380637e-05	3.9756833578e-04	-1.213861265e-04	
450	9.0000000000e-01	9.0000000000e-01	3.4450295604e-04	-9.068381237e-05	3.6674846581e-04	-8.794031052e-05	3.9784829311e-04	-1.215795015e-04	
451	9.0200000000e-01	9.0200000000e-01	3.4478226028e-04	-9.080552873e-05	3.6717007880e-04	-8.807645880e-05	3.9812649588e-04	-1.217721822e-04	
452	9.0400000000e-01	9.0400000000e-01	3.4505962504e-04	-9.092689552e-05	3.6758975129e-04	-8.821225249e-05	3.9840295414e-04	-1.219641713e-04	
453	9.0600000000e-01	9.0600000000e-01	3.4533505729e-04	-9.104791408e-05	3.6800748802e-04	-8.834769290e-05	3.9867767787e-04	-1.221554716e-04	
454	9.0800000000e-01	9.0800000000e-01	3.4560856400e-04	-9.116858571e-05	3.6842329374e-04	-8.848278132e-05	3.9895067700e-04	-1.223460858e-04	
455	9.1000000000e-01	9.1000000000e-01	3.4588015215e-04	-9.128891170e-05	3.6883717319e-04	-8.861751902e-05	3.9922196137e-04	-1.225360166e-04	
456	9.1200000000e-01	9.1200000000e-01	3.4614982868e-04	-9.140889336e-05	3.6924913111e-04	-8.875190728e-05	3.9949154077e-04	-1.227252668e-04	
457	9.1400000000e-01	9.1400000000e-01	3.4641760054e-04	-9.152853197e-05	3.6965917227e-04	-8.888594737e-05	3.9975942491e-04	-1.229138390e-04	
458	9.1600000000e-01	9.1600000000e-01	3.4668347465e-04	-9.164782881e-05	3.7006730139e-04	-8.901964055e-05	4.0002562344e-04	-1.231017359e-04	
459	9.1800000000e-01	9.1800000000e-01	3.4694745793e-04	-9.176678517e-05	3.7047352323e-04	-8.915298808e-05	4.0029014595e-04	-1.232889602e-04	
460	9.2000000000e-01	9.2000000000e-01	3.4720955730e-04	-9.188540231e-05	3.7087784254e-04	-8.928599120e-05	4.0055300194e-04	-1.234755145e-04	
461	9.2200000000e-01	9.2200000000e-01	3.4746977965e-04	-9.200368148e-05	3.7128026406e-04	-8.941865117e-05	4.0081420086e-04	-1.236614016e-04	
462	9.2400000000e-01	9.2400000000e-01	3.4772813185e-04	-9.212162396e-05	3.7168079255e-04	-8.955096921e-05	4.0107375211e-04	-1.238466239e-04	
463	9.2600000000e-01	9.2600000000e-01	3.4798462080e-04	-9.223923098e-05	3.7207943274e-04	-8.968294656e-05	4.0133166500e-04	-1.240311842e-04	
464	9.2800000000e-01	9.2800000000e-01	3.4823925335e-04	-9.235650378e-05	3.7247618940e-04	-8.981458444e-05	4.0158794879e-04	-1.242150850e-04	
465	9.3000000000e-01	9.3000000000e-01	3.4849203635e-04	-9.247344362e-05	3.7287106726e-04	-8.994588407e-05	4.0184261268e-04	-1.243983289e-04	
466	9.3200000000e-01	9.3200000000e-01	3.4874297663e-04	-9.259005171e-05	3.7326407107e-04	-9.007684666e-05	4.0209566580e-04	-1.245809185e-04	
467	9.3400000000e-01	9.3400000000e-01	3.4899208104e-04	-9.270632927e-05	3.7365520558e-04	-9.020747342e-05	4.0234711721e-04	-1.247628564e-04	
468	9.3600000000e-01	9.3600000000e-01	3.4923935637e-04	-9.282227754e-05	3.7404447554e-04	-9.033776555e-05	4.0259697593e-04	-1.249441451e-04	
469	9.3800000000e-01	9.3800000000e-01	3.4948480944e-04	-9.293789771e-05	3.7443188570e-04	-9.046772424e-05	4.0284525089e-04	-1.251247872e-04	
470	9.4000000000e-01	9.4000000000e-01	3.4972844704e-04	-9.305319099e-05	3.7481744080e-04	-9.059735069e-05	4.0309195100e-04	-1.253047852e-04	
471	9.4200000000e-01	9.4200000000e-01	3.4997027594e-04	-9.316815859e-05	3.7520114558e-04	-9.072664606e-05	4.0333708507e-04	-1.254841416e-04	
472	9.4400000000e-01	9.4400000000e-01	3.5021030291e-04	-9.328280168e-05	3.7558300479e-04	-9.085561155e-05	4.0358066188e-04	-1.256628589e-04	
473	9.4600000000e-01	9.4600000000e-01	3.5044853471e-04	-9.339712147e-05	3.7596302317e-04	-9.098424831e-05	4.0382269012e-04	-1.258409396e-04	
474	9.4800000000e-01	9.4800000000e-01	3.5068497807e-04	-9.351111913e-05	3.7634120548e-04	-9.111255752e-05	4.0406317845e-04	-1.260183863e-04	
475	9.5000000000e-01	9.5000000000e-01	3.5091963973e-04	-9.362479583e-05	3.7671755644e-04	-9.124054034e-05	4.0430213546e-04	-1.261952013e-04	
476	9.5200000000e-01	9.5200000000e-01	3.5115252639e-04	-9.373815275e-05	3.7709208080e-04	-9.136819791e-05	4.0453956969e-04	-1.263713871e-04	
477	9.5400000000e-01	9.5400000000e-01	3.5138364477e-04	-9.385119104e-05	3.7746478330e-04	-9.149553138e-05	4.0477548960e-04	-1.265469463e-04	
478	9.5600000000e-01	9.5600000000e-01	3.5161300155e-04	-9.396391187e-05	3.7783566868e-04	-9.162254190e-05	4.0500990362e-04	-1.267218811e-04	
479	9.5800000000e-01	9.5800000000e-01	3.5184060341e-04	-9.407631638e-05	3.7820474167e-04	-9.174923060e-05	4.0524282011e-04	-1.268961941e-04	
480	9.6000000000e-01	9.6000000000e-01	3.5206645701e-04	-9.418840573e-05	3.7857200702e-04	-9.187559862e-05	4.0547424738e-04	-1.270698876e-04	
481	9.6200000000e-01	9.6200000000e-01	3.5229056901e-04	-9.430018104e-05	3.7893746945e-04	-9.200164707e-05	4.0570419368e-04	-1.272429641e-04	
482	9.6400000000e-01	9.6400000000e-01	3.5251294604e-04	-9.441164345e-05	3.7930113371e-04	-9.212737708e-05	4.0593266720e-04	-1.274154259e-04	
483	9.6600000000e-01	9.6600000000e-01	3.5273359473e-04	-9.452279410e-05	3.7966300451e-04	-9.225278976e-05	4.0615967610e-04	-1.275872755e-04	
484	9.6800000000e-01	9.6800000000e-01	3.5295252169e-04	-9.463363410e-05	3.8002308659e-04	-9.237788622e-05	4.0638522845e-04	-1.277585151e-04	
485	9.7000000000e-01	9.7000000000e-01	3.5316973352e-04	-9.474416457e-05	3.8038138468e-04	-9.250266757e-05	4.0660933229e-04	-1.279291472e-04	
486	9.7200000000e-01	9.7200000000e-01	3.5338523679e-04	-9.485438662e-05	3.8073790351e-04	-9.262713490e-05	4.0683199561e-04	-1.280991741e-04	
487	9.7400000000e-01	9.7400000000e-01	3.5359903809e-04	-9.496430136e-05	3.8109264780e-04	-9.275128929e-05	4.0705322633e-04	-1.282685981e-04	
488	9.7600000000e-01	9.7600000000e-01	3.5381114396e-04	-9.507390989e-05	3.8144562226e-04	-9.287513185e-05	4.0727303233e-04	-1.284374215e-04	
489	9.7800000000e-01	9.7800000000e-01	3.5402156095e-04	-9.518321330e-05	3.8179683163e-04	-9.299866366e-05	4.0749142143e-04	-1.286056468e-04	
490	9.8000000000e-01	9.8000000000e-01	3.5423029559e-04	-9.529221268e-05	3.8214628062e-04	-9.312188578e-05	4.0770840140e-04	-1.287732760e-04	
491	9.8200000000e-01	9.8200000000e-01	3.5443735440e-04	-9.540090911e-05	3.8249397395e-04	-9.324479929e-05	4.0792397998e-04	-1.289403117e-04	
492	9.8400000000e-01	9.8400000000e-01	3.5464274387e-04	-9.550930368e-05	3.8283991632e-04	-9.336740526e-05	4.0813816482e-04	-1.291067559e-04	
493	9.8600000000e-01	9.8600000000e-01	3.5484647050e-04	-9.561739746e-05	3.8318411245e-04	-9.348970474e-05	4.0835096356e-04	-1.292726111e-04	
494	9.8800000000e-01	9.8800000000e-01	3.5504854076e-04	-9.572519151e-05	3.8352656706e-04	-9.361169880e-05	4.0856238375e-04	-1.294378794e-04	
495	9.9000000000e-01	9.9000000000e-01	3.5524896110e-04	-9.583268690e-05	3.8386728484e-04	-9.373338848e-05	4.0877243293e-04	-1.296025631e-04	
496	9.9200000000e-01	9.9200000000e-01	3.5544773797e-04	-9.593988468e-05	3.8420627050e-04	-9.385477484e-05	4.0898111857e-04	-1.297666645e-04	
497	9.9400000000e-01	9.9400000000e-01	3.5564487780e-04	-9.604678591e-05	3.8454352874e-04	-9.397585890e-05	4.0918844808e-04	-1.299301857e-04	
498	9.9600000000e-01	9.9600000000e-01	3.5584038701e-04	-9.615339164e-05	3.8487906426e-04	-9.409664171e-05	4.0939442885e-04	-1.300931291e-04	
499	9.9800000000e-01	9.9800000000e-01	3.5603427200e-04	-9.625970290e-05	3.8521288175e-04	-9.421712430e-05	4.0959906819e-04	-1.302554967e-04	
500	1.0000000000e+00	1.0000000000e+00	3.5622653916e-04	-9.636572073e-05	3.8554498591e-04	-9.433730769e-05	4.0980237340e-04	-1.304172909e-04	
Doing analysis at TEMP = -40.000000 and TNOM = 27.000000

Using SPARSE 1.3 as Direct Linear Solver

No. of Data Rows : 1
idsat_n06 = 7.1954551030e-03
idsat_p06 = -2.937883047e-03
idsat_n05 = 6.3972133532e-03
idsat_p05 = -2.343871014e-03
idsat_n33 = 6.1881114308e-03
idsat_p33 = -2.510122965e-03
ioff_n06 = 6.6154934739e-12
ioff_p06 = -8.238415637e-12
ioff_n05 = 5.5265931833e-12
ioff_p05 = -6.879354816e-12
ioff_n33 = 3.9984640080e-12
ioff_p33 = -5.029857162e-12
cgg_n06 = 9.6134748207e-15
cgd_n06 = -1.232771461e-18
cgg_p06 = 9.4458939490e-15
cgd_p06 = 1.6511323763e-17
cgg_n05 = 7.9457408376e-15
cgd_n05 = -1.204577439e-18
cgg_p05 = 8.7238184143e-15
cgd_p05 = 2.2803237716e-17
cgg_n33 = 6.8063684675e-15
cgd_n33 = 1.1660732900e-16
cgg_p33 = 9.6404815646e-15
cgd_p33 = 6.4095532713e-17
Doing analysis at TEMP = -40.000000 and TNOM = 27.000000

Using SPARSE 1.3 as Direct Linear Solver

No. of Data Rows : 101
                                                                                                                                                                                                                                                     *include "corner.spice
                                                                                                                                                                                                                                                     DC transfer characteristic  Sat Aug  8 02:32:54  2026
--------------------------------------------------------------------------------------------------------------------------------------------------------------------------------------------------------------------------------------------------------------------------------------------------------------------------------------------------------------------------------------------------------------------------------------------------------------------------------------------------------------------------------
Index   v-sweep         v(vfracds)      ioc_n06_r75     ioc_n06_r90     ioc_n06_r100    
--------------------------------------------------------------------------------------------------------------------------------------------------------------------------------------------------------------------------------------------------------------------------------------------------------------------------------------------------------------------------------------------------------------------------------------------------------------------------------------------------------------------------------
0	0.0000000000e+00	0.0000000000e+00	-0.0000000000e+00	-0.0000000000e+00	-0.0000000000e+00	
1	1.0000000000e-02	1.0000000000e-02	3.9407711779e-04	4.3451553421e-04	4.5368434894e-04	
2	2.0000000000e-02	2.0000000000e-02	7.6424066161e-04	8.4610046585e-04	8.8539524752e-04	
3	3.0000000000e-02	3.0000000000e-02	1.1117376659e-03	1.2358522327e-03	1.2961211337e-03	
4	4.0000000000e-02	4.0000000000e-02	1.4377266855e-03	1.6047974157e-03	1.6867907154e-03	
5	5.0000000000e-02	5.0000000000e-02	1.7432824237e-03	1.9538953244e-03	2.0582759288e-03	
6	6.0000000000e-02	6.0000000000e-02	2.0294000253e-03	2.2840410931e-03	2.4113944240e-03	
7	7.0000000000e-02	7.0000000000e-02	2.2969998064e-03	2.5960688493e-03	2.7469119821e-03	
8	8.0000000000e-02	8.0000000000e-02	2.5469326154e-03	2.8907552673e-03	3.0655451379e-03	
9	9.0000000000e-02	9.0000000000e-02	2.7799855059e-03	3.1688235672e-03	3.3679641270e-03	
10	1.0000000000e-01	1.0000000000e-01	2.9968869966e-03	3.4309478136e-03	3.6547961403e-03	
11	1.1000000000e-01	1.1000000000e-01	3.1983108140e-03	3.6777572158e-03	3.9266287687e-03	
12	1.2000000000e-01	1.2000000000e-01	3.3848764895e-03	3.9098400181e-03	4.1840134481e-03	
13	1.3000000000e-01	1.3000000000e-01	3.5571441939e-03	4.1277464419e-03	4.4274686590e-03	
14	1.4000000000e-01	1.4000000000e-01	3.7155991982e-03	4.3319899522e-03	4.6574825842e-03	
15	1.5000000000e-01	1.5000000000e-01	3.8606174447e-03	4.5230457582e-03	4.8745148430e-03	
16	1.6000000000e-01	1.6000000000e-01	3.9923973033e-03	4.7013447439e-03	5.0789967760e-03	
17	1.7000000000e-01	1.7000000000e-01	4.1108381982e-03	4.8672596400e-03	5.2713294672e-03	
18	1.8000000000e-01	1.8000000000e-01	4.2153756523e-03	5.0210776794e-03	5.4518781504e-03	
19	1.9000000000e-01	1.9000000000e-01	4.3049437155e-03	5.1629497827e-03	5.6209606245e-03	
20	2.0000000000e-01	2.0000000000e-01	4.3785439635e-03	5.2928020521e-03	5.7788254612e-03	
21	2.1000000000e-01	2.1000000000e-01	4.4365412222e-03	5.4102030631e-03	5.9256127539e-03	
22	2.2000000000e-01	2.2000000000e-01	4.4812549990e-03	5.5142447922e-03	6.0612864861e-03	
23	2.3000000000e-01	2.3000000000e-01	4.5159025366e-03	5.6036833220e-03	6.1855289226e-03	
24	2.4000000000e-01	2.4000000000e-01	4.5433472943e-03	5.6777031024e-03	6.2976169062e-03	
25	2.5000000000e-01	2.5000000000e-01	4.5656828667e-03	5.7369792869e-03	6.3964088970e-03	
26	2.6000000000e-01	2.6000000000e-01	4.5843340887e-03	5.7837844868e-03	6.4807377172e-03	
27	2.7000000000e-01	2.7000000000e-01	4.6002597896e-03	5.8209783790e-03	6.5503134259e-03	
28	2.8000000000e-01	2.8000000000e-01	4.6141146078e-03	5.8510868190e-03	6.6063866528e-03	
29	2.9000000000e-01	2.9000000000e-01	4.6263562252e-03	5.8760089601e-03	6.6513448491e-03	
30	3.0000000000e-01	3.0000000000e-01	4.6373129689e-03	5.8970863889e-03	6.6877606893e-03	
31	3.1000000000e-01	3.1000000000e-01	4.6472262867e-03	5.9152544506e-03	6.7177917993e-03	
32	3.2000000000e-01	3.2000000000e-01	4.6562778305e-03	5.9311713686e-03	6.7430528216e-03	
33	3.3000000000e-01	3.3000000000e-01	4.6646070980e-03	5.9453089489e-03	6.7647018208e-03	
34	3.4000000000e-01	3.4000000000e-01	4.6723231959e-03	5.9580126110e-03	6.7835638572e-03	
35	3.5000000000e-01	3.5000000000e-01	4.6795128638e-03	5.9695406388e-03	6.8002325814e-03	
36	3.6000000000e-01	3.6000000000e-01	4.6862460694e-03	5.9800900376e-03	6.8151423444e-03	
37	3.7000000000e-01	3.7000000000e-01	4.6925799893e-03	5.9898138337e-03	6.8286169947e-03	
38	3.8000000000e-01	3.8000000000e-01	4.6985618943e-03	5.9988328685e-03	6.8409025749e-03	
39	3.9000000000e-01	3.9000000000e-01	4.7042312765e-03	6.0072439961e-03	6.8521893691e-03	
40	4.0000000000e-01	4.0000000000e-01	4.7096214433e-03	6.0151258885e-03	6.8626269742e-03	
41	4.1000000000e-01	4.1000000000e-01	4.7147607269e-03	6.0225432226e-03	6.8723347718e-03	
42	4.2000000000e-01	4.2000000000e-01	4.7196734167e-03	6.0295497504e-03	6.8814093315e-03	
43	4.3000000000e-01	4.3000000000e-01	4.7243804852e-03	6.0361905845e-03	6.8899297341e-03	
44	4.4000000000e-01	4.4000000000e-01	4.7289001608e-03	6.0425039263e-03	6.8979614623e-03	
45	4.5000000000e-01	4.5000000000e-01	4.7332483850e-03	6.0485223877e-03	6.9055592869e-03	
46	4.6000000000e-01	4.6000000000e-01	4.7374391818e-03	6.0542740168e-03	6.9127694409e-03	
47	4.7000000000e-01	4.7000000000e-01	4.7414849611e-03	6.0597831015e-03	6.9196312762e-03	
48	4.8000000000e-01	4.8000000000e-01	4.7453967721e-03	6.0650708073e-03	6.9261785444e-03	
49	4.9000000000e-01	4.9000000000e-01	4.7491845203e-03	6.0701556902e-03	6.9324403969e-03	
50	5.0000000000e-01	5.0000000000e-01	4.7528571579e-03	6.0750541130e-03	6.9384421759e-03	
51	5.1000000000e-01	5.1000000000e-01	4.7564228581e-03	6.0797805903e-03	6.9442060460e-03	
52	5.2000000000e-01	5.2000000000e-01	4.7598891785e-03	6.0843480795e-03	6.9497515060e-03	
53	5.3000000000e-01	5.3000000000e-01	4.7632632220e-03	6.0887682328e-03	6.9550958091e-03	
54	5.4000000000e-01	5.4000000000e-01	4.7665517996e-03	6.0930516224e-03	6.9602543144e-03	
55	5.5000000000e-01	5.5000000000e-01	4.7697615986e-03	6.0972079484e-03	6.9652407875e-03	
56	5.6000000000e-01	5.6000000000e-01	4.7728993610e-03	6.1012462396e-03	6.9700676655e-03	
57	5.7000000000e-01	5.7000000000e-01	4.7759720741e-03	6.1051750530e-03	6.9747462977e-03	
58	5.8000000000e-01	5.8000000000e-01	4.7789871742e-03	6.1090026786e-03	6.9792871748e-03	
59	5.9000000000e-01	5.9000000000e-01	4.7819527649e-03	6.1127373545e-03	6.9837001518e-03	
60	6.0000000000e-01	6.0000000000e-01	4.7848778503e-03	6.1163874964e-03	6.9879946764e-03	
61	6.1000000000e-01	6.1000000000e-01	4.7877725818e-03	6.1199619431e-03	6.9921800252e-03	
62	6.2000000000e-01	6.2000000000e-01	4.7906485172e-03	6.1234702215e-03	6.9962655552e-03	
63	6.3000000000e-01	6.3000000000e-01	4.7935188909e-03	6.1269228292e-03	7.0002609732e-03	
64	6.4000000000e-01	6.4000000000e-01	4.7963988923e-03	6.1303315373e-03	7.0041766255e-03	
65	6.5000000000e-01	6.5000000000e-01	4.7993059501e-03	6.1337097094e-03	7.0080238093e-03	
66	6.6000000000e-01	6.6000000000e-01	4.8022600195e-03	6.1370726366e-03	7.0118151066e-03	
67	6.7000000000e-01	6.7000000000e-01	4.8052838697e-03	6.1404378860e-03	7.0155647380e-03	
68	6.8000000000e-01	6.8000000000e-01	4.8084033680e-03	6.1438256581e-03	7.0192889365e-03	
69	6.9000000000e-01	6.9000000000e-01	4.8116477583e-03	6.1472591514e-03	7.0230063378e-03	
70	7.0000000000e-01	7.0000000000e-01	4.8150499309e-03	6.1507649288e-03	7.0267383828e-03	
71	7.1000000000e-01	7.1000000000e-01	4.8186466801e-03	6.1543732841e-03	7.0305097311e-03	
72	7.2000000000e-01	7.2000000000e-01	4.8224789489e-03	6.1581186023e-03	7.0343486788e-03	
73	7.3000000000e-01	7.3000000000e-01	4.8265920567e-03	6.1620397114e-03	7.0382875774e-03	
74	7.4000000000e-01	7.4000000000e-01	4.8310359089e-03	6.1661802224e-03	7.0423632498e-03	
75	7.5000000000e-01	7.5000000000e-01	4.8358651872e-03	6.1705888526e-03	7.0466173976e-03	
76	7.6000000000e-01	7.6000000000e-01	4.8411395185e-03	6.1753197307e-03	7.0510969974e-03	
77	7.7000000000e-01	7.7000000000e-01	4.8469236216e-03	6.1804326800e-03	7.0558546799e-03	
78	7.8000000000e-01	7.8000000000e-01	4.8532874309e-03	6.1859934779e-03	7.0609490899e-03	
79	7.9000000000e-01	7.9000000000e-01	4.8603061975e-03	6.1920740889e-03	7.0664452231e-03	
80	8.0000000000e-01	8.0000000000e-01	4.8680605652e-03	6.1987528712e-03	7.0724147368e-03	
81	8.1000000000e-01	8.1000000000e-01	4.8766366251e-03	6.2061147531e-03	7.0789362318e-03	
82	8.2000000000e-01	8.2000000000e-01	4.8861259449e-03	6.2142513812e-03	7.0860955039e-03	
83	8.3000000000e-01	8.3000000000e-01	4.8966255769e-03	6.2232612375e-03	7.0939857637e-03	
84	8.4000000000e-01	8.4000000000e-01	4.9082380436e-03	6.2332497274e-03	7.1027078217e-03	
85	8.5000000000e-01	8.5000000000e-01	4.9210713013e-03	6.2443292365e-03	7.1123702410e-03	
86	8.6000000000e-01	8.6000000000e-01	4.9352386847e-03	6.2566191589e-03	7.1230894540e-03	
87	8.7000000000e-01	8.7000000000e-01	4.9508588311e-03	6.2702458963e-03	7.1349898458e-03	
88	8.8000000000e-01	8.8000000000e-01	4.9680555873e-03	6.2853428289e-03	7.1482038027e-03	
89	8.9000000000e-01	8.9000000000e-01	4.9869578987e-03	6.3020502597e-03	7.1628717274e-03	
90	9.0000000000e-01	9.0000000000e-01	5.0076996838e-03	6.3205153336e-03	7.1791420226e-03	
91	9.1000000000e-01	9.1000000000e-01	5.0304196938e-03	6.3408919318e-03	7.1971710417e-03	
92	9.2000000000e-01	9.2000000000e-01	5.0552613587e-03	6.3633405436e-03	7.2171230108e-03	
93	9.3000000000e-01	9.3000000000e-01	5.0823726225e-03	6.3880281178e-03	7.2391699216e-03	
94	9.4000000000e-01	9.4000000000e-01	5.1119057676e-03	6.4151278934e-03	7.2634913979e-03	
95	9.5000000000e-01	9.5000000000e-01	5.1440172296e-03	6.4448192138e-03	7.2902745364e-03	
96	9.6000000000e-01	9.6000000000e-01	5.1788674045e-03	6.4772873241e-03	7.3197137251e-03	
97	9.7000000000e-01	9.7000000000e-01	5.2166204491e-03	6.5127231537e-03	7.3520104394e-03	
98	9.8000000000e-01	9.8000000000e-01	5.2574440760e-03	6.5513230869e-03	7.3873730199e-03	
99	9.9000000000e-01	9.9000000000e-01	5.3015093435e-03	6.5932887219e-03	7.4260164317e-03	
100	1.0000000000e+00	1.0000000000e+00	5.3489904421e-03	6.6388266196e-03	7.4681620085e-03	
                                                                                                                                                                                                                                                     *include "corner.spice
                                                                                                                                                                                                                                                     DC transfer characteristic  Sat Aug  8 02:32:54  2026
--------------------------------------------------------------------------------------------------------------------------------------------------------------------------------------------------------------------------------------------------------------------------------------------------------------------------------------------------------------------------------------------------------------------------------------------------------------------------------------------------------------------------------
Index   v-sweep         v(vfracds)      ioc_p06_r75     ioc_p06_r90     ioc_p06_r100    
--------------------------------------------------------------------------------------------------------------------------------------------------------------------------------------------------------------------------------------------------------------------------------------------------------------------------------------------------------------------------------------------------------------------------------------------------------------------------------------------------------------------------------
0	0.0000000000e+00	0.0000000000e+00	-0.0000000000e+00	-0.0000000000e+00	-0.0000000000e+00	
1	1.0000000000e-02	1.0000000000e-02	-9.850833452e-05	-1.122896392e-04	-1.200211123e-04	
2	2.0000000000e-02	2.0000000000e-02	-1.933900586e-04	-2.211227378e-04	-2.366993753e-04	
3	3.0000000000e-02	3.0000000000e-02	-2.847172991e-04	-3.265620524e-04	-3.500921747e-04	
4	4.0000000000e-02	4.0000000000e-02	-3.725602867e-04	-4.286688315e-04	-4.602555916e-04	
5	5.0000000000e-02	5.0000000000e-02	-4.569874175e-04	-5.275028597e-04	-5.672444387e-04	
6	6.0000000000e-02	6.0000000000e-02	-5.380653121e-04	-6.231225006e-04	-6.711122954e-04	
7	7.0000000000e-02	7.0000000000e-02	-6.158588724e-04	-7.155847377e-04	-7.719115416e-04	
8	8.0000000000e-02	8.0000000000e-02	-6.904313360e-04	-8.049452145e-04	-8.696933897e-04	
9	9.0000000000e-02	9.0000000000e-02	-7.618443291e-04	-8.912582721e-04	-9.645079165e-04	
10	1.0000000000e-01	1.0000000000e-01	-8.301579183e-04	-9.745769868e-04	-1.056404094e-03	
11	1.1000000000e-01	1.1000000000e-01	-8.954306599e-04	-1.054953206e-03	-1.145429817e-03	
12	1.2000000000e-01	1.2000000000e-01	-9.577196476e-04	-1.132437583e-03	-1.231631935e-03	
13	1.3000000000e-01	1.3000000000e-01	-1.017080559e-03	-1.207079612e-03	-1.315056280e-03	
14	1.4000000000e-01	1.4000000000e-01	-1.073567700e-03	-1.278927659e-03	-1.395747688e-03	
15	1.5000000000e-01	1.5000000000e-01	-1.127234044e-03	-1.348028995e-03	-1.473750035e-03	
16	1.6000000000e-01	1.6000000000e-01	-1.178131268e-03	-1.414429825e-03	-1.549106255e-03	
17	1.7000000000e-01	1.7000000000e-01	-1.226309787e-03	-1.478175318e-03	-1.621858369e-03	
18	1.8000000000e-01	1.8000000000e-01	-1.271818772e-03	-1.539309631e-03	-1.692047505e-03	
19	1.9000000000e-01	1.9000000000e-01	-1.314706159e-03	-1.597875931e-03	-1.759713924e-03	
20	2.0000000000e-01	2.0000000000e-01	-1.355018636e-03	-1.653916419e-03	-1.824897036e-03	
21	2.1000000000e-01	2.1000000000e-01	-1.392801586e-03	-1.707472336e-03	-1.887635423e-03	
22	2.2000000000e-01	2.2000000000e-01	-1.428098966e-03	-1.758583975e-03	-1.947966849e-03	
23	2.3000000000e-01	2.3000000000e-01	-1.460953070e-03	-1.807290666e-03	-2.005928278e-03	
24	2.4000000000e-01	2.4000000000e-01	-1.491404081e-03	-1.853630760e-03	-2.061555874e-03	
25	2.5000000000e-01	2.5000000000e-01	-1.519489286e-03	-1.897641563e-03	-2.114885003e-03	
26	2.6000000000e-01	2.6000000000e-01	-1.545241777e-03	-1.939359238e-03	-2.165950219e-03	
27	2.7000000000e-01	2.7000000000e-01	-1.568688676e-03	-1.978818622e-03	-2.214785236e-03	
28	2.8000000000e-01	2.8000000000e-01	-1.589849971e-03	-2.016052913e-03	-2.261422874e-03	
29	2.9000000000e-01	2.9000000000e-01	-1.608742432e-03	-2.051093141e-03	-2.305894963e-03	
30	3.0000000000e-01	3.0000000000e-01	-1.625398412e-03	-2.083967263e-03	-2.348232188e-03	
31	3.1000000000e-01	3.1000000000e-01	-1.639905678e-03	-2.114698669e-03	-2.388463832e-03	
32	3.2000000000e-01	3.2000000000e-01	-1.652445095e-03	-2.143303768e-03	-2.426617351e-03	
33	3.3000000000e-01	3.3000000000e-01	-1.663282079e-03	-2.169788458e-03	-2.462717683e-03	
34	3.4000000000e-01	3.4000000000e-01	-1.672712161e-03	-2.194144126e-03	-2.496786110e-03	
35	3.5000000000e-01	3.5000000000e-01	-1.681007942e-03	-2.216346668e-03	-2.528838419e-03	
36	3.6000000000e-01	3.6000000000e-01	-1.688394880e-03	-2.236367379e-03	-2.558882019e-03	
37	3.7000000000e-01	3.7000000000e-01	-1.695049842e-03	-2.254206022e-03	-2.586911796e-03	
38	3.8000000000e-01	3.8000000000e-01	-1.701108931e-03	-2.269938261e-03	-2.612905320e-03	
39	3.9000000000e-01	3.9000000000e-01	-1.706676762e-03	-2.283739889e-03	-2.636820648e-03	
40	4.0000000000e-01	4.0000000000e-01	-1.711834360e-03	-2.295860906e-03	-2.658604858e-03	
41	4.1000000000e-01	4.1000000000e-01	-1.716645203e-03	-2.306572288e-03	-2.678223472e-03	
42	4.2000000000e-01	4.2000000000e-01	-1.721159660e-03	-2.316123836e-03	-2.695707075e-03	
43	4.3000000000e-01	4.3000000000e-01	-1.725418212e-03	-2.324725924e-03	-2.711184156e-03	
44	4.4000000000e-01	4.4000000000e-01	-1.729453794e-03	-2.332547930e-03	-2.724869538e-03	
45	4.5000000000e-01	4.5000000000e-01	-1.733293510e-03	-2.339723772e-03	-2.737018573e-03	
46	4.6000000000e-01	4.6000000000e-01	-1.736959899e-03	-2.346358987e-03	-2.747881889e-03	
47	4.7000000000e-01	4.7000000000e-01	-1.740471890e-03	-2.352537120e-03	-2.757679969e-03	
48	4.8000000000e-01	4.8000000000e-01	-1.743845518e-03	-2.358324864e-03	-2.766595734e-03	
49	4.9000000000e-01	4.9000000000e-01	-1.747094479e-03	-2.363775987e-03	-2.774776797e-03	
50	5.0000000000e-01	5.0000000000e-01	-1.750230557e-03	-2.368934295e-03	-2.782341107e-03	
51	5.1000000000e-01	5.1000000000e-01	-1.753263963e-03	-2.373835842e-03	-2.789382915e-03	
52	5.2000000000e-01	5.2000000000e-01	-1.756203594e-03	-2.378510592e-03	-2.795977937e-03	
53	5.3000000000e-01	5.3000000000e-01	-1.759057256e-03	-2.382983682e-03	-2.802187479e-03	
54	5.4000000000e-01	5.4000000000e-01	-1.761831828e-03	-2.387276379e-03	-2.808061630e-03	
55	5.5000000000e-01	5.5000000000e-01	-1.764533402e-03	-2.391406818e-03	-2.813641691e-03	
56	5.6000000000e-01	5.6000000000e-01	-1.767167402e-03	-2.395390577e-03	-2.818962035e-03	
57	5.7000000000e-01	5.7000000000e-01	-1.769738673e-03	-2.399241130e-03	-2.824051514e-03	
58	5.8000000000e-01	5.8000000000e-01	-1.772251564e-03	-2.402970203e-03	-2.828934546e-03	
59	5.9000000000e-01	5.9000000000e-01	-1.774709990e-03	-2.406588060e-03	-2.833631959e-03	
60	6.0000000000e-01	6.0000000000e-01	-1.777117490e-03	-2.410103735e-03	-2.838161645e-03	
61	6.1000000000e-01	6.1000000000e-01	-1.779477273e-03	-2.413525217e-03	-2.842539073e-03	
62	6.2000000000e-01	6.2000000000e-01	-1.781792257e-03	-2.416859604e-03	-2.846777706e-03	
63	6.3000000000e-01	6.3000000000e-01	-1.784065103e-03	-2.420113232e-03	-2.850889322e-03	
64	6.4000000000e-01	6.4000000000e-01	-1.786298248e-03	-2.423291776e-03	-2.854884286e-03	
65	6.5000000000e-01	6.5000000000e-01	-1.788493927e-03	-2.426400340e-03	-2.858771760e-03	
66	6.6000000000e-01	6.6000000000e-01	-1.790654198e-03	-2.429443532e-03	-2.862559883e-03	
67	6.7000000000e-01	6.7000000000e-01	-1.792780964e-03	-2.432425524e-03	-2.866255913e-03	
68	6.8000000000e-01	6.8000000000e-01	-1.794875989e-03	-2.435350104e-03	-2.869866353e-03	
69	6.9000000000e-01	6.9000000000e-01	-1.796940920e-03	-2.438220726e-03	-2.873397047e-03	
70	7.0000000000e-01	7.0000000000e-01	-1.798977304e-03	-2.441040546e-03	-2.876853270e-03	
71	7.1000000000e-01	7.1000000000e-01	-1.800986601e-03	-2.443812456e-03	-2.880239793e-03	
72	7.2000000000e-01	7.2000000000e-01	-1.802970212e-03	-2.446539118e-03	-2.883560952e-03	
73	7.3000000000e-01	7.3000000000e-01	-1.804929489e-03	-2.449222986e-03	-2.886820694e-03	
74	7.4000000000e-01	7.4000000000e-01	-1.806865765e-03	-2.451866336e-03	-2.890022627e-03	
75	7.5000000000e-01	7.5000000000e-01	-1.808780371e-03	-2.454471287e-03	-2.893170055e-03	
76	7.6000000000e-01	7.6000000000e-01	-1.810674664e-03	-2.457039825e-03	-2.896266017e-03	
77	7.7000000000e-01	7.7000000000e-01	-1.812550059e-03	-2.459573827e-03	-2.899313316e-03	
78	7.8000000000e-01	7.8000000000e-01	-1.814408058e-03	-2.462075082e-03	-2.902314548e-03	
79	7.9000000000e-01	7.9000000000e-01	-1.816250285e-03	-2.464545321e-03	-2.905272130e-03	
80	8.0000000000e-01	8.0000000000e-01	-1.818078531e-03	-2.466986238e-03	-2.908188328e-03	
81	8.1000000000e-01	8.1000000000e-01	-1.819894790e-03	-2.469399529e-03	-2.911065278e-03	
82	8.2000000000e-01	8.2000000000e-01	-1.821701314e-03	-2.471786915e-03	-2.913905019e-03	
83	8.3000000000e-01	8.3000000000e-01	-1.823500660e-03	-2.474150189e-03	-2.916709522e-03	
84	8.4000000000e-01	8.4000000000e-01	-1.825295750e-03	-2.476491252e-03	-2.919480715e-03	
85	8.5000000000e-01	8.5000000000e-01	-1.827089927e-03	-2.478812161e-03	-2.922220526e-03	
86	8.6000000000e-01	8.6000000000e-01	-1.828887020e-03	-2.481115183e-03	-2.924930916e-03	
87	8.7000000000e-01	8.7000000000e-01	-1.830691415e-03	-2.483402847e-03	-2.927613925e-03	
88	8.8000000000e-01	8.8000000000e-01	-1.832508121e-03	-2.485678013e-03	-2.930271717e-03	
89	8.9000000000e-01	8.9000000000e-01	-1.834342845e-03	-2.487943934e-03	-2.932906640e-03	
90	9.0000000000e-01	9.0000000000e-01	-1.836202073e-03	-2.490204335e-03	-2.935521278e-03	
91	9.1000000000e-01	9.1000000000e-01	-1.838093142e-03	-2.492463490e-03	-2.938118524e-03	
92	9.2000000000e-01	9.2000000000e-01	-1.840024326e-03	-2.494726306e-03	-2.940701648e-03	
93	9.3000000000e-01	9.3000000000e-01	-1.842004915e-03	-2.496998417e-03	-2.943274381e-03	
94	9.4000000000e-01	9.4000000000e-01	-1.844045300e-03	-2.499286272e-03	-2.945840995e-03	
95	9.5000000000e-01	9.5000000000e-01	-1.846157054e-03	-2.501597240e-03	-2.948406404e-03	
96	9.6000000000e-01	9.6000000000e-01	-1.848353018e-03	-2.503939710e-03	-2.950976256e-03	
97	9.7000000000e-01	9.7000000000e-01	-1.850647381e-03	-2.506323197e-03	-2.953557042e-03	
98	9.8000000000e-01	9.8000000000e-01	-1.853055764e-03	-2.508758450e-03	-2.956156204e-03	
99	9.9000000000e-01	9.9000000000e-01	-1.855595300e-03	-2.511257564e-03	-2.958782254e-03	
100	1.0000000000e+00	1.0000000000e+00	-1.858284709e-03	-2.513834092e-03	-2.961444894e-03	
                                                                                                                                                                                                                                                     *include "corner.spice
                                                                                                                                                                                                                                                     DC transfer characteristic  Sat Aug  8 02:32:54  2026
--------------------------------------------------------------------------------------------------------------------------------------------------------------------------------------------------------------------------------------------------------------------------------------------------------------------------------------------------------------------------------------------------------------------------------------------------------------------------------------------------------------------------------
Index   v-sweep         v(vfracds)      ioc_n05_r75     ioc_n05_r90     ioc_n05_r100    
--------------------------------------------------------------------------------------------------------------------------------------------------------------------------------------------------------------------------------------------------------------------------------------------------------------------------------------------------------------------------------------------------------------------------------------------------------------------------------------------------------------------------------
0	0.0000000000e+00	0.0000000000e+00	-0.0000000000e+00	-0.0000000000e+00	-0.0000000000e+00	
1	1.0000000000e-02	1.0000000000e-02	3.3795968841e-04	3.8165542778e-04	4.0463044826e-04	
2	2.0000000000e-02	2.0000000000e-02	6.5622760422e-04	7.4379221504e-04	7.9011764993e-04	
3	3.0000000000e-02	3.0000000000e-02	9.5571515615e-04	1.0872627728e-03	1.1572609897e-03	
4	4.0000000000e-02	4.0000000000e-02	1.2372745682e-03	1.4128680138e-03	1.5068140253e-03	
5	5.0000000000e-02	5.0000000000e-02	1.5016997661e-03	1.7213582921e-03	1.8394854392e-03	
6	6.0000000000e-02	6.0000000000e-02	1.7497273403e-03	2.0134340174e-03	2.1559395680e-03	
7	7.0000000000e-02	7.0000000000e-02	1.9820386003e-03	2.2897467354e-03	2.4567971196e-03	
8	8.0000000000e-02	8.0000000000e-02	2.1992630484e-03	2.5509011425e-03	2.7426365024e-03	
9	9.0000000000e-02	9.0000000000e-02	2.4019829540e-03	2.7974581421e-03	3.0139959555e-03	
10	1.0000000000e-01	1.0000000000e-01	2.5907382112e-03	3.0299387574e-03	3.2713764615e-03	
11	1.1000000000e-01	1.1000000000e-01	2.7660302354e-03	3.2488284921e-03	3.5152452570e-03	
12	1.2000000000e-01	1.2000000000e-01	2.9283231767e-03	3.4545815743e-03	3.7460396475e-03	
13	1.3000000000e-01	1.3000000000e-01	3.0780399176e-03	3.6476243748e-03	3.9641707467e-03	
14	1.4000000000e-01	1.4000000000e-01	3.2155488095e-03	3.8283570998e-03	4.1700266973e-03	
15	1.5000000000e-01	1.5000000000e-01	3.3411345092e-03	3.9971525160e-03	4.3639748367e-03	
16	1.6000000000e-01	1.6000000000e-01	3.4549434516e-03	4.1543498138e-03	4.5463621150e-03	
17	1.7000000000e-01	1.7000000000e-01	3.5568989947e-03	4.3002405059e-03	4.7175127743e-03	
18	1.8000000000e-01	1.8000000000e-01	3.6466225121e-03	4.4350413092e-03	4.8777217299e-03	
19	1.9000000000e-01	1.9000000000e-01	3.7235236179e-03	4.5588468127e-03	5.0272410932e-03	
20	2.0000000000e-01	2.0000000000e-01	3.7873180277e-03	4.6715566730e-03	5.1662556946e-03	
21	2.1000000000e-01	2.1000000000e-01	3.8387790355e-03	4.7727941241e-03	5.2948416971e-03	
22	2.2000000000e-01	2.2000000000e-01	3.8798348628e-03	4.8619072727e-03	5.4129032714e-03	
23	2.3000000000e-01	2.3000000000e-01	3.9128355421e-03	4.9382512374e-03	5.5200963749e-03	
24	2.4000000000e-01	2.4000000000e-01	3.9398555984e-03	5.0018174773e-03	5.6157992489e-03	
25	2.5000000000e-01	2.5000000000e-01	3.9624643097e-03	5.0537113636e-03	5.6992788981e-03	
26	2.6000000000e-01	2.6000000000e-01	3.9817783912e-03	5.0958948058e-03	5.7701787809e-03	
27	2.7000000000e-01	2.7000000000e-01	3.9985820964e-03	5.1304997923e-03	5.8290693616e-03	
28	2.8000000000e-01	2.8000000000e-01	4.0134311297e-03	5.1593542113e-03	5.8774880001e-03	
29	2.9000000000e-01	2.9000000000e-01	4.0267263647e-03	5.1838562359e-03	5.9174181541e-03	
30	3.0000000000e-01	3.0000000000e-01	4.0387630226e-03	5.2050273109e-03	5.9507443449e-03	
31	3.1000000000e-01	3.1000000000e-01	4.0497630502e-03	5.2236060031e-03	5.9790008889e-03	
32	3.2000000000e-01	3.2000000000e-01	4.0598965791e-03	5.2401300472e-03	6.0033504666e-03	
33	3.3000000000e-01	3.3000000000e-01	4.0692963653e-03	5.2549966584e-03	6.0246513260e-03	
34	3.4000000000e-01	3.4000000000e-01	4.0780676837e-03	5.2685043293e-03	6.0435353576e-03	
35	3.5000000000e-01	3.5000000000e-01	4.0862952368e-03	5.2808813274e-03	6.0604719398e-03	
36	3.6000000000e-01	3.6000000000e-01	4.0940480716e-03	5.2923051723e-03	6.0758146070e-03	
37	3.7000000000e-01	3.7000000000e-01	4.1013831383e-03	5.3029160920e-03	6.0898338253e-03	
38	3.8000000000e-01	3.8000000000e-01	4.1083479108e-03	5.3128264556e-03	6.1027397809e-03	
39	3.9000000000e-01	3.9000000000e-01	4.1149823451e-03	5.3221274912e-03	6.1146982825e-03	
40	4.0000000000e-01	4.0000000000e-01	4.1213203639e-03	5.3308941459e-03	6.1258419746e-03	
41	4.1000000000e-01	4.1000000000e-01	4.1273909966e-03	5.3391886578e-03	6.1362783468e-03	
42	4.2000000000e-01	4.2000000000e-01	4.1332192656e-03	5.3470632184e-03	6.1460955376e-03	
43	4.3000000000e-01	4.3000000000e-01	4.1388268832e-03	5.3545619854e-03	6.1553666003e-03	
44	4.4000000000e-01	4.4000000000e-01	4.1442328038e-03	5.3617226242e-03	6.1641526821e-03	
45	4.5000000000e-01	4.5000000000e-01	4.1494536679e-03	5.3685775011e-03	6.1725054255e-03	
46	4.6000000000e-01	4.6000000000e-01	4.1545041604e-03	5.3751546193e-03	6.1804688044e-03	
47	4.7000000000e-01	4.7000000000e-01	4.1593973030e-03	5.3814783588e-03	6.1880805448e-03	
48	4.8000000000e-01	4.8000000000e-01	4.1641446948e-03	5.3875700682e-03	6.1953732366e-03	
49	4.9000000000e-01	4.9000000000e-01	4.1687567111e-03	5.3934485416e-03	6.2023752112e-03	
50	5.0000000000e-01	5.0000000000e-01	4.1732426708e-03	5.3991304063e-03	6.2091112432e-03	
51	5.1000000000e-01	5.1000000000e-01	4.1776109760e-03	5.4046304407e-03	6.2156031139e-03	
52	5.2000000000e-01	5.2000000000e-01	4.1818692322e-03	5.4099618370e-03	6.2218700695e-03	
53	5.3000000000e-01	5.3000000000e-01	4.1860243519e-03	5.4151364199e-03	6.2279291958e-03	
54	5.4000000000e-01	5.4000000000e-01	4.1900826442e-03	5.4201648305e-03	6.2337957277e-03	
55	5.5000000000e-01	5.5000000000e-01	4.1940498961e-03	5.4250566822e-03	6.2394833056e-03	
56	5.6000000000e-01	5.6000000000e-01	4.1979314456e-03	5.4298206947e-03	6.2450041916e-03	
57	5.7000000000e-01	5.7000000000e-01	4.2017322496e-03	5.4344648103e-03	6.2503694512e-03	
58	5.8000000000e-01	5.8000000000e-01	4.2054569496e-03	5.4389962974e-03	6.2555891101e-03	
59	5.9000000000e-01	5.9000000000e-01	4.2091099342e-03	5.4434218436e-03	6.2606722891e-03	
60	6.0000000000e-01	6.0000000000e-01	4.2126954035e-03	5.4477476416e-03	6.2656273239e-03	
61	6.1000000000e-01	6.1000000000e-01	4.2162174327e-03	5.4519794708e-03	6.2704618716e-03	
62	6.2000000000e-01	6.2000000000e-01	4.2196800390e-03	5.4561227764e-03	6.2751830098e-03	
63	6.3000000000e-01	6.3000000000e-01	4.2230872506e-03	5.4601827474e-03	6.2797973292e-03	
64	6.4000000000e-01	6.4000000000e-01	4.2264431797e-03	5.4641643971e-03	6.2843110226e-03	
65	6.5000000000e-01	6.5000000000e-01	4.2297520990e-03	5.4680726439e-03	6.2887299740e-03	
66	6.6000000000e-01	6.6000000000e-01	4.2330185222e-03	5.4719123978e-03	6.2930598473e-03	
67	6.7000000000e-01	6.7000000000e-01	4.2362472891e-03	5.4756886494e-03	6.2973061784e-03	
68	6.8000000000e-01	6.8000000000e-01	4.2394436543e-03	5.4794065652e-03	6.3014744708e-03	
69	6.9000000000e-01	6.9000000000e-01	4.2426133803e-03	5.4830715876e-03	6.3055702963e-03	
70	7.0000000000e-01	7.0000000000e-01	4.2457628332e-03	5.4866895403e-03	6.3095994006e-03	
71	7.1000000000e-01	7.1000000000e-01	4.2488990824e-03	5.4902667399e-03	6.3135678162e-03	
72	7.2000000000e-01	7.2000000000e-01	4.2520300023e-03	5.4938101121e-03	6.3174819805e-03	
73	7.3000000000e-01	7.3000000000e-01	4.2551643760e-03	5.4973273126e-03	6.3213488617e-03	
74	7.4000000000e-01	7.4000000000e-01	4.2583119998e-03	5.5008268533e-03	6.3251760894e-03	
75	7.5000000000e-01	7.5000000000e-01	4.2614837890e-03	5.5043182311e-03	6.3289720925e-03	
76	7.6000000000e-01	7.6000000000e-01	4.2646918823e-03	5.5078120602e-03	6.3327462409e-03	
77	7.7000000000e-01	7.7000000000e-01	4.2679497465e-03	5.5113202060e-03	6.3365089932e-03	
78	7.8000000000e-01	7.8000000000e-01	4.2712722783e-03	5.5148559204e-03	6.3402720468e-03	
79	7.9000000000e-01	7.9000000000e-01	4.2746759044e-03	5.5184339772e-03	6.3440484914e-03	
80	8.0000000000e-01	8.0000000000e-01	4.2781786781e-03	5.5220708064e-03	6.3478529638e-03	
81	8.1000000000e-01	8.1000000000e-01	4.2818003721e-03	5.5257846274e-03	6.3517018036e-03	
82	8.2000000000e-01	8.2000000000e-01	4.2855625676e-03	5.5295955784e-03	6.3556132077e-03	
83	8.3000000000e-01	8.3000000000e-01	4.2894887372e-03	5.5335258433e-03	6.3596073840e-03	
84	8.4000000000e-01	8.4000000000e-01	4.2936043241e-03	5.5375997735e-03	6.3637067018e-03	
85	8.5000000000e-01	8.5000000000e-01	4.2979368137e-03	5.5418440041e-03	6.3679358380e-03	
86	8.6000000000e-01	8.6000000000e-01	4.3025158008e-03	5.5462875653e-03	6.3723219197e-03	
87	8.7000000000e-01	8.7000000000e-01	4.3073730486e-03	5.5509619853e-03	6.3768946594e-03	
88	8.8000000000e-01	8.8000000000e-01	4.3125425429e-03	5.5559013879e-03	6.3816864849e-03	
89	8.9000000000e-01	8.9000000000e-01	4.3180605375e-03	5.5611425807e-03	6.3867326609e-03	
90	9.0000000000e-01	9.0000000000e-01	4.3239655941e-03	5.5667251362e-03	6.3920714030e-03	
91	9.1000000000e-01	9.1000000000e-01	4.3302986144e-03	5.5726914634e-03	6.3977439823e-03	
92	9.2000000000e-01	9.2000000000e-01	4.3371028654e-03	5.5790868717e-03	6.4037948214e-03	
93	9.3000000000e-01	9.3000000000e-01	4.3444239978e-03	5.5859596249e-03	6.4102715801e-03	
94	9.4000000000e-01	9.4000000000e-01	4.3523100569e-03	5.5933609867e-03	6.4172252314e-03	
95	9.5000000000e-01	9.5000000000e-01	4.3608114876e-03	5.6013452562e-03	6.4247101270e-03	
96	9.6000000000e-01	9.6000000000e-01	4.3699811319e-03	5.6099697959e-03	6.4327840528e-03	
97	9.7000000000e-01	9.7000000000e-01	4.3798742206e-03	5.6192950485e-03	6.4415082730e-03	
98	9.8000000000e-01	9.8000000000e-01	4.3905483582e-03	5.6293845469e-03	6.4509475646e-03	
99	9.9000000000e-01	9.9000000000e-01	4.4020635023e-03	5.6403049140e-03	6.4611702409e-03	
100	1.0000000000e+00	1.0000000000e+00	4.4144819372e-03	5.6521258550e-03	6.4722481650e-03	
                                                                                                                                                                                                                                                     *include "corner.spice
                                                                                                                                                                                                                                                     DC transfer characteristic  Sat Aug  8 02:32:54  2026
--------------------------------------------------------------------------------------------------------------------------------------------------------------------------------------------------------------------------------------------------------------------------------------------------------------------------------------------------------------------------------------------------------------------------------------------------------------------------------------------------------------------------------
Index   v-sweep         v(vfracds)      ioc_p05_r75     ioc_p05_r90     ioc_p05_r100    
--------------------------------------------------------------------------------------------------------------------------------------------------------------------------------------------------------------------------------------------------------------------------------------------------------------------------------------------------------------------------------------------------------------------------------------------------------------------------------------------------------------------------------
0	0.0000000000e+00	0.0000000000e+00	-0.0000000000e+00	-0.0000000000e+00	-0.0000000000e+00	
1	1.0000000000e-02	1.0000000000e-02	-7.754998125e-05	-9.012496406e-05	-9.728548151e-05	
2	2.0000000000e-02	2.0000000000e-02	-1.521594613e-04	-1.774122430e-04	-1.918062415e-04	
3	3.0000000000e-02	3.0000000000e-02	-2.238868962e-04	-2.619135503e-04	-2.836100462e-04	
4	4.0000000000e-02	4.0000000000e-02	-2.927892080e-04	-3.436793524e-04	-3.727435693e-04	
5	5.0000000000e-02	5.0000000000e-02	-3.589218351e-04	-4.227589059e-04	-4.592524223e-04	
6	6.0000000000e-02	6.0000000000e-02	-4.223387806e-04	-4.992002930e-04	-5.431811841e-04	
7	7.0000000000e-02	7.0000000000e-02	-4.830926584e-04	-5.730504554e-04	-6.245734292e-04	
8	8.0000000000e-02	8.0000000000e-02	-5.412347382e-04	-6.443552275e-04	-7.034717555e-04	
9	9.0000000000e-02	9.0000000000e-02	-5.968149895e-04	-7.131593682e-04	-7.799178101e-04	
10	1.0000000000e-01	1.0000000000e-01	-6.498821241e-04	-7.795065916e-04	-8.539523154e-04	
11	1.1000000000e-01	1.1000000000e-01	-7.004836371e-04	-8.434395972e-04	-9.256150941e-04	
12	1.2000000000e-01	1.2000000000e-01	-7.486658481e-04	-9.050000988e-04	-9.949450929e-04	
13	1.3000000000e-01	1.3000000000e-01	-7.944739400e-04	-9.642288529e-04	-1.061980407e-03	
14	1.4000000000e-01	1.4000000000e-01	-8.379519973e-04	-1.021165685e-03	-1.126758301e-03	
15	1.5000000000e-01	1.5000000000e-01	-8.791430424e-04	-1.075849518e-03	-1.189315234e-03	
16	1.6000000000e-01	1.6000000000e-01	-9.180890700e-04	-1.128318393e-03	-1.249686877e-03	
17	1.7000000000e-01	1.7000000000e-01	-9.548310782e-04	-1.178609496e-03	-1.307908139e-03	
18	1.8000000000e-01	1.8000000000e-01	-9.894090956e-04	-1.226759174e-03	-1.364013179e-03	
19	1.9000000000e-01	1.9000000000e-01	-1.021862200e-03	-1.272802958e-03	-1.418035427e-03	
20	2.0000000000e-01	2.0000000000e-01	-1.052228528e-03	-1.316775571e-03	-1.470007601e-03	
21	2.1000000000e-01	2.1000000000e-01	-1.080545258e-03	-1.358710939e-03	-1.519961719e-03	
22	2.2000000000e-01	2.2000000000e-01	-1.106848571e-03	-1.398642186e-03	-1.567929108e-03	
23	2.3000000000e-01	2.3000000000e-01	-1.131173562e-03	-1.436601620e-03	-1.613940409e-03	
24	2.4000000000e-01	2.4000000000e-01	-1.153554105e-03	-1.472620699e-03	-1.658025578e-03	
25	2.5000000000e-01	2.5000000000e-01	-1.174022757e-03	-1.506729954e-03	-1.700213875e-03	
26	2.6000000000e-01	2.6000000000e-01	-1.192611055e-03	-1.538958876e-03	-1.740533837e-03	
27	2.7000000000e-01	2.7000000000e-01	-1.209351366e-03	-1.569335699e-03	-1.779013237e-03	
28	2.8000000000e-01	2.8000000000e-01	-1.224283096e-03	-1.597887062e-03	-1.815679003e-03	
29	2.9000000000e-01	2.9000000000e-01	-1.237467107e-03	-1.624637446e-03	-1.850557094e-03	
30	3.0000000000e-01	3.0000000000e-01	-1.249007110e-03	-1.649608304e-03	-1.883672297e-03	
31	3.1000000000e-01	3.1000000000e-01	-1.259063043e-03	-1.672816786e-03	-1.915047896e-03	
32	3.2000000000e-01	3.2000000000e-01	-1.267838462e-03	-1.694274195e-03	-1.944705162e-03	
33	3.3000000000e-01	3.3000000000e-01	-1.275547699e-03	-1.713985008e-03	-1.972662535e-03	
34	3.4000000000e-01	3.4000000000e-01	-1.282386384e-03	-1.731948978e-03	-1.998934392e-03	
35	3.5000000000e-01	3.5000000000e-01	-1.288517879e-03	-1.748171000e-03	-2.023529270e-03	
36	3.6000000000e-01	3.6000000000e-01	-1.294072453e-03	-1.762682030e-03	-2.046447666e-03	
37	3.7000000000e-01	3.7000000000e-01	-1.299152077e-03	-1.775563808e-03	-2.067680241e-03	
38	3.8000000000e-01	3.8000000000e-01	-1.303836364e-03	-1.786958128e-03	-2.087208928e-03	
39	3.9000000000e-01	3.9000000000e-01	-1.308187819e-03	-1.797049708e-03	-2.105015596e-03	
40	4.0000000000e-01	4.0000000000e-01	-1.312255986e-03	-1.806035128e-03	-2.121102071e-03	
41	4.1000000000e-01	4.1000000000e-01	-1.316080573e-03	-1.814097363e-03	-2.135516427e-03	
42	4.2000000000e-01	4.2000000000e-01	-1.319693769e-03	-1.821393494e-03	-2.148368343e-03	
43	4.3000000000e-01	4.3000000000e-01	-1.323121958e-03	-1.828052620e-03	-2.159819788e-03	
44	4.4000000000e-01	4.4000000000e-01	-1.326386993e-03	-1.834178739e-03	-2.170057616e-03	
45	4.5000000000e-01	4.5000000000e-01	-1.329507152e-03	-1.839855133e-03	-2.179266091e-03	
46	4.6000000000e-01	4.6000000000e-01	-1.332497861e-03	-1.845148623e-03	-2.187610175e-03	
47	4.7000000000e-01	4.7000000000e-01	-1.335372247e-03	-1.850113148e-03	-2.195229560e-03	
48	4.8000000000e-01	4.8000000000e-01	-1.338141568e-03	-1.854792609e-03	-2.202239184e-03	
49	4.9000000000e-01	4.9000000000e-01	-1.340815545e-03	-1.859223049e-03	-2.208732457e-03	
50	5.0000000000e-01	5.0000000000e-01	-1.343402627e-03	-1.863434336e-03	-2.214785097e-03	
51	5.1000000000e-01	5.1000000000e-01	-1.345910202e-03	-1.867451436e-03	-2.220458668e-03	
52	5.2000000000e-01	5.2000000000e-01	-1.348344766e-03	-1.871295396e-03	-2.225803515e-03	
53	5.3000000000e-01	5.3000000000e-01	-1.350712057e-03	-1.874984098e-03	-2.230861118e-03	
54	5.4000000000e-01	5.4000000000e-01	-1.353017172e-03	-1.878532852e-03	-2.235665924e-03	
55	5.5000000000e-01	5.5000000000e-01	-1.355264656e-03	-1.881954850e-03	-2.240246773e-03	
56	5.6000000000e-01	5.6000000000e-01	-1.357458577e-03	-1.885261540e-03	-2.244627997e-03	
57	5.7000000000e-01	5.7000000000e-01	-1.359602594e-03	-1.888462908e-03	-2.248830283e-03	
58	5.8000000000e-01	5.8000000000e-01	-1.361700006e-03	-1.891567718e-03	-2.252871343e-03	
59	5.9000000000e-01	5.9000000000e-01	-1.363753800e-03	-1.894583700e-03	-2.256766446e-03	
60	6.0000000000e-01	6.0000000000e-01	-1.365766686e-03	-1.897517704e-03	-2.260528831e-03	
61	6.1000000000e-01	6.1000000000e-01	-1.367741135e-03	-1.900375827e-03	-2.264170054e-03	
62	6.2000000000e-01	6.2000000000e-01	-1.369679400e-03	-1.903163520e-03	-2.267700247e-03	
63	6.3000000000e-01	6.3000000000e-01	-1.371583547e-03	-1.905885673e-03	-2.271128345e-03	
64	6.4000000000e-01	6.4000000000e-01	-1.373455469e-03	-1.908546690e-03	-2.274462264e-03	
65	6.5000000000e-01	6.5000000000e-01	-1.375296911e-03	-1.911150552e-03	-2.277709045e-03	
66	6.6000000000e-01	6.6000000000e-01	-1.377109479e-03	-1.913700868e-03	-2.280874981e-03	
67	6.7000000000e-01	6.7000000000e-01	-1.378894659e-03	-1.916200918e-03	-2.283965716e-03	
68	6.8000000000e-01	6.8000000000e-01	-1.380653827e-03	-1.918653696e-03	-2.286986330e-03	
69	6.9000000000e-01	6.9000000000e-01	-1.382388258e-03	-1.921061936e-03	-2.289941413e-03	
70	7.0000000000e-01	7.0000000000e-01	-1.384099140e-03	-1.923428147e-03	-2.292835123e-03	
71	7.1000000000e-01	7.1000000000e-01	-1.385787578e-03	-1.925754633e-03	-2.295671239e-03	
72	7.2000000000e-01	7.2000000000e-01	-1.387454605e-03	-1.928043518e-03	-2.298453208e-03	
73	7.3000000000e-01	7.3000000000e-01	-1.389101188e-03	-1.930296759e-03	-2.301184179e-03	
74	7.4000000000e-01	7.4000000000e-01	-1.390728234e-03	-1.932516170e-03	-2.303867036e-03	
75	7.5000000000e-01	7.5000000000e-01	-1.392336599e-03	-1.934703430e-03	-2.306504432e-03	
76	7.6000000000e-01	7.6000000000e-01	-1.393927089e-03	-1.936860099e-03	-2.309098804e-03	
77	7.7000000000e-01	7.7000000000e-01	-1.395500473e-03	-1.938987630e-03	-2.311652406e-03	
78	7.8000000000e-01	7.8000000000e-01	-1.397057483e-03	-1.941087378e-03	-2.314167320e-03	
79	7.9000000000e-01	7.9000000000e-01	-1.398598823e-03	-1.943160610e-03	-2.316645473e-03	
80	8.0000000000e-01	8.0000000000e-01	-1.400125176e-03	-1.945208514e-03	-2.319088658e-03	
81	8.1000000000e-01	8.1000000000e-01	-1.401637209e-03	-1.947232209e-03	-2.321498542e-03	
82	8.2000000000e-01	8.2000000000e-01	-1.403135583e-03	-1.949232749e-03	-2.323876679e-03	
83	8.3000000000e-01	8.3000000000e-01	-1.404620959e-03	-1.951211136e-03	-2.326224522e-03	
84	8.4000000000e-01	8.4000000000e-01	-1.406094004e-03	-1.953168324e-03	-2.328543434e-03	
85	8.5000000000e-01	8.5000000000e-01	-1.407555409e-03	-1.955105231e-03	-2.330834696e-03	
86	8.6000000000e-01	8.6000000000e-01	-1.409005890e-03	-1.957022744e-03	-2.333099518e-03	
87	8.7000000000e-01	8.7000000000e-01	-1.410446203e-03	-1.958921730e-03	-2.335339047e-03	
88	8.8000000000e-01	8.8000000000e-01	-1.411877160e-03	-1.960803044e-03	-2.337554378e-03	
89	8.9000000000e-01	8.9000000000e-01	-1.413299634e-03	-1.962667544e-03	-2.339746559e-03	
90	9.0000000000e-01	9.0000000000e-01	-1.414714580e-03	-1.964516096e-03	-2.341916610e-03	
91	9.1000000000e-01	9.1000000000e-01	-1.416123047e-03	-1.966349592e-03	-2.344065522e-03	
92	9.2000000000e-01	9.2000000000e-01	-1.417526198e-03	-1.968168962e-03	-2.346194278e-03	
93	9.3000000000e-01	9.3000000000e-01	-1.418925321e-03	-1.969975185e-03	-2.348303860e-03	
94	9.4000000000e-01	9.4000000000e-01	-1.420321855e-03	-1.971769313e-03	-2.350395265e-03	
95	9.5000000000e-01	9.5000000000e-01	-1.421717403e-03	-1.973552483e-03	-2.352469518e-03	
96	9.6000000000e-01	9.6000000000e-01	-1.423113759e-03	-1.975325936e-03	-2.354527689e-03	
97	9.7000000000e-01	9.7000000000e-01	-1.424512924e-03	-1.977091042e-03	-2.356570909e-03	
98	9.8000000000e-01	9.8000000000e-01	-1.425917130e-03	-1.978849317e-03	-2.358600394e-03	
99	9.9000000000e-01	9.9000000000e-01	-1.427328865e-03	-1.980602451e-03	-2.360617457e-03	
100	1.0000000000e+00	1.0000000000e+00	-1.428750897e-03	-1.982352330e-03	-2.362623539e-03	
                                                                                                                                                                                                                                                     *include "corner.spice
                                                                                                                                                                                                                                                     DC transfer characteristic  Sat Aug  8 02:32:54  2026
--------------------------------------------------------------------------------------------------------------------------------------------------------------------------------------------------------------------------------------------------------------------------------------------------------------------------------------------------------------------------------------------------------------------------------------------------------------------------------------------------------------------------------
Index   v-sweep         v(vfracds)      ioc_n33_r75     ioc_n33_r90     ioc_n33_r100    
--------------------------------------------------------------------------------------------------------------------------------------------------------------------------------------------------------------------------------------------------------------------------------------------------------------------------------------------------------------------------------------------------------------------------------------------------------------------------------------------------------------------------------
0	0.0000000000e+00	0.0000000000e+00	-0.0000000000e+00	-0.0000000000e+00	-0.0000000000e+00	
1	1.0000000000e-02	1.0000000000e-02	2.5954230577e-04	2.8148988289e-04	2.9168988448e-04	
2	2.0000000000e-02	2.0000000000e-02	5.0677837562e-04	5.5195136591e-04	5.7314629582e-04	
3	3.0000000000e-02	3.0000000000e-02	7.4221318737e-04	8.1177123611e-04	8.4469532523e-04	
4	4.0000000000e-02	4.0000000000e-02	9.6632302895e-04	1.0613177416e-03	1.1066489437e-03	
5	5.0000000000e-02	5.0000000000e-02	1.1795570995e-03	1.3009415331e-03	1.3593056711e-03	
6	6.0000000000e-02	6.0000000000e-02	1.3823388830e-03	1.5309765099e-03	1.6029511871e-03	
7	7.0000000000e-02	7.0000000000e-02	1.5750672796e-03	1.7517405684e-03	1.8378588862e-03	
8	8.0000000000e-02	8.0000000000e-02	1.7581174701e-03	1.9635362483e-03	2.0642903726e-03	
9	9.0000000000e-02	9.0000000000e-02	1.9318414716e-03	2.1666512705e-03	2.2824958956e-03	
10	1.0000000000e-01	1.0000000000e-01	2.0965683211e-03	2.3613589519e-03	2.4927147184e-03	
11	1.1000000000e-01	1.1000000000e-01	2.2526037961e-03	2.5479184803e-03	2.6951754158e-03	
12	1.2000000000e-01	1.2000000000e-01	2.4002295428e-03	2.7265750232e-03	2.8900960894e-03	
13	1.3000000000e-01	1.3000000000e-01	2.5397014323e-03	2.8975596319e-03	3.0776844877e-03	
14	1.4000000000e-01	1.4000000000e-01	2.6712469112e-03	3.0610888907e-03	3.2581380126e-03	
15	1.5000000000e-01	1.5000000000e-01	2.7950610588e-03	3.2173642406e-03	3.4316435855e-03	
16	1.6000000000e-01	1.6000000000e-01	2.9113010593e-03	3.3665708811e-03	3.5983773388e-03	
17	1.7000000000e-01	1.7000000000e-01	3.0200789299e-03	3.5088761243e-03	3.7585040870e-03	
18	1.8000000000e-01	1.8000000000e-01	3.1214528382e-03	3.6444270382e-03	3.9121765125e-03	
19	1.9000000000e-01	1.9000000000e-01	3.2154185904e-03	3.7733471789e-03	4.0595339853e-03	
20	2.0000000000e-01	2.0000000000e-01	3.3019054846e-03	3.8957321983e-03	4.2007009075e-03	
21	2.1000000000e-01	2.1000000000e-01	3.3807850575e-03	4.0116441493e-03	4.3357844478e-03	
22	2.2000000000e-01	2.2000000000e-01	3.4519058901e-03	4.1211045018e-03	4.4648715034e-03	
23	2.3000000000e-01	2.3000000000e-01	3.5151665995e-03	4.2240863762e-03	4.5880247162e-03	
24	2.4000000000e-01	2.4000000000e-01	3.5706222002e-03	4.3205075806e-03	4.7052774031e-03	
25	2.5000000000e-01	2.5000000000e-01	3.6185851820e-03	4.4102280163e-03	4.8166273978e-03	
26	2.6000000000e-01	2.6000000000e-01	3.6596605830e-03	4.4930579201e-03	4.9220301557e-03	
27	2.7000000000e-01	2.7000000000e-01	3.6946832410e-03	4.5687860758e-03	5.0213922211e-03	
28	2.8000000000e-01	2.8000000000e-01	3.7245900040e-03	4.6372359230e-03	5.1145675197e-03	
29	2.9000000000e-01	2.9000000000e-01	3.7502933777e-03	4.6983469870e-03	5.2013609903e-03	
30	3.0000000000e-01	3.0000000000e-01	3.7726007489e-03	4.7522586384e-03	5.2815462625e-03	
31	3.1000000000e-01	3.1000000000e-01	3.7921837067e-03	4.7993567834e-03	5.3549044354e-03	
32	3.2000000000e-01	3.2000000000e-01	3.8095807717e-03	4.8402538437e-03	5.4212859702e-03	
33	3.3000000000e-01	3.3000000000e-01	3.8252155508e-03	4.8757088565e-03	5.4806849054e-03	
34	3.4000000000e-01	3.4000000000e-01	3.8394187341e-03	4.9065260954e-03	5.5332991671e-03	
35	3.5000000000e-01	3.5000000000e-01	3.8524484177e-03	4.9334711311e-03	5.5795471137e-03	
36	3.6000000000e-01	3.6000000000e-01	3.8645069046e-03	4.9572215743e-03	5.6200287046e-03	
37	3.7000000000e-01	3.7000000000e-01	3.8757538635e-03	4.9783494459e-03	5.6554483804e-03	
38	3.8000000000e-01	3.8000000000e-01	3.8863163644e-03	4.9973238691e-03	5.6865319677e-03	
39	3.9000000000e-01	3.9000000000e-01	3.8962964417e-03	5.0145235002e-03	5.7139629990e-03	
40	4.0000000000e-01	4.0000000000e-01	3.9057767747e-03	5.0302518185e-03	5.7383468844e-03	
41	4.1000000000e-01	4.1000000000e-01	3.9148249623e-03	5.0447517562e-03	5.7601986535e-03	
42	4.2000000000e-01	4.2000000000e-01	3.9234967543e-03	5.0582182724e-03	5.7799456226e-03	
43	4.3000000000e-01	4.3000000000e-01	3.9318385104e-03	5.0708085913e-03	5.7979373517e-03	
44	4.4000000000e-01	4.4000000000e-01	3.9398890849e-03	5.0826502987e-03	5.8144579052e-03	
45	4.5000000000e-01	4.5000000000e-01	3.9476812836e-03	5.0938476531e-03	5.8297377673e-03	
46	4.6000000000e-01	4.6000000000e-01	3.9552429983e-03	5.1044864739e-03	5.8439642865e-03	
47	4.7000000000e-01	4.7000000000e-01	3.9625980980e-03	5.1146379220e-03	5.8572903498e-03	
48	4.8000000000e-01	4.8000000000e-01	3.9697671347e-03	5.1243614305e-03	5.8698413784e-03	
49	4.9000000000e-01	4.9000000000e-01	3.9767679057e-03	5.1337069859e-03	5.8817208815e-03	
50	5.0000000000e-01	5.0000000000e-01	3.9836159065e-03	5.1427169119e-03	5.8930148296e-03	
51	5.1000000000e-01	5.1000000000e-01	3.9903246971e-03	5.1514272743e-03	5.9037950916e-03	
52	5.2000000000e-01	5.2000000000e-01	3.9969062005e-03	5.1598689933e-03	5.9141221362e-03	
53	5.3000000000e-01	5.3000000000e-01	4.0033709489e-03	5.1680687301e-03	5.9240471617e-03	
54	5.4000000000e-01	5.4000000000e-01	4.0097282866e-03	5.1760495991e-03	5.9336137821e-03	
55	5.5000000000e-01	5.5000000000e-01	4.0159865402e-03	5.1838317429e-03	5.9428593685e-03	
56	5.6000000000e-01	5.6000000000e-01	4.0221531612e-03	5.1914327999e-03	5.9518161217e-03	
57	5.7000000000e-01	5.7000000000e-01	4.0282348485e-03	5.1988682870e-03	5.9605119353e-03	
58	5.8000000000e-01	5.8000000000e-01	4.0342376526e-03	5.2061519156e-03	5.9689710942e-03	
59	5.9000000000e-01	5.9000000000e-01	4.0401670674e-03	5.2132958533e-03	5.9772148430e-03	
60	6.0000000000e-01	6.0000000000e-01	4.0460281113e-03	5.2203109431e-03	5.9852618518e-03	
61	6.1000000000e-01	6.1000000000e-01	4.0518253996e-03	5.2272068882e-03	5.9931286000e-03	
62	6.2000000000e-01	6.2000000000e-01	4.0575632115e-03	5.2339924097e-03	6.0008296946e-03	
63	6.3000000000e-01	6.3000000000e-01	4.0632455519e-03	5.2406753821e-03	6.0083781367e-03	
64	6.4000000000e-01	6.4000000000e-01	4.0688762098e-03	5.2472629520e-03	6.0157855450e-03	
65	6.5000000000e-01	6.5000000000e-01	4.0744588147e-03	5.2537616423e-03	6.0230623467e-03	
66	6.6000000000e-01	6.6000000000e-01	4.0799968914e-03	5.2601774465e-03	6.0302179405e-03	
67	6.7000000000e-01	6.7000000000e-01	4.0854939132e-03	5.2665159150e-03	6.0372608393e-03	
68	6.8000000000e-01	6.8000000000e-01	4.0909533559e-03	5.2727822345e-03	6.0441987943e-03	
69	6.9000000000e-01	6.9000000000e-01	4.0963787512e-03	5.2789813033e-03	6.0510389071e-03	
70	7.0000000000e-01	7.0000000000e-01	4.1017737399e-03	5.2851178042e-03	6.0577877314e-03	
71	7.1000000000e-01	7.1000000000e-01	4.1071421266e-03	5.2911962738e-03	6.0644513657e-03	
72	7.2000000000e-01	7.2000000000e-01	4.1124879344e-03	5.2972211722e-03	6.0710355416e-03	
73	7.3000000000e-01	7.3000000000e-01	4.1178154605e-03	5.3031969513e-03	6.0775457076e-03	
74	7.4000000000e-01	7.4000000000e-01	4.1231293324e-03	5.3091281230e-03	6.0839871093e-03	
75	7.5000000000e-01	7.5000000000e-01	4.1284345649e-03	5.3150193283e-03	6.0903648693e-03	
76	7.6000000000e-01	7.6000000000e-01	4.1337366185e-03	5.3208754063e-03	6.0966840649e-03	
77	7.7000000000e-01	7.7000000000e-01	4.1390414573e-03	5.3267014648e-03	6.1029498063e-03	
78	7.8000000000e-01	7.8000000000e-01	4.1443556088e-03	5.3325029511e-03	6.1091673151e-03	
79	7.9000000000e-01	7.9000000000e-01	4.1496862240e-03	5.3382857240e-03	6.1153420029e-03	
80	8.0000000000e-01	8.0000000000e-01	4.1550411373e-03	5.3440561270e-03	6.1214795511e-03	
81	8.1000000000e-01	8.1000000000e-01	4.1604289284e-03	5.3498210622e-03	6.1275859914e-03	
82	8.2000000000e-01	8.2000000000e-01	4.1658589837e-03	5.3555880648e-03	6.1336677881e-03	
83	8.3000000000e-01	8.3000000000e-01	4.1713415578e-03	5.3613653796e-03	6.1397319204e-03	
84	8.4000000000e-01	8.4000000000e-01	4.1768878367e-03	5.3671620369e-03	6.1457859668e-03	
85	8.5000000000e-01	8.5000000000e-01	4.1825099999e-03	5.3729879303e-03	6.1518381899e-03	
86	8.6000000000e-01	8.6000000000e-01	4.1882212833e-03	5.3788538945e-03	6.1578976230e-03	
87	8.7000000000e-01	8.7000000000e-01	4.1940360419e-03	5.3847717837e-03	6.1639741565e-03	
88	8.8000000000e-01	8.8000000000e-01	4.1999698129e-03	5.3907545510e-03	6.1700786262e-03	
89	8.9000000000e-01	8.9000000000e-01	4.2060393782e-03	5.3968163274e-03	6.1762229021e-03	
90	9.0000000000e-01	9.0000000000e-01	4.2122628268e-03	5.4029725022e-03	6.1824199777e-03	
91	9.1000000000e-01	9.1000000000e-01	4.2186596169e-03	5.4092398019e-03	6.1886840599e-03	
92	9.2000000000e-01	9.2000000000e-01	4.2252506374e-03	5.4156363708e-03	6.1950306594e-03	
93	9.3000000000e-01	9.3000000000e-01	4.2320582689e-03	5.4221818509e-03	6.2014766819e-03	
94	9.4000000000e-01	9.4000000000e-01	4.2391064435e-03	5.4288974610e-03	6.2080405185e-03	
95	9.5000000000e-01	9.5000000000e-01	4.2464207044e-03	5.4358060761e-03	6.2147421374e-03	
96	9.6000000000e-01	9.6000000000e-01	4.2540282637e-03	5.4429323063e-03	6.2216031744e-03	
97	9.7000000000e-01	9.7000000000e-01	4.2619580594e-03	5.4503025747e-03	6.2286470243e-03	
98	9.8000000000e-01	9.8000000000e-01	4.2702408112e-03	5.4579451941e-03	6.2358989306e-03	
99	9.9000000000e-01	9.9000000000e-01	4.2789090738e-03	5.4658904440e-03	6.2433860760e-03	
100	1.0000000000e+00	1.0000000000e+00	4.2879972902e-03	5.4741706443e-03	6.2511376714e-03	
                                                                                                                                                                                                                                                     *include "corner.spice
                                                                                                                                                                                                                                                     DC transfer characteristic  Sat Aug  8 02:32:54  2026
--------------------------------------------------------------------------------------------------------------------------------------------------------------------------------------------------------------------------------------------------------------------------------------------------------------------------------------------------------------------------------------------------------------------------------------------------------------------------------------------------------------------------------
Index   v-sweep         v(vfracds)      ioc_p33_r75     ioc_p33_r90     ioc_p33_r100    
--------------------------------------------------------------------------------------------------------------------------------------------------------------------------------------------------------------------------------------------------------------------------------------------------------------------------------------------------------------------------------------------------------------------------------------------------------------------------------------------------------------------------------
0	0.0000000000e+00	0.0000000000e+00	-0.0000000000e+00	-0.0000000000e+00	-0.0000000000e+00	
1	1.0000000000e-02	1.0000000000e-02	-6.992965164e-05	-8.251154375e-05	-8.930357907e-05	
2	2.0000000000e-02	2.0000000000e-02	-1.374783554e-04	-1.627840101e-04	-1.764660593e-04	
3	3.0000000000e-02	3.0000000000e-02	-2.026803712e-04	-2.408461583e-04	-2.615130714e-04	
4	4.0000000000e-02	4.0000000000e-02	-2.655693141e-04	-3.167262605e-04	-3.444698402e-04	
5	5.0000000000e-02	5.0000000000e-02	-3.261781717e-04	-3.904521122e-04	-4.253611933e-04	
6	6.0000000000e-02	6.0000000000e-02	-3.845393205e-04	-4.620510432e-04	-5.042115689e-04	
7	7.0000000000e-02	7.0000000000e-02	-4.406845433e-04	-5.315499275e-04	-5.810450237e-04	
8	8.0000000000e-02	8.0000000000e-02	-4.946450465e-04	-5.989751940e-04	-6.558852407e-04	
9	9.0000000000e-02	9.0000000000e-02	-5.464514776e-04	-6.643528360e-04	-7.287555367e-04	
10	1.0000000000e-01	1.0000000000e-01	-5.961339436e-04	-7.277084218e-04	-7.996788700e-04	
11	1.1000000000e-01	1.1000000000e-01	-6.437220303e-04	-7.890671045e-04	-8.686778475e-04	
12	1.2000000000e-01	1.2000000000e-01	-6.892448239e-04	-8.484536317e-04	-9.357747323e-04	
13	1.3000000000e-01	1.3000000000e-01	-7.327309335e-04	-9.058923557e-04	-1.000991451e-03	
14	1.4000000000e-01	1.4000000000e-01	-7.742085188e-04	-9.614072438e-04	-1.064349599e-03	
15	1.5000000000e-01	1.5000000000e-01	-8.137053205e-04	-1.015021889e-03	-1.125870452e-03	
16	1.6000000000e-01	1.6000000000e-01	-8.512487000e-04	-1.066759519e-03	-1.185574969e-03	
17	1.7000000000e-01	1.7000000000e-01	-8.868656869e-04	-1.116643011e-03	-1.243483801e-03	
18	1.8000000000e-01	1.8000000000e-01	-9.205830436e-04	-1.164694901e-03	-1.299617297e-03	
19	1.9000000000e-01	1.9000000000e-01	-9.524273500e-04	-1.210937397e-03	-1.353995517e-03	
20	2.0000000000e-01	2.0000000000e-01	-9.824251235e-04	-1.255392398e-03	-1.406638231e-03	
21	2.1000000000e-01	2.1000000000e-01	-1.010602989e-03	-1.298081504e-03	-1.457564934e-03	
22	2.2000000000e-01	2.2000000000e-01	-1.036987927e-03	-1.339026043e-03	-1.506794853e-03	
23	2.3000000000e-01	2.3000000000e-01	-1.061607649e-03	-1.378247091e-03	-1.554346956e-03	
24	2.4000000000e-01	2.4000000000e-01	-1.084491161e-03	-1.415765503e-03	-1.600239959e-03	
25	2.5000000000e-01	2.5000000000e-01	-1.105669645e-03	-1.451601951e-03	-1.644492346e-03	
26	2.6000000000e-01	2.6000000000e-01	-1.125177813e-03	-1.485776973e-03	-1.687122373e-03	
27	2.7000000000e-01	2.7000000000e-01	-1.143056011e-03	-1.518311045e-03	-1.728148091e-03	
28	2.8000000000e-01	2.8000000000e-01	-1.159353345e-03	-1.549224663e-03	-1.767587360e-03	
29	2.9000000000e-01	2.9000000000e-01	-1.174132092e-03	-1.578538479e-03	-1.805457878e-03	
30	3.0000000000e-01	3.0000000000e-01	-1.187473088e-03	-1.606273481e-03	-1.841777205e-03	
31	3.1000000000e-01	3.1000000000e-01	-1.199480655e-03	-1.632451253e-03	-1.876562805e-03	
32	3.2000000000e-01	3.2000000000e-01	-1.210283957e-03	-1.657094363e-03	-1.909832100e-03	
33	3.3000000000e-01	3.3000000000e-01	-1.220031343e-03	-1.680226935e-03	-1.941602534e-03	
34	3.4000000000e-01	3.4000000000e-01	-1.228877482e-03	-1.701875487e-03	-1.971891670e-03	
35	3.5000000000e-01	3.5000000000e-01	-1.236968290e-03	-1.722070176e-03	-2.000717325e-03	
36	3.6000000000e-01	3.6000000000e-01	-1.244430233e-03	-1.740846568e-03	-2.028097754e-03	
37	3.7000000000e-01	3.7000000000e-01	-1.251366704e-03	-1.758248051e-03	-2.054051924e-03	
38	3.8000000000e-01	3.8000000000e-01	-1.257859698e-03	-1.774328810e-03	-2.078599896e-03	
39	3.9000000000e-01	3.9000000000e-01	-1.263973713e-03	-1.789156842e-03	-2.101763395e-03	
40	4.0000000000e-01	4.0000000000e-01	-1.269759785e-03	-1.802815871e-03	-2.123566613e-03	
41	4.1000000000e-01	4.1000000000e-01	-1.275258825e-03	-1.815404539e-03	-2.144037364e-03	
42	4.2000000000e-01	4.2000000000e-01	-1.280504135e-03	-1.827031848e-03	-2.163208641e-03	
43	4.3000000000e-01	4.3000000000e-01	-1.285523234e-03	-1.837809666e-03	-2.181120610e-03	
44	4.4000000000e-01	4.4000000000e-01	-1.290339179e-03	-1.847844878e-03	-2.197822836e-03	
45	4.5000000000e-01	4.5000000000e-01	-1.294971524e-03	-1.857233767e-03	-2.213376232e-03	
46	4.6000000000e-01	4.6000000000e-01	-1.299437029e-03	-1.866059574e-03	-2.227853817e-03	
47	4.7000000000e-01	4.7000000000e-01	-1.303750193e-03	-1.874392592e-03	-2.241339345e-03	
48	4.8000000000e-01	4.8000000000e-01	-1.307923657e-03	-1.882291608e-03	-2.253923494e-03	
49	4.9000000000e-01	4.9000000000e-01	-1.311968521e-03	-1.889805766e-03	-2.265698500e-03	
50	5.0000000000e-01	5.0000000000e-01	-1.315894593e-03	-1.896976347e-03	-2.276752901e-03	
51	5.1000000000e-01	5.1000000000e-01	-1.319710585e-03	-1.903838275e-03	-2.287167796e-03	
52	5.2000000000e-01	5.2000000000e-01	-1.323424280e-03	-1.910421345e-03	-2.297015061e-03	
53	5.3000000000e-01	5.3000000000e-01	-1.327042654e-03	-1.916751173e-03	-2.306357148e-03	
54	5.4000000000e-01	5.4000000000e-01	-1.330571993e-03	-1.922849955e-03	-2.315247797e-03	
55	5.5000000000e-01	5.5000000000e-01	-1.334017978e-03	-1.928737057e-03	-2.323733135e-03	
56	5.6000000000e-01	5.6000000000e-01	-1.337385764e-03	-1.934429484e-03	-2.331852815e-03	
57	5.7000000000e-01	5.7000000000e-01	-1.340680041e-03	-1.939942255e-03	-2.339641063e-03	
58	5.8000000000e-01	5.8000000000e-01	-1.343905092e-03	-1.945288706e-03	-2.347127572e-03	
59	5.9000000000e-01	5.9000000000e-01	-1.347064836e-03	-1.950480732e-03	-2.354338244e-03	
60	6.0000000000e-01	6.0000000000e-01	-1.350162869e-03	-1.955528996e-03	-2.361295795e-03	
61	6.1000000000e-01	6.1000000000e-01	-1.353202502e-03	-1.960443089e-03	-2.368020255e-03	
62	6.2000000000e-01	6.2000000000e-01	-1.356186785e-03	-1.965231672e-03	-2.374529372e-03	
63	6.3000000000e-01	6.3000000000e-01	-1.359118540e-03	-1.969902596e-03	-2.380838945e-03	
64	6.4000000000e-01	6.4000000000e-01	-1.362000378e-03	-1.974462999e-03	-2.386963101e-03	
65	6.5000000000e-01	6.5000000000e-01	-1.364834721e-03	-1.978919388e-03	-2.392914519e-03	
66	6.6000000000e-01	6.6000000000e-01	-1.367623823e-03	-1.983277714e-03	-2.398704627e-03	
67	6.7000000000e-01	6.7000000000e-01	-1.370369780e-03	-1.987543434e-03	-2.404343758e-03	
68	6.8000000000e-01	6.8000000000e-01	-1.373074551e-03	-1.991721563e-03	-2.409841285e-03	
69	6.9000000000e-01	6.9000000000e-01	-1.375739961e-03	-1.995816722e-03	-2.415205738e-03	
70	7.0000000000e-01	7.0000000000e-01	-1.378367722e-03	-1.999833177e-03	-2.420444905e-03	
71	7.1000000000e-01	7.1000000000e-01	-1.380959438e-03	-2.003774875e-03	-2.425565909e-03	
72	7.2000000000e-01	7.2000000000e-01	-1.383516613e-03	-2.007645476e-03	-2.430575286e-03	
73	7.3000000000e-01	7.3000000000e-01	-1.386040661e-03	-2.011448377e-03	-2.435479049e-03	
74	7.4000000000e-01	7.4000000000e-01	-1.388532916e-03	-2.015186743e-03	-2.440282738e-03	
75	7.5000000000e-01	7.5000000000e-01	-1.390994633e-03	-2.018863520e-03	-2.444991472e-03	
76	7.6000000000e-01	7.6000000000e-01	-1.393427000e-03	-2.022481460e-03	-2.449609989e-03	
77	7.7000000000e-01	7.7000000000e-01	-1.395831142e-03	-2.026043136e-03	-2.454142683e-03	
78	7.8000000000e-01	7.8000000000e-01	-1.398208125e-03	-2.029550958e-03	-2.458593638e-03	
79	7.9000000000e-01	7.9000000000e-01	-1.400558967e-03	-2.033007186e-03	-2.462966652e-03	
80	8.0000000000e-01	8.0000000000e-01	-1.402884635e-03	-2.036413943e-03	-2.467265270e-03	
81	8.1000000000e-01	8.1000000000e-01	-1.405186060e-03	-2.039773225e-03	-2.471492799e-03	
82	8.2000000000e-01	8.2000000000e-01	-1.407464137e-03	-2.043086914e-03	-2.475652335e-03	
83	8.3000000000e-01	8.3000000000e-01	-1.409719730e-03	-2.046356784e-03	-2.479746775e-03	
84	8.4000000000e-01	8.4000000000e-01	-1.411953683e-03	-2.049584514e-03	-2.483778839e-03	
85	8.5000000000e-01	8.5000000000e-01	-1.414166819e-03	-2.052771694e-03	-2.487751082e-03	
86	8.6000000000e-01	8.6000000000e-01	-1.416359955e-03	-2.055919831e-03	-2.491665905e-03	
87	8.7000000000e-01	8.7000000000e-01	-1.418533901e-03	-2.059030361e-03	-2.495525573e-03	
88	8.8000000000e-01	8.8000000000e-01	-1.420689471e-03	-2.062104655e-03	-2.499332222e-03	
89	8.9000000000e-01	8.9000000000e-01	-1.422827493e-03	-2.065144026e-03	-2.503087871e-03	
90	9.0000000000e-01	9.0000000000e-01	-1.424948812e-03	-2.068149735e-03	-2.506794432e-03	
91	9.1000000000e-01	9.1000000000e-01	-1.427054302e-03	-2.071123004e-03	-2.510453720e-03	
92	9.2000000000e-01	9.2000000000e-01	-1.429144875e-03	-2.074065019e-03	-2.514067460e-03	
93	9.3000000000e-01	9.3000000000e-01	-1.431221491e-03	-2.076976939e-03	-2.517637297e-03	
94	9.4000000000e-01	9.4000000000e-01	-1.433285166e-03	-2.079859909e-03	-2.521164805e-03	
95	9.5000000000e-01	9.5000000000e-01	-1.435336987e-03	-2.082715066e-03	-2.524651498e-03	
96	9.6000000000e-01	9.6000000000e-01	-1.437378118e-03	-2.085543550e-03	-2.528098834e-03	
97	9.7000000000e-01	9.7000000000e-01	-1.439409818e-03	-2.088346513e-03	-2.531508230e-03	
98	9.8000000000e-01	9.8000000000e-01	-1.441433450e-03	-2.091125135e-03	-2.534881066e-03	
99	9.9000000000e-01	9.9000000000e-01	-1.443450491e-03	-2.093880630e-03	-2.538218702e-03	
100	1.0000000000e+00	1.0000000000e+00	-1.445462552e-03	-2.096614265e-03	-2.541522482e-03	
ngspice-46 done
