
Note: No compatibility mode selected!


Circuit: * gate-driver-core-drive-with-uvlo-postlayout @ fs_125c_vlogic2p97v-vdrv3p30v -- generated by sim/harness, do not edit

Doing analysis at TEMP = 125.000000 and TNOM = 27.000000

Using SPARSE 1.3 as Direct Linear Solver

Initial Transient Solution
--------------------------

Node                                   Voltage
----                                   -------
x1_inb__t0                             2.96999
in__t0                             6.61472e-08
gnd_logic__t1376                   4.00552e-09
gnd_logic                                    0
x2_n2__t2                         -4.38696e-07
x2_n1__t3                                  3.3
gnd_drv__t4                        3.11048e-08
gnd_drv                           -9.98759e-08
out__t356                          2.84369e-07
x2_n5__t164                                3.3
gnd_drv__t937                      1.29458e-06
out__t55                          -8.97899e-08
x3_lockout__t110                  -6.98093e-08
gnd_drv__t611                     -1.00202e-07
gnd_drv__t63                      -1.00203e-07
x3_lockout__t96                   -6.95565e-08
out__t557                         -8.98396e-08
out__t511                         -7.68029e-08
x3_lockout__t802                  -9.36346e-08
gnd_drv__t12                      -1.00226e-07
gnd_drv__t447                     -1.00331e-07
x3_lockout__t588                  -9.36446e-08
out__t914                         -7.68797e-08
out__t402                         -7.69564e-08
x3_lockout__t589                  -9.36161e-08
gnd_drv__t983                     -1.00329e-07
gnd_drv__t441                     -1.00327e-07
x3_lockout__t577                  -9.35871e-08
out__t908                         -7.70321e-08
out__t397                         -7.71087e-08
x3_lockout__t578                  -9.35577e-08
gnd_drv__t978                     -1.00325e-07
gnd_drv__t442                     -1.00323e-07
x3_lockout__t579                  -9.35277e-08
out__t909                         -7.71843e-08
out__t398                         -7.72608e-08
x3_lockout__t580                  -9.34973e-08
gnd_drv__t979                     -1.00321e-07
gnd_drv__t443                     -1.00319e-07
x3_lockout__t581                  -9.34662e-08
out__t910                         -7.73362e-08
gnd_drv__t401                      1.28897e-06
x2_n5__t165                                3.3
out__t868                           2.8185e-07
out__t399                         -7.74116e-08
x3_lockout__t582                  -9.34346e-08
gnd_drv__t980                     -1.00317e-07
gnd_drv__t444                     -1.00315e-07
x3_lockout__t583                  -9.34026e-08
out__t911                         -7.74879e-08
out__t400                         -7.75631e-08
x3_lockout__t584                  -9.33699e-08
gnd_drv__t981                     -1.00313e-07
gnd_drv__t440                     -1.00311e-07
x3_lockout__t576                  -9.33368e-08
out__t907                         -7.76383e-08
out__t386                         -7.77144e-08
x3_lockout__t552                  -9.33031e-08
gnd_drv__t967                     -1.00309e-07
gnd_drv__t427                     -1.00307e-07
x3_lockout__t553                  -9.32688e-08
out__t894                         -7.77895e-08
out__t387                         -7.78644e-08
x3_lockout__t554                   -9.3234e-08
gnd_drv__t968                     -1.00305e-07
gnd_drv__t428                     -1.00302e-07
x3_lockout__t555                  -9.31987e-08
out__t895                         -7.79403e-08
out__t388                         -7.80152e-08
x3_lockout__t556                  -9.31627e-08
gnd_drv__t969                       -1.003e-07
gnd_drv__t429                     -1.00299e-07
x3_lockout__t557                  -9.31261e-08
out__t896                           -7.809e-08
out__t357                           2.7942e-07
x2_n5__t166                                3.3
gnd_drv__t938                      1.28341e-06
out__t389                         -7.81647e-08
x3_lockout__t558                   -9.3089e-08
gnd_drv__t970                     -1.00297e-07
gnd_drv__t435                     -1.00295e-07
x3_lockout__t568                  -9.30512e-08
out__t902                         -7.82394e-08
out__t390                          -7.8315e-08
x3_lockout__t560                   -9.3013e-08
gnd_drv__t971                     -1.00293e-07
gnd_drv__t431                     -1.00291e-07
x3_lockout__t561                  -9.29741e-08
out__t898                         -7.83895e-08
out__t391                          -7.8464e-08
x3_lockout__t562                  -9.29346e-08
gnd_drv__t972                     -1.00289e-07
gnd_drv__t432                     -1.00287e-07
x3_lockout__t563                  -9.28945e-08
out__t899                         -7.85384e-08
out__t392                         -7.86127e-08
x3_lockout__t564                  -9.28537e-08
gnd_drv__t973                     -1.00285e-07
gnd_drv__t433                     -1.00283e-07
x3_lockout__t565                  -9.28123e-08
out__t900                          -7.8687e-08
out__t393                         -7.87612e-08
x3_lockout__t566                  -9.27703e-08
gnd_drv__t974                     -1.00281e-07
gnd_drv__t434                     -1.00279e-07
x3_lockout__t567                  -9.27276e-08
out__t901                         -7.88353e-08
gnd_drv__t402                      1.27792e-06
x2_n5__t167                                3.3
out__t869                          2.77042e-07
out__t404                         -7.89094e-08
x3_lockout__t593                  -9.26843e-08
gnd_drv__t985                     -1.00277e-07
gnd_drv__t454                     -1.00275e-07
x3_lockout__t602                  -9.26404e-08
out__t921                         -7.89834e-08
out__t409                         -7.90574e-08
x3_lockout__t603                  -9.25958e-08
gnd_drv__t991                     -1.00273e-07
gnd_drv__t455                     -1.00272e-07
x3_lockout__t604                  -9.25505e-08
out__t922                         -7.91313e-08
out__t410                         -7.92041e-08
x3_lockout__t605                  -9.25045e-08
gnd_drv__t992                      -1.0027e-07
gnd_drv__t456                     -1.00268e-07
x3_lockout__t606                  -9.24579e-08
out__t923                         -7.92779e-08
out__t411                         -7.93516e-08
x3_lockout__t607                  -9.24106e-08
gnd_drv__t993                     -1.00266e-07
gnd_drv__t457                     -1.00264e-07
x3_lockout__t608                  -9.23626e-08
out__t924                         -7.94252e-08
out__t416                         -7.94978e-08
x3_lockout__t618                  -9.23138e-08
gnd_drv__t998                     -1.00262e-07
gnd_drv__t459                     -1.00261e-07
x3_lockout__t610                  -9.22644e-08
out__t926                         -7.95713e-08
out__t372                          2.74715e-07
x2_n5__t193                                3.3
gnd_drv__t953                      1.27249e-06
out__t412                         -7.96447e-08
x3_lockout__t611                  -9.22143e-08
gnd_drv__t994                     -1.00259e-07
gnd_drv__t460                     -1.00257e-07
x3_lockout__t612                  -9.21634e-08
out__t927                         -7.97171e-08
out__t413                         -7.97904e-08
x3_lockout__t613                  -9.21119e-08
gnd_drv__t995                     -1.00255e-07
gnd_drv__t461                     -1.00254e-07
x3_lockout__t614                  -9.20596e-08
out__t928                         -7.98636e-08
out__t414                         -7.99358e-08
x3_lockout__t615                  -9.20065e-08
gnd_drv__t996                     -1.00252e-07
gnd_drv__t462                      -1.0025e-07
x3_lockout__t616                  -9.19527e-08
out__t929                         -8.00089e-08
out__t415                          -8.0081e-08
x3_lockout__t617                  -9.18981e-08
gnd_drv__t997                     -1.00248e-07
gnd_drv__t458                     -1.00247e-07
x3_lockout__t609                  -9.18429e-08
out__t925                         -8.01539e-08
out__t310                         -8.02259e-08
x3_lockout__t551                  -9.17867e-08
gnd_drv__t875                     -1.00245e-07
gnd_drv__t446                     -1.00243e-07
x3_lockout__t586                  -9.17298e-08
out__t913                         -8.02978e-08
gnd_drv__t418                      1.26721e-06
x2_n5__t203                                3.3
out__t885                          2.72468e-07
out__t401                         -8.03705e-08
x3_lockout__t587                  -9.16722e-08
gnd_drv__t982                     -1.00242e-07
gnd_drv__t532                      -1.0024e-07
x3_lockout__t750                  -9.16138e-08
out__t994                         -8.04423e-08
out__t484                         -8.05139e-08
x3_lockout__t751                  -9.15545e-08
gnd_drv__t1073                    -1.00238e-07
gnd_drv__t531                     -1.00237e-07
x3_lockout__t749                  -9.14945e-08
out__t993                         -8.05865e-08
out__t483                          -8.0658e-08
x3_lockout__t748                  -9.14336e-08
gnd_drv__t1072                    -1.00235e-07
gnd_drv__t448                     -1.00234e-07
x3_lockout__t590                  -9.13719e-08
out__t915                         -8.07295e-08
out__t403                         -8.08009e-08
x3_lockout__t591                  -9.13094e-08
gnd_drv__t984                     -1.00232e-07
gnd_drv__t449                      -1.0023e-07
x3_lockout__t592                  -9.12461e-08
out__t916                         -8.08732e-08
out__t408                         -8.09445e-08
x3_lockout__t601                   -9.1182e-08
gnd_drv__t990                     -1.00229e-07
gnd_drv__t450                     -1.00227e-07
x3_lockout__t594                  -9.11169e-08
out__t917                         -8.10157e-08
out__t366                          2.70233e-07
x2_n5__t182                                3.3
gnd_drv__t947                      1.26199e-06
out__t405                         -8.10869e-08
x3_lockout__t595                   -9.1051e-08
gnd_drv__t986                     -1.00226e-07
gnd_drv__t451                     -1.00224e-07
x3_lockout__t596                  -9.09842e-08
out__t918                          -8.1158e-08
out__t462                          -8.1229e-08
x3_lockout__t707                  -9.09166e-08
gnd_drv__t1044                    -1.00223e-07
gnd_drv__t452                     -1.00221e-07
x3_lockout__t597                  -9.08481e-08
out__t919                         -8.12999e-08
out__t406                         -8.13699e-08
x3_lockout__t598                  -9.07785e-08
gnd_drv__t988                      -1.0022e-07
gnd_drv__t453                     -1.00218e-07
x3_lockout__t599                  -9.07082e-08
out__t920                         -8.14407e-08
out__t407                         -8.15114e-08
x3_lockout__t600                   -9.0637e-08
gnd_drv__t989                     -1.00217e-07
gnd_drv__t430                     -1.00215e-07
x3_lockout__t559                  -9.05649e-08
out__t897                         -8.15821e-08
out__t487                         -8.16527e-08
x3_lockout__t758                  -9.04918e-08
gnd_drv__t1076                    -1.00214e-07
gnd_drv__t537                     -1.00213e-07
x3_lockout__t759                  -9.04178e-08
out__t999                         -8.17224e-08
gnd_drv__t409                      1.25681e-06
x2_n5__t183                                3.3
out__t876                          2.68072e-07
out__t488                         -8.17928e-08
x3_lockout__t760                  -9.03429e-08
gnd_drv__t1077                    -1.00211e-07
gnd_drv__t538                      -1.0021e-07
x3_lockout__t761                  -9.02671e-08
out__t1000                        -8.18632e-08
out__t489                         -8.19327e-08
x3_lockout__t762                  -9.01902e-08
gnd_drv__t1078                    -1.00209e-07
gnd_drv__t539                     -1.00207e-07
x3_lockout__t763                  -9.01124e-08
out__t1001                        -8.20029e-08
out__t490                         -8.20722e-08
x3_lockout__t764                  -9.00336e-08
gnd_drv__t1079                    -1.00206e-07
gnd_drv__t544                     -1.00205e-07
x3_lockout__t774                  -8.99539e-08
out__t1006                        -8.21424e-08
out__t492                         -8.22115e-08
x3_lockout__t766                  -8.98731e-08
gnd_drv__t1081                    -1.00203e-07
gnd_drv__t540                     -1.00202e-07
x3_lockout__t767                  -8.97914e-08
out__t1002                        -8.22806e-08
out__t493                         -8.23506e-08
x3_lockout__t768                  -8.97087e-08
gnd_drv__t1082                    -1.00201e-07
gnd_drv__t541                     -1.00199e-07
x3_lockout__t769                   -8.9625e-08
out__t1003                        -8.24195e-08
out__t367                           2.6595e-07
x2_n5__t184                                3.3
gnd_drv__t948                      1.25167e-06
out__t494                         -8.24884e-08
x3_lockout__t770                  -8.95401e-08
gnd_drv__t1083                    -1.00198e-07
gnd_drv__t542                     -1.00197e-07
x3_lockout__t771                  -8.94543e-08
out__t1004                        -8.25573e-08
out__t495                         -8.26269e-08
x3_lockout__t772                  -8.93676e-08
gnd_drv__t1084                    -1.00196e-07
gnd_drv__t543                     -1.00195e-07
x3_lockout__t773                  -8.92797e-08
out__t1005                        -8.26956e-08
out__t491                         -8.27642e-08
x3_lockout__t765                  -8.91908e-08
gnd_drv__t1080                    -1.00193e-07
gnd_drv__t535                     -1.00192e-07
x3_lockout__t756                  -8.91008e-08
out__t997                         -8.28328e-08
out__t486                         -8.29013e-08
x3_lockout__t755                  -8.90097e-08
gnd_drv__t1075                    -1.00191e-07
gnd_drv__t534                      -1.0019e-07
x3_lockout__t754                  -8.89176e-08
out__t996                         -8.29697e-08
out__t485                         -8.30372e-08
x3_lockout__t753                  -8.88243e-08
gnd_drv__t1074                    -1.00189e-07
gnd_drv__t533                     -1.00188e-07
x3_lockout__t752                    -8.873e-08
out__t995                         -8.31054e-08
gnd_drv__t406                      1.24657e-06
x2_n5__t176                                3.3
out__t873                          2.63865e-07
out__t396                         -8.31737e-08
x3_lockout__t575                  -8.86346e-08
gnd_drv__t977                     -1.00187e-07
gnd_drv__t445                     -1.00186e-07
x3_lockout__t585                  -8.85381e-08
out__t912                         -8.32418e-08
out__t474                          -8.3309e-08
x3_lockout__t733                  -8.84403e-08
gnd_drv__t1063                    -1.00185e-07
gnd_drv__t525                     -1.00184e-07
x3_lockout__t735                  -8.83416e-08
out__t987                          -8.3377e-08
out__t478                         -8.34441e-08
x3_lockout__t740                  -8.82417e-08
gnd_drv__t1067                    -1.00183e-07
gnd_drv__t524                     -1.00182e-07
x3_lockout__t732                  -8.81406e-08
out__t986                          -8.3512e-08
out__t475                         -8.35789e-08
x3_lockout__t734                  -8.80384e-08
gnd_drv__t1064                    -1.00181e-07
gnd_drv__t526                      -1.0018e-07
x3_lockout__t736                   -8.7935e-08
out__t988                         -8.36466e-08
out__t476                         -8.37134e-08
x3_lockout__t737                  -8.78304e-08
gnd_drv__t1065                    -1.00179e-07
gnd_drv__t527                     -1.00178e-07
x3_lockout__t738                  -8.77246e-08
out__t989                         -8.37801e-08
x2_n3__t1                                  3.3
x2_n2__t0                         -1.05391e-06
gnd_drv__t0                       -2.65276e-06
out__t351                          2.61845e-07
x2_n5__t152                                3.3
gnd_drv__t932                      1.24161e-06
out__t477                         -8.38477e-08
x3_lockout__t739                  -8.76178e-08
gnd_drv__t1066                    -1.00177e-07
gnd_drv__t520                     -1.00177e-07
x3_lockout__t725                  -8.75097e-08
out__t982                         -8.39143e-08
x3_uvlo_ok__t1                         3.29984
x3_lockout__t2                     1.39411e-08
gnd_drv__t8                       -9.31768e-08
x3_nref__t0                           0.532337
x3_nref__t1                           0.532602
gnd_drv__t7                        8.43947e-06
x3_ntail__t2                          0.109425
x3_nref__t3                           0.532602
gnd_drv__t15                       1.24779e-05
x3_ncompn__t1                          3.27969
x3_nref__t2                           0.532602
x3_ntail__t0                          0.111014
x3_ncompp__t0                          2.40182
x3_ndiv__t0                           0.638132
x3_ntail__t1                          0.110822
gnd_drv__t394                      1.23667e-06
x2_n5__t153                                3.3
out__t861                          2.59856e-07
out__t352                          2.57896e-07
x2_n5__t154                                3.3
gnd_drv__t933                      1.23177e-06
gnd_drv__t395                      1.22689e-06
x2_n5__t155                                3.3
out__t862                          2.55962e-07
out__t353                          2.54084e-07
x2_n5__t156                                3.3
gnd_drv__t934                      1.22213e-06
gnd_drv__t398                      1.21729e-06
x2_n5__t160                                3.3
out__t865                          2.52196e-07
out__t354                          2.50358e-07
x2_n5__t157                                3.3
gnd_drv__t935                      1.21257e-06
gnd_drv__t424                      1.20796e-06
x2_n5__t214                                3.3
out__t891                           2.4857e-07
out__t383                          2.46765e-07
x2_n5__t215                                3.3
gnd_drv__t964                      1.20326e-06
gnd_drv__t425                      1.19867e-06
x2_n5__t216                                3.3
out__t892                          2.45006e-07
x2_n4__t185                       -9.14057e-06
x2_n3__t5                                  3.3
gnd_drv__t5                       -4.63847e-08
out__t380                          2.43259e-07
x2_n5__t209                                3.3
gnd_drv__t961                      1.19409e-06
gnd_drv__t423                       1.1895e-06
x2_n5__t212                                3.3
out__t890                          2.41553e-07
out__t382                          2.39857e-07
x2_n5__t213                                3.3
gnd_drv__t963                      1.18492e-06
gnd_drv__t426                      1.18044e-06
x2_n5__t217                                3.3
out__t893                          2.38166e-07
out__t381                          2.36482e-07
x2_n5__t210                                3.3
gnd_drv__t962                      1.17595e-06
gnd_drv__t411                      1.17146e-06
x2_n5__t186                                3.3
out__t878                          2.34834e-07
out__t368                          2.33189e-07
x2_n5__t187                                3.3
gnd_drv__t949                      1.16696e-06
gnd_drv__t419                      1.16256e-06
x2_n5__t204                                3.3
out__t886                          2.31545e-07
out__t378                          2.29935e-07
x2_n5__t205                                3.3
gnd_drv__t959                      1.15815e-06
gnd_drv__t420                      1.15373e-06
x2_n5__t206                                3.3
out__t887                          2.28325e-07
gnd_drv__t1052                    -5.79582e-08
x2_n3__t6                                  3.3
x2_n4__t184                       -9.12287e-06
out__t379                          2.26713e-07
x2_n5__t207                                3.3
gnd_drv__t960                      1.14939e-06
gnd_drv__t421                      1.14505e-06
x2_n5__t208                                3.3
out__t888                          2.25132e-07
out__t385                          2.23515e-07
x2_n5__t219                                3.3
gnd_drv__t966                      1.14069e-06
gnd_drv__t422                      1.13631e-06
x2_n5__t211                                3.3
out__t889                           2.2196e-07
out__t384                          2.20402e-07
x2_n5__t218                                3.3
gnd_drv__t965                      1.13203e-06
gnd_drv__t9                        1.11852e-06
x2_n5__t1                                  3.3
out__t0                            2.18809e-07
out__t314                          4.40605e-07
x2_n5__t79                                 3.3
gnd_drv__t886                      1.74222e-06
gnd_drv__t294                      1.73501e-06
x2_n5__t8                                  3.3
out__t788                          4.38041e-07
out__t278                          4.35541e-07
x2_n5__t7                                  3.3
gnd_drv__t834                      1.72783e-06
gnd_drv__t293                      1.72079e-06
x2_n5__t6                                  3.3
out__t787                          4.33075e-07
x2_n4__t177                       -9.10074e-06
x2_n3__t8                                  3.3
gnd_drv__t1051                    -6.39695e-08
out__t277                          4.30616e-07
x2_n5__t5                                  3.3
gnd_drv__t833                      1.71367e-06
gnd_drv__t292                       1.7067e-06
x2_n5__t4                                  3.3
out__t786                          4.28228e-07
out__t276                          4.25881e-07
x2_n5__t3                                  3.3
gnd_drv__t832                      1.69977e-06
gnd_drv__t291                      1.69288e-06
x2_n5__t2                                  3.3
out__t785                          4.23579e-07
out__t290                          4.21325e-07
x2_n5__t31                                 3.3
gnd_drv__t846                      1.68605e-06
gnd_drv__t305                      1.67926e-06
x2_n5__t30                                 3.3
out__t799                           4.1912e-07
out__t289                          4.16998e-07
x2_n5__t29                                 3.3
gnd_drv__t845                      1.67254e-06
gnd_drv__t304                      1.66588e-06
x2_n5__t28                                 3.3
out__t798                          4.14901e-07
out__t302                           4.1286e-07
x2_n5__t54                                 3.3
gnd_drv__t858                      1.65928e-06
gnd_drv__t316                      1.65275e-06
x2_n5__t53                                 3.3
out__t810                           4.1091e-07
gnd_drv__t512                     -6.96433e-08
x2_n3__t9                                  3.3
x2_n4__t186                       -9.07484e-06
out__t301                          4.08991e-07
x2_n5__t52                                 3.3
gnd_drv__t857                       1.6464e-06
gnd_drv__t310                      1.64002e-06
x2_n5__t42                                 3.3
out__t804                          4.07168e-07
out__t282                          4.05379e-07
x2_n5__t16                                 3.3
gnd_drv__t838                      1.63382e-06
gnd_drv__t298                      1.62771e-06
x2_n5__t15                                 3.3
out__t792                           4.0369e-07
out__t281                           4.0207e-07
x2_n5__t14                                 3.3
gnd_drv__t837                      1.62168e-06
gnd_drv__t297                      1.61564e-06
x2_n5__t13                                 3.3
out__t791                          4.00522e-07
out__t280                          3.99046e-07
x2_n5__t12                                 3.3
gnd_drv__t836                       1.6098e-06
gnd_drv__t296                      1.60415e-06
x2_n5__t11                                 3.3
out__t790                          3.97643e-07
out__t279                          3.96314e-07
x2_n5__t10                                 3.3
gnd_drv__t835                       1.5985e-06
gnd_drv__t295                      1.59294e-06
x2_n5__t9                                  3.3
out__t789                          3.95089e-07
x2_n4__t178                       -9.04475e-06
x2_n3__t10                                 3.3
gnd_drv__t1053                    -7.49317e-08
out__t283                          3.93905e-07
x2_n5__t17                                 3.3
gnd_drv__t839                      1.58759e-06
gnd_drv__t302                      1.58223e-06
x2_n5__t25                                 3.3
out__t796                          3.92793e-07
out__t292                          3.91779e-07
x2_n5__t33                                 3.3
gnd_drv__t848                      1.57707e-06
gnd_drv__t322                        1.572e-06
x2_n5__t65                                 3.3
out__t816                           3.9083e-07
out__t291                          3.89911e-07
x2_n5__t32                                 3.3
gnd_drv__t847                      1.56693e-06
gnd_drv__t299                      1.56203e-06
x2_n5__t19                                 3.3
out__t793                          3.89078e-07
out__t284                          3.88293e-07
x2_n5__t18                                 3.3
gnd_drv__t840                      1.55722e-06
gnd_drv__t328                      1.55258e-06
x2_n5__t69                                 3.3
out__t819                          3.87546e-07
out__t316                          3.86829e-07
x2_n5__t82                                 3.3
gnd_drv__t888                      1.54789e-06
gnd_drv__t350                      1.54326e-06
x2_n5__t81                                 3.3
out__t825                          3.86161e-07
gnd_drv__t513                     -7.97996e-08
x2_n3__t11                                 3.3
x2_n4__t187                       -9.01019e-06
out__t315                          3.85462e-07
x2_n5__t80                                 3.3
gnd_drv__t887                      1.53875e-06
gnd_drv__t349                      1.53425e-06
x2_n5__t78                                 3.3
out__t824                          3.84784e-07
out__t286                          3.84043e-07
x2_n5__t22                                 3.3
gnd_drv__t842                      1.52965e-06
gnd_drv__t300                      1.52512e-06
x2_n5__t21                                 3.3
out__t794                          3.83283e-07
out__t285                          3.82453e-07
x2_n5__t20                                 3.3
gnd_drv__t841                      1.52053e-06
gnd_drv__t303                      1.51596e-06
x2_n5__t27                                 3.3
out__t797                          3.81527e-07
out__t288                          3.80488e-07
x2_n5__t26                                 3.3
gnd_drv__t844                      1.51118e-06
gnd_drv__t323                      1.50627e-06
x2_n5__t67                                 3.3
out__t817                           3.7931e-07
out__t308                          3.77971e-07
x2_n5__t66                                 3.3
gnd_drv__t864                       1.5013e-06
gnd_drv__t306                      1.49605e-06
x2_n5__t34                                 3.3
out__t800                          3.76487e-07
x2_n4__t179                       -8.97098e-06
x2_n3__t12                                 3.3
gnd_drv__t1054                    -8.42165e-08
out__t287                          3.74777e-07
x2_n5__t24                                 3.3
gnd_drv__t843                      1.49069e-06
gnd_drv__t301                      1.48512e-06
x2_n5__t23                                 3.3
out__t795                          3.72894e-07
out__t361                          3.70801e-07
x2_n5__t174                                3.3
gnd_drv__t942                      1.47932e-06
gnd_drv__t405                      1.47329e-06
x2_n5__t173                                3.3
out__t872                          3.68463e-07
out__t360                           3.6595e-07
x2_n5__t172                                3.3
gnd_drv__t941                      1.46714e-06
gnd_drv__t404                      1.46068e-06
x2_n5__t171                                3.3
out__t871                          3.63275e-07
out__t359                          3.60386e-07
x2_n5__t170                                3.3
gnd_drv__t940                      1.45413e-06
gnd_drv__t403                       1.4474e-06
x2_n5__t169                                3.3
out__t870                          3.57335e-07
out__t322                          3.54177e-07
x2_n5__t91                                 3.3
gnd_drv__t903                      1.44053e-06
gnd_drv__t314                      1.43353e-06
x2_n5__t50                                 3.3
out__t808                          3.50902e-07
gnd_drv__t514                     -8.81533e-08
x2_n3__t13                                 3.3
x2_n4__t188                       -8.92698e-06
out__t300                          3.47534e-07
x2_n5__t49                                 3.3
gnd_drv__t856                      1.42644e-06
gnd_drv__t380                      2.13057e-06
x2_n5__t129                                3.3
out__t847                          5.89064e-07
out__t342                          5.86599e-07
x2_n5__t130                                3.3
gnd_drv__t923                      2.12416e-06
gnd_drv__t381                      2.11772e-06
x2_n5__t131                                3.3
out__t848                          5.84149e-07
out__t343                          5.81683e-07
x2_n5__t132                                3.3
gnd_drv__t924                      2.11124e-06
gnd_drv__t382                      2.10473e-06
x2_n5__t133                                3.3
out__t849                            5.792e-07
out__t365                          5.76701e-07
x2_n5__t181                                3.3
gnd_drv__t946                      2.09818e-06
gnd_drv__t408                       2.0916e-06
x2_n5__t180                                3.3
out__t875                          5.74185e-07
out__t364                          5.71653e-07
x2_n5__t179                                3.3
gnd_drv__t945                      2.08498e-06
gnd_drv__t407                      2.07843e-06
x2_n5__t178                                3.3
out__t874                          5.69136e-07
x1_na__t0                              2.14455
in__t2                            -1.51675e-10
gnd_logic__t1377                   9.46582e-09
x2_n4__t180                        -8.8781e-06
x2_n3__t14                                 3.3
gnd_drv__t1055                    -9.15761e-08
out__t362                          5.66572e-07
x2_n5__t175                                3.3
gnd_drv__t943                      2.07174e-06
gnd_drv__t389                      2.06501e-06
x2_n5__t143                                3.3
out__t856                          5.63992e-07
out__t347                          5.61395e-07
x2_n5__t144                                3.3
gnd_drv__t928                      2.05835e-06
gnd_drv__t390                      2.05156e-06
x2_n5__t145                                3.3
out__t857                          5.58782e-07
out__t348                          5.56186e-07
x2_n5__t146                                3.3
gnd_drv__t929                      2.04483e-06
gnd_drv__t391                      2.03797e-06
x2_n5__t147                                3.3
out__t858                          5.53542e-07
out__t349                          5.50883e-07
x2_n5__t148                                3.3
gnd_drv__t930                      2.03117e-06
gnd_drv__t392                      2.02423e-06
x2_n5__t149                                3.3
out__t859                          5.48241e-07
out__t350                          5.45552e-07
x2_n5__t150                                3.3
gnd_drv__t931                      2.01737e-06
gnd_drv__t388                      2.01046e-06
x2_n5__t142                                3.3
out__t855                          5.42881e-07
gnd_drv__t515                      -9.4444e-08
x2_n3__t15                                 3.3
x2_n4__t189                       -8.82421e-06
out__t336                          5.40195e-07
x2_n5__t118                                3.3
gnd_drv__t917                      2.00353e-06
gnd_drv__t375                      1.99656e-06
x2_n5__t119                                3.3
out__t842                          5.37463e-07
out__t337                          5.34751e-07
x2_n5__t120                                3.3
gnd_drv__t918                      1.98946e-06
gnd_drv__t376                      1.98243e-06
x2_n5__t121                                3.3
out__t843                          5.31993e-07
out__t338                          5.29254e-07
x2_n5__t122                                3.3
gnd_drv__t919                      1.97536e-06
gnd_drv__t377                      1.96836e-06
x2_n5__t123                                3.3
out__t844                          5.26503e-07
out__t339                          5.23741e-07
x2_n5__t124                                3.3
gnd_drv__t920                      1.96123e-06
gnd_drv__t383                      1.95408e-06
x2_n5__t134                                3.3
out__t850                          5.20968e-07
out__t363                          5.18184e-07
x2_n5__t177                                3.3
gnd_drv__t944                      1.94689e-06
gnd_drv__t410                      1.93977e-06
x2_n5__t185                                3.3
out__t877                          5.15391e-07
x2_n4__t181                       -8.76518e-06
x2_n3__t16                                 3.3
gnd_drv__t1056                    -9.67038e-08
out__t344                          5.12589e-07
x2_n5__t136                                3.3
gnd_drv__t925                      1.93253e-06
gnd_drv__t385                      1.92526e-06
x2_n5__t137                                3.3
out__t852                          5.09778e-07
out__t345                           5.0696e-07
x2_n5__t138                                3.3
gnd_drv__t926                      1.91806e-06
gnd_drv__t386                      1.91074e-06
x2_n5__t139                                3.3
out__t853                          5.04135e-07
out__t369                          5.01304e-07
x2_n5__t188                                3.3
gnd_drv__t950                      1.90349e-06
gnd_drv__t412                      1.89622e-06
x2_n5__t189                                3.3
out__t879                          4.98469e-07
out__t307                           4.9566e-07
x2_n5__t64                                 3.3
gnd_drv__t863                      1.88893e-06
gnd_drv__t321                      1.88152e-06
x2_n5__t63                                 3.3
out__t815                          4.92818e-07
out__t306                          4.90005e-07
x2_n5__t62                                 3.3
gnd_drv__t862                      1.87419e-06
gnd_drv__t320                      1.86684e-06
x2_n5__t61                                 3.3
out__t814                           4.8716e-07
gnd_drv__t516                     -9.82905e-08
x2_n3__t17                                 3.3
x2_n4__t190                        -8.7008e-06
out__t305                          4.84347e-07
x2_n5__t60                                 3.3
gnd_drv__t861                      1.85948e-06
gnd_drv__t324                       1.8521e-06
x2_n5__t68                                 3.3
out__t818                          4.81504e-07
out__t304                          4.78695e-07
x2_n5__t58                                 3.3
gnd_drv__t860                      1.84481e-06
gnd_drv__t318                      1.83741e-06
x2_n5__t57                                 3.3
out__t812                           4.7586e-07
out__t303                          4.73062e-07
x2_n5__t56                                 3.3
gnd_drv__t859                         1.83e-06
gnd_drv__t319                      1.82269e-06
x2_n5__t59                                 3.3
out__t813                          4.70271e-07
out__t293                          4.67489e-07
x2_n5__t35                                 3.3
gnd_drv__t849                      1.81526e-06
gnd_drv__t348                      1.80794e-06
x2_n5__t77                                 3.3
out__t823                          4.64717e-07
out__t313                          4.61958e-07
x2_n5__t76                                 3.3
gnd_drv__t885                      1.80052e-06
gnd_drv__t347                      1.79319e-06
x2_n5__t75                                 3.3
out__t822                          4.59212e-07
x2_n4__t182                       -8.63085e-06
x2_n3__t18                                 3.3
gnd_drv__t1057                    -9.91291e-08
out__t317                          4.56482e-07
x2_n5__t83                                 3.3
gnd_drv__t889                      1.78588e-06
gnd_drv__t345                      1.77847e-06
x2_n5__t74                                 3.3
out__t821                           4.5377e-07
out__t312                          4.51078e-07
x2_n5__t73                                 3.3
gnd_drv__t884                      1.77117e-06
gnd_drv__t344                      1.76388e-06
x2_n5__t72                                 3.3
out__t820                          4.48437e-07
out__t311                           4.4579e-07
x2_n5__t71                                 3.3
gnd_drv__t883                      1.75661e-06
gnd_drv__t317                      1.74945e-06
x2_n5__t55                                 3.3
out__t811                          4.43167e-07
out__t510                          7.03189e-07
x2_n5__t220                            3.29999
gnd_drv__t11                       2.41618e-06
gnd_drv__t368                      2.44037e-06
x2_n5__t105                            3.29999
out__t835                          7.01631e-07
out__t330                          6.99814e-07
x2_n5__t106                            3.29999
gnd_drv__t911                      2.43514e-06
gnd_drv__t369                       2.4299e-06
x2_n5__t107                            3.29999
out__t836                           6.9796e-07
gnd_drv__t6                       -9.53447e-08
x2_n3__t7                                  3.3
x2_n4__t183                       -8.55461e-06
out__t335                           6.9613e-07
x2_n5__t117                            3.29999
gnd_drv__t916                      2.42464e-06
gnd_drv__t371                      2.41936e-06
x2_n5__t109                            3.29999
out__t838                          6.94261e-07
out__t331                          6.92417e-07
x2_n5__t110                            3.29999
gnd_drv__t912                      2.41407e-06
gnd_drv__t372                      2.40876e-06
x2_n5__t111                            3.29999
out__t839                          6.90534e-07
out__t332                          6.88674e-07
x2_n5__t112                            3.29999
gnd_drv__t913                      2.40343e-06
gnd_drv__t373                      2.39809e-06
x2_n5__t113                            3.29999
out__t840                          6.86776e-07
out__t333                            6.849e-07
x2_n5__t114                            3.29999
gnd_drv__t914                      2.39272e-06
gnd_drv__t374                      2.38734e-06
x2_n5__t115                            3.29999
out__t841                          6.83017e-07
out__t334                          6.81093e-07
x2_n5__t116                            3.29999
gnd_drv__t915                      2.38204e-06
gnd_drv__t370                      2.37662e-06
x2_n5__t108                            3.29999
out__t837                          6.79192e-07
x2_n5__t747                            3.29981
x2_n4__t54                         0.000118105
gnd_drv__t13                      -4.84424e-06
out__t318                          6.77283e-07
x2_n5__t84                             3.29999
gnd_drv__t899                      2.37118e-06
gnd_drv__t359                      2.36572e-06
x2_n5__t85                             3.29999
out__t826                          6.75333e-07
out__t319                          6.73404e-07
x2_n5__t86                             3.29999
gnd_drv__t900                      2.36034e-06
gnd_drv__t360                      2.35483e-06
x2_n5__t87                             3.29999
out__t827                          6.71467e-07
out__t320                           6.6952e-07
x2_n5__t88                             3.29999
gnd_drv__t901                      2.34931e-06
gnd_drv__t361                      2.34387e-06
x2_n5__t89                             3.29999
out__t828                          6.67531e-07
out__t321                          6.65563e-07
x2_n5__t90                                 3.3
gnd_drv__t902                       2.3383e-06
gnd_drv__t365                      2.33281e-06
x2_n5__t100                                3.3
out__t832                          6.63585e-07
out__t323                          6.61597e-07
x2_n5__t92                                 3.3
gnd_drv__t904                       2.3272e-06
gnd_drv__t362                      2.32166e-06
x2_n5__t93                                 3.3
out__t829                          6.59598e-07
gnd_drv__t327                      -5.0042e-06
x2_n4__t6                          0.000117634
x2_n5__t750                            3.29981
out__t324                          6.57587e-07
x2_n5__t94                                 3.3
gnd_drv__t905                       2.3161e-06
gnd_drv__t363                      2.31042e-06
x2_n5__t95                                 3.3
out__t830                          6.55566e-07
out__t325                          6.53533e-07
x2_n5__t96                                 3.3
gnd_drv__t906                      2.30481e-06
gnd_drv__t378                      2.29918e-06
x2_n5__t125                                3.3
out__t845                          6.51488e-07
out__t371                          6.49432e-07
x2_n5__t191                                3.3
gnd_drv__t952                      2.29342e-06
gnd_drv__t413                      2.28774e-06
x2_n5__t192                                3.3
out__t880                          6.47363e-07
out__t377                          6.45282e-07
x2_n5__t202                                3.3
gnd_drv__t958                      2.28203e-06
gnd_drv__t414                      2.27629e-06
x2_n5__t194                                3.3
out__t881                          6.43188e-07
out__t373                          6.41082e-07
x2_n5__t195                                3.3
gnd_drv__t954                      2.27053e-06
gnd_drv__t415                      2.26474e-06
x2_n5__t196                                3.3
out__t882                          6.38963e-07
x2_n5__t723                            3.29981
x2_n4__t5                          0.000117123
gnd_drv__t867                     -5.04076e-06
out__t374                          6.36862e-07
x2_n5__t197                                3.3
gnd_drv__t955                      2.25892e-06
gnd_drv__t416                      2.25308e-06
x2_n5__t198                                3.3
out__t883                          6.34716e-07
out__t375                          6.32557e-07
x2_n5__t199                                3.3
gnd_drv__t956                       2.2472e-06
gnd_drv__t417                       2.2413e-06
x2_n5__t200                                3.3
out__t884                          6.30384e-07
out__t376                          6.28228e-07
x2_n5__t201                                3.3
gnd_drv__t957                      2.23537e-06
gnd_drv__t397                      2.22941e-06
x2_n5__t159                                3.3
out__t864                          6.26027e-07
out__t328                          6.23811e-07
x2_n5__t101                                3.3
gnd_drv__t909                      2.22342e-06
gnd_drv__t366                       2.2174e-06
x2_n5__t102                                3.3
out__t833                          6.21613e-07
out__t329                          6.19368e-07
x2_n5__t103                                3.3
gnd_drv__t910                      2.21145e-06
gnd_drv__t367                      2.20537e-06
x2_n5__t104                                3.3
out__t834                           6.1714e-07
gnd_drv__t326                     -5.07795e-06
x2_n4__t4                          0.000116553
x2_n5__t749                            3.29981
out__t327                          6.14865e-07
x2_n5__t99                                 3.3
gnd_drv__t908                      2.19926e-06
gnd_drv__t384                      2.19321e-06
x2_n5__t135                                3.3
out__t851                          6.12607e-07
out__t370                          6.10302e-07
x2_n5__t190                                3.3
gnd_drv__t951                      2.18704e-06
gnd_drv__t364                      2.18093e-06
x2_n5__t97                                 3.3
out__t831                          6.08012e-07
out__t326                          6.05676e-07
x2_n5__t98                                 3.3
gnd_drv__t907                      2.17469e-06
gnd_drv__t387                      2.16851e-06
x2_n5__t141                                3.3
out__t854                          6.03356e-07
out__t346                          6.01019e-07
x2_n5__t140                                3.3
gnd_drv__t927                      2.16221e-06
gnd_drv__t379                      2.15597e-06
x2_n5__t127                                3.3
out__t846                          5.98635e-07
out__t341                          5.96267e-07
x2_n5__t128                                3.3
gnd_drv__t922                       2.1497e-06
gnd_drv__t393                      2.14339e-06
x2_n5__t151                                3.3
out__t860                          5.93882e-07
x1_nb__t1                          1.40679e-09
x1_inb__t2                                2.97
gnd_logic__t1378                   8.59092e-09
x2_n5__t722                            3.29981
x2_n4__t3                          0.000115921
gnd_drv__t866                     -5.11595e-06
out__t340                          5.91481e-07
x2_n5__t126                                3.3
gnd_drv__t921                      2.13695e-06
x3_lockout__t803                  -1.92887e-07
x3_ncompn__t3                          3.28004
gnd_drv__t14                      -9.71441e-08
out__t259                         -6.85493e-08
x3_lockout__t517                  -8.66857e-08
gnd_drv__t815                     -1.00499e-07
gnd_drv__t289                       -1.005e-07
x3_lockout__t548                  -8.67795e-08
out__t783                         -6.84624e-08
out__t273                         -6.83755e-08
x3_lockout__t544                  -8.68721e-08
gnd_drv__t829                     -1.00501e-07
gnd_drv__t287                     -1.00502e-07
x3_lockout__t546                  -8.69637e-08
out__t781                         -6.82885e-08
out__t274                         -6.82015e-08
x3_lockout__t545                  -8.70542e-08
gnd_drv__t830                     -1.00503e-07
gnd_drv__t288                     -1.00504e-07
x3_lockout__t547                  -8.71436e-08
out__t782                         -6.81145e-08
out__t271                         -6.80274e-08
x3_lockout__t540                   -8.7232e-08
gnd_drv__t827                     -1.00506e-07
gnd_drv__t290                     -1.00507e-07
x3_lockout__t549                  -8.73192e-08
out__t784                         -6.79403e-08
gnd_drv__t325                     -5.15441e-06
x2_n4__t2                          0.000115227
x2_n5__t748                            3.29981
out__t258                         -6.78532e-08
x3_lockout__t514                  -8.74055e-08
gnd_drv__t814                     -1.00508e-07
gnd_drv__t272                     -1.00509e-07
x3_lockout__t515                  -8.74906e-08
out__t766                          -6.7766e-08
out__t260                         -6.76789e-08
x3_lockout__t518                  -8.75748e-08
gnd_drv__t816                      -1.0051e-07
gnd_drv__t286                     -1.00511e-07
x3_lockout__t543                  -8.76579e-08
out__t780                         -6.75917e-08
out__t236                         -6.75044e-08
x3_lockout__t470                    -8.774e-08
gnd_drv__t792                     -1.00512e-07
gnd_drv__t191                     -1.00514e-07
x3_lockout__t352                  -8.78211e-08
out__t685                         -6.74171e-08
out__t177                         -6.73299e-08
x3_lockout__t353                  -8.79011e-08
gnd_drv__t733                     -1.00515e-07
gnd_drv__t192                     -1.00516e-07
x3_lockout__t354                  -8.79802e-08
out__t686                         -6.72425e-08
out__t178                         -6.71552e-08
x3_lockout__t355                  -8.80583e-08
gnd_drv__t734                     -1.00518e-07
gnd_drv__t193                     -1.00519e-07
x3_lockout__t356                  -8.81354e-08
out__t687                         -6.70678e-08
x2_n5__t721                            3.29981
x2_n4__t1                          0.000114471
gnd_drv__t865                     -5.19348e-06
out__t179                         -6.69804e-08
x3_lockout__t357                  -8.82116e-08
gnd_drv__t735                      -1.0052e-07
gnd_drv__t194                     -1.00522e-07
x3_lockout__t358                  -8.82867e-08
out__t688                         -6.68929e-08
out__t180                         -6.68054e-08
x3_lockout__t359                  -8.83609e-08
gnd_drv__t736                     -1.00523e-07
gnd_drv__t199                     -1.00525e-07
x3_lockout__t369                  -8.84341e-08
out__t693                         -6.67168e-08
out__t182                         -6.66293e-08
x3_lockout__t361                  -8.85064e-08
gnd_drv__t738                     -1.00526e-07
gnd_drv__t195                     -1.00528e-07
x3_lockout__t362                  -8.85778e-08
out__t689                         -6.65417e-08
out__t183                         -6.64541e-08
x3_lockout__t363                  -8.86482e-08
gnd_drv__t739                     -1.00529e-07
gnd_drv__t196                     -1.00531e-07
x3_lockout__t364                  -8.87178e-08
out__t690                         -6.63665e-08
out__t184                         -6.62788e-08
x3_lockout__t365                  -8.87864e-08
gnd_drv__t740                     -1.00532e-07
gnd_drv__t197                     -1.00534e-07
x3_lockout__t366                  -8.88542e-08
out__t691                         -6.61911e-08
gnd_drv__t337                     -5.23316e-06
x2_n4__t22                         0.000113652
x2_n5__t759                            3.29982
out__t185                         -6.61023e-08
x3_lockout__t367                  -8.89209e-08
gnd_drv__t741                     -1.00535e-07
gnd_drv__t198                     -1.00537e-07
x3_lockout__t368                  -8.89868e-08
out__t692                         -6.60145e-08
out__t181                         -6.59268e-08
x3_lockout__t360                  -8.90519e-08
gnd_drv__t737                     -1.00538e-07
gnd_drv__t182                      -1.0054e-07
x3_lockout__t334                  -8.91161e-08
out__t676                         -6.58389e-08
out__t168                         -6.57511e-08
x3_lockout__t335                  -8.91794e-08
gnd_drv__t724                     -1.00542e-07
gnd_drv__t183                     -1.00543e-07
x3_lockout__t336                  -8.92419e-08
out__t677                         -6.56632e-08
out__t169                         -6.55742e-08
x3_lockout__t337                  -8.93034e-08
gnd_drv__t725                     -1.00545e-07
gnd_drv__t184                     -1.00547e-07
x3_lockout__t338                  -8.93641e-08
out__t678                         -6.54862e-08
out__t170                         -6.53982e-08
x3_lockout__t339                  -8.94241e-08
gnd_drv__t726                     -1.00549e-07
gnd_drv__t185                      -1.0055e-07
x3_lockout__t340                  -8.94832e-08
out__t679                         -6.53102e-08
x2_n5__t735                            3.29982
x2_n4__t30                         0.000112769
gnd_drv__t881                     -5.27364e-06
out__t171                         -6.52211e-08
x3_lockout__t341                  -8.95414e-08
gnd_drv__t727                     -1.00552e-07
gnd_drv__t190                     -1.00554e-07
x3_lockout__t351                  -8.95989e-08
out__t684                          -6.5133e-08
out__t173                         -6.50449e-08
x3_lockout__t343                  -8.96555e-08
gnd_drv__t729                     -1.00556e-07
gnd_drv__t186                     -1.00557e-07
x3_lockout__t344                  -8.97114e-08
out__t680                         -6.49567e-08
out__t174                         -6.48674e-08
x3_lockout__t345                  -8.97664e-08
gnd_drv__t730                     -1.00559e-07
gnd_drv__t187                     -1.00561e-07
x3_lockout__t346                  -8.98207e-08
out__t681                         -6.47792e-08
out__t175                          -6.4691e-08
x3_lockout__t347                  -8.98742e-08
gnd_drv__t731                     -1.00563e-07
gnd_drv__t188                     -1.00565e-07
x3_lockout__t348                  -8.99269e-08
out__t682                         -6.46027e-08
out__t176                         -6.45133e-08
x3_lockout__t349                  -8.99788e-08
gnd_drv__t732                     -1.00567e-07
gnd_drv__t189                     -1.00569e-07
x3_lockout__t350                  -9.00301e-08
out__t683                         -6.44249e-08
gnd_drv__t340                     -5.31449e-06
x2_n4__t29                         0.000111823
x2_n5__t762                            3.29982
out__t190                         -6.43366e-08
x3_lockout__t378                  -9.00806e-08
gnd_drv__t746                     -1.00571e-07
gnd_drv__t209                     -1.00572e-07
x3_lockout__t388                  -9.01303e-08
out__t703                         -6.42482e-08
out__t195                         -6.41586e-08
x3_lockout__t389                  -9.01792e-08
gnd_drv__t751                     -1.00574e-07
gnd_drv__t210                     -1.00576e-07
x3_lockout__t390                  -9.02275e-08
out__t704                         -6.40701e-08
out__t196                         -6.39816e-08
x3_lockout__t391                   -9.0275e-08
gnd_drv__t752                     -1.00578e-07
gnd_drv__t211                      -1.0058e-07
x3_lockout__t392                  -9.03218e-08
out__t705                         -6.38919e-08
out__t197                         -6.38034e-08
x3_lockout__t393                  -9.03679e-08
gnd_drv__t753                     -1.00582e-07
gnd_drv__t212                     -1.00584e-07
x3_lockout__t394                  -9.04133e-08
out__t706                         -6.37148e-08
out__t198                          -6.3625e-08
x3_lockout__t395                   -9.0458e-08
gnd_drv__t754                     -1.00586e-07
gnd_drv__t217                     -1.00588e-07
x3_lockout__t405                   -9.0502e-08
out__t711                         -6.35363e-08
x2_n5__t734                            3.29982
x2_n4__t28                         0.000110813
gnd_drv__t880                     -5.35609e-06
out__t200                         -6.34476e-08
x3_lockout__t397                  -9.05454e-08
gnd_drv__t756                      -1.0059e-07
gnd_drv__t213                     -1.00592e-07
x3_lockout__t398                   -9.0588e-08
out__t707                         -6.33577e-08
out__t201                          -6.3269e-08
x3_lockout__t399                    -9.063e-08
gnd_drv__t757                     -1.00594e-07
gnd_drv__t214                     -1.00597e-07
x3_lockout__t400                  -9.06714e-08
out__t708                         -6.31801e-08
out__t202                         -6.30902e-08
x3_lockout__t401                   -9.0712e-08
gnd_drv__t758                     -1.00599e-07
gnd_drv__t215                     -1.00601e-07
x3_lockout__t402                  -9.07521e-08
out__t709                         -6.30013e-08
out__t203                         -6.29112e-08
x3_lockout__t403                  -9.07913e-08
gnd_drv__t759                     -1.00603e-07
gnd_drv__t216                     -1.00605e-07
x3_lockout__t404                  -9.08302e-08
out__t710                         -6.28223e-08
out__t199                         -6.27333e-08
x3_lockout__t396                  -9.08683e-08
gnd_drv__t755                     -1.00607e-07
gnd_drv__t200                     -1.00609e-07
x3_lockout__t370                  -9.09057e-08
out__t694                         -6.26432e-08
gnd_drv__t339                       -5.398e-06
x2_n4__t27                         0.000109739
x2_n5__t761                            3.29982
out__t186                         -6.25541e-08
x3_lockout__t371                  -9.09427e-08
gnd_drv__t742                     -1.00611e-07
gnd_drv__t201                     -1.00613e-07
x3_lockout__t372                  -9.09788e-08
out__t695                         -6.24639e-08
out__t187                         -6.23748e-08
x3_lockout__t373                  -9.10146e-08
gnd_drv__t743                     -1.00616e-07
gnd_drv__t202                     -1.00618e-07
x3_lockout__t374                  -9.10497e-08
out__t696                         -6.22856e-08
out__t188                         -6.21953e-08
x3_lockout__t375                  -9.10841e-08
gnd_drv__t744                      -1.0062e-07
gnd_drv__t203                     -1.00622e-07
x3_lockout__t376                   -9.1118e-08
out__t697                          -6.2106e-08
out__t189                         -6.20157e-08
x3_lockout__t377                  -9.11512e-08
gnd_drv__t745                     -1.00624e-07
gnd_drv__t208                     -1.00627e-07
x3_lockout__t387                   -9.1184e-08
out__t702                         -6.19264e-08
out__t191                         -6.18359e-08
x3_lockout__t379                   -9.1216e-08
gnd_drv__t747                     -1.00629e-07
gnd_drv__t204                     -1.00631e-07
x3_lockout__t380                  -9.12477e-08
out__t698                         -6.17465e-08
x2_n5__t733                            3.29982
x2_n4__t26                         0.000108602
gnd_drv__t879                     -5.44059e-06
out__t192                         -6.16571e-08
x3_lockout__t381                  -9.12788e-08
gnd_drv__t748                     -1.00633e-07
gnd_drv__t205                     -1.00635e-07
x3_lockout__t382                  -9.13092e-08
out__t699                         -6.15666e-08
out__t193                         -6.14771e-08
x3_lockout__t383                  -9.13392e-08
gnd_drv__t749                     -1.00638e-07
gnd_drv__t206                      -1.0064e-07
x3_lockout__t384                  -9.13685e-08
out__t700                         -6.13865e-08
out__t194                         -6.12969e-08
x3_lockout__t385                  -9.13974e-08
gnd_drv__t750                     -1.00642e-07
gnd_drv__t207                     -1.00644e-07
x3_lockout__t386                  -9.14257e-08
out__t701                         -6.12062e-08
out__t172                         -6.11166e-08
x3_lockout__t342                  -9.14536e-08
gnd_drv__t728                     -1.00647e-07
gnd_drv__t157                     -1.00649e-07
x3_lockout__t280                  -9.14807e-08
out__t651                         -6.10258e-08
out__t139                         -6.09361e-08
x3_lockout__t281                  -9.15076e-08
gnd_drv__t695                     -1.00651e-07
gnd_drv__t158                     -1.00653e-07
x3_lockout__t282                  -9.15338e-08
out__t652                         -6.08453e-08
gnd_drv__t338                      -5.4834e-06
x2_n4__t25                         0.000107403
x2_n5__t760                            3.29982
out__t140                         -6.07555e-08
x3_lockout__t283                  -9.15596e-08
gnd_drv__t696                     -1.00656e-07
gnd_drv__t159                     -1.00658e-07
x3_lockout__t284                  -9.15848e-08
out__t653                         -6.06646e-08
out__t141                         -6.05748e-08
x3_lockout__t285                  -9.16096e-08
gnd_drv__t697                      -1.0066e-07
gnd_drv__t160                     -1.00663e-07
x3_lockout__t286                  -9.16338e-08
out__t654                         -6.04838e-08
out__t142                         -6.03939e-08
x3_lockout__t287                  -9.16577e-08
gnd_drv__t698                     -1.00665e-07
gnd_drv__t164                     -1.00667e-07
x3_lockout__t297                   -9.1681e-08
out__t658                         -6.03028e-08
out__t144                         -6.02129e-08
x3_lockout__t289                  -9.17039e-08
gnd_drv__t700                      -1.0067e-07
gnd_drv__t161                     -1.00672e-07
x3_lockout__t290                  -9.17262e-08
out__t655                         -6.01217e-08
out__t145                         -6.00306e-08
x3_lockout__t291                  -9.17481e-08
gnd_drv__t701                     -1.00674e-07
gnd_drv__t162                     -1.00677e-07
x3_lockout__t292                  -9.17696e-08
out__t656                         -5.99405e-08
x2_n5__t731                            3.29982
x2_n4__t23                         0.000106143
gnd_drv__t877                     -5.52677e-06
out__t146                         -5.98493e-08
x3_lockout__t293                  -9.17905e-08
gnd_drv__t702                     -1.00679e-07
gnd_drv__t10                      -1.00416e-07
x3_lockout__t3                     -9.1716e-08
out__t1                           -5.97589e-08
out__t160                         -7.70747e-08
x3_lockout__t320                  -7.06442e-08
gnd_drv__t716                     -1.00631e-07
gnd_drv__t154                     -1.00627e-07
x3_lockout__t276                  -7.08747e-08
out__t648                         -7.69905e-08
out__t138                         -7.69062e-08
x3_lockout__t277                  -7.11038e-08
gnd_drv__t694                     -1.00622e-07
gnd_drv__t155                     -1.00618e-07
x3_lockout__t278                  -7.13318e-08
out__t649                         -7.68229e-08
out__t153                         -7.67386e-08
x3_lockout__t306                  -7.15582e-08
gnd_drv__t709                     -1.00614e-07
gnd_drv__t174                      -1.0061e-07
x3_lockout__t316                  -7.17833e-08
out__t668                         -7.66543e-08
out__t158                           -7.657e-08
x3_lockout__t317                  -7.20072e-08
gnd_drv__t714                     -1.00606e-07
gnd_drv__t175                     -1.00602e-07
x3_lockout__t318                  -7.22296e-08
out__t669                         -7.64867e-08
gnd_drv__t341                     -5.57044e-06
x2_n4__t31                         0.000104823
x2_n5__t763                            3.29982
out__t159                         -7.64024e-08
x3_lockout__t319                  -7.24507e-08
gnd_drv__t715                     -1.00598e-07
gnd_drv__t153                     -1.00594e-07
x3_lockout__t275                  -7.26704e-08
out__t647                         -7.63181e-08
out__t143                         -7.62338e-08
x3_lockout__t288                  -7.28887e-08
gnd_drv__t699                     -1.00591e-07
gnd_drv__t147                     -1.00587e-07
x3_lockout__t262                  -7.31056e-08
out__t641                         -7.61495e-08
out__t131                         -7.60652e-08
x3_lockout__t263                   -7.3321e-08
gnd_drv__t687                     -1.00583e-07
gnd_drv__t148                      -1.0058e-07
x3_lockout__t264                  -7.35352e-08
out__t642                         -7.59818e-08
out__t132                         -7.58975e-08
x3_lockout__t265                  -7.37478e-08
gnd_drv__t688                     -1.00577e-07
gnd_drv__t149                     -1.00573e-07
x3_lockout__t266                  -7.39591e-08
out__t643                         -7.58132e-08
out__t133                         -7.57289e-08
x3_lockout__t267                  -7.41688e-08
gnd_drv__t689                      -1.0057e-07
gnd_drv__t150                     -1.00567e-07
x3_lockout__t268                   -7.4377e-08
out__t644                         -7.56445e-08
x2_n5__t730                            3.29982
x2_n4__t21                         0.000103446
gnd_drv__t876                     -5.61408e-06
out__t134                         -7.55602e-08
x3_lockout__t269                   -7.4584e-08
gnd_drv__t690                     -1.00564e-07
gnd_drv__t156                     -1.00561e-07
x3_lockout__t279                  -7.47894e-08
out__t650                         -7.54758e-08
out__t136                         -7.53915e-08
x3_lockout__t271                  -7.49934e-08
gnd_drv__t692                     -1.00558e-07
gnd_drv__t151                     -1.00555e-07
x3_lockout__t272                  -7.51959e-08
out__t645                         -7.53071e-08
out__t137                         -7.52227e-08
x3_lockout__t273                   -7.5397e-08
gnd_drv__t693                     -1.00552e-07
gnd_drv__t152                     -1.00549e-07
x3_lockout__t274                  -7.55965e-08
out__t646                         -7.51384e-08
out__t148                          -7.5054e-08
x3_lockout__t296                  -7.57946e-08
gnd_drv__t704                     -1.00547e-07
gnd_drv__t274                     -1.00544e-07
x3_lockout__t519                  -7.59912e-08
out__t768                         -7.49686e-08
out__t261                         -7.48842e-08
x3_lockout__t520                  -7.61863e-08
gnd_drv__t817                     -1.00541e-07
gnd_drv__t275                     -1.00539e-07
x3_lockout__t521                    -7.638e-08
out__t769                         -7.47997e-08
gnd_drv__t336                     -5.65802e-06
x2_n4__t20                         0.000102014
x2_n5__t758                            3.29982
out__t266                         -7.47153e-08
x3_lockout__t531                  -7.65721e-08
gnd_drv__t822                     -1.00537e-07
gnd_drv__t277                     -1.00534e-07
x3_lockout__t523                  -7.67629e-08
out__t771                         -7.46309e-08
out__t262                         -7.45464e-08
x3_lockout__t524                  -7.69521e-08
gnd_drv__t818                     -1.00532e-07
gnd_drv__t278                      -1.0053e-07
x3_lockout__t525                  -7.71398e-08
out__t772                          -7.4462e-08
out__t263                         -7.43765e-08
x3_lockout__t526                   -7.7326e-08
gnd_drv__t819                     -1.00528e-07
gnd_drv__t279                     -1.00525e-07
x3_lockout__t527                  -7.75107e-08
out__t773                          -7.4292e-08
out__t264                         -7.42075e-08
x3_lockout__t528                   -7.7694e-08
gnd_drv__t820                     -1.00523e-07
gnd_drv__t280                     -1.00521e-07
x3_lockout__t529                  -7.78758e-08
out__t774                          -7.4123e-08
out__t265                         -7.40375e-08
x3_lockout__t530                   -7.8056e-08
gnd_drv__t821                      -1.0052e-07
gnd_drv__t257                     -1.00518e-07
x3_lockout__t486                  -7.82349e-08
out__t751                          -7.3953e-08
x2_n5__t740                            3.29982
x2_n4__t42                         0.000100532
gnd_drv__t893                     -5.70192e-06
out__t214                         -7.38684e-08
x3_lockout__t424                  -7.84121e-08
gnd_drv__t770                     -1.00516e-07
gnd_drv__t226                     -1.00514e-07
x3_lockout__t425                  -7.85881e-08
out__t720                         -7.37839e-08
out__t215                         -7.36983e-08
x3_lockout__t426                  -7.87623e-08
gnd_drv__t771                     -1.00513e-07
gnd_drv__t227                     -1.00511e-07
x3_lockout__t427                  -7.89353e-08
out__t721                         -7.36137e-08
out__t216                         -7.35291e-08
x3_lockout__t428                  -7.91067e-08
gnd_drv__t772                     -1.00509e-07
gnd_drv__t228                     -1.00508e-07
x3_lockout__t429                  -7.92765e-08
out__t722                         -7.34435e-08
out__t217                         -7.33589e-08
x3_lockout__t430                   -7.9445e-08
gnd_drv__t773                     -1.00506e-07
gnd_drv__t229                     -1.00505e-07
x3_lockout__t431                   -7.9612e-08
out__t723                         -7.32743e-08
out__t222                         -7.31886e-08
x3_lockout__t441                  -7.97775e-08
gnd_drv__t778                     -1.00504e-07
gnd_drv__t231                     -1.00502e-07
x3_lockout__t433                  -7.99416e-08
out__t725                         -7.31039e-08
gnd_drv__t353                     -5.74564e-06
x2_n4__t41                         9.90028e-05
x2_n5__t769                            3.29982
out__t218                         -7.30182e-08
x3_lockout__t434                  -8.01041e-08
gnd_drv__t774                     -1.00501e-07
gnd_drv__t232                       -1.005e-07
x3_lockout__t435                  -8.02653e-08
out__t726                         -7.29335e-08
out__t219                         -7.28488e-08
x3_lockout__t436                   -8.0425e-08
gnd_drv__t775                     -1.00499e-07
gnd_drv__t233                     -1.00498e-07
x3_lockout__t437                  -8.05833e-08
out__t727                          -7.2763e-08
out__t220                         -7.26783e-08
x3_lockout__t438                  -8.07401e-08
gnd_drv__t776                     -1.00497e-07
gnd_drv__t234                     -1.00496e-07
x3_lockout__t439                  -8.08955e-08
out__t728                         -7.25925e-08
out__t221                         -7.25077e-08
x3_lockout__t440                  -8.10494e-08
gnd_drv__t777                     -1.00495e-07
gnd_drv__t230                     -1.00494e-07
x3_lockout__t432                  -8.12019e-08
out__t724                         -7.24219e-08
out__t204                         -7.23371e-08
x3_lockout__t406                  -8.13531e-08
gnd_drv__t760                     -1.00493e-07
gnd_drv__t218                     -1.00492e-07
x3_lockout__t407                  -8.15026e-08
out__t712                         -7.22512e-08
x2_n5__t739                            3.29982
x2_n4__t40                          9.7432e-05
gnd_drv__t892                       -5.789e-06
out__t205                         -7.21664e-08
x3_lockout__t408                   -8.1651e-08
gnd_drv__t761                     -1.00492e-07
gnd_drv__t219                     -1.00491e-07
x3_lockout__t409                  -8.17978e-08
out__t713                         -7.20805e-08
out__t206                         -7.19956e-08
x3_lockout__t410                  -8.19433e-08
gnd_drv__t762                      -1.0049e-07
gnd_drv__t220                      -1.0049e-07
x3_lockout__t411                  -8.20873e-08
out__t714                         -7.19096e-08
out__t207                         -7.18237e-08
x3_lockout__t412                  -8.22299e-08
gnd_drv__t763                     -1.00489e-07
gnd_drv__t221                     -1.00489e-07
x3_lockout__t413                  -8.23712e-08
out__t715                         -7.17387e-08
out__t213                         -7.16527e-08
x3_lockout__t423                  -8.25111e-08
gnd_drv__t769                     -1.00489e-07
gnd_drv__t222                     -1.00488e-07
x3_lockout__t415                  -8.26497e-08
out__t716                         -7.15677e-08
out__t209                         -7.14817e-08
x3_lockout__t416                  -8.27868e-08
gnd_drv__t765                     -1.00488e-07
gnd_drv__t223                     -1.00488e-07
x3_lockout__t417                  -8.29225e-08
out__t717                         -7.13956e-08
gnd_drv__t352                     -5.83181e-06
x2_n4__t39                         9.58259e-05
x2_n5__t768                            3.29982
out__t210                         -7.13106e-08
x3_lockout__t418                   -8.3057e-08
gnd_drv__t766                     -1.00487e-07
gnd_drv__t224                     -1.00487e-07
x3_lockout__t419                    -8.319e-08
out__t718                         -7.12245e-08
out__t211                         -7.11383e-08
x3_lockout__t420                  -8.33218e-08
gnd_drv__t767                     -1.00487e-07
gnd_drv__t225                     -1.00487e-07
x3_lockout__t421                  -8.34522e-08
out__t719                         -7.10532e-08
out__t212                          -7.0967e-08
x3_lockout__t422                  -8.35814e-08
gnd_drv__t768                     -1.00487e-07
gnd_drv__t239                     -1.00487e-07
x3_lockout__t450                   -8.3709e-08
out__t733                         -7.08808e-08
out__t231                         -7.07957e-08
x3_lockout__t460                  -8.38355e-08
gnd_drv__t787                     -1.00487e-07
gnd_drv__t245                     -1.00487e-07
x3_lockout__t461                  -8.39607e-08
out__t739                         -7.07094e-08
out__t232                         -7.06231e-08
x3_lockout__t462                  -8.40844e-08
gnd_drv__t788                     -1.00487e-07
gnd_drv__t246                     -1.00487e-07
x3_lockout__t463                  -8.42071e-08
out__t740                         -7.05379e-08
x2_n5__t738                            3.29982
x2_n4__t38                          9.4192e-05
gnd_drv__t891                     -5.87383e-06
out__t233                         -7.04516e-08
x3_lockout__t464                  -8.43283e-08
gnd_drv__t789                     -1.00487e-07
gnd_drv__t247                     -1.00487e-07
x3_lockout__t465                  -8.44483e-08
out__t741                         -7.03652e-08
out__t234                         -7.02789e-08
x3_lockout__t466                   -8.4567e-08
gnd_drv__t790                     -1.00487e-07
gnd_drv__t248                     -1.00488e-07
x3_lockout__t467                  -8.46844e-08
out__t742                         -7.01935e-08
out__t240                         -7.01071e-08
x3_lockout__t477                  -8.48007e-08
gnd_drv__t796                     -1.00488e-07
gnd_drv__t249                     -1.00488e-07
x3_lockout__t469                  -8.49155e-08
out__t743                         -7.00207e-08
out__t237                         -6.99342e-08
x3_lockout__t471                  -8.50293e-08
gnd_drv__t793                     -1.00489e-07
gnd_drv__t261                     -1.00489e-07
x3_lockout__t493                  -8.51417e-08
out__t755                         -6.98477e-08
out__t248                         -6.97623e-08
x3_lockout__t494                   -8.5253e-08
gnd_drv__t804                      -1.0049e-07
gnd_drv__t276                      -1.0049e-07
x3_lockout__t522                   -8.5363e-08
out__t770                         -6.96757e-08
gnd_drv__t351                     -5.91482e-06
x2_n4__t37                         9.25389e-05
x2_n5__t767                            3.29982
out__t267                         -6.95892e-08
x3_lockout__t532                  -8.54718e-08
gnd_drv__t823                     -1.00491e-07
gnd_drv__t281                     -1.00491e-07
x3_lockout__t533                  -8.55794e-08
out__t775                         -6.95026e-08
out__t268                         -6.94159e-08
x3_lockout__t534                  -8.56857e-08
gnd_drv__t824                     -1.00492e-07
gnd_drv__t282                     -1.00492e-07
x3_lockout__t535                   -8.5791e-08
out__t776                         -6.93293e-08
out__t269                         -6.92426e-08
x3_lockout__t536                   -8.5895e-08
gnd_drv__t825                     -1.00493e-07
gnd_drv__t283                     -1.00494e-07
x3_lockout__t537                  -8.59979e-08
out__t777                          -6.9157e-08
out__t270                         -6.90703e-08
x3_lockout__t538                  -8.60996e-08
gnd_drv__t826                     -1.00495e-07
gnd_drv__t284                     -1.00495e-07
x3_lockout__t539                  -8.62001e-08
out__t778                         -6.89835e-08
out__t275                         -6.88967e-08
x3_lockout__t550                  -8.62996e-08
gnd_drv__t831                     -1.00496e-07
gnd_drv__t285                     -1.00497e-07
x3_lockout__t541                  -8.63978e-08
out__t779                         -6.88099e-08
x1_nca__t0                             3.29993
vdd_logic__t2                             2.97
x1_na__t1                              2.14456
x2_n5__t737                            3.29982
x2_n4__t36                          9.0877e-05
gnd_drv__t890                     -5.95447e-06
out__t272                         -6.87231e-08
x3_lockout__t542                  -8.64948e-08
gnd_drv__t828                     -1.00498e-07
gnd_drv__t273                     -1.00499e-07
x3_lockout__t516                  -8.65909e-08
out__t767                         -6.86362e-08
out__t104                         -8.54018e-08
x3_lockout__t209                  -4.75006e-08
gnd_drv__t660                     -1.01567e-07
gnd_drv__t126                     -1.01552e-07
x3_lockout__t217                  -4.76118e-08
out__t620                         -8.53196e-08
out__t108                         -8.52366e-08
x3_lockout__t219                  -4.77294e-08
gnd_drv__t664                     -1.01538e-07
gnd_drv__t125                     -1.01523e-07
x3_lockout__t216                  -4.78533e-08
out__t619                         -8.51544e-08
out__t107                         -8.50714e-08
x3_lockout__t218                  -4.79832e-08
gnd_drv__t663                     -1.01509e-07
gnd_drv__t128                     -1.01495e-07
x3_lockout__t222                   -4.8119e-08
out__t622                         -8.49893e-08
out__t109                         -8.49063e-08
x3_lockout__t220                  -4.82606e-08
gnd_drv__t665                     -1.01481e-07
gnd_drv__t127                     -1.01467e-07
x3_lockout__t221                  -4.84077e-08
out__t621                         -8.48234e-08
gnd_drv__t346                     -5.99249e-06
x2_n4__t35                         8.92177e-05
x2_n5__t766                            3.29983
out__t110                         -8.47413e-08
x3_lockout__t223                  -4.85601e-08
gnd_drv__t666                     -1.01453e-07
gnd_drv__t121                     -1.01439e-07
x3_lockout__t210                  -4.87177e-08
out__t615                         -8.46585e-08
out__t105                         -8.45756e-08
x3_lockout__t211                  -4.88804e-08
gnd_drv__t661                     -1.01425e-07
gnd_drv__t122                     -1.01412e-07
x3_lockout__t212                  -4.90479e-08
out__t616                         -8.44928e-08
out__t106                           -8.441e-08
x3_lockout__t213                    -4.922e-08
gnd_drv__t662                     -1.01398e-07
gnd_drv__t123                     -1.01385e-07
x3_lockout__t214                  -4.93968e-08
out__t617                         -8.43272e-08
out__t114                         -8.42445e-08
x3_lockout__t230                   -4.9578e-08
gnd_drv__t670                     -1.01372e-07
gnd_drv__t116                     -1.01358e-07
x3_lockout__t201                  -4.97635e-08
out__t610                         -8.41617e-08
out__t34                          -8.40782e-08
x3_lockout__t66                    -4.9953e-08
gnd_drv__t590                     -1.01345e-07
gnd_drv__t129                     -1.01332e-07
x3_lockout__t224                  -5.01465e-08
out__t623                         -8.39955e-08
x2_n5__t728                            3.29983
x2_n4__t15                         8.75749e-05
gnd_drv__t872                     -6.02847e-06
out__t111                         -8.39128e-08
x3_lockout__t225                  -5.03438e-08
gnd_drv__t667                      -1.0132e-07
gnd_drv__t130                     -1.01307e-07
x3_lockout__t226                  -5.05448e-08
out__t624                         -8.38302e-08
out__t112                         -8.37467e-08
x3_lockout__t227                  -5.07495e-08
gnd_drv__t668                     -1.01294e-07
gnd_drv__t131                     -1.01282e-07
x3_lockout__t228                  -5.09574e-08
out__t625                         -8.36641e-08
out__t113                         -8.35815e-08
x3_lockout__t229                  -5.11687e-08
gnd_drv__t669                     -1.01269e-07
gnd_drv__t144                     -1.01257e-07
x3_lockout__t256                  -5.13832e-08
out__t638                         -8.34981e-08
out__t128                         -8.34156e-08
x3_lockout__t257                  -5.16006e-08
gnd_drv__t684                     -1.01245e-07
gnd_drv__t145                     -1.01233e-07
x3_lockout__t258                  -5.18211e-08
out__t639                         -8.33322e-08
out__t129                         -8.32489e-08
x3_lockout__t259                  -5.20443e-08
gnd_drv__t685                     -1.01221e-07
gnd_drv__t146                     -1.01209e-07
x3_lockout__t260                  -5.22703e-08
out__t640                         -8.31664e-08
gnd_drv__t332                     -6.06207e-06
x2_n4__t14                         8.59636e-05
x2_n5__t754                            3.29983
out__t122                         -8.30831e-08
x3_lockout__t245                  -5.24987e-08
gnd_drv__t678                     -1.01198e-07
gnd_drv__t117                     -1.01186e-07
x3_lockout__t202                  -5.27297e-08
out__t611                         -8.29999e-08
out__t101                         -8.29175e-08
x3_lockout__t203                  -5.29629e-08
gnd_drv__t657                     -1.01174e-07
gnd_drv__t118                     -1.01163e-07
x3_lockout__t204                  -5.31984e-08
out__t612                         -8.28342e-08
out__t102                          -8.2751e-08
x3_lockout__t205                  -5.34362e-08
gnd_drv__t658                     -1.01152e-07
gnd_drv__t119                     -1.01141e-07
x3_lockout__t206                  -5.36758e-08
out__t613                         -8.26678e-08
out__t103                         -8.25847e-08
x3_lockout__t207                  -5.39175e-08
gnd_drv__t659                      -1.0113e-07
gnd_drv__t163                     -1.01119e-07
x3_lockout__t295                   -5.4161e-08
out__t657                         -8.25015e-08
out__t161                         -8.24184e-08
x3_lockout__t321                  -5.44061e-08
gnd_drv__t717                     -1.01108e-07
gnd_drv__t176                     -1.01097e-07
x3_lockout__t322                   -5.4653e-08
out__t670                         -8.23353e-08
x2_n5__t732                            3.29983
x2_n4__t24                         8.44007e-05
gnd_drv__t878                     -6.09307e-06
out__t162                         -8.22522e-08
x3_lockout__t323                  -5.49014e-08
gnd_drv__t718                     -1.01087e-07
gnd_drv__t181                     -1.01076e-07
x3_lockout__t333                  -5.51514e-08
out__t675                         -8.21691e-08
out__t164                         -8.20861e-08
x3_lockout__t325                  -5.54026e-08
gnd_drv__t720                     -1.01066e-07
gnd_drv__t177                     -1.01055e-07
x3_lockout__t326                  -5.56552e-08
out__t671                          -8.2003e-08
out__t165                           -8.192e-08
x3_lockout__t327                  -5.59089e-08
gnd_drv__t721                     -1.01045e-07
gnd_drv__t178                     -1.01035e-07
x3_lockout__t328                  -5.61637e-08
out__t672                         -8.18362e-08
out__t166                         -8.17532e-08
x3_lockout__t329                  -5.64198e-08
gnd_drv__t722                     -1.01025e-07
gnd_drv__t179                     -1.01015e-07
x3_lockout__t330                  -5.66766e-08
out__t673                         -8.16702e-08
out__t167                         -8.15873e-08
x3_lockout__t331                  -5.69345e-08
gnd_drv__t723                     -1.01006e-07
gnd_drv__t180                     -1.00996e-07
x3_lockout__t332                   -5.7193e-08
out__t674                         -8.15035e-08
gnd_drv__t334                     -6.12057e-06
x2_n4__t18                         8.29049e-05
x2_n5__t756                            3.29983
out__t163                         -8.14206e-08
x3_lockout__t324                  -5.74523e-08
gnd_drv__t719                     -1.00987e-07
gnd_drv__t165                     -1.00977e-07
x3_lockout__t298                  -5.77124e-08
out__t659                         -8.13368e-08
out__t149                          -8.1254e-08
x3_lockout__t299                   -5.7973e-08
gnd_drv__t705                     -1.00968e-07
gnd_drv__t166                     -1.00959e-07
x3_lockout__t300                  -5.82342e-08
out__t660                         -8.11702e-08
out__t150                         -8.10874e-08
x3_lockout__t301                  -5.84958e-08
gnd_drv__t706                      -1.0095e-07
gnd_drv__t167                     -1.00941e-07
x3_lockout__t302                  -5.87579e-08
out__t661                         -8.10037e-08
out__t151                         -8.09209e-08
x3_lockout__t303                  -5.90202e-08
gnd_drv__t707                     -1.00932e-07
gnd_drv__t168                     -1.00923e-07
x3_lockout__t304                  -5.92828e-08
out__t662                         -8.08372e-08
out__t152                         -8.07544e-08
x3_lockout__t305                  -5.95458e-08
gnd_drv__t708                     -1.00914e-07
gnd_drv__t173                     -1.00906e-07
x3_lockout__t315                  -5.98087e-08
out__t667                         -8.06708e-08
x2_n5__t746                            3.29983
x2_n4__t53                         8.14954e-05
gnd_drv__t987                     -6.14436e-06
out__t154                         -8.05871e-08
x3_lockout__t307                  -6.00719e-08
gnd_drv__t710                     -1.00897e-07
gnd_drv__t169                     -1.00889e-07
x3_lockout__t308                  -6.03351e-08
out__t663                         -8.05044e-08
out__t155                         -8.04208e-08
x3_lockout__t309                  -6.05983e-08
gnd_drv__t711                     -1.00881e-07
gnd_drv__t170                     -1.00873e-07
x3_lockout__t310                  -6.08614e-08
out__t664                         -8.03372e-08
out__t156                         -8.02537e-08
x3_lockout__t311                  -6.11243e-08
gnd_drv__t712                     -1.00865e-07
gnd_drv__t171                     -1.00857e-07
x3_lockout__t312                  -6.13872e-08
out__t665                         -8.01701e-08
out__t157                         -8.00875e-08
x3_lockout__t313                  -6.16498e-08
gnd_drv__t713                     -1.00849e-07
gnd_drv__t172                     -1.00841e-07
x3_lockout__t314                  -6.19122e-08
out__t666                         -8.00039e-08
out__t208                         -7.99204e-08
x3_lockout__t414                  -6.21742e-08
gnd_drv__t764                     -1.00833e-07
gnd_drv__t263                     -1.00826e-07
x3_lockout__t496                  -6.24358e-08
out__t757                         -7.98369e-08
gnd_drv__t335                      -6.1642e-06
x2_n4__t19                         8.01935e-05
x2_n5__t757                            3.29983
out__t249                         -7.97533e-08
x3_lockout__t497                  -6.26972e-08
gnd_drv__t805                     -1.00819e-07
gnd_drv__t264                     -1.00811e-07
x3_lockout__t498                  -6.29581e-08
out__t758                         -7.96699e-08
out__t250                         -7.95864e-08
x3_lockout__t499                  -6.32185e-08
gnd_drv__t806                     -1.00804e-07
gnd_drv__t265                     -1.00797e-07
x3_lockout__t500                  -6.34783e-08
out__t759                         -7.95029e-08
out__t251                         -7.94194e-08
x3_lockout__t501                  -6.37378e-08
gnd_drv__t807                      -1.0079e-07
gnd_drv__t266                     -1.00783e-07
x3_lockout__t502                  -6.39964e-08
out__t760                          -7.9336e-08
out__t252                         -7.92525e-08
x3_lockout__t503                  -6.42544e-08
gnd_drv__t808                     -1.00776e-07
gnd_drv__t271                     -1.00769e-07
x3_lockout__t513                  -6.45119e-08
out__t765                         -7.91682e-08
out__t254                         -7.90847e-08
x3_lockout__t505                  -6.47686e-08
gnd_drv__t810                     -1.00763e-07
gnd_drv__t267                     -1.00756e-07
x3_lockout__t506                  -6.50247e-08
out__t761                         -7.90013e-08
x2_n5__t729                            3.29983
x2_n4__t17                         7.90205e-05
gnd_drv__t874                     -6.17916e-06
out__t255                         -7.89179e-08
x3_lockout__t507                  -6.52798e-08
gnd_drv__t811                      -1.0075e-07
gnd_drv__t268                     -1.00743e-07
x3_lockout__t508                  -6.55343e-08
out__t762                         -7.88345e-08
out__t256                         -7.87502e-08
x3_lockout__t509                  -6.57878e-08
gnd_drv__t812                     -1.00737e-07
gnd_drv__t269                     -1.00731e-07
x3_lockout__t510                  -6.60404e-08
out__t763                         -7.86668e-08
out__t257                         -7.85834e-08
x3_lockout__t511                  -6.62923e-08
gnd_drv__t813                     -1.00725e-07
gnd_drv__t270                     -1.00719e-07
x3_lockout__t512                  -6.65431e-08
out__t764                         -7.84991e-08
out__t253                         -7.84157e-08
x3_lockout__t504                  -6.67932e-08
gnd_drv__t809                     -1.00713e-07
gnd_drv__t253                     -1.00707e-07
x3_lockout__t478                  -6.70421e-08
out__t747                         -7.83323e-08
out__t241                          -7.8248e-08
x3_lockout__t479                  -6.72899e-08
gnd_drv__t797                     -1.00702e-07
gnd_drv__t254                     -1.00696e-07
x3_lockout__t480                   -6.7537e-08
out__t748                         -7.81647e-08
gnd_drv__t358                     -6.18927e-06
x2_n4__t50                         7.79974e-05
x2_n5__t774                            3.29983
out__t242                         -7.80813e-08
x3_lockout__t481                  -6.77828e-08
gnd_drv__t798                      -1.0069e-07
gnd_drv__t255                     -1.00685e-07
x3_lockout__t482                  -6.80277e-08
out__t749                          -7.7997e-08
out__t243                         -7.79137e-08
x3_lockout__t483                  -6.82714e-08
gnd_drv__t799                      -1.0068e-07
gnd_drv__t256                     -1.00674e-07
x3_lockout__t484                  -6.85141e-08
out__t750                         -7.78294e-08
out__t244                         -7.77461e-08
x3_lockout__t485                  -6.87555e-08
gnd_drv__t800                     -1.00669e-07
gnd_drv__t262                     -1.00664e-07
x3_lockout__t495                  -6.89958e-08
out__t756                         -7.76618e-08
out__t245                         -7.75785e-08
x3_lockout__t487                  -6.92351e-08
gnd_drv__t801                     -1.00659e-07
gnd_drv__t258                     -1.00654e-07
x3_lockout__t488                  -6.94729e-08
out__t752                         -7.74942e-08
out__t246                         -7.74099e-08
x3_lockout__t489                  -6.97098e-08
gnd_drv__t802                      -1.0065e-07
gnd_drv__t259                     -1.00645e-07
x3_lockout__t490                  -6.99452e-08
out__t753                         -7.73266e-08
x1_ncb__t5                        -1.74371e-07
vdd_logic__t3                             2.97
x1_nb__t0                         -1.25048e-07
x2_n5__t743                            3.29983
x2_n4__t49                         7.71438e-05
gnd_drv__t896                     -6.19368e-06
out__t247                         -7.72423e-08
x3_lockout__t491                  -7.01794e-08
gnd_drv__t803                      -1.0064e-07
gnd_drv__t260                     -1.00636e-07
x3_lockout__t492                  -7.04126e-08
out__t754                          -7.7159e-08
out__t80                          -9.33282e-08
x3_lockout__t159                  -1.21639e-07
gnd_drv__t636                     -1.03225e-07
gnd_drv__t101                     -1.03212e-07
x3_lockout__t171                  -1.19313e-07
out__t595                         -9.32552e-08
out__t86                          -9.31825e-08
x3_lockout__t172                  -1.17039e-07
gnd_drv__t642                     -1.03198e-07
gnd_drv__t102                     -1.03184e-07
x3_lockout__t173                  -1.14814e-07
out__t596                         -9.31092e-08
out__t87                          -9.30358e-08
x3_lockout__t174                  -1.12641e-07
gnd_drv__t643                      -1.0317e-07
gnd_drv__t103                     -1.03155e-07
x3_lockout__t175                  -1.10517e-07
out__t597                         -9.29623e-08
out__t88                          -9.28882e-08
x3_lockout__t176                  -1.08443e-07
gnd_drv__t644                     -1.03141e-07
gnd_drv__t25                      -1.03126e-07
x3_lockout__t20                   -1.06418e-07
out__t519                         -9.28145e-08
gnd_drv__t357                     -6.19252e-06
x2_n4__t48                          7.6478e-05
x2_n5__t773                            3.29983
out__t7                           -9.27402e-08
x3_lockout__t13                    -1.0444e-07
gnd_drv__t563                     -1.03112e-07
gnd_drv__t251                     -1.03096e-07
x3_lockout__t474                   -1.0251e-07
out__t745                         -9.26659e-08
out__t239                         -9.25909e-08
x3_lockout__t475                  -1.00626e-07
gnd_drv__t795                     -1.03081e-07
gnd_drv__t252                     -1.03066e-07
x3_lockout__t476                   -9.8786e-08
out__t746                         -9.25164e-08
out__t235                         -9.24413e-08
x3_lockout__t468                  -9.69923e-08
gnd_drv__t791                      -1.0305e-07
gnd_drv__t235                     -1.03035e-07
x3_lockout__t442                  -9.52426e-08
out__t729                         -9.23661e-08
out__t223                         -9.22908e-08
x3_lockout__t443                  -9.35362e-08
gnd_drv__t779                     -1.03019e-07
gnd_drv__t236                     -1.03004e-07
x3_lockout__t444                  -9.18714e-08
out__t730                         -9.22154e-08
out__t224                         -9.21395e-08
x3_lockout__t445                  -9.02496e-08
gnd_drv__t780                     -1.02987e-07
gnd_drv__t237                     -1.02971e-07
x3_lockout__t446                   -8.8668e-08
out__t731                         -9.20634e-08
x2_n5__t742                            3.29983
x2_n4__t47                         7.60148e-05
gnd_drv__t895                      -6.1853e-06
out__t225                         -9.19879e-08
x3_lockout__t447                  -8.71278e-08
gnd_drv__t781                     -1.02955e-07
gnd_drv__t238                     -1.02939e-07
x3_lockout__t448                  -8.56275e-08
out__t732                         -9.19117e-08
out__t226                         -9.18349e-08
x3_lockout__t449                  -8.41654e-08
gnd_drv__t782                     -1.02922e-07
gnd_drv__t244                     -1.02906e-07
x3_lockout__t459                  -8.27427e-08
out__t738                         -9.17586e-08
out__t227                         -9.16817e-08
x3_lockout__t451                  -8.13579e-08
gnd_drv__t783                     -1.02889e-07
gnd_drv__t240                     -1.02872e-07
x3_lockout__t452                  -8.00091e-08
out__t734                         -9.16053e-08
out__t228                         -9.15283e-08
x3_lockout__t453                  -7.86979e-08
gnd_drv__t784                     -1.02856e-07
gnd_drv__t241                     -1.02839e-07
x3_lockout__t454                  -7.74225e-08
out__t735                         -9.14512e-08
out__t229                         -9.13735e-08
x3_lockout__t455                  -7.61816e-08
gnd_drv__t785                     -1.02822e-07
gnd_drv__t242                     -1.02805e-07
x3_lockout__t456                   -7.4976e-08
out__t736                         -9.12963e-08
gnd_drv__t356                      -6.1716e-06
x2_n4__t46                         7.57651e-05
x2_n5__t772                            3.29983
out__t230                         -9.12184e-08
x3_lockout__t457                  -7.38037e-08
gnd_drv__t786                     -1.02787e-07
gnd_drv__t243                      -1.0277e-07
x3_lockout__t458                  -7.26654e-08
out__t737                         -9.11411e-08
out__t10                          -9.10632e-08
x3_lockout__t19                     -7.156e-08
gnd_drv__t566                     -1.02753e-07
gnd_drv__t24                      -1.02735e-07
x3_lockout__t18                   -7.04861e-08
out__t518                         -9.09852e-08
out__t9                           -9.09072e-08
x3_lockout__t17                   -6.94444e-08
gnd_drv__t565                     -1.02718e-07
gnd_drv__t23                      -1.02701e-07
x3_lockout__t16                   -6.84333e-08
out__t517                         -9.08286e-08
out__t8                           -9.07505e-08
x3_lockout__t15                   -6.74531e-08
gnd_drv__t564                     -1.02683e-07
gnd_drv__t22                      -1.02665e-07
x3_lockout__t14                   -6.65029e-08
out__t516                         -9.06717e-08
out__t6                           -9.05936e-08
x3_lockout__t12                   -6.55813e-08
gnd_drv__t562                     -1.02648e-07
gnd_drv__t21                       -1.0263e-07
x3_lockout__t11                   -6.46892e-08
out__t515                         -9.05148e-08
x2_n5__t741                            3.29984
x2_n4__t45                         7.57354e-05
gnd_drv__t894                     -6.15184e-06
out__t2                           -9.04359e-08
x3_lockout__t4                    -6.38248e-08
gnd_drv__t558                     -1.02613e-07
gnd_drv__t18                      -1.02595e-07
x3_lockout__t5                    -6.29887e-08
out__t512                          -9.0357e-08
out__t3                           -9.02775e-08
x3_lockout__t6                    -6.21798e-08
gnd_drv__t559                     -1.02577e-07
gnd_drv__t19                      -1.02559e-07
x3_lockout__t7                    -6.13971e-08
out__t513                         -9.01985e-08
out__t4                           -9.01196e-08
x3_lockout__t8                     -6.0641e-08
gnd_drv__t560                     -1.02542e-07
gnd_drv__t20                      -1.02524e-07
x3_lockout__t9                    -5.99102e-08
out__t514                           -9.004e-08
out__t5                           -8.99603e-08
x3_lockout__t10                    -5.9205e-08
gnd_drv__t561                     -1.02506e-07
gnd_drv__t250                     -1.02488e-07
x3_lockout__t472                  -5.85241e-08
out__t744                         -8.98806e-08
out__t238                         -8.98009e-08
x3_lockout__t473                  -5.78678e-08
gnd_drv__t794                      -1.0247e-07
gnd_drv__t93                      -1.02452e-07
x3_lockout__t155                  -5.72352e-08
out__t587                         -8.97212e-08
gnd_drv__t355                     -6.12584e-06
x2_n4__t44                         7.59268e-05
x2_n5__t771                            3.29984
out__t26                          -8.96415e-08
x3_lockout__t51                   -5.66255e-08
gnd_drv__t582                     -1.02434e-07
gnd_drv__t41                      -1.02417e-07
x3_lockout__t52                    -5.6039e-08
out__t535                         -8.95617e-08
out__t27                          -8.94813e-08
x3_lockout__t53                   -5.54746e-08
gnd_drv__t583                     -1.02399e-07
gnd_drv__t42                      -1.02381e-07
x3_lockout__t54                   -5.49323e-08
out__t536                         -8.94015e-08
out__t28                          -8.93211e-08
x3_lockout__t55                   -5.44116e-08
gnd_drv__t584                     -1.02363e-07
gnd_drv__t43                      -1.02345e-07
x3_lockout__t56                   -5.39116e-08
out__t537                         -8.92406e-08
out__t29                          -8.91608e-08
x3_lockout__t57                   -5.34323e-08
gnd_drv__t585                     -1.02327e-07
gnd_drv__t44                       -1.0231e-07
x3_lockout__t58                   -5.29731e-08
out__t538                         -8.90803e-08
out__t30                          -8.89998e-08
x3_lockout__t59                    -5.2534e-08
gnd_drv__t586                     -1.02292e-07
gnd_drv__t45                      -1.02274e-07
x3_lockout__t60                   -5.21143e-08
out__t539                         -8.89186e-08
x2_n5__t745                            3.29984
x2_n4__t52                         7.63362e-05
gnd_drv__t898                     -6.09374e-06
out__t31                          -8.88381e-08
x3_lockout__t61                   -5.17131e-08
gnd_drv__t587                     -1.02256e-07
gnd_drv__t46                      -1.02239e-07
x3_lockout__t62                   -5.13308e-08
out__t540                         -8.87576e-08
out__t32                          -8.86764e-08
x3_lockout__t63                   -5.09665e-08
gnd_drv__t588                     -1.02221e-07
gnd_drv__t47                      -1.02203e-07
x3_lockout__t64                   -5.06201e-08
out__t541                         -8.85959e-08
out__t41                          -8.85146e-08
x3_lockout__t80                    -5.0291e-08
gnd_drv__t597                     -1.02186e-07
gnd_drv__t95                      -1.02168e-07
x3_lockout__t160                  -4.99792e-08
out__t589                         -8.84334e-08
out__t81                          -8.83529e-08
x3_lockout__t161                  -4.96839e-08
gnd_drv__t637                     -1.02151e-07
gnd_drv__t96                      -1.02133e-07
x3_lockout__t162                  -4.94048e-08
out__t590                         -8.82717e-08
out__t82                          -8.81905e-08
x3_lockout__t163                  -4.91419e-08
gnd_drv__t638                     -1.02116e-07
gnd_drv__t97                      -1.02099e-07
x3_lockout__t164                  -4.88944e-08
out__t591                         -8.81092e-08
gnd_drv__t331                     -6.05578e-06
x2_n4__t13                         7.69546e-05
x2_n5__t753                            3.29984
out__t83                          -8.80273e-08
x3_lockout__t165                  -4.86624e-08
gnd_drv__t639                     -1.02081e-07
gnd_drv__t98                      -1.02064e-07
x3_lockout__t166                  -4.84452e-08
out__t592                         -8.79461e-08
out__t84                          -8.78649e-08
x3_lockout__t167                  -4.82424e-08
gnd_drv__t640                     -1.02047e-07
gnd_drv__t99                       -1.0203e-07
x3_lockout__t168                  -4.80542e-08
out__t593                          -8.7783e-08
out__t85                          -8.77018e-08
x3_lockout__t169                  -4.78796e-08
gnd_drv__t641                     -1.02013e-07
gnd_drv__t124                     -1.01996e-07
x3_lockout__t215                  -4.77189e-08
out__t618                         -8.76199e-08
out__t115                         -8.75387e-08
x3_lockout__t231                  -4.75713e-08
gnd_drv__t671                     -1.01979e-07
gnd_drv__t132                     -1.01962e-07
x3_lockout__t232                  -4.74368e-08
out__t626                         -8.74568e-08
out__t116                         -8.73749e-08
x3_lockout__t233                  -4.73151e-08
gnd_drv__t672                     -1.01945e-07
gnd_drv__t133                     -1.01929e-07
x3_lockout__t234                  -4.72057e-08
out__t627                          -8.7293e-08
x2_n5__t727                            3.29984
x2_n4__t12                           7.777e-05
gnd_drv__t871                     -6.01231e-06
out__t117                         -8.72112e-08
x3_lockout__t235                  -4.71084e-08
gnd_drv__t673                     -1.01912e-07
gnd_drv__t134                     -1.01895e-07
x3_lockout__t236                  -4.70229e-08
out__t628                         -8.71293e-08
out__t118                         -8.70475e-08
x3_lockout__t237                  -4.69491e-08
gnd_drv__t674                     -1.01879e-07
gnd_drv__t135                     -1.01862e-07
x3_lockout__t238                  -4.68864e-08
out__t629                         -8.69657e-08
out__t119                         -8.68838e-08
x3_lockout__t239                  -4.68347e-08
gnd_drv__t675                     -1.01846e-07
gnd_drv__t136                      -1.0183e-07
x3_lockout__t240                  -4.67938e-08
out__t630                         -8.68021e-08
out__t120                         -8.67195e-08
x3_lockout__t241                  -4.67634e-08
gnd_drv__t676                     -1.01814e-07
gnd_drv__t137                     -1.01797e-07
x3_lockout__t242                  -4.67431e-08
out__t631                         -8.66377e-08
out__t121                         -8.65552e-08
x3_lockout__t243                  -4.67329e-08
gnd_drv__t677                     -1.01781e-07
gnd_drv__t138                     -1.01766e-07
x3_lockout__t244                  -4.67322e-08
out__t632                         -8.64735e-08
gnd_drv__t330                     -5.96375e-06
x2_n4__t11                         7.87657e-05
x2_n5__t752                            3.29984
out__t130                          -8.6391e-08
x3_lockout__t261                  -4.67411e-08
gnd_drv__t686                      -1.0175e-07
gnd_drv__t139                     -1.01734e-07
x3_lockout__t246                  -4.67591e-08
out__t633                         -8.63086e-08
out__t123                         -8.62261e-08
x3_lockout__t247                  -4.67862e-08
gnd_drv__t679                     -1.01718e-07
gnd_drv__t140                     -1.01703e-07
x3_lockout__t248                  -4.68219e-08
out__t634                         -8.61444e-08
out__t124                          -8.6062e-08
x3_lockout__t249                  -4.68661e-08
gnd_drv__t680                     -1.01687e-07
gnd_drv__t141                     -1.01672e-07
x3_lockout__t250                  -4.69187e-08
out__t635                         -8.59796e-08
out__t125                         -8.58973e-08
x3_lockout__t251                  -4.69793e-08
gnd_drv__t681                     -1.01657e-07
gnd_drv__t142                     -1.01641e-07
x3_lockout__t252                  -4.70478e-08
out__t636                         -8.58149e-08
out__t126                         -8.57326e-08
x3_lockout__t253                  -4.71239e-08
gnd_drv__t682                     -1.01626e-07
gnd_drv__t143                     -1.01611e-07
x3_lockout__t254                  -4.72075e-08
out__t637                         -8.56495e-08
x1_nbuf1__t2                               3.3
x1_ncb__t2                         5.17679e-08
gnd_drv__t3                       -9.14174e-08
x2_n5__t726                            3.29984
x2_n4__t10                         7.99233e-05
gnd_drv__t870                     -5.91056e-06
out__t127                         -8.55671e-08
x3_lockout__t255                  -4.72983e-08
gnd_drv__t683                     -1.01596e-07
gnd_drv__t120                     -1.01581e-07
x3_lockout__t208                  -4.73959e-08
out__t614                         -8.54849e-08
out__t435                         -9.30098e-08
x3_lockout__t653                  -4.54262e-08
gnd_drv__t1017                    -1.00396e-07
gnd_drv__t494                       -1.004e-07
x3_lockout__t683                  -4.53564e-08
out__t961                         -9.30186e-08
out__t450                          -9.3027e-08
x3_lockout__t684                   -4.5295e-08
gnd_drv__t1032                    -1.00405e-07
gnd_drv__t493                      -1.0041e-07
x3_lockout__t681                  -4.52421e-08
out__t960                          -9.3035e-08
out__t449                         -9.30425e-08
x3_lockout__t682                  -4.51982e-08
gnd_drv__t1031                    -1.00415e-07
gnd_drv__t481                      -1.0042e-07
x3_lockout__t659                  -4.51631e-08
out__t948                         -9.30501e-08
out__t443                         -9.30567e-08
x3_lockout__t669                  -4.51375e-08
gnd_drv__t1025                    -1.00425e-07
gnd_drv__t472                     -1.00431e-07
x3_lockout__t639                  -4.51215e-08
out__t939                         -9.30629e-08
gnd_drv__t329                     -5.85324e-06
x2_n4__t9                          8.12228e-05
x2_n5__t751                            3.29984
out__t428                         -9.30692e-08
x3_lockout__t640                   -4.5115e-08
gnd_drv__t1010                    -1.00437e-07
gnd_drv__t473                     -1.00443e-07
x3_lockout__t641                  -4.51188e-08
out__t940                         -9.30746e-08
out__t429                         -9.30801e-08
x3_lockout__t642                  -4.51327e-08
gnd_drv__t1011                     -1.0045e-07
gnd_drv__t478                     -1.00456e-07
x3_lockout__t652                  -4.51571e-08
out__t945                         -9.30852e-08
out__t431                         -9.30899e-08
x3_lockout__t644                  -4.51923e-08
gnd_drv__t1013                    -1.00464e-07
gnd_drv__t474                     -1.00471e-07
x3_lockout__t645                  -4.52386e-08
out__t941                         -9.30941e-08
out__t432                         -9.30981e-08
x3_lockout__t646                  -4.52962e-08
gnd_drv__t1014                    -1.00479e-07
gnd_drv__t475                     -1.00487e-07
x3_lockout__t647                  -4.53654e-08
out__t942                         -9.31016e-08
out__t433                         -9.31047e-08
x3_lockout__t648                  -4.54465e-08
gnd_drv__t1015                    -1.00495e-07
gnd_drv__t476                     -1.00504e-07
x3_lockout__t649                  -4.55396e-08
out__t943                         -9.31081e-08
x2_n5__t725                            3.29985
x2_n4__t8                          8.26437e-05
gnd_drv__t869                      -5.7923e-06
out__t434                         -9.31111e-08
x3_lockout__t650                  -4.56451e-08
gnd_drv__t1016                    -1.00513e-07
gnd_drv__t477                     -1.00523e-07
x3_lockout__t651                  -4.57635e-08
out__t944                         -9.31131e-08
out__t430                         -9.31154e-08
x3_lockout__t643                  -4.58948e-08
gnd_drv__t1012                    -1.00533e-07
gnd_drv__t463                     -1.00543e-07
x3_lockout__t619                  -4.60394e-08
out__t930                         -9.31173e-08
out__t417                         -9.31195e-08
x3_lockout__t620                  -4.61974e-08
gnd_drv__t999                     -1.00554e-07
gnd_drv__t464                     -1.00565e-07
x3_lockout__t621                  -4.63695e-08
out__t931                         -9.31208e-08
out__t418                         -9.31223e-08
x3_lockout__t622                  -4.65559e-08
gnd_drv__t1000                    -1.00577e-07
gnd_drv__t465                     -1.00588e-07
x3_lockout__t623                  -4.67565e-08
out__t932                         -9.31235e-08
out__t419                         -9.31244e-08
x3_lockout__t624                  -4.69722e-08
gnd_drv__t1001                    -1.00601e-07
gnd_drv__t466                     -1.00614e-07
x3_lockout__t625                  -4.72031e-08
out__t933                          -9.3125e-08
gnd_drv__t333                     -5.72851e-06
x2_n4__t16                         8.41654e-05
x2_n5__t755                            3.29985
out__t425                         -9.31253e-08
x3_lockout__t635                  -4.74494e-08
gnd_drv__t1007                    -1.00627e-07
gnd_drv__t467                     -1.00641e-07
x3_lockout__t627                  -4.77115e-08
out__t934                         -9.31259e-08
out__t421                         -9.31262e-08
x3_lockout__t628                  -4.79898e-08
gnd_drv__t1003                    -1.00656e-07
gnd_drv__t468                      -1.0067e-07
x3_lockout__t629                  -4.82847e-08
out__t935                         -9.31262e-08
out__t422                          -9.3126e-08
x3_lockout__t630                  -4.85963e-08
gnd_drv__t1004                    -1.00686e-07
gnd_drv__t469                     -1.00702e-07
x3_lockout__t631                  -4.89253e-08
out__t936                          -9.3126e-08
out__t423                         -9.31258e-08
x3_lockout__t632                  -4.92716e-08
gnd_drv__t1005                    -1.00718e-07
gnd_drv__t470                     -1.00735e-07
x3_lockout__t633                   -4.9636e-08
out__t937                         -9.31254e-08
out__t424                         -9.31253e-08
x3_lockout__t634                  -5.00187e-08
gnd_drv__t1006                    -1.00753e-07
gnd_drv__t482                     -1.00771e-07
x3_lockout__t660                    -5.042e-08
out__t949                          -9.3125e-08
x2_n5__t724                            3.29985
x2_n4__t7                          8.57679e-05
gnd_drv__t868                     -5.66189e-06
out__t451                         -9.31244e-08
x3_lockout__t685                  -5.08406e-08
gnd_drv__t1033                    -1.00789e-07
gnd_drv__t491                     -1.00808e-07
x3_lockout__t677                  -5.12804e-08
out__t958                         -9.31237e-08
out__t436                         -9.31232e-08
x3_lockout__t654                  -5.17399e-08
gnd_drv__t1018                    -1.00828e-07
gnd_drv__t479                     -1.00849e-07
x3_lockout__t655                  -5.22201e-08
out__t946                         -9.31226e-08
out__t437                         -9.31224e-08
x3_lockout__t656                  -5.27204e-08
gnd_drv__t1019                     -1.0087e-07
gnd_drv__t487                     -1.00891e-07
x3_lockout__t670                  -5.32423e-08
out__t954                         -9.31215e-08
out__t444                         -9.31209e-08
x3_lockout__t671                  -5.37853e-08
gnd_drv__t1026                    -1.00913e-07
gnd_drv__t480                     -1.00936e-07
x3_lockout__t657                    -5.435e-08
out__t947                         -9.31207e-08
out__t438                         -9.31203e-08
x3_lockout__t658                  -5.49374e-08
gnd_drv__t1020                     -1.0096e-07
gnd_drv__t488                     -1.00984e-07
x3_lockout__t672                  -5.55473e-08
out__t955                         -9.31198e-08
gnd_drv__t343                     -5.59316e-06
x2_n4__t34                         8.74328e-05
x2_n5__t765                            3.29985
out__t445                         -9.31198e-08
x3_lockout__t673                  -5.61806e-08
gnd_drv__t1027                    -1.01008e-07
gnd_drv__t490                     -1.01034e-07
x3_lockout__t675                  -5.68372e-08
out__t957                         -9.31196e-08
out__t446                         -9.31198e-08
x3_lockout__t676                  -5.75182e-08
gnd_drv__t1028                     -1.0106e-07
gnd_drv__t495                     -1.01087e-07
x3_lockout__t686                  -5.82234e-08
out__t962                         -9.31194e-08
out__t447                         -9.31199e-08
x3_lockout__t678                  -5.89534e-08
gnd_drv__t1029                    -1.01114e-07
gnd_drv__t492                     -1.01142e-07
x3_lockout__t679                  -5.97094e-08
out__t959                         -9.31204e-08
out__t448                         -9.31208e-08
x3_lockout__t680                  -6.04909e-08
gnd_drv__t1030                    -1.01171e-07
gnd_drv__t438                     -1.01201e-07
x3_lockout__t573                  -6.12992e-08
out__t905                         -9.31217e-08
out__t147                         -9.31225e-08
x3_lockout__t294                  -6.21339e-08
gnd_drv__t703                     -1.01231e-07
gnd_drv__t105                     -1.01262e-07
x3_lockout__t178                  -6.29959e-08
out__t599                         -9.31237e-08
x2_n5__t736                            3.29985
x2_n4__t33                         8.91427e-05
gnd_drv__t882                     -5.52299e-06
out__t89                           -9.3125e-08
x3_lockout__t179                  -6.38865e-08
gnd_drv__t645                     -1.01294e-07
gnd_drv__t106                     -1.01326e-07
x3_lockout__t180                  -6.48047e-08
out__t600                         -9.31267e-08
out__t90                          -9.31285e-08
x3_lockout__t181                  -6.57525e-08
gnd_drv__t646                     -1.01359e-07
gnd_drv__t107                     -1.01393e-07
x3_lockout__t182                  -6.67292e-08
out__t601                         -9.31302e-08
out__t91                           -9.3133e-08
x3_lockout__t183                  -6.77356e-08
gnd_drv__t647                     -1.01428e-07
gnd_drv__t33                      -1.01464e-07
x3_lockout__t35                   -6.87733e-08
out__t527                         -9.31352e-08
out__t92                          -9.31386e-08
x3_lockout__t184                  -6.98412e-08
gnd_drv__t648                       -1.015e-07
gnd_drv__t115                     -1.01537e-07
x3_lockout__t200                  -7.09415e-08
out__t609                         -9.31414e-08
out__t94                          -9.31453e-08
x3_lockout__t186                   -7.2073e-08
gnd_drv__t650                     -1.01575e-07
gnd_drv__t108                     -1.01614e-07
x3_lockout__t187                  -7.32372e-08
out__t602                         -9.31493e-08
gnd_drv__t354                     -5.45133e-06
x2_n4__t43                         9.08826e-05
x2_n5__t770                            3.29985
out__t95                          -9.31534e-08
x3_lockout__t188                  -7.44355e-08
gnd_drv__t651                     -1.01654e-07
gnd_drv__t109                     -1.01694e-07
x3_lockout__t189                  -7.56667e-08
out__t603                          -9.3158e-08
out__t96                          -9.31632e-08
x3_lockout__t190                  -7.69331e-08
gnd_drv__t652                     -1.01736e-07
gnd_drv__t110                     -1.01778e-07
x3_lockout__t191                  -7.82337e-08
out__t604                         -9.31686e-08
out__t97                          -9.31745e-08
x3_lockout__t192                  -7.95698e-08
gnd_drv__t653                     -1.01821e-07
gnd_drv__t111                     -1.01865e-07
x3_lockout__t193                  -8.09429e-08
out__t605                         -9.31811e-08
out__t98                          -9.31878e-08
x3_lockout__t194                  -8.23519e-08
gnd_drv__t654                      -1.0191e-07
gnd_drv__t112                     -1.01956e-07
x3_lockout__t195                  -8.37983e-08
out__t606                         -9.31947e-08
out__t99                          -9.32027e-08
x3_lockout__t196                  -8.52835e-08
gnd_drv__t655                     -1.02003e-07
gnd_drv__t113                     -1.02051e-07
x3_lockout__t197                  -8.68066e-08
out__t607                         -9.32104e-08
x2_n5__t744                            3.29985
x2_n4__t51                         9.26381e-05
gnd_drv__t897                     -5.37902e-06
out__t100                         -9.32193e-08
x3_lockout__t198                  -8.83697e-08
gnd_drv__t656                     -1.02099e-07
gnd_drv__t114                     -1.02149e-07
x3_lockout__t199                  -8.99718e-08
out__t608                         -9.32284e-08
out__t93                          -9.32381e-08
x3_lockout__t185                  -9.16144e-08
gnd_drv__t649                       -1.022e-07
gnd_drv__t86                      -1.02251e-07
x3_lockout__t141                  -9.32993e-08
out__t580                         -9.32486e-08
out__t71                          -9.32593e-08
x3_lockout__t142                  -9.50249e-08
gnd_drv__t627                     -1.02304e-07
gnd_drv__t87                      -1.02358e-07
x3_lockout__t143                  -9.67931e-08
out__t581                         -9.32708e-08
out__t72                          -9.32825e-08
x3_lockout__t144                  -9.86045e-08
gnd_drv__t628                     -1.02412e-07
gnd_drv__t88                      -1.02468e-07
x3_lockout__t145                  -1.00461e-07
out__t582                          -9.3295e-08
out__t73                          -9.33082e-08
x3_lockout__t146                  -1.02361e-07
gnd_drv__t629                     -1.02525e-07
gnd_drv__t89                      -1.02583e-07
x3_lockout__t147                  -1.04306e-07
out__t583                         -9.33222e-08
gnd_drv__t342                     -5.30614e-06
x2_n4__t32                         9.43974e-05
x2_n5__t764                            3.29986
out__t74                          -9.33365e-08
x3_lockout__t148                  -1.06297e-07
gnd_drv__t630                     -1.02641e-07
gnd_drv__t90                      -1.02702e-07
x3_lockout__t149                  -1.08336e-07
out__t584                         -9.33516e-08
out__t75                           -9.3367e-08
x3_lockout__t150                  -1.10421e-07
gnd_drv__t631                     -1.02763e-07
gnd_drv__t91                      -1.02825e-07
x3_lockout__t151                  -1.12553e-07
out__t585                         -9.33837e-08
out__t76                          -9.34008e-08
x3_lockout__t152                  -1.14735e-07
gnd_drv__t632                     -1.02888e-07
gnd_drv__t92                      -1.02953e-07
x3_lockout__t153                  -1.16966e-07
out__t586                         -9.34188e-08
out__t77                           -9.3437e-08
x3_lockout__t154                  -1.19245e-07
gnd_drv__t633                     -1.03019e-07
gnd_drv__t100                     -1.03085e-07
x3_lockout__t170                  -1.21575e-07
out__t594                         -9.34562e-08
out__t78                          -9.34761e-08
x3_lockout__t156                   -1.2395e-07
gnd_drv__t634                     -1.03153e-07
gnd_drv__t94                      -1.03222e-07
x3_lockout__t157                  -1.26338e-07
out__t588                         -9.34961e-08
in_drv__t3                        -1.35545e-07
x1_nbuf1__t0                               3.3
gnd_drv__t2                        1.48006e-07
x2_n5__t0                              3.29988
x2_n4__t0                          9.80985e-05
gnd_drv__t17                      -5.23206e-06
out__t79                          -9.34716e-08
x3_lockout__t158                  -1.26396e-07
gnd_drv__t635                     -1.03251e-07
gnd_drv__t104                     -1.03239e-07
x3_lockout__t177                  -1.24012e-07
out__t598                         -9.34006e-08
out__t67                          -8.98892e-08
x3_lockout__t135                  -6.93022e-08
gnd_drv__t623                     -1.00204e-07
gnd_drv__t29                      -1.00206e-07
x3_lockout__t28                   -6.90468e-08
out__t523                         -8.99381e-08
out__t15                          -8.99876e-08
x3_lockout__t29                     -6.879e-08
gnd_drv__t571                     -1.00207e-07
gnd_drv__t30                      -1.00209e-07
x3_lockout__t30                   -6.85321e-08
out__t524                         -9.00363e-08
out__t16                          -9.00843e-08
x3_lockout__t31                   -6.82728e-08
gnd_drv__t572                      -1.0021e-07
gnd_drv__t31                      -1.00211e-07
x3_lockout__t32                   -6.80126e-08
out__t525                         -9.01329e-08
out__t17                          -9.01807e-08
x3_lockout__t33                   -6.77511e-08
gnd_drv__t573                     -1.00213e-07
gnd_drv__t32                      -1.00214e-07
x3_lockout__t34                   -6.74884e-08
out__t526                         -9.02285e-08
gnd_drv__t313                      1.41928e-06
x2_n5__t48                                 3.3
out__t807                          3.44094e-07
out__t25                          -9.02755e-08
x3_lockout__t50                   -6.72247e-08
gnd_drv__t581                     -1.00216e-07
gnd_drv__t34                      -1.00217e-07
x3_lockout__t36                   -6.69597e-08
out__t528                         -9.03232e-08
out__t18                          -9.03701e-08
x3_lockout__t37                   -6.66938e-08
gnd_drv__t574                     -1.00219e-07
gnd_drv__t35                       -1.0022e-07
x3_lockout__t38                   -6.64269e-08
out__t529                         -9.04162e-08
out__t19                           -9.0463e-08
x3_lockout__t39                   -6.61589e-08
gnd_drv__t575                     -1.00222e-07
gnd_drv__t36                      -1.00223e-07
x3_lockout__t40                     -6.589e-08
out__t530                          -9.0509e-08
out__t20                          -9.05542e-08
x3_lockout__t41                   -6.56199e-08
gnd_drv__t576                     -1.00225e-07
gnd_drv__t37                      -1.00226e-07
x3_lockout__t42                   -6.53492e-08
out__t531                         -9.05994e-08
out__t21                          -9.06445e-08
x3_lockout__t43                   -6.50774e-08
gnd_drv__t577                     -1.00228e-07
gnd_drv__t38                      -1.00229e-07
x3_lockout__t44                   -6.48048e-08
out__t532                         -9.06896e-08
out__t299                          3.40606e-07
x2_n5__t47                                 3.3
gnd_drv__t855                      1.41218e-06
out__t22                          -9.07339e-08
x3_lockout__t45                   -6.45314e-08
gnd_drv__t578                     -1.00231e-07
gnd_drv__t39                      -1.00233e-07
x3_lockout__t46                   -6.42571e-08
out__t533                         -9.07782e-08
out__t23                          -9.08217e-08
x3_lockout__t47                   -6.39822e-08
gnd_drv__t579                     -1.00234e-07
gnd_drv__t40                      -1.00236e-07
x3_lockout__t48                   -6.37064e-08
out__t534                         -9.08659e-08
out__t24                          -9.09086e-08
x3_lockout__t49                   -6.34301e-08
gnd_drv__t580                     -1.00237e-07
gnd_drv__t62                      -1.00239e-07
x3_lockout__t95                   -6.31531e-08
out__t556                         -9.09519e-08
out__t56                          -9.09938e-08
x3_lockout__t111                  -6.28754e-08
gnd_drv__t612                     -1.00241e-07
gnd_drv__t71                      -1.00242e-07
x3_lockout__t112                  -6.25973e-08
out__t565                         -9.10364e-08
out__t57                          -9.10782e-08
x3_lockout__t113                  -6.23185e-08
gnd_drv__t613                     -1.00244e-07
gnd_drv__t72                      -1.00245e-07
x3_lockout__t114                  -6.20394e-08
out__t566                           -9.112e-08
gnd_drv__t312                      1.40497e-06
x2_n5__t46                                 3.3
out__t806                          3.37091e-07
out__t58                          -9.11611e-08
x3_lockout__t115                  -6.17596e-08
gnd_drv__t614                     -1.00247e-07
gnd_drv__t73                      -1.00249e-07
x3_lockout__t116                  -6.14797e-08
out__t567                         -9.12021e-08
out__t59                          -9.12423e-08
x3_lockout__t117                  -6.11995e-08
gnd_drv__t615                      -1.0025e-07
gnd_drv__t74                      -1.00252e-07
x3_lockout__t118                  -6.09187e-08
out__t568                         -9.12825e-08
out__t60                           -9.1322e-08
x3_lockout__t119                  -6.06379e-08
gnd_drv__t616                     -1.00254e-07
gnd_drv__t75                      -1.00255e-07
x3_lockout__t120                  -6.03568e-08
out__t569                         -9.13615e-08
out__t61                          -9.14009e-08
x3_lockout__t121                  -6.00757e-08
gnd_drv__t617                     -1.00257e-07
gnd_drv__t76                      -1.00259e-07
x3_lockout__t122                  -5.97943e-08
out__t570                         -9.14396e-08
out__t62                          -9.14775e-08
x3_lockout__t123                  -5.95131e-08
gnd_drv__t618                      -1.0026e-07
gnd_drv__t77                      -1.00262e-07
x3_lockout__t124                  -5.92319e-08
out__t571                         -9.15155e-08
out__t298                          3.33598e-07
x2_n5__t45                                 3.3
gnd_drv__t854                      1.39785e-06
out__t70                          -9.15534e-08
x3_lockout__t140                  -5.89506e-08
gnd_drv__t626                     -1.00264e-07
gnd_drv__t79                      -1.00265e-07
x3_lockout__t126                  -5.86697e-08
out__t573                         -9.15905e-08
out__t63                           -9.1627e-08
x3_lockout__t127                  -5.83888e-08
gnd_drv__t619                     -1.00267e-07
gnd_drv__t80                      -1.00269e-07
x3_lockout__t128                  -5.81083e-08
out__t574                         -9.16634e-08
out__t64                          -9.16992e-08
x3_lockout__t129                  -5.78283e-08
gnd_drv__t620                      -1.0027e-07
gnd_drv__t81                      -1.00272e-07
x3_lockout__t130                  -5.75484e-08
out__t575                         -9.17349e-08
out__t65                          -9.17699e-08
x3_lockout__t131                  -5.72692e-08
gnd_drv__t621                     -1.00274e-07
gnd_drv__t82                      -1.00275e-07
x3_lockout__t132                  -5.69903e-08
out__t576                         -9.18049e-08
out__t66                          -9.18392e-08
x3_lockout__t133                  -5.67123e-08
gnd_drv__t622                     -1.00277e-07
gnd_drv__t83                      -1.00279e-07
x3_lockout__t134                  -5.64347e-08
out__t577                         -9.18735e-08
gnd_drv__t311                      1.39076e-06
x2_n5__t44                                 3.3
out__t805                          3.30079e-07
out__t14                          -9.19064e-08
x3_lockout__t27                   -5.61582e-08
gnd_drv__t570                      -1.0028e-07
gnd_drv__t49                      -1.00282e-07
x3_lockout__t69                   -5.58824e-08
out__t543                         -9.19399e-08
out__t36                          -9.19721e-08
x3_lockout__t70                   -5.56074e-08
gnd_drv__t592                     -1.00284e-07
gnd_drv__t50                      -1.00285e-07
x3_lockout__t71                   -5.53337e-08
out__t544                         -9.20043e-08
out__t37                          -9.20365e-08
x3_lockout__t72                   -5.50607e-08
gnd_drv__t593                     -1.00287e-07
gnd_drv__t51                      -1.00289e-07
x3_lockout__t73                   -5.47892e-08
out__t545                          -9.2068e-08
out__t38                          -9.20989e-08
x3_lockout__t74                   -5.45189e-08
gnd_drv__t594                      -1.0029e-07
gnd_drv__t52                      -1.00292e-07
x3_lockout__t75                   -5.42498e-08
out__t546                          -9.2129e-08
out__t39                          -9.21592e-08
x3_lockout__t76                   -5.39823e-08
gnd_drv__t595                     -1.00294e-07
gnd_drv__t53                      -1.00295e-07
x3_lockout__t77                   -5.37162e-08
out__t547                         -9.21887e-08
out__t297                          3.26614e-07
x2_n5__t43                                 3.3
gnd_drv__t853                       1.3837e-06
out__t40                          -9.22182e-08
x3_lockout__t78                   -5.34518e-08
gnd_drv__t596                     -1.00297e-07
gnd_drv__t54                      -1.00299e-07
x3_lockout__t79                   -5.31891e-08
out__t548                         -9.22464e-08
out__t33                          -9.22746e-08
x3_lockout__t65                   -5.29283e-08
gnd_drv__t589                       -1.003e-07
gnd_drv__t26                      -1.00302e-07
x3_lockout__t21                   -5.26693e-08
out__t520                         -9.23028e-08
out__t11                          -9.23297e-08
x3_lockout__t22                   -5.24124e-08
gnd_drv__t567                     -1.00304e-07
gnd_drv__t27                      -1.00305e-07
x3_lockout__t23                   -5.21576e-08
out__t521                         -9.23566e-08
out__t12                          -9.23829e-08
x3_lockout__t24                    -5.1905e-08
gnd_drv__t568                     -1.00307e-07
gnd_drv__t28                      -1.00309e-07
x3_lockout__t25                   -5.16549e-08
out__t522                         -9.24085e-08
out__t13                          -9.24342e-08
x3_lockout__t26                    -5.1407e-08
gnd_drv__t569                     -1.00311e-07
gnd_drv__t48                      -1.00312e-07
x3_lockout__t68                    -5.1162e-08
out__t542                         -9.24592e-08
gnd_drv__t315                      1.37679e-06
x2_n5__t51                                 3.3
out__t809                           3.2318e-07
out__t439                         -9.24836e-08
x3_lockout__t661                  -5.09195e-08
gnd_drv__t1021                    -1.00314e-07
gnd_drv__t483                     -1.00316e-07
x3_lockout__t662                  -5.06799e-08
out__t950                         -9.25074e-08
out__t440                         -9.25312e-08
x3_lockout__t663                  -5.04432e-08
gnd_drv__t1022                    -1.00318e-07
gnd_drv__t484                     -1.00319e-07
x3_lockout__t664                  -5.02095e-08
out__t951                         -9.25538e-08
out__t441                         -9.25764e-08
x3_lockout__t665                  -4.99791e-08
gnd_drv__t1023                    -1.00321e-07
gnd_drv__t485                     -1.00323e-07
x3_lockout__t666                   -4.9752e-08
out__t952                         -9.25984e-08
out__t442                         -9.26198e-08
x3_lockout__t667                  -4.95283e-08
gnd_drv__t1024                    -1.00325e-07
gnd_drv__t486                     -1.00327e-07
x3_lockout__t668                  -4.93082e-08
out__t953                         -9.26412e-08
out__t420                         -9.26615e-08
x3_lockout__t626                  -4.90918e-08
gnd_drv__t1002                    -1.00329e-07
gnd_drv__t436                     -1.00331e-07
x3_lockout__t569                  -4.88793e-08
out__t903                         -9.26817e-08
out__t296                          3.19788e-07
x2_n5__t41                                 3.3
gnd_drv__t852                      1.36984e-06
out__t394                         -9.27014e-08
x3_lockout__t570                  -4.86707e-08
gnd_drv__t975                     -1.00333e-07
gnd_drv__t437                     -1.00335e-07
x3_lockout__t571                  -4.84666e-08
out__t904                         -9.27199e-08
out__t395                          -9.2739e-08
x3_lockout__t572                  -4.82664e-08
gnd_drv__t976                     -1.00337e-07
gnd_drv__t439                     -1.00339e-07
x3_lockout__t574                  -4.80708e-08
out__t906                          -9.2757e-08
out__t49                          -9.27744e-08
x3_lockout__t97                     -4.788e-08
gnd_drv__t605                     -1.00341e-07
gnd_drv__t64                      -1.00343e-07
x3_lockout__t98                   -4.76938e-08
out__t558                         -9.27912e-08
out__t50                          -9.28082e-08
x3_lockout__t99                   -4.75125e-08
gnd_drv__t606                     -1.00346e-07
gnd_drv__t65                      -1.00348e-07
x3_lockout__t100                  -4.73363e-08
out__t559                         -9.28245e-08
out__t51                          -9.28397e-08
x3_lockout__t101                  -4.71654e-08
gnd_drv__t607                      -1.0035e-07
gnd_drv__t66                      -1.00353e-07
x3_lockout__t102                      -4.7e-08
out__t560                          -9.2855e-08
gnd_drv__t309                      1.36306e-06
x2_n5__t40                                 3.3
out__t803                          3.16478e-07
out__t52                          -9.28697e-08
x3_lockout__t103                  -4.68401e-08
gnd_drv__t608                     -1.00356e-07
gnd_drv__t67                      -1.00358e-07
x3_lockout__t104                   -4.6686e-08
out__t561                         -9.28839e-08
out__t53                          -9.28976e-08
x3_lockout__t105                  -4.65379e-08
gnd_drv__t609                     -1.00361e-07
gnd_drv__t68                      -1.00364e-07
x3_lockout__t106                  -4.63959e-08
out__t562                         -9.29108e-08
out__t54                          -9.29241e-08
x3_lockout__t107                  -4.62602e-08
gnd_drv__t610                     -1.00367e-07
gnd_drv__t69                       -1.0037e-07
x3_lockout__t108                   -4.6131e-08
out__t563                         -9.29362e-08
out__t135                         -9.29478e-08
x3_lockout__t270                  -4.60087e-08
gnd_drv__t691                     -1.00373e-07
gnd_drv__t70                      -1.00377e-07
x3_lockout__t109                  -4.58931e-08
out__t564                         -9.29596e-08
out__t426                         -9.29702e-08
x3_lockout__t636                  -4.57847e-08
gnd_drv__t1008                     -1.0038e-07
gnd_drv__t471                     -1.00384e-07
x3_lockout__t637                  -4.56835e-08
out__t938                          -9.2981e-08
x2_n1__t1                                  3.3
in_drv__t0                         6.28047e-08
gnd_drv__t1                       -1.66762e-07
out__t295                          3.13192e-07
x2_n5__t39                                 3.3
gnd_drv__t851                      1.35626e-06
out__t427                         -9.29913e-08
x3_lockout__t638                    -4.559e-08
gnd_drv__t1009                    -1.00388e-07
gnd_drv__t489                     -1.00392e-07
x3_lockout__t674                  -4.55042e-08
out__t956                         -9.30005e-08
out__t471                         -8.39808e-08
x3_lockout__t726                  -8.74003e-08
gnd_drv__t1060                    -1.00176e-07
gnd_drv__t553                     -1.00175e-07
x3_lockout__t793                  -8.72898e-08
out__t1015                        -8.40472e-08
out__t506                         -8.41136e-08
x3_lockout__t794                   -8.7178e-08
gnd_drv__t1095                    -1.00174e-07
gnd_drv__t555                     -1.00173e-07
x3_lockout__t797                   -8.7065e-08
out__t1017                        -8.41799e-08
out__t508                         -8.42462e-08
x3_lockout__t798                  -8.69508e-08
gnd_drv__t1097                    -1.00173e-07
gnd_drv__t556                     -1.00172e-07
x3_lockout__t799                  -8.68352e-08
out__t1018                        -8.43115e-08
out__t509                         -8.43776e-08
x3_lockout__t800                  -8.67185e-08
gnd_drv__t1098                    -1.00171e-07
gnd_drv__t550                      -1.0017e-07
x3_lockout__t788                  -8.66005e-08
out__t1012                        -8.44437e-08
gnd_drv__t308                      1.34964e-06
x2_n5__t38                                 3.3
out__t802                          3.09998e-07
out__t503                         -8.45088e-08
x3_lockout__t787                  -8.64812e-08
gnd_drv__t1092                     -1.0017e-07
gnd_drv__t554                     -1.00169e-07
x3_lockout__t795                  -8.63607e-08
out__t1016                        -8.45747e-08
out__t502                         -8.46396e-08
x3_lockout__t786                  -8.62388e-08
gnd_drv__t1091                    -1.00169e-07
gnd_drv__t549                     -1.00168e-07
x3_lockout__t785                  -8.61158e-08
out__t1011                        -8.47054e-08
out__t501                         -8.47703e-08
x3_lockout__t784                  -8.59913e-08
gnd_drv__t1090                    -1.00167e-07
gnd_drv__t548                     -1.00167e-07
x3_lockout__t781                  -8.58656e-08
out__t1010                         -8.4835e-08
out__t496                         -8.49006e-08
x3_lockout__t775                  -8.57385e-08
gnd_drv__t1085                    -1.00166e-07
gnd_drv__t545                     -1.00166e-07
x3_lockout__t776                  -8.56101e-08
out__t1007                        -8.49652e-08
out__t497                         -8.50298e-08
x3_lockout__t777                  -8.54804e-08
gnd_drv__t1086                    -1.00165e-07
gnd_drv__t546                     -1.00165e-07
x3_lockout__t778                  -8.53493e-08
out__t1008                        -8.50943e-08
out__t294                          3.06836e-07
x2_n5__t37                                 3.3
gnd_drv__t850                       1.3432e-06
out__t498                         -8.51588e-08
x3_lockout__t779                  -8.52169e-08
gnd_drv__t1087                    -1.00164e-07
gnd_drv__t547                     -1.00164e-07
x3_lockout__t780                  -8.50831e-08
out__t1009                        -8.52231e-08
out__t500                         -8.52866e-08
x3_lockout__t783                   -8.4948e-08
gnd_drv__t1089                    -1.00163e-07
gnd_drv__t503                     -1.00163e-07
x3_lockout__t702                  -8.48114e-08
out__t970                         -8.53508e-08
out__t460                          -8.5415e-08
x3_lockout__t703                  -8.46736e-08
gnd_drv__t1042                    -1.00163e-07
gnd_drv__t504                     -1.00162e-07
x3_lockout__t704                  -8.45343e-08
out__t971                         -8.54782e-08
out__t461                         -8.55422e-08
x3_lockout__t705                  -8.43936e-08
gnd_drv__t1043                    -1.00162e-07
gnd_drv__t505                     -1.00162e-07
x3_lockout__t706                  -8.42515e-08
out__t972                         -8.56053e-08
out__t482                         -8.56684e-08
x3_lockout__t746                   -8.4108e-08
gnd_drv__t1071                    -1.00161e-07
gnd_drv__t506                     -1.00161e-07
x3_lockout__t708                  -8.39631e-08
out__t973                         -8.57314e-08
gnd_drv__t307                      1.33674e-06
x2_n5__t36                                 3.3
out__t801                          3.03772e-07
out__t463                         -8.57951e-08
x3_lockout__t709                  -8.38167e-08
gnd_drv__t1045                    -1.00161e-07
gnd_drv__t511                     -1.00161e-07
x3_lockout__t719                   -8.3669e-08
out__t978                          -8.5858e-08
out__t465                         -8.59199e-08
x3_lockout__t711                  -8.35198e-08
gnd_drv__t1047                    -1.00161e-07
gnd_drv__t507                      -1.0016e-07
x3_lockout__t712                  -8.33691e-08
out__t974                         -8.59826e-08
out__t466                         -8.60453e-08
x3_lockout__t713                  -8.32171e-08
gnd_drv__t1048                     -1.0016e-07
gnd_drv__t508                      -1.0016e-07
x3_lockout__t714                  -8.30635e-08
out__t975                         -8.61078e-08
out__t467                         -8.61695e-08
x3_lockout__t715                  -8.29085e-08
gnd_drv__t1049                     -1.0016e-07
gnd_drv__t509                      -1.0016e-07
x3_lockout__t716                   -8.2752e-08
out__t976                         -8.62319e-08
out__t468                         -8.62935e-08
x3_lockout__t717                   -8.2594e-08
gnd_drv__t1050                     -1.0016e-07
gnd_drv__t510                      -1.0016e-07
x3_lockout__t718                  -8.24347e-08
out__t977                         -8.63558e-08
out__t309                          3.00807e-07
x2_n5__t70                                 3.3
gnd_drv__t873                      1.33037e-06
out__t464                         -8.64172e-08
x3_lockout__t710                  -8.22737e-08
gnd_drv__t1046                     -1.0016e-07
gnd_drv__t502                      -1.0016e-07
x3_lockout__t701                  -8.21113e-08
out__t969                         -8.64785e-08
out__t459                         -8.65398e-08
x3_lockout__t700                  -8.19473e-08
gnd_drv__t1041                     -1.0016e-07
gnd_drv__t501                      -1.0016e-07
x3_lockout__t699                  -8.17819e-08
out__t968                          -8.6601e-08
out__t458                         -8.66613e-08
x3_lockout__t698                   -8.1615e-08
gnd_drv__t1040                     -1.0016e-07
gnd_drv__t557                      -1.0016e-07
x3_lockout__t801                  -8.14466e-08
out__t1019                        -8.67224e-08
out__t507                         -8.67834e-08
x3_lockout__t796                  -8.12767e-08
gnd_drv__t1096                     -1.0016e-07
gnd_drv__t500                     -1.00161e-07
x3_lockout__t697                  -8.11051e-08
out__t967                         -8.68435e-08
out__t457                         -8.69044e-08
x3_lockout__t696                  -8.09321e-08
gnd_drv__t1039                    -1.00161e-07
gnd_drv__t499                     -1.00161e-07
x3_lockout__t695                  -8.07575e-08
out__t966                         -8.69643e-08
gnd_drv__t396                      1.32419e-06
x2_n5__t158                                3.3
out__t863                          2.97877e-07
out__t456                         -8.70243e-08
x3_lockout__t694                  -8.05815e-08
gnd_drv__t1038                    -1.00161e-07
gnd_drv__t521                     -1.00161e-07
x3_lockout__t727                  -8.04039e-08
out__t983                         -8.70841e-08
out__t472                         -8.71439e-08
x3_lockout__t728                  -8.02247e-08
gnd_drv__t1061                    -1.00162e-07
gnd_drv__t522                     -1.00162e-07
x3_lockout__t729                  -8.00441e-08
out__t984                         -8.72036e-08
out__t473                         -8.72624e-08
x3_lockout__t730                  -7.98617e-08
gnd_drv__t1062                    -1.00162e-07
gnd_drv__t523                     -1.00163e-07
x3_lockout__t731                   -7.9678e-08
out__t985                          -8.7322e-08
out__t479                         -8.73807e-08
x3_lockout__t741                  -7.94925e-08
gnd_drv__t1068                    -1.00163e-07
gnd_drv__t518                     -1.00164e-07
x3_lockout__t723                  -7.93057e-08
out__t980                         -8.74394e-08
out__t470                         -8.74988e-08
x3_lockout__t722                  -7.91173e-08
gnd_drv__t1059                    -1.00164e-07
gnd_drv__t530                     -1.00164e-07
x3_lockout__t747                  -7.89271e-08
out__t992                         -8.75573e-08
out__t358                          2.95047e-07
x2_n5__t168                                3.3
gnd_drv__t939                      1.31809e-06
out__t499                         -8.76157e-08
x3_lockout__t782                  -7.87356e-08
gnd_drv__t1088                    -1.00165e-07
gnd_drv__t529                     -1.00165e-07
x3_lockout__t745                  -7.85423e-08
out__t991                         -8.76733e-08
out__t481                         -8.77316e-08
x3_lockout__t744                  -7.83476e-08
gnd_drv__t1070                    -1.00166e-07
gnd_drv__t528                     -1.00166e-07
x3_lockout__t743                  -7.81514e-08
out__t990                          -8.7789e-08
out__t480                         -8.78472e-08
x3_lockout__t742                  -7.79535e-08
gnd_drv__t1069                    -1.00167e-07
gnd_drv__t536                     -1.00168e-07
x3_lockout__t757                  -7.77541e-08
out__t998                         -8.79045e-08
out__t504                         -8.79618e-08
x3_lockout__t789                   -7.7553e-08
gnd_drv__t1093                    -1.00168e-07
gnd_drv__t551                     -1.00169e-07
x3_lockout__t790                  -7.73505e-08
out__t1013                         -8.8019e-08
out__t505                         -8.80761e-08
x3_lockout__t791                  -7.71462e-08
gnd_drv__t1094                    -1.00169e-07
gnd_drv__t552                      -1.0017e-07
x3_lockout__t792                  -7.69406e-08
out__t1014                        -8.81324e-08
gnd_drv__t399                      1.31207e-06
x2_n5__t161                                3.3
out__t866                           2.9225e-07
out__t469                         -8.81893e-08
x3_lockout__t721                  -7.67334e-08
gnd_drv__t1058                    -1.00171e-07
gnd_drv__t517                     -1.00172e-07
x3_lockout__t720                  -7.65244e-08
out__t979                         -8.82455e-08
out__t455                         -8.83016e-08
x3_lockout__t693                  -7.63141e-08
gnd_drv__t1037                    -1.00172e-07
gnd_drv__t498                     -1.00173e-07
x3_lockout__t692                   -7.6102e-08
out__t965                         -8.83576e-08
out__t454                         -8.84135e-08
x3_lockout__t691                  -7.58886e-08
gnd_drv__t1036                    -1.00174e-07
gnd_drv__t497                     -1.00175e-07
x3_lockout__t690                  -7.56736e-08
out__t964                         -8.84694e-08
out__t453                         -8.85244e-08
x3_lockout__t689                  -7.54568e-08
gnd_drv__t1035                    -1.00176e-07
gnd_drv__t496                     -1.00176e-07
x3_lockout__t688                  -7.52387e-08
out__t963                         -8.85794e-08
out__t452                         -8.86343e-08
x3_lockout__t687                  -7.50189e-08
gnd_drv__t1034                    -1.00177e-07
gnd_drv__t519                     -1.00178e-07
x3_lockout__t724                  -7.47977e-08
out__t981                         -8.86892e-08
out__t355                           2.8955e-07
x2_n5__t162                                3.3
gnd_drv__t936                      1.30613e-06
out__t35                          -8.87439e-08
x3_lockout__t67                   -7.45748e-08
gnd_drv__t591                     -1.00179e-07
gnd_drv__t84                       -1.0018e-07
x3_lockout__t136                  -7.43506e-08
out__t578                         -8.87987e-08
out__t68                          -8.88525e-08
x3_lockout__t137                  -7.41248e-08
gnd_drv__t624                     -1.00181e-07
gnd_drv__t85                      -1.00182e-07
x3_lockout__t138                  -7.38974e-08
out__t579                         -8.89064e-08
out__t69                          -8.89601e-08
x3_lockout__t139                  -7.36686e-08
gnd_drv__t625                     -1.00183e-07
gnd_drv__t78                      -1.00184e-07
x3_lockout__t125                  -7.34381e-08
out__t572                         -8.90138e-08
out__t42                          -8.90674e-08
x3_lockout__t81                   -7.32063e-08
gnd_drv__t598                     -1.00185e-07
gnd_drv__t55                      -1.00186e-07
x3_lockout__t82                   -7.29729e-08
out__t549                         -8.91202e-08
out__t43                           -8.9173e-08
x3_lockout__t83                   -7.27381e-08
gnd_drv__t599                     -1.00187e-07
gnd_drv__t56                      -1.00188e-07
x3_lockout__t84                   -7.25019e-08
out__t550                         -8.92257e-08
gnd_drv__t400                      1.30037e-06
x2_n5__t163                                3.3
out__t867                          2.86913e-07
out__t44                          -8.92783e-08
x3_lockout__t85                   -7.22641e-08
gnd_drv__t600                     -1.00189e-07
gnd_drv__t57                      -1.00191e-07
x3_lockout__t86                    -7.2025e-08
out__t551                         -8.93309e-08
out__t45                          -8.93826e-08
x3_lockout__t87                   -7.17843e-08
gnd_drv__t601                     -1.00192e-07
gnd_drv__t58                      -1.00193e-07
x3_lockout__t88                   -7.15423e-08
out__t552                         -8.94343e-08
out__t46                          -8.94859e-08
x3_lockout__t89                   -7.12989e-08
gnd_drv__t602                     -1.00194e-07
gnd_drv__t59                      -1.00195e-07
x3_lockout__t90                    -7.1054e-08
out__t553                         -8.95367e-08
out__t47                          -8.95882e-08
x3_lockout__t91                   -7.08078e-08
gnd_drv__t603                     -1.00197e-07
gnd_drv__t60                      -1.00198e-07
x3_lockout__t92                   -7.05601e-08
out__t554                         -8.96389e-08
out__t48                          -8.96895e-08
x3_lockout__t93                   -7.03112e-08
gnd_drv__t604                     -1.00199e-07
gnd_drv__t61                        -1.002e-07
x3_lockout__t94                   -7.00609e-08
out__t555                         -8.97393e-08
x1_nca__t2                             3.29993
x1_ncb__t4                        -1.01945e-05
vdd_drv__t672                              3.3
vdd_drv                                    3.3
x1_ncb__t1                        -1.46949e-05
x1_nca__t1                             3.29993
vdd_drv__t13                               3.3
x1_nbuf1__t3                               3.3
x1_ncb__t0                        -5.10019e-06
vdd_drv__t11                               3.3
in_drv__t2                         -3.6774e-07
x1_nbuf1__t1                               3.3
vdd_drv__t9                                3.3
x2_n1__t2                                  3.3
in_drv__t1                        -5.33569e-06
vdd_drv__t15                               3.3
x2_n2__t3                         -4.78523e-09
x2_n1__t0                                  3.3
vdd_drv__t7                                3.3
x2_n3__t3                                  3.3
x2_n2__t1                         -1.79226e-06
vdd_drv__t5                                3.3
x2_n4__t207                       -0.000105292
x2_n3__t0                              3.29999
vdd_drv__t3                                3.3
vdd_drv__t1322                             3.3
x2_n3__t2                              3.29999
x2_n4__t206                       -0.000104882
x2_n4__t204                       -0.000104423
x2_n3__t44                             3.29999
vdd_drv__t1321                             3.3
vdd_drv__t1000                             3.3
x2_n3__t43                             3.29999
x2_n4__t220                       -0.000103896
x2_n4__t203                       -0.000103277
x2_n3__t42                             3.29999
vdd_drv__t1320                             3.3
vdd_drv__t999                              3.3
x2_n3__t41                             3.29999
x2_n4__t219                       -0.000102538
x2_n4__t202                       -0.000101653
x2_n3__t40                             3.29999
vdd_drv__t1319                             3.3
vdd_drv__t998                              3.3
x2_n3__t39                             3.29999
x2_n4__t218                       -0.000100604
x2_n4__t201                       -9.93968e-05
x2_n3__t38                             3.29999
vdd_drv__t1318                             3.3
vdd_drv__t997                              3.3
x2_n3__t37                             3.29999
x2_n4__t217                       -9.80828e-05
x2_n4__t200                       -9.67799e-05
x2_n3__t36                             3.29999
vdd_drv__t1317                             3.3
vdd_drv__t991                              3.3
x2_n3__t31                             3.29999
x2_n4__t215                       -9.56697e-05
x2_n4__t196                       -9.49217e-05
x2_n3__t30                             3.29999
vdd_drv__t1307                             3.3
vdd_drv__t990                              3.3
x2_n3__t29                             3.29999
x2_n4__t214                       -9.45797e-05
x2_n4__t195                       -9.45341e-05
x2_n3__t28                             3.29999
vdd_drv__t1306                             3.3
vdd_drv__t989                              3.3
x2_n3__t27                             3.29999
x2_n4__t213                       -9.46069e-05
x2_n4__t199                       -9.46545e-05
x2_n3__t35                             3.29999
vdd_drv__t1313                             3.3
vdd_drv__t987                              3.3
x2_n3__t26                             3.29999
x2_n4__t212                       -9.46009e-05
x2_n4__t194                       -9.44229e-05
x2_n3__t25                             3.29999
vdd_drv__t1305                             3.3
vdd_drv__t986                              3.3
x2_n3__t24                             3.29999
x2_n4__t211                       -9.41278e-05
x2_n4__t193                       -9.37359e-05
x2_n3__t23                             3.29999
vdd_drv__t1304                             3.3
vdd_drv__t985                              3.3
x2_n3__t22                             3.29999
x2_n4__t210                       -9.32711e-05
x2_n4__t205                       -9.27561e-05
x2_n3__t45                             3.29999
vdd_drv__t1323                             3.3
vdd_drv__t984                              3.3
x2_n3__t21                             3.29999
x2_n4__t209                       -9.22103e-05
x2_n4__t198                       -9.16493e-05
x2_n3__t34                             3.29999
vdd_drv__t1309                             3.3
vdd_drv__t992                              3.3
x2_n3__t33                             3.29999
x2_n4__t216                       -9.10852e-05
x2_n4__t197                       -9.05276e-05
x2_n3__t32                             3.29999
vdd_drv__t1308                             3.3
vdd_drv__t983                              3.3
x2_n3__t20                             3.29999
x2_n4__t208                       -8.99832e-05
x2_n4__t191                       -8.94578e-05
x2_n3__t19                             3.29999
vdd_drv__t1303                             3.3
vdd_drv__t18                               3.3
x2_n3__t4                              3.29999
x2_n4__t192                       -8.89532e-05
vdd_drv__t905                              3.3
x2_n4__t91                        -2.15484e-05
x2_n5__t854                            3.30001
x2_n5__t793                            3.30001
x2_n4__t90                        -2.23026e-05
vdd_drv__t1227                             3.3
vdd_drv__t908                              3.3
x2_n4__t96                        -2.30108e-05
x2_n5__t857                            3.30001
x2_n5__t801                            3.30001
x2_n4__t108                        -2.3674e-05
vdd_drv__t1235                             3.3
vdd_drv__t914                              3.3
x2_n4__t107                        -2.4293e-05
x2_n5__t863                            3.30001
x2_n5__t798                            3.30001
x2_n4__t102                       -2.48693e-05
vdd_drv__t1232                             3.3
vdd_drv__t911                              3.3
x2_n4__t101                       -2.54041e-05
x2_n5__t860                            3.30001
x2_n5__t797                            3.30001
x2_n4__t100                       -2.58988e-05
vdd_drv__t1231                             3.3
vdd_drv__t909                              3.3
x2_n4__t98                        -2.63547e-05
x2_n5__t858                            3.30001
x2_n5__t796                            3.30001
x2_n4__t97                        -2.67735e-05
vdd_drv__t1230                             3.3
vdd_drv__t917                              3.3
x2_n4__t114                       -2.71566e-05
x2_n5__t866                            3.30001
x2_n5__t804                            3.30001
x2_n4__t113                       -2.75054e-05
vdd_drv__t1238                             3.3
vdd_drv__t907                              3.3
x2_n4__t95                        -2.78214e-05
x2_n5__t856                            3.30001
x2_n5__t795                            3.30001
x2_n4__t94                         -2.8106e-05
vdd_drv__t1229                             3.3
vdd_drv__t906                              3.3
x2_n4__t93                        -2.83608e-05
x2_n5__t855                            3.30001
x2_n5__t794                            3.30001
x2_n4__t92                         -2.8587e-05
vdd_drv__t1228                             3.3
vdd_drv__t904                              3.3
x2_n4__t89                         -2.8786e-05
x2_n5__t853                            3.30001
x2_n5__t792                            3.30001
x2_n4__t88                        -2.89592e-05
vdd_drv__t1226                             3.3
vdd_drv__t902                              3.3
x2_n4__t87                        -2.91077e-05
x2_n5__t852                            3.30001
x2_n5__t791                            3.30001
x2_n4__t86                         -2.9233e-05
vdd_drv__t1225                             3.3
vdd_drv__t893                              3.3
x2_n4__t70                         -2.9336e-05
x2_n5__t843                            3.30001
x2_n5__t835                            3.30001
x2_n4__t175                        -2.9418e-05
vdd_drv__t1314                             3.3
vdd_drv__t995                              3.3
x2_n4__t174                         -2.948e-05
x2_n5__t896                            3.30001
x2_n5__t834                            3.30001
x2_n4__t173                       -2.95231e-05
vdd_drv__t1311                             3.3
vdd_drv__t994                              3.3
x2_n4__t172                       -2.95483e-05
x2_n5__t895                            3.30001
x2_n5__t833                            3.30001
x2_n4__t171                       -2.95566e-05
vdd_drv__t1310                             3.3
vdd_drv__t993                              3.3
x2_n4__t170                       -2.95488e-05
x2_n5__t894                            3.30001
x2_n5__t782                            3.30001
x2_n4__t68                        -2.95259e-05
vdd_drv__t1216                             3.3
vdd_drv__t892                              3.3
x2_n4__t67                        -2.94886e-05
x2_n5__t842                            3.30001
x2_n5__t781                            3.30001
x2_n4__t66                        -2.94377e-05
vdd_drv__t1215                             3.3
vdd_drv__t891                              3.3
x2_n4__t65                        -2.93741e-05
x2_n5__t841                            3.30001
x2_n5__t780                            3.30001
x2_n4__t64                        -2.92984e-05
vdd_drv__t1214                             3.3
vdd_drv__t890                              3.3
x2_n4__t63                        -2.92113e-05
x2_n5__t840                                3.3
x2_n5__t779                                3.3
x2_n4__t62                        -2.91135e-05
vdd_drv__t1213                             3.3
vdd_drv__t889                              3.3
x2_n4__t61                        -2.90055e-05
x2_n5__t839                                3.3
x2_n5__t778                                3.3
x2_n4__t60                         -2.8888e-05
vdd_drv__t1212                             3.3
vdd_drv__t888                              3.3
x2_n4__t59                        -2.87615e-05
x2_n5__t838                                3.3
x2_n5__t777                                3.3
x2_n4__t58                        -2.86266e-05
vdd_drv__t1211                             3.3
vdd_drv__t887                              3.3
x2_n4__t57                        -2.84838e-05
x2_n5__t837                                3.3
x2_n5__t776                                3.3
x2_n4__t56                        -2.83336e-05
vdd_drv__t1210                             3.3
vdd_drv__t910                              3.3
x2_n4__t99                        -2.81763e-05
x2_n5__t859                                3.3
x2_n5__t808                                3.3
x2_n4__t121                       -2.80125e-05
vdd_drv__t1242                             3.3
vdd_drv__t921                              3.3
x2_n4__t122                       -2.78425e-05
x2_n5__t870                                3.3
x2_n5__t812                                3.3
x2_n4__t129                       -2.76669e-05
vdd_drv__t1246                             3.3
vdd_drv__t933                              3.3
x2_n4__t140                       -2.74858e-05
x2_n5__t879                                3.3
x2_n5__t813                                3.3
x2_n4__t131                       -2.72998e-05
vdd_drv__t1247                             3.3
vdd_drv__t926                              3.3
x2_n4__t132                       -2.71091e-05
x2_n5__t875                                3.3
x2_n5__t814                                3.3
x2_n4__t133                       -2.69141e-05
vdd_drv__t1248                             3.3
vdd_drv__t927                              3.3
x2_n4__t134                       -2.67151e-05
x2_n5__t876                                3.3
x2_n5__t815                                3.3
x2_n4__t135                       -2.65124e-05
vdd_drv__t1249                             3.3
vdd_drv__t928                              3.3
x2_n4__t136                       -2.63063e-05
x2_n5__t877                                3.3
x2_n5__t816                                3.3
x2_n4__t137                        -2.6097e-05
vdd_drv__t1250                             3.3
vdd_drv__t929                              3.3
x2_n4__t138                       -2.58848e-05
x2_n5__t878                                3.3
x2_n5__t817                                3.3
x2_n4__t139                         -2.567e-05
vdd_drv__t1251                             3.3
vdd_drv__t923                              3.3
x2_n4__t126                       -2.54528e-05
x2_n5__t872                                3.3
x2_n5__t811                                3.3
x2_n4__t127                       -2.52333e-05
vdd_drv__t1245                             3.3
vdd_drv__t924                              3.3
x2_n4__t128                        -2.5012e-05
x2_n5__t873                                3.3
x2_n5__t809                                3.3
x2_n4__t123                       -2.47889e-05
vdd_drv__t1243                             3.3
vdd_drv__t922                              3.3
x2_n4__t124                       -2.45642e-05
x2_n5__t871                                3.3
x2_n5__t810                                3.3
x2_n4__t125                       -2.43382e-05
vdd_drv__t1244                             3.3
vdd_drv__t23                               3.3
x2_n4__t55                        -2.41108e-05
x2_n5__t775                                3.3
x2_n5__t836                                3.3
x2_n4__t176                       -2.82225e-05
vdd_drv__t678                              3.3
vdd_drv__t937                              3.3
x2_n4__t150                       -2.82716e-05
x2_n5__t883                            3.30001
x2_n5__t823                            3.30001
x2_n4__t149                       -2.83035e-05
vdd_drv__t1260                             3.3
vdd_drv__t936                              3.3
x2_n4__t148                       -2.83188e-05
x2_n5__t882                            3.30001
x2_n5__t822                            3.30001
x2_n4__t147                       -2.83164e-05
vdd_drv__t1259                             3.3
vdd_drv__t919                              3.3
x2_n4__t119                       -2.82953e-05
x2_n5__t868                            3.30001
x2_n5__t807                            3.30001
x2_n4__t118                       -2.82546e-05
vdd_drv__t1241                             3.3
vdd_drv__t918                              3.3
x2_n4__t117                       -2.81931e-05
x2_n5__t867                            3.30001
x2_n5__t806                            3.30001
x2_n4__t116                       -2.81096e-05
vdd_drv__t1240                             3.3
vdd_drv__t940                              3.3
x2_n4__t154                       -2.80031e-05
x2_n5__t886                            3.30001
x2_n5__t831                            3.30001
x2_n4__t168                       -2.78723e-05
vdd_drv__t1268                             3.3
vdd_drv__t948                              3.3
x2_n4__t167                       -2.77159e-05
x2_n5__t893                            3.30001
x2_n5__t830                            3.30001
x2_n4__t166                       -2.75326e-05
vdd_drv__t1267                             3.3
vdd_drv__t947                              3.3
x2_n4__t165                       -2.73211e-05
x2_n5__t892                            3.30001
x2_n5__t829                            3.30001
x2_n4__t164                       -2.70799e-05
vdd_drv__t1266                             3.3
vdd_drv__t945                              3.3
x2_n4__t163                       -2.68077e-05
x2_n5__t891                            3.30001
x2_n5__t828                            3.30001
x2_n4__t162                       -2.65029e-05
vdd_drv__t1265                             3.3
vdd_drv__t944                              3.3
x2_n4__t161                       -2.61642e-05
x2_n5__t890                            3.30001
x2_n5__t827                            3.30001
x2_n4__t160                         -2.579e-05
vdd_drv__t1264                             3.3
vdd_drv__t943                              3.3
x2_n4__t159                       -2.53789e-05
x2_n5__t889                            3.30001
x2_n5__t826                            3.30001
x2_n4__t158                       -2.49292e-05
vdd_drv__t1263                             3.3
vdd_drv__t942                              3.3
x2_n4__t157                       -2.44396e-05
x2_n5__t888                            3.30001
x2_n5__t825                            3.30001
x2_n4__t156                       -2.39087e-05
vdd_drv__t1262                             3.3
vdd_drv__t941                              3.3
x2_n4__t155                        -2.3335e-05
x2_n5__t887                            3.30001
x2_n5__t832                            3.30001
x2_n4__t169                       -2.27174e-05
vdd_drv__t1269                             3.3
vdd_drv__t939                              3.3
x2_n4__t153                       -2.20545e-05
x2_n5__t885                            3.30001
x2_n5__t824                            3.30001
x2_n4__t152                       -2.13454e-05
vdd_drv__t1261                             3.3
vdd_drv__t938                              3.3
x2_n4__t151                       -2.05894e-05
x2_n5__t884                            3.30001
x2_n5__t783                            3.30001
x2_n4__t69                        -1.97857e-05
vdd_drv__t1217                             3.3
vdd_drv__t898                              3.3
x2_n4__t80                        -1.89341e-05
x2_n5__t848                            3.30001
x2_n5__t788                            3.30001
x2_n4__t79                        -1.80346e-05
vdd_drv__t1222                             3.3
vdd_drv__t897                              3.3
x2_n4__t78                        -1.70879e-05
x2_n5__t847                            3.30001
x2_n5__t787                            3.30001
x2_n4__t77                        -1.60949e-05
vdd_drv__t1221                             3.3
vdd_drv__t896                              3.3
x2_n4__t76                        -1.50573e-05
x2_n5__t846                            3.30001
x2_n5__t786                            3.30001
x2_n4__t75                        -1.39777e-05
vdd_drv__t1220                             3.3
vdd_drv__t895                              3.3
x2_n4__t74                        -1.28596e-05
x2_n5__t845                            3.30001
x2_n5__t785                            3.30001
x2_n4__t73                        -1.17077e-05
vdd_drv__t1219                             3.3
vdd_drv__t901                              3.3
x2_n4__t85                        -1.05285e-05
x2_n5__t851                            3.30001
x2_n5__t819                            3.30001
x2_n4__t143                       -9.33067e-06
vdd_drv__t1256                             3.3
vdd_drv__t934                              3.3
x2_n4__t142                       -8.12628e-06
x2_n5__t880                            3.30001
x2_n5__t818                            3.30001
x2_n4__t141                       -6.93374e-06
vdd_drv__t1254                             3.3
vdd_drv__t925                              3.3
x2_n4__t130                       -5.78448e-06
x2_n5__t874                            3.30001
x2_n5__t790                            3.30001
x2_n4__t84                        -4.74416e-06
vdd_drv__t1224                             3.3
vdd_drv__t900                              3.3
x2_n4__t83                        -3.98753e-06
x2_n5__t850                            3.30001
x2_n5__t789                            3.30001
x2_n4__t82                        -3.88623e-06
vdd_drv__t1223                             3.3
vdd_drv__t899                              3.3
x2_n4__t81                        -4.52335e-06
x2_n5__t849                            3.30001
x2_n5__t784                            3.30001
x2_n4__t72                        -5.52408e-06
vdd_drv__t1218                             3.3
vdd_drv__t894                              3.3
x2_n4__t71                        -6.66557e-06
x2_n5__t844                            3.30001
x2_n5__t821                            3.30001
x2_n4__t146                        -7.8651e-06
vdd_drv__t1258                             3.3
vdd_drv__t935                              3.3
x2_n4__t145                       -9.08522e-06
x2_n5__t881                            3.30001
x2_n5__t820                            3.30001
x2_n4__t144                       -1.03053e-05
vdd_drv__t1257                             3.3
vdd_drv__t920                              3.3
x2_n4__t120                       -1.15117e-05
x2_n5__t869                            3.30001
x2_n5__t800                            3.30001
x2_n4__t106                       -1.26945e-05
vdd_drv__t1234                             3.3
vdd_drv__t913                              3.3
x2_n4__t105                       -1.38468e-05
x2_n5__t862                            3.30001
x2_n5__t799                            3.30001
x2_n4__t104                        -1.4963e-05
vdd_drv__t1233                             3.3
vdd_drv__t912                              3.3
x2_n4__t103                       -1.60394e-05
x2_n5__t861                            3.30001
x2_n5__t805                            3.30001
x2_n4__t115                       -1.70729e-05
vdd_drv__t1239                             3.3
vdd_drv__t916                              3.3
x2_n4__t112                       -1.80616e-05
x2_n5__t865                            3.30001
x2_n5__t803                            3.30001
x2_n4__t111                       -1.90039e-05
vdd_drv__t1237                             3.3
vdd_drv__t915                              3.3
x2_n4__t110                       -1.98994e-05
x2_n5__t864                            3.30001
x2_n5__t802                            3.30001
x2_n4__t109                       -2.07474e-05
vdd_drv__t1236                             3.3
vdd_drv__t956                              3.3
x2_n5__t655                            3.30002
out__t1488                        -3.27724e-07
out__t1239                        -3.28665e-07
x2_n5__t661                            3.30002
vdd_drv__t1279                             3.3
vdd_drv__t959                              3.3
x2_n5__t660                            3.30002
out__t1491                        -3.29606e-07
out__t1238                        -3.30575e-07
x2_n5__t659                            3.30002
vdd_drv__t1278                             3.3
vdd_drv__t958                              3.3
x2_n5__t658                            3.30002
out__t1490                        -3.31515e-07
out__t1237                        -3.32482e-07
x2_n5__t657                            3.30002
vdd_drv__t1277                             3.3
vdd_drv__t957                              3.3
x2_n5__t656                            3.30002
out__t1489                        -3.33449e-07
out__t1244                        -3.34416e-07
x2_n5__t670                            3.30002
vdd_drv__t1284                             3.3
vdd_drv__t955                              3.3
x2_n5__t654                            3.30002
out__t1487                         -3.3541e-07
out__t1236                        -3.36404e-07
x2_n5__t653                            3.30002
vdd_drv__t1276                             3.3
vdd_drv__t954                              3.3
x2_n5__t652                            3.30002
out__t1486                        -3.37398e-07
out__t1269                        -3.38391e-07
x2_n5__t718                            3.30002
vdd_drv__t1327                             3.3
vdd_drv__t963                              3.3
x2_n5__t669                            3.30002
out__t1495                        -3.39412e-07
out__t1243                        -3.40432e-07
x2_n5__t668                            3.30002
vdd_drv__t1283                             3.3
vdd_drv__t962                              3.3
x2_n5__t667                            3.30002
out__t1494                        -3.41452e-07
out__t1242                        -3.42473e-07
x2_n5__t666                            3.30002
vdd_drv__t1282                             3.3
vdd_drv__t961                              3.3
x2_n5__t665                            3.30002
out__t1493                        -3.43492e-07
out__t1241                         -3.4454e-07
x2_n5__t664                            3.30002
vdd_drv__t1281                             3.3
vdd_drv__t960                              3.3
x2_n5__t663                            3.30002
out__t1492                        -3.45587e-07
out__t1240                        -3.46634e-07
x2_n5__t662                            3.30002
vdd_drv__t1280                             3.3
vdd_drv__t949                              3.3
x2_n5__t642                            3.30002
out__t1481                        -3.47708e-07
out__t1230                        -3.48755e-07
x2_n5__t641                            3.30002
vdd_drv__t1270                             3.3
vdd_drv__t971                              3.3
x2_n5__t685                            3.30002
out__t1503                         -3.4983e-07
out__t1259                        -3.50904e-07
x2_n5__t700                            3.30002
vdd_drv__t1299                             3.3
vdd_drv__t977                              3.3
x2_n5__t698                            3.30002
out__t1509                        -3.52006e-07
out__t1258                         -3.5308e-07
x2_n5__t697                            3.30002
vdd_drv__t1298                             3.3
vdd_drv__t978                              3.3
x2_n5__t699                            3.30002
out__t1510                        -3.54181e-07
out__t1257                        -3.55283e-07
x2_n5__t696                            3.30002
vdd_drv__t1297                             3.3
vdd_drv__t976                              3.3
x2_n5__t695                            3.30002
out__t1508                        -3.56385e-07
out__t1256                        -3.57487e-07
x2_n5__t694                            3.30002
vdd_drv__t1296                             3.3
vdd_drv__t975                              3.3
x2_n5__t693                            3.30002
out__t1507                        -3.58588e-07
out__t1255                        -3.59718e-07
x2_n5__t692                            3.30002
vdd_drv__t1295                             3.3
vdd_drv__t974                              3.3
x2_n5__t691                            3.30002
out__t1506                        -3.60847e-07
out__t1254                        -3.61976e-07
x2_n5__t690                            3.30002
vdd_drv__t1294                             3.3
vdd_drv__t973                              3.3
x2_n5__t689                            3.30002
out__t1505                        -3.63106e-07
out__t1253                        -3.64235e-07
x2_n5__t688                            3.30002
vdd_drv__t1293                             3.3
vdd_drv__t972                              3.3
x2_n5__t687                            3.30002
out__t1504                        -3.65393e-07
out__t1252                         -3.6655e-07
x2_n5__t686                            3.30002
vdd_drv__t1292                             3.3
vdd_drv__t979                              3.3
x2_n5__t701                            3.30002
out__t1511                         -3.6768e-07
out__t1251                        -3.68865e-07
x2_n5__t684                            3.30002
vdd_drv__t1291                             3.3
vdd_drv__t970                              3.3
x2_n5__t683                            3.30002
out__t1502                        -3.70023e-07
out__t1250                         -3.7118e-07
x2_n5__t682                            3.30002
vdd_drv__t1290                             3.3
vdd_drv__t969                              3.3
x2_n5__t681                            3.30002
out__t1501                        -3.72366e-07
out__t1249                        -3.73524e-07
x2_n5__t680                            3.30002
vdd_drv__t1289                             3.3
vdd_drv__t968                              3.3
x2_n5__t679                            3.30002
out__t1500                         -3.7471e-07
out__t1248                        -3.75896e-07
x2_n5__t678                            3.30002
vdd_drv__t1288                             3.3
vdd_drv__t967                              3.3
x2_n5__t677                            3.30002
out__t1499                         -3.7711e-07
out__t1247                        -3.78297e-07
x2_n5__t676                            3.30002
vdd_drv__t1287                             3.3
vdd_drv__t966                              3.3
x2_n5__t675                            3.30002
out__t1498                        -3.79483e-07
out__t1246                        -3.80698e-07
x2_n5__t674                            3.30002
vdd_drv__t1286                             3.3
vdd_drv__t965                              3.3
x2_n5__t673                            3.30002
out__t1497                        -3.81913e-07
out__t1245                        -3.83128e-07
x2_n5__t672                            3.30002
vdd_drv__t1285                             3.3
vdd_drv__t964                              3.3
x2_n5__t671                            3.30002
out__t1496                        -3.84343e-07
out__t1263                        -3.85558e-07
x2_n5__t709                            3.30002
vdd_drv__t1312                             3.3
vdd_drv__t932                              3.3
x2_n5__t638                            3.30002
out__t1479                        -3.86802e-07
out__t1235                        -3.88017e-07
x2_n5__t651                            3.30002
vdd_drv__t1275                             3.3
vdd_drv__t953                              3.3
x2_n5__t650                            3.30002
out__t1485                        -3.89261e-07
out__t1234                        -3.90506e-07
x2_n5__t649                            3.30002
vdd_drv__t1274                             3.3
vdd_drv__t952                              3.3
x2_n5__t648                            3.30002
out__t1484                         -3.9175e-07
out__t1233                        -3.92995e-07
x2_n5__t647                            3.30002
vdd_drv__t1273                             3.3
vdd_drv__t951                              3.3
x2_n5__t646                            3.30002
out__t1483                        -3.94239e-07
out__t1232                        -3.95484e-07
x2_n5__t645                            3.30002
vdd_drv__t1272                             3.3
vdd_drv__t24                               3.3
x2_n5__t221                            3.30002
out__t1020                        -3.96281e-07
out__t1060                        -2.87999e-07
x2_n5__t298                            3.30001
vdd_drv__t1043                             3.3
vdd_drv__t718                              3.3
x2_n5__t297                            3.30001
out__t1307                        -2.88339e-07
out__t1087                         -2.8865e-07
x2_n5__t350                            3.30001
vdd_drv__t1070                             3.3
vdd_drv__t723                              3.3
x2_n5__t308                            3.30001
out__t1312                        -2.88987e-07
out__t1072                         -2.8935e-07
x2_n5__t321                            3.30001
vdd_drv__t1055                             3.3
vdd_drv__t729                              3.3
x2_n5__t320                            3.30001
out__t1318                        -2.89712e-07
out__t1071                          -2.901e-07
x2_n5__t319                            3.30001
vdd_drv__t1054                             3.3
vdd_drv__t728                              3.3
x2_n5__t318                            3.30001
out__t1317                        -2.90513e-07
out__t1070                        -2.90899e-07
x2_n5__t317                            3.30001
vdd_drv__t1053                             3.3
vdd_drv__t727                              3.3
x2_n5__t316                            3.30001
out__t1316                        -2.91337e-07
out__t1069                        -2.91747e-07
x2_n5__t315                            3.30001
vdd_drv__t1052                             3.3
vdd_drv__t726                              3.3
x2_n5__t314                            3.30001
out__t1315                         -2.9221e-07
out__t1068                        -2.92672e-07
x2_n5__t313                            3.30001
vdd_drv__t1051                             3.3
vdd_drv__t725                              3.3
x2_n5__t312                            3.30001
out__t1314                        -2.93133e-07
out__t1067                         -2.9362e-07
x2_n5__t311                            3.30001
vdd_drv__t1050                             3.3
vdd_drv__t724                              3.3
x2_n5__t310                            3.30001
out__t1313                        -2.94105e-07
out__t1066                         -2.9459e-07
x2_n5__t309                            3.30001
vdd_drv__t1049                             3.3
vdd_drv__t730                              3.3
x2_n5__t322                            3.30001
out__t1319                        -2.95128e-07
out__t1065                        -2.95637e-07
x2_n5__t307                            3.30001
vdd_drv__t1048                             3.3
vdd_drv__t722                              3.3
x2_n5__t306                            3.30001
out__t1311                        -2.96173e-07
out__t1064                        -2.96735e-07
x2_n5__t305                            3.30001
vdd_drv__t1047                             3.3
vdd_drv__t721                              3.3
x2_n5__t304                            3.30001
out__t1310                        -2.97296e-07
out__t1063                        -2.97856e-07
x2_n5__t303                            3.30001
vdd_drv__t1046                             3.3
vdd_drv__t720                              3.3
x2_n5__t302                            3.30001
out__t1309                        -2.98441e-07
out__t1062                        -2.99054e-07
x2_n5__t301                            3.30001
vdd_drv__t1045                             3.3
vdd_drv__t719                              3.3
x2_n5__t300                            3.30001
out__t1308                        -2.99638e-07
out__t1061                        -3.00248e-07
x2_n5__t299                            3.30001
vdd_drv__t1044                             3.3
vdd_drv__t744                              3.3
x2_n5__t351                            3.30002
out__t1333                        -3.00884e-07
out__t1131                         -3.0152e-07
x2_n5__t438                            3.30002
vdd_drv__t1114                             3.3
vdd_drv__t702                              3.3
x2_n5__t265                            3.30002
out__t1291                        -3.02182e-07
out__t1043                        -3.02815e-07
x2_n5__t264                            3.30002
vdd_drv__t1026                             3.3
vdd_drv__t701                              3.3
x2_n5__t263                            3.30002
out__t1290                        -3.03503e-07
out__t1042                        -3.04162e-07
x2_n5__t262                            3.30002
vdd_drv__t1025                             3.3
vdd_drv__t700                              3.3
x2_n5__t261                            3.30002
out__t1289                        -3.04848e-07
out__t1041                         -3.0556e-07
x2_n5__t260                            3.30002
vdd_drv__t1024                             3.3
vdd_drv__t821                              3.3
x2_n5__t502                            3.30002
out__t1410                        -3.06271e-07
out__t1161                        -3.06981e-07
x2_n5__t501                            3.30002
vdd_drv__t1144                             3.3
vdd_drv__t950                              3.3
x2_n5__t644                            3.30002
out__t1482                        -3.07691e-07
out__t1231                        -3.08427e-07
x2_n5__t643                            3.30002
vdd_drv__t1271                             3.3
vdd_drv__t1001                             3.3
x2_n5__t713                            3.30002
out__t1517                         -3.0919e-07
out__t1267                        -3.09924e-07
x2_n5__t715                            3.30002
vdd_drv__t1325                             3.3
vdd_drv__t1002                             3.3
x2_n5__t716                            3.30002
out__t1518                        -3.10686e-07
out__t1268                        -3.11473e-07
x2_n5__t717                            3.30002
vdd_drv__t1326                             3.3
vdd_drv__t1003                             3.3
x2_n5__t719                            3.30002
out__t1519                         -3.1226e-07
out__t1266                        -3.13047e-07
x2_n5__t714                            3.30002
vdd_drv__t1324                             3.3
vdd_drv__t988                              3.3
x2_n5__t708                            3.30002
out__t1515                        -3.13832e-07
out__t1260                        -3.14645e-07
x2_n5__t702                            3.30002
vdd_drv__t1300                             3.3
vdd_drv__t980                              3.3
x2_n5__t703                            3.30002
out__t1512                        -3.15457e-07
out__t1261                        -3.16295e-07
x2_n5__t704                            3.30002
vdd_drv__t1301                             3.3
vdd_drv__t981                              3.3
x2_n5__t705                            3.30002
out__t1513                        -3.17133e-07
out__t1262                        -3.17971e-07
x2_n5__t706                            3.30002
vdd_drv__t1302                             3.3
vdd_drv__t982                              3.3
x2_n5__t707                            3.30002
out__t1514                        -3.18808e-07
out__t1229                        -3.19671e-07
x2_n5__t639                            3.30002
vdd_drv__t1255                             3.3
vdd_drv__t946                              3.3
x2_n5__t640                            3.30002
out__t1480                        -3.20534e-07
out__t1227                        -3.21397e-07
x2_n5__t634                            3.30002
vdd_drv__t1252                             3.3
vdd_drv__t930                              3.3
x2_n5__t635                            3.30002
out__t1477                        -3.22287e-07
out__t1228                        -3.23176e-07
x2_n5__t636                            3.30002
vdd_drv__t1253                             3.3
vdd_drv__t931                              3.3
x2_n5__t637                            3.30002
out__t1478                        -3.24064e-07
out__t1265                         -3.2498e-07
x2_n5__t712                            3.30002
vdd_drv__t1316                             3.3
vdd_drv__t996                              3.3
x2_n5__t711                            3.30002
out__t1516                        -3.25895e-07
out__t1264                         -3.2681e-07
x2_n5__t710                            3.30002
vdd_drv__t1315                             3.3
vdd_drv__t717                              3.3
x2_n5__t296                            3.30001
out__t1306                        -2.87712e-07
out__t1091                        -2.96912e-07
x2_n5__t358                            3.30001
vdd_drv__t1074                             3.3
vdd_drv__t747                              3.3
x2_n5__t357                            3.30001
out__t1336                        -2.96336e-07
out__t1090                        -2.95784e-07
x2_n5__t356                            3.30001
vdd_drv__t1073                             3.3
vdd_drv__t746                              3.3
x2_n5__t355                            3.30001
out__t1335                        -2.95229e-07
out__t1089                        -2.94699e-07
x2_n5__t354                            3.30001
vdd_drv__t1072                             3.3
vdd_drv__t745                              3.3
x2_n5__t353                            3.30001
out__t1334                        -2.94165e-07
out__t1116                        -2.93657e-07
x2_n5__t409                            3.30001
vdd_drv__t1099                             3.3
vdd_drv__t773                              3.3
x2_n5__t408                            3.30001
out__t1362                        -2.93174e-07
out__t1115                        -2.92688e-07
x2_n5__t407                            3.30001
vdd_drv__t1098                             3.3
vdd_drv__t772                              3.3
x2_n5__t406                            3.30001
out__t1361                        -2.92227e-07
out__t1114                        -2.91763e-07
x2_n5__t405                            3.30001
vdd_drv__t1097                             3.3
vdd_drv__t771                              3.3
x2_n5__t404                            3.30001
out__t1360                        -2.91324e-07
out__t1113                        -2.90883e-07
x2_n5__t403                            3.30001
vdd_drv__t1096                             3.3
vdd_drv__t770                              3.3
x2_n5__t402                            3.30001
out__t1359                        -2.90467e-07
out__t1112                        -2.90048e-07
x2_n5__t401                            3.30001
vdd_drv__t1095                             3.3
vdd_drv__t763                              3.3
x2_n5__t387                            3.30001
out__t1352                        -2.89655e-07
out__t1085                        -2.89287e-07
x2_n5__t347                            3.30001
vdd_drv__t1068                             3.3
vdd_drv__t742                              3.3
x2_n5__t346                            3.30001
out__t1331                        -2.88916e-07
out__t1084                        -2.88571e-07
x2_n5__t345                            3.30001
vdd_drv__t1067                             3.3
vdd_drv__t741                              3.3
x2_n5__t344                            3.30001
out__t1330                        -2.88251e-07
out__t1083                        -2.87929e-07
x2_n5__t343                            3.30001
vdd_drv__t1066                             3.3
vdd_drv__t740                              3.3
x2_n5__t342                            3.30001
out__t1329                        -2.87605e-07
out__t1082                        -2.87334e-07
x2_n5__t341                            3.30001
vdd_drv__t1065                             3.3
vdd_drv__t739                              3.3
x2_n5__t340                            3.30001
out__t1328                        -2.87033e-07
out__t1081                        -2.86785e-07
x2_n5__t339                            3.30001
vdd_drv__t1064                             3.3
vdd_drv__t738                              3.3
x2_n5__t338                            3.30001
out__t1327                        -2.86535e-07
out__t1080                        -2.86282e-07
x2_n5__t337                            3.30001
vdd_drv__t1063                             3.3
vdd_drv__t737                              3.3
x2_n5__t336                            3.30001
out__t1326                        -2.86055e-07
out__t1086                        -2.85854e-07
x2_n5__t348                            3.30001
vdd_drv__t1069                             3.3
vdd_drv__t736                              3.3
x2_n5__t334                            3.30001
out__t1325                        -2.85679e-07
out__t1078                        -2.85501e-07
x2_n5__t333                            3.30001
vdd_drv__t1061                             3.3
vdd_drv__t735                              3.3
x2_n5__t332                            3.30001
out__t1324                        -2.85322e-07
out__t1077                        -2.85168e-07
x2_n5__t331                            3.30001
vdd_drv__t1060                             3.3
vdd_drv__t748                              3.3
x2_n5__t359                            3.30001
out__t1337                        -2.85039e-07
out__t1088                        -2.84937e-07
x2_n5__t352                            3.30001
vdd_drv__t1071                             3.3
vdd_drv__t694                              3.3
x2_n5__t245                            3.30001
out__t1283                        -2.84832e-07
out__t1037                        -2.84726e-07
x2_n5__t256                            3.30001
vdd_drv__t1020                             3.3
vdd_drv__t693                              3.3
x2_n5__t243                            3.30001
out__t1282                        -2.84645e-07
out__t1030                        -2.84589e-07
x2_n5__t241                            3.30001
vdd_drv__t1013                             3.3
vdd_drv__t691                              3.3
x2_n5__t240                            3.30001
out__t1280                        -2.84533e-07
out__t1029                        -2.84501e-07
x2_n5__t239                            3.30001
vdd_drv__t1012                             3.3
vdd_drv__t690                              3.3
x2_n5__t238                            3.30001
out__t1279                        -2.84496e-07
out__t1028                        -2.84488e-07
x2_n5__t237                            3.30001
vdd_drv__t1011                             3.3
vdd_drv__t689                              3.3
x2_n5__t236                            3.30001
out__t1278                        -2.84507e-07
out__t1027                        -2.84523e-07
x2_n5__t235                            3.30001
vdd_drv__t1010                             3.3
vdd_drv__t688                              3.3
x2_n5__t234                            3.30001
out__t1277                        -2.84566e-07
out__t1026                        -2.84634e-07
x2_n5__t233                            3.30001
vdd_drv__t1009                             3.3
vdd_drv__t687                              3.3
x2_n5__t232                            3.30001
out__t1276                          -2.847e-07
out__t1025                        -2.84765e-07
x2_n5__t231                            3.30001
vdd_drv__t1008                             3.3
vdd_drv__t686                              3.3
x2_n5__t230                            3.30001
out__t1275                        -2.84883e-07
out__t1024                        -2.84972e-07
x2_n5__t229                            3.30001
vdd_drv__t1007                             3.3
vdd_drv__t685                              3.3
x2_n5__t228                            3.30001
out__t1274                        -2.85114e-07
out__t1023                        -2.85255e-07
x2_n5__t227                            3.30001
vdd_drv__t1006                             3.3
vdd_drv__t684                              3.3
x2_n5__t226                            3.30001
out__t1273                        -2.85394e-07
out__t1022                        -2.85559e-07
x2_n5__t225                            3.30001
vdd_drv__t1005                             3.3
vdd_drv__t683                              3.3
x2_n5__t224                            3.30001
out__t1272                        -2.85749e-07
out__t1021                        -2.85938e-07
x2_n5__t223                            3.30001
vdd_drv__t1004                             3.3
vdd_drv__t682                              3.3
x2_n5__t222                            3.30001
out__t1271                        -2.86153e-07
out__t1031                        -2.86394e-07
x2_n5__t244                            3.30001
vdd_drv__t1014                             3.3
vdd_drv__t692                              3.3
x2_n5__t242                            3.30001
out__t1281                        -2.86633e-07
out__t1045                        -2.86871e-07
x2_n5__t268                            3.30001
vdd_drv__t1028                             3.3
vdd_drv__t703                              3.3
x2_n5__t267                            3.30001
out__t1292                        -2.87134e-07
out__t1044                        -2.87424e-07
x2_n5__t266                            3.30001
vdd_drv__t1027                             3.3
vdd_drv__t695                              3.3
x2_n5__t246                                3.3
out__t1284                        -3.47352e-07
out__t1052                        -3.46361e-07
x2_n5__t282                                3.3
vdd_drv__t1035                             3.3
vdd_drv__t716                              3.3
x2_n5__t294                                3.3
out__t1305                        -3.45395e-07
out__t1110                        -3.44397e-07
x2_n5__t399                                3.3
vdd_drv__t1093                             3.3
vdd_drv__t769                              3.3
x2_n5__t398                                3.3
out__t1358                        -3.43425e-07
out__t1109                        -3.42448e-07
x2_n5__t397                                3.3
vdd_drv__t1092                             3.3
vdd_drv__t768                              3.3
x2_n5__t396                                3.3
out__t1357                        -3.41497e-07
out__t1108                        -3.40511e-07
x2_n5__t395                                3.3
vdd_drv__t1091                             3.3
vdd_drv__t767                              3.3
x2_n5__t394                                3.3
out__t1356                         -3.3958e-07
out__t1107                        -3.38613e-07
x2_n5__t393                                3.3
vdd_drv__t1090                             3.3
vdd_drv__t766                              3.3
x2_n5__t392                                3.3
out__t1355                        -3.37672e-07
out__t1106                        -3.36724e-07
x2_n5__t391                                3.3
vdd_drv__t1089                             3.3
vdd_drv__t765                              3.3
x2_n5__t390                                3.3
out__t1354                        -3.35771e-07
out__t1105                        -3.34842e-07
x2_n5__t389                                3.3
vdd_drv__t1088                             3.3
vdd_drv__t764                              3.3
x2_n5__t388                                3.3
out__t1353                        -3.33907e-07
out__t1111                        -3.32966e-07
x2_n5__t400                                3.3
vdd_drv__t1094                             3.3
vdd_drv__t762                              3.3
x2_n5__t386                                3.3
out__t1351                        -3.32048e-07
out__t1104                        -3.31124e-07
x2_n5__t385                                3.3
vdd_drv__t1087                             3.3
vdd_drv__t761                              3.3
x2_n5__t384                                3.3
out__t1350                        -3.30223e-07
out__t1103                        -3.29287e-07
x2_n5__t383                                3.3
vdd_drv__t1086                             3.3
vdd_drv__t760                              3.3
x2_n5__t382                                3.3
out__t1349                        -3.28374e-07
out__t1102                        -3.27484e-07
x2_n5__t381                                3.3
vdd_drv__t1085                             3.3
vdd_drv__t759                              3.3
x2_n5__t380                                3.3
out__t1348                        -3.26588e-07
out__t1101                        -3.25686e-07
x2_n5__t379                                3.3
vdd_drv__t1084                             3.3
vdd_drv__t758                              3.3
x2_n5__t378                                3.3
out__t1347                        -3.24806e-07
out__t1100                        -3.23921e-07
x2_n5__t377                                3.3
vdd_drv__t1083                             3.3
vdd_drv__t757                              3.3
x2_n5__t376                                3.3
out__t1346                        -3.23029e-07
out__t1099                        -3.22161e-07
x2_n5__t375                                3.3
vdd_drv__t1082                             3.3
vdd_drv__t776                              3.3
x2_n5__t413                                3.3
out__t1365                        -3.21286e-07
out__t1123                        -3.20435e-07
x2_n5__t425                                3.3
vdd_drv__t1106                             3.3
vdd_drv__t782                              3.3
x2_n5__t424                                3.3
out__t1371                        -3.19577e-07
out__t1122                        -3.18714e-07
x2_n5__t423                                3.3
vdd_drv__t1105                             3.3
vdd_drv__t781                              3.3
x2_n5__t422                                3.3
out__t1370                        -3.17874e-07
out__t1121                        -3.17028e-07
x2_n5__t421                                3.3
vdd_drv__t1104                             3.3
vdd_drv__t780                              3.3
x2_n5__t420                                3.3
out__t1369                        -3.16206e-07
out__t1120                        -3.15377e-07
x2_n5__t419                                3.3
vdd_drv__t1103                             3.3
vdd_drv__t779                              3.3
x2_n5__t418                                3.3
out__t1368                        -3.14544e-07
out__t1039                        -3.13734e-07
x2_n5__t258                                3.3
vdd_drv__t1022                             3.3
vdd_drv__t734                              3.3
x2_n5__t330                                3.3
out__t1323                        -3.12947e-07
out__t1076                        -3.12155e-07
x2_n5__t329                                3.3
vdd_drv__t1059                             3.3
vdd_drv__t733                              3.3
x2_n5__t328                                3.3
out__t1322                        -3.11358e-07
out__t1075                        -3.10584e-07
x2_n5__t327                                3.3
vdd_drv__t1058                             3.3
vdd_drv__t732                              3.3
x2_n5__t326                                3.3
out__t1321                        -3.09805e-07
out__t1074                        -3.09022e-07
x2_n5__t325                            3.30001
vdd_drv__t1057                             3.3
vdd_drv__t731                              3.3
x2_n5__t324                            3.30001
out__t1320                        -3.08262e-07
out__t1073                        -3.07526e-07
x2_n5__t323                            3.30001
vdd_drv__t1056                             3.3
vdd_drv__t750                              3.3
x2_n5__t361                            3.30001
out__t1339                        -3.06786e-07
out__t1097                         -3.0607e-07
x2_n5__t373                            3.30001
vdd_drv__t1080                             3.3
vdd_drv__t756                              3.3
x2_n5__t372                            3.30001
out__t1345                        -3.05348e-07
out__t1096                        -3.04623e-07
x2_n5__t371                            3.30001
vdd_drv__t1079                             3.3
vdd_drv__t755                              3.3
x2_n5__t370                            3.30001
out__t1344                        -3.03922e-07
out__t1095                        -3.03245e-07
x2_n5__t369                            3.30001
vdd_drv__t1078                             3.3
vdd_drv__t754                              3.3
x2_n5__t368                            3.30001
out__t1343                        -3.02564e-07
out__t1094                        -3.01879e-07
x2_n5__t367                            3.30001
vdd_drv__t1077                             3.3
vdd_drv__t753                              3.3
x2_n5__t366                            3.30001
out__t1342                        -3.01218e-07
out__t1093                        -3.00582e-07
x2_n5__t365                            3.30001
vdd_drv__t1076                             3.3
vdd_drv__t752                              3.3
x2_n5__t364                            3.30001
out__t1341                        -2.99942e-07
out__t1092                        -2.99298e-07
x2_n5__t363                            3.30001
vdd_drv__t1075                             3.3
vdd_drv__t751                              3.3
x2_n5__t362                            3.30001
out__t1340                        -2.98678e-07
out__t1098                        -2.98084e-07
x2_n5__t374                            3.30001
vdd_drv__t1081                             3.3
vdd_drv__t749                              3.3
x2_n5__t360                            3.30001
out__t1338                        -2.97486e-07
out__t1119                        -3.48371e-07
x2_n5__t416                                3.3
vdd_drv__t1102                             3.3
vdd_drv__t804                              3.3
x2_n5__t470                                3.3
out__t1393                        -4.93085e-07
out__t1146                        -4.87037e-07
x2_n5__t469                                3.3
vdd_drv__t1129                             3.3
vdd_drv__t803                              3.3
x2_n5__t468                                3.3
out__t1392                        -4.81269e-07
out__t1145                         -4.7574e-07
x2_n5__t467                                3.3
vdd_drv__t1128                             3.3
vdd_drv__t802                              3.3
x2_n5__t466                                3.3
out__t1391                        -4.70445e-07
out__t1144                        -4.65372e-07
x2_n5__t465                                3.3
vdd_drv__t1127                             3.3
vdd_drv__t808                              3.3
x2_n5__t477                                3.3
out__t1397                        -4.60517e-07
out__t1212                        -4.55868e-07
x2_n5__t605                                3.3
vdd_drv__t1195                             3.3
vdd_drv__t873                              3.3
x2_n5__t604                                3.3
out__t1462                        -4.51449e-07
out__t1211                        -4.47188e-07
x2_n5__t603                                3.3
vdd_drv__t1194                             3.3
vdd_drv__t872                              3.3
x2_n5__t602                                3.3
out__t1461                        -4.43137e-07
out__t1210                         -4.3926e-07
x2_n5__t601                                3.3
vdd_drv__t1193                             3.3
vdd_drv__t871                              3.3
x2_n5__t600                                3.3
out__t1460                        -4.35547e-07
out__t1209                         -4.3199e-07
x2_n5__t599                                3.3
vdd_drv__t1192                             3.3
vdd_drv__t870                              3.3
x2_n5__t598                                3.3
out__t1459                        -4.28582e-07
out__t1208                        -4.25346e-07
x2_n5__t597                                3.3
vdd_drv__t1191                             3.3
vdd_drv__t869                              3.3
x2_n5__t596                                3.3
out__t1458                        -4.22213e-07
out__t1207                        -4.19238e-07
x2_n5__t595                                3.3
vdd_drv__t1190                             3.3
vdd_drv__t868                              3.3
x2_n5__t594                                3.3
out__t1457                        -4.16383e-07
out__t1213                        -4.13642e-07
x2_n5__t606                                3.3
vdd_drv__t1196                             3.3
vdd_drv__t867                              3.3
x2_n5__t592                                3.3
out__t1456                        -4.11008e-07
out__t1205                        -4.08474e-07
x2_n5__t591                                3.3
vdd_drv__t1188                             3.3
vdd_drv__t788                              3.3
x2_n5__t440                                3.3
out__t1377                        -4.06067e-07
out__t1132                        -4.03749e-07
x2_n5__t439                                3.3
vdd_drv__t1115                             3.3
vdd_drv__t794                              3.3
x2_n5__t451                                3.3
out__t1383                        -4.01484e-07
out__t1130                        -3.99358e-07
x2_n5__t437                                3.3
vdd_drv__t1113                             3.3
vdd_drv__t787                              3.3
x2_n5__t436                                3.3
out__t1376                        -3.97276e-07
out__t1129                        -3.95263e-07
x2_n5__t435                                3.3
vdd_drv__t1112                             3.3
vdd_drv__t786                              3.3
x2_n5__t434                                3.3
out__t1375                        -3.93345e-07
out__t1128                        -3.91457e-07
x2_n5__t433                                3.3
vdd_drv__t1111                             3.3
vdd_drv__t785                              3.3
x2_n5__t432                                3.3
out__t1374                        -3.89656e-07
out__t1127                        -3.87907e-07
x2_n5__t431                                3.3
vdd_drv__t1110                             3.3
vdd_drv__t784                              3.3
x2_n5__t430                                3.3
out__t1373                        -3.86237e-07
out__t1126                        -3.84583e-07
x2_n5__t429                                3.3
vdd_drv__t1109                             3.3
vdd_drv__t783                              3.3
x2_n5__t428                                3.3
out__t1372                        -3.83001e-07
out__t1125                        -3.81459e-07
x2_n5__t427                                3.3
vdd_drv__t1108                             3.3
vdd_drv__t801                              3.3
x2_n5__t464                                3.3
out__t1390                        -3.79952e-07
out__t1149                         -3.7848e-07
x2_n5__t476                                3.3
vdd_drv__t1132                             3.3
vdd_drv__t807                              3.3
x2_n5__t475                                3.3
out__t1396                        -3.77039e-07
out__t1148                        -3.75655e-07
x2_n5__t474                                3.3
vdd_drv__t1131                             3.3
vdd_drv__t806                              3.3
x2_n5__t473                                3.3
out__t1395                        -3.74298e-07
out__t1147                        -3.72966e-07
x2_n5__t472                                3.3
vdd_drv__t1130                             3.3
vdd_drv__t805                              3.3
x2_n5__t471                                3.3
out__t1394                        -3.71655e-07
out__t1040                        -3.70394e-07
x2_n5__t259                                3.3
vdd_drv__t1023                             3.3
vdd_drv__t820                              3.3
x2_n5__t500                                3.3
out__t1409                        -3.69152e-07
out__t1032                        -3.67925e-07
x2_n5__t248                                3.3
vdd_drv__t1015                             3.3
vdd_drv__t696                              3.3
x2_n5__t247                                3.3
out__t1285                        -3.66713e-07
out__t1118                        -3.65515e-07
x2_n5__t415                                3.3
vdd_drv__t1101                             3.3
vdd_drv__t777                              3.3
x2_n5__t414                                3.3
out__t1366                        -3.64358e-07
out__t1124                        -3.63212e-07
x2_n5__t426                                3.3
vdd_drv__t1107                             3.3
vdd_drv__t775                              3.3
x2_n5__t412                                3.3
out__t1364                        -3.62074e-07
out__t1035                        -3.60945e-07
x2_n5__t253                                3.3
vdd_drv__t1018                             3.3
vdd_drv__t698                              3.3
x2_n5__t252                                3.3
out__t1287                        -3.59852e-07
out__t1034                        -3.58735e-07
x2_n5__t251                                3.3
vdd_drv__t1017                             3.3
vdd_drv__t697                              3.3
x2_n5__t250                                3.3
out__t1286                        -3.57653e-07
out__t1033                        -3.56603e-07
x2_n5__t249                                3.3
vdd_drv__t1016                             3.3
vdd_drv__t778                              3.3
x2_n5__t417                                3.3
out__t1367                        -3.55527e-07
out__t1117                        -3.54483e-07
x2_n5__t411                                3.3
vdd_drv__t1100                             3.3
vdd_drv__t774                              3.3
x2_n5__t410                                3.3
out__t1363                         -3.5344e-07
out__t1038                        -3.52398e-07
x2_n5__t257                                3.3
vdd_drv__t1021                             3.3
vdd_drv__t704                              3.3
x2_n5__t269                                3.3
out__t1293                        -3.51386e-07
out__t1036                        -3.50372e-07
x2_n5__t255                                3.3
vdd_drv__t1019                             3.3
vdd_drv__t699                              3.3
x2_n5__t254                                3.3
out__t1288                        -3.49357e-07
out__t1164                        -5.61165e-07
x2_n5__t509                                3.3
vdd_drv__t1147                             3.3
vdd_drv__t825                              3.3
x2_n5__t508                                3.3
out__t1414                        -5.58697e-07
out__t1163                        -5.56253e-07
x2_n5__t506                                3.3
vdd_drv__t1146                             3.3
vdd_drv__t790                              3.3
x2_n5__t444                                3.3
out__t1379                        -5.53834e-07
out__t1134                        -5.51477e-07
x2_n5__t443                                3.3
vdd_drv__t1117                             3.3
vdd_drv__t789                              3.3
x2_n5__t442                                3.3
out__t1378                        -5.49116e-07
out__t1133                        -5.46786e-07
x2_n5__t441                                3.3
vdd_drv__t1116                             3.3
vdd_drv__t817                              3.3
x2_n5__t496                                3.3
out__t1406                        -5.44523e-07
out__t1159                        -5.42262e-07
x2_n5__t495                                3.3
vdd_drv__t1142                             3.3
vdd_drv__t816                              3.3
x2_n5__t494                                3.3
out__t1405                        -5.40073e-07
out__t1158                        -5.37889e-07
x2_n5__t493                                3.3
vdd_drv__t1141                             3.3
vdd_drv__t815                              3.3
x2_n5__t492                                3.3
out__t1404                        -5.35783e-07
out__t1157                        -5.33721e-07
x2_n5__t491                                3.3
vdd_drv__t1140                             3.3
vdd_drv__t822                              3.3
x2_n5__t503                                3.3
out__t1411                        -5.31707e-07
out__t1155                        -5.29744e-07
x2_n5__t489                                3.3
vdd_drv__t1138                             3.3
vdd_drv__t814                              3.3
x2_n5__t488                                3.3
out__t1403                        -5.27833e-07
out__t1154                        -5.25978e-07
x2_n5__t487                                3.3
vdd_drv__t1137                             3.3
vdd_drv__t813                              3.3
x2_n5__t486                                3.3
out__t1402                        -5.24183e-07
out__t1153                        -5.22449e-07
x2_n5__t485                                3.3
vdd_drv__t1136                             3.3
vdd_drv__t812                              3.3
x2_n5__t484                                3.3
out__t1401                        -5.20781e-07
out__t1152                        -5.19215e-07
x2_n5__t483                                3.3
vdd_drv__t1135                             3.3
vdd_drv__t811                              3.3
x2_n5__t482                                3.3
out__t1400                        -5.17688e-07
out__t1151                         -5.1627e-07
x2_n5__t481                                3.3
vdd_drv__t1134                             3.3
vdd_drv__t810                              3.3
x2_n5__t480                                3.3
out__t1399                        -5.14898e-07
out__t1150                        -5.13643e-07
x2_n5__t479                                3.3
vdd_drv__t1133                             3.3
vdd_drv__t809                              3.3
x2_n5__t478                                3.3
out__t1398                        -5.12475e-07
out__t1168                        -5.11365e-07
x2_n5__t516                                3.3
vdd_drv__t1151                             3.3
vdd_drv__t834                              3.3
x2_n5__t528                                3.3
out__t1423                        -5.10385e-07
out__t1174                        -5.09505e-07
x2_n5__t527                                3.3
vdd_drv__t1157                             3.3
vdd_drv__t833                              3.3
x2_n5__t526                                3.3
out__t1422                        -5.08729e-07
out__t1173                        -5.08097e-07
x2_n5__t525                                3.3
vdd_drv__t1156                             3.3
vdd_drv__t832                              3.3
x2_n5__t524                                3.3
out__t1421                        -5.07546e-07
out__t1172                        -5.07113e-07
x2_n5__t523                                3.3
vdd_drv__t1155                             3.3
vdd_drv__t831                              3.3
x2_n5__t522                                3.3
out__t1420                        -5.06839e-07
out__t1171                        -5.06662e-07
x2_n5__t521                                3.3
vdd_drv__t1154                             3.3
vdd_drv__t830                              3.3
x2_n5__t520                                3.3
out__t1419                        -5.06654e-07
out__t1170                        -5.06752e-07
x2_n5__t519                                3.3
vdd_drv__t1153                             3.3
vdd_drv__t829                              3.3
x2_n5__t518                                3.3
out__t1418                        -5.07033e-07
out__t1169                        -5.07466e-07
x2_n5__t517                                3.3
vdd_drv__t1152                             3.3
vdd_drv__t835                              3.3
x2_n5__t529                                3.3
out__t1424                        -5.08058e-07
out__t1167                        -5.08815e-07
x2_n5__t515                                3.3
vdd_drv__t1150                             3.3
vdd_drv__t828                              3.3
x2_n5__t514                                3.3
out__t1417                        -5.09743e-07
out__t1166                        -5.10883e-07
x2_n5__t513                                3.3
vdd_drv__t1149                             3.3
vdd_drv__t827                              3.3
x2_n5__t512                                3.3
out__t1416                        -5.12173e-07
out__t1165                        -5.13651e-07
x2_n5__t511                                3.3
vdd_drv__t1148                             3.3
vdd_drv__t826                              3.3
x2_n5__t510                                3.3
out__t1415                        -5.15358e-07
out__t1160                        -5.17265e-07
x2_n5__t498                                3.3
vdd_drv__t1143                             3.3
vdd_drv__t818                              3.3
x2_n5__t497                                3.3
out__t1407                        -5.19336e-07
out__t1143                         -5.2164e-07
x2_n5__t463                                3.3
vdd_drv__t1126                             3.3
vdd_drv__t800                              3.3
x2_n5__t462                                3.3
out__t1389                        -5.24135e-07
out__t1142                        -5.26795e-07
x2_n5__t461                                3.3
vdd_drv__t1125                             3.3
vdd_drv__t799                              3.3
x2_n5__t460                                3.3
out__t1388                        -5.29598e-07
out__t1141                        -5.32321e-07
x2_n5__t459                                3.3
vdd_drv__t1124                             3.3
vdd_drv__t798                              3.3
x2_n5__t458                                3.3
out__t1387                        -5.34559e-07
out__t1140                        -5.35075e-07
x2_n5__t457                                3.3
vdd_drv__t1123                             3.3
vdd_drv__t797                              3.3
x2_n5__t456                                3.3
out__t1386                        -5.31995e-07
out__t1139                        -5.26145e-07
x2_n5__t455                                3.3
vdd_drv__t1122                             3.3
vdd_drv__t796                              3.3
x2_n5__t454                                3.3
out__t1385                        -5.19437e-07
out__t1138                        -5.12596e-07
x2_n5__t453                                3.3
vdd_drv__t1121                             3.3
vdd_drv__t795                              3.3
x2_n5__t452                                3.3
out__t1384                        -5.05868e-07
out__t1180                        -4.99378e-07
x2_n5__t541                                3.3
vdd_drv__t1163                             3.3
vdd_drv__t824                              3.3
x2_n5__t507                                3.3
out__t1413                        -5.63655e-07
out__t1053                           -7.29e-07
x2_n5__t284                            3.30001
vdd_drv__t1036                             3.3
vdd_drv__t711                              3.3
x2_n5__t283                            3.30001
out__t1300                        -7.26531e-07
out__t1059                        -7.24053e-07
x2_n5__t295                            3.30001
vdd_drv__t1042                             3.3
vdd_drv__t710                              3.3
x2_n5__t281                            3.30001
out__t1299                        -7.21565e-07
out__t1051                        -7.19067e-07
x2_n5__t280                            3.30001
vdd_drv__t1034                             3.3
vdd_drv__t709                              3.3
x2_n5__t279                            3.30001
out__t1298                        -7.16599e-07
out__t1048                        -7.14082e-07
x2_n5__t274                                3.3
vdd_drv__t1031                             3.3
vdd_drv__t706                              3.3
x2_n5__t273                                3.3
out__t1295                        -7.11556e-07
out__t1047                        -7.09059e-07
x2_n5__t272                                3.3
vdd_drv__t1030                             3.3
vdd_drv__t705                              3.3
x2_n5__t271                                3.3
out__t1294                        -7.06514e-07
out__t1046                        -7.03959e-07
x2_n5__t270                                3.3
vdd_drv__t1029                             3.3
vdd_drv__t837                              3.3
x2_n5__t533                                3.3
out__t1426                        -7.01433e-07
out__t1176                        -6.98859e-07
x2_n5__t532                                3.3
vdd_drv__t1159                             3.3
vdd_drv__t836                              3.3
x2_n5__t531                                3.3
out__t1425                        -6.96314e-07
out__t1175                         -6.9376e-07
x2_n5__t530                                3.3
vdd_drv__t1158                             3.3
vdd_drv__t855                              3.3
x2_n5__t567                                3.3
out__t1444                        -6.91159e-07
out__t1198                        -6.88586e-07
x2_n5__t579                                3.3
vdd_drv__t1181                             3.3
vdd_drv__t861                              3.3
x2_n5__t578                                3.3
out__t1450                        -6.86003e-07
out__t1197                        -6.83375e-07
x2_n5__t577                                3.3
vdd_drv__t1180                             3.3
vdd_drv__t860                              3.3
x2_n5__t576                                3.3
out__t1449                        -6.80774e-07
out__t1196                        -6.78166e-07
x2_n5__t575                                3.3
vdd_drv__t1179                             3.3
vdd_drv__t859                              3.3
x2_n5__t574                                3.3
out__t1448                        -6.75548e-07
out__t1195                        -6.72922e-07
x2_n5__t573                                3.3
vdd_drv__t1178                             3.3
vdd_drv__t858                              3.3
x2_n5__t572                                3.3
out__t1447                        -6.70287e-07
out__t1194                        -6.67644e-07
x2_n5__t571                                3.3
vdd_drv__t1177                             3.3
vdd_drv__t857                              3.3
x2_n5__t570                                3.3
out__t1446                        -6.64993e-07
out__t1193                        -6.62335e-07
x2_n5__t569                                3.3
vdd_drv__t1176                             3.3
vdd_drv__t856                              3.3
x2_n5__t568                                3.3
out__t1445                        -6.59668e-07
out__t1199                        -6.56994e-07
x2_n5__t580                                3.3
vdd_drv__t1182                             3.3
vdd_drv__t854                              3.3
x2_n5__t566                                3.3
out__t1443                        -6.54313e-07
out__t1192                        -6.51626e-07
x2_n5__t565                                3.3
vdd_drv__t1175                             3.3
vdd_drv__t853                              3.3
x2_n5__t564                                3.3
out__t1442                        -6.48969e-07
out__t1191                        -6.46268e-07
x2_n5__t563                                3.3
vdd_drv__t1174                             3.3
vdd_drv__t852                              3.3
x2_n5__t562                                3.3
out__t1441                        -6.43562e-07
out__t1190                        -6.40887e-07
x2_n5__t561                                3.3
vdd_drv__t1173                             3.3
vdd_drv__t851                              3.3
x2_n5__t560                                3.3
out__t1440                        -6.38171e-07
out__t1189                        -6.35485e-07
x2_n5__t559                                3.3
vdd_drv__t1172                             3.3
vdd_drv__t850                              3.3
x2_n5__t558                                3.3
out__t1439                         -6.3276e-07
out__t1188                        -6.30066e-07
x2_n5__t557                                3.3
vdd_drv__t1171                             3.3
vdd_drv__t849                              3.3
x2_n5__t556                                3.3
out__t1438                        -6.27333e-07
out__t1187                        -6.24634e-07
x2_n5__t555                                3.3
vdd_drv__t1170                             3.3
vdd_drv__t743                              3.3
x2_n5__t349                                3.3
out__t1332                        -6.21932e-07
out__t1079                        -6.19228e-07
x2_n5__t335                                3.3
vdd_drv__t1062                             3.3
vdd_drv__t715                              3.3
x2_n5__t293                                3.3
out__t1304                        -6.16487e-07
out__t1058                        -6.13781e-07
x2_n5__t292                                3.3
vdd_drv__t1041                             3.3
vdd_drv__t903                              3.3
x2_n5__t633                                3.3
out__t1476                        -6.11076e-07
out__t1057                        -6.08371e-07
x2_n5__t291                                3.3
vdd_drv__t1040                             3.3
vdd_drv__t714                              3.3
x2_n5__t290                                3.3
out__t1303                        -6.05668e-07
out__t1056                        -6.02968e-07
x2_n5__t289                                3.3
vdd_drv__t1039                             3.3
vdd_drv__t713                              3.3
x2_n5__t288                                3.3
out__t1302                        -6.00269e-07
out__t1055                        -5.97611e-07
x2_n5__t287                                3.3
vdd_drv__t1038                             3.3
vdd_drv__t712                              3.3
x2_n5__t286                                3.3
out__t1301                        -5.94922e-07
out__t1054                        -5.92238e-07
x2_n5__t285                                3.3
vdd_drv__t1037                             3.3
vdd_drv__t819                              3.3
x2_n5__t499                                3.3
out__t1408                        -5.89598e-07
out__t1162                        -5.86928e-07
x2_n5__t505                                3.3
vdd_drv__t1145                             3.3
vdd_drv__t823                              3.3
x2_n5__t504                                3.3
out__t1412                        -5.84268e-07
out__t1156                        -5.81653e-07
x2_n5__t490                                3.3
vdd_drv__t1139                             3.3
vdd_drv__t793                              3.3
x2_n5__t450                                3.3
out__t1382                        -5.79014e-07
out__t1137                        -5.76421e-07
x2_n5__t449                                3.3
vdd_drv__t1120                             3.3
vdd_drv__t792                              3.3
x2_n5__t448                                3.3
out__t1381                        -5.73843e-07
out__t1136                        -5.71279e-07
x2_n5__t447                                3.3
vdd_drv__t1119                             3.3
vdd_drv__t791                              3.3
x2_n5__t446                                3.3
out__t1380                        -5.68697e-07
out__t1135                        -5.66166e-07
x2_n5__t445                                3.3
vdd_drv__t1118                             3.3
vdd_drv__t841                              3.3
x2_n5__t540                            3.30001
out__t1430                        -8.66495e-07
out__t1179                        -8.64405e-07
x2_n5__t539                            3.30001
vdd_drv__t1162                             3.3
vdd_drv__t840                              3.3
x2_n5__t538                            3.30001
out__t1429                        -8.62271e-07
out__t1178                        -8.60174e-07
x2_n5__t537                            3.30001
vdd_drv__t1161                             3.3
vdd_drv__t839                              3.3
x2_n5__t536                            3.30001
out__t1428                        -8.58072e-07
out__t1177                        -8.55925e-07
x2_n5__t535                            3.30001
vdd_drv__t1160                             3.3
vdd_drv__t838                              3.3
x2_n5__t534                            3.30001
out__t1427                        -8.53815e-07
out__t1216                          -8.517e-07
x2_n5__t612                            3.30001
vdd_drv__t1199                             3.3
vdd_drv__t876                              3.3
x2_n5__t611                            3.30001
out__t1465                        -8.49541e-07
out__t1215                        -8.47417e-07
x2_n5__t610                            3.30001
vdd_drv__t1198                             3.3
vdd_drv__t875                              3.3
x2_n5__t609                            3.30001
out__t1464                        -8.45289e-07
out__t1214                        -8.43155e-07
x2_n5__t608                            3.30001
vdd_drv__t1197                             3.3
vdd_drv__t874                              3.3
x2_n5__t607                            3.30001
out__t1463                        -8.41017e-07
out__t1206                        -8.38834e-07
x2_n5__t593                            3.30001
vdd_drv__t1189                             3.3
vdd_drv__t847                              3.3
x2_n5__t553                            3.30001
out__t1436                        -8.36686e-07
out__t1186                        -8.34532e-07
x2_n5__t552                            3.30001
vdd_drv__t1169                             3.3
vdd_drv__t846                              3.3
x2_n5__t551                            3.30001
out__t1435                        -8.32373e-07
out__t1185                        -8.30209e-07
x2_n5__t550                            3.30001
vdd_drv__t1168                             3.3
vdd_drv__t845                              3.3
x2_n5__t549                            3.30001
out__t1434                         -8.2804e-07
out__t1184                        -8.25865e-07
x2_n5__t548                            3.30001
vdd_drv__t1167                             3.3
vdd_drv__t844                              3.3
x2_n5__t547                            3.30001
out__t1433                        -8.23684e-07
out__t1183                        -8.21498e-07
x2_n5__t546                            3.30001
vdd_drv__t1166                             3.3
vdd_drv__t843                              3.3
x2_n5__t545                            3.30001
out__t1432                        -8.19305e-07
out__t1182                        -8.17107e-07
x2_n5__t544                            3.30001
vdd_drv__t1165                             3.3
vdd_drv__t842                              3.3
x2_n5__t543                            3.30001
out__t1431                        -8.14902e-07
out__t1181                        -8.12692e-07
x2_n5__t542                            3.30001
vdd_drv__t1164                             3.3
vdd_drv__t848                              3.3
x2_n5__t554                            3.30001
out__t1437                        -8.10475e-07
out__t1204                        -8.08252e-07
x2_n5__t589                            3.30001
vdd_drv__t1187                             3.3
vdd_drv__t879                              3.3
x2_n5__t617                            3.30001
out__t1468                        -8.06062e-07
out__t1218                        -8.03825e-07
x2_n5__t616                            3.30001
vdd_drv__t1201                             3.3
vdd_drv__t878                              3.3
x2_n5__t615                            3.30001
out__t1467                        -8.01582e-07
out__t1217                        -7.99332e-07
x2_n5__t614                            3.30001
vdd_drv__t1200                             3.3
vdd_drv__t877                              3.3
x2_n5__t613                            3.30001
out__t1466                        -7.97115e-07
out__t1203                        -7.94851e-07
x2_n5__t588                            3.30001
vdd_drv__t1186                             3.3
vdd_drv__t865                              3.3
x2_n5__t587                            3.30001
out__t1454                         -7.9258e-07
out__t1202                        -7.90342e-07
x2_n5__t586                            3.30001
vdd_drv__t1185                             3.3
vdd_drv__t864                              3.3
x2_n5__t585                            3.30001
out__t1453                        -7.88056e-07
out__t1201                        -7.85763e-07
x2_n5__t584                            3.30001
vdd_drv__t1184                             3.3
vdd_drv__t863                              3.3
x2_n5__t583                            3.30001
out__t1452                        -7.83502e-07
out__t1200                        -7.81194e-07
x2_n5__t582                            3.30001
vdd_drv__t1183                             3.3
vdd_drv__t862                              3.3
x2_n5__t581                            3.30001
out__t1451                        -7.78917e-07
out__t1220                        -7.76593e-07
x2_n5__t619                            3.30001
vdd_drv__t1203                             3.3
vdd_drv__t885                              3.3
x2_n5__t631                            3.30001
out__t1474                        -7.74301e-07
out__t1226                        -7.71961e-07
x2_n5__t630                            3.30001
vdd_drv__t1209                             3.3
vdd_drv__t884                              3.3
x2_n5__t629                            3.30001
out__t1473                        -7.69653e-07
out__t1225                        -7.67336e-07
x2_n5__t628                            3.30001
vdd_drv__t1208                             3.3
vdd_drv__t883                              3.3
x2_n5__t627                            3.30001
out__t1472                        -7.64972e-07
out__t1224                        -7.62638e-07
x2_n5__t626                            3.30001
vdd_drv__t1207                             3.3
vdd_drv__t882                              3.3
x2_n5__t625                            3.30001
out__t1471                        -7.60296e-07
out__t1223                        -7.57906e-07
x2_n5__t624                            3.30001
vdd_drv__t1206                             3.3
vdd_drv__t881                              3.3
x2_n5__t623                            3.30001
out__t1470                        -7.55547e-07
out__t1222                        -7.53179e-07
x2_n5__t622                            3.30001
vdd_drv__t1205                             3.3
vdd_drv__t880                              3.3
x2_n5__t621                            3.30001
out__t1469                        -7.50802e-07
out__t1221                        -7.48416e-07
x2_n5__t620                            3.30001
vdd_drv__t1204                             3.3
vdd_drv__t886                              3.3
x2_n5__t632                            3.30001
out__t1475                        -7.45982e-07
out__t1219                        -7.43578e-07
x2_n5__t618                            3.30001
vdd_drv__t1202                             3.3
vdd_drv__t866                              3.3
x2_n5__t590                            3.30001
out__t1455                        -7.41165e-07
out__t1050                        -7.38743e-07
x2_n5__t278                            3.30001
vdd_drv__t1033                             3.3
vdd_drv__t708                              3.3
x2_n5__t277                            3.30001
out__t1297                        -7.36312e-07
out__t1049                        -7.33871e-07
x2_n5__t276                            3.30001
vdd_drv__t1032                             3.3
vdd_drv__t707                              3.3
x2_n5__t275                            3.30001
out__t1296                        -7.31421e-07
out__t1270                        -8.68071e-07
x2_n5__t720                            3.30001
vdd_drv__t679                              3.3
x3_uvlo_ok__t0                         3.29987
x3_lockout__t0                    -1.85005e-07
vdd_drv__t20                               3.3
x3_ncompp__t1                          2.40366
x3_ncompp__t2                          2.40343
vdd_drv__t674                          3.29999
x3_ncompn__t2                          3.28004
x3_ncompp__t3                          2.40343
vdd_drv__t675                              3.3
x3_lockout__t1                    -7.19222e-06
x3_ncompn__t0                          3.28003
vdd_drv__t22                               3.3
x1_inb__t1                             2.96999
in__t1                            -9.50642e-06
vdd_logic__t0                             2.97
vdd_logic                                 2.97
x1_ncb__t3                        -1.72796e-07
anon293__t0                       -2.80788e-07
anon294__t1                       -3.29374e-07
anon293__t1                       -2.81218e-07
anon294__t0                       -3.29434e-07
anon295__t0                       -3.01196e-07
in_drv__t4                        -1.60541e-07
anon295__t1                       -3.00921e-07
vdd_drv__t0                            3.29998
anon22__t0                             3.06959
anon22__t1                             3.06944
anon23__t0                             2.83905
anon23__t1                              2.8389
anon26__t0                             2.60851
anon26__t1                             2.60837
anon27__t0                             2.37798
anon27__t1                             2.37783
anon30__t0                             2.14744
anon30__t1                             2.14729
anon31__t0                             1.91691
x3_nref__t4                           0.533701
anon21__t0                            0.764087
anon21__t1                            0.764235
anon24__t0                            0.994621
anon24__t1                            0.994769
anon25__t0                             1.22515
anon25__t1                              1.2253
anon28__t0                             1.45569
anon28__t1                             1.45584
anon29__t0                             1.68622
anon29__t1                             1.68637
anon31__t1                             1.91676
vdd_drv__t1                            3.29998
anon32__t0                             3.13375
anon32__t1                             3.13362
anon33__t0                             2.96738
anon33__t1                             2.96725
anon34__t0                             2.80102
anon34__t1                             2.80089
anon35__t0                             2.63466
anon35__t1                             2.63453
anon36__t0                              2.4683
anon36__t1                             2.46817
anon37__t0                             2.30194
anon37__t1                             2.30181
anon38__t0                             2.13558
anon38__t1                             2.13545
anon39__t1                             1.96922
x3_ndiv__t1                           0.638348
anon40__t0                            0.804577
anon40__t1                            0.804707
anon42__t0                            0.970935
anon42__t1                            0.971065
anon44__t0                             1.13729
anon44__t1                             1.13742
anon45__t0                             1.30365
anon45__t1                             1.30378
anon46__t0                             1.47001
anon46__t1                             1.47014
anon47__t0                             1.63637
anon47__t1                              1.6365
anon48__t0                             1.80273
anon48__t1                             1.80286
anon39__t0                             1.96909
x3_uvlo_ok__t2                         3.29979
anon49__t0                             3.28864
x3_ndiv__t3                           0.637901
anon41__t0                            0.425365
anon49__t1                             3.28864
anon50__t0                              3.2775
anon41__t1                            0.425229
anon43__t0                            0.212693
anon50__t1                             3.27749
anon51__t0                             3.26635
anon43__t1                            0.212556
gnd_drv__t16                       2.06928e-05
anon51__t1                             3.26634
anon52__t0                             3.25521
anon52__t1                              3.2552
anon53__t0                             3.24406
anon53__t1                             3.24405
anon54__t0                             3.23292
anon54__t1                             3.23291
anon55__t0                             3.22177
anon55__t1                             3.22176
anon56__t0                             3.21063
anon57__t1                             3.12151
anon59__t0                             3.13264
anon59__t1                             3.13264
anon60__t0                             3.14378
anon60__t1                             3.14378
anon63__t0                             3.15492
anon63__t1                             3.15492
anon65__t0                             3.16606
anon65__t1                             3.16606
anon66__t0                              3.1772
anon66__t1                              3.1772
anon69__t0                             3.18834
anon69__t1                             3.18834
anon71__t0                             3.19948
anon71__t1                             3.19949
anon56__t1                             3.21062
anon57__t0                              3.1215
anon58__t0                             3.11037
anon58__t1                             3.11036
anon61__t0                             3.09923
anon61__t1                             3.09922
anon62__t0                              3.0881
anon62__t1                             3.08809
anon64__t0                             3.07696
anon64__t1                             3.07695
anon67__t0                             3.06582
anon67__t1                             3.06582
anon68__t0                             3.05469
anon68__t1                             3.05468
anon70__t0                             3.04356
anon70__t1                             3.04355
anon72__t1                             3.03242
anon73__t0                             2.94338
anon74__t0                              2.9545
anon74__t1                             2.95451
anon76__t0                             2.96563
anon76__t1                             2.96564
anon78__t0                             2.97676
anon78__t1                             2.97677
anon81__t0                             2.98789
anon81__t1                              2.9879
anon82__t0                             2.99902
anon82__t1                             2.99903
anon84__t0                             3.01015
anon84__t1                             3.01016
anon86__t0                             3.02128
anon86__t1                             3.02129
anon72__t0                             3.03242
anon73__t1                             2.94337
anon75__t0                             2.93225
anon75__t1                             2.93224
anon77__t0                             2.92112
anon77__t1                             2.92112
anon79__t0                                2.91
anon79__t1                             2.90999
anon80__t0                             2.89887
anon80__t1                             2.89886
anon83__t0                             2.88775
anon83__t1                             2.88774
anon85__t0                             2.87662
anon85__t1                             2.87661
anon87__t0                              2.8655
anon87__t1                             2.86549
anon88__t1                             2.85437
anon89__t0                              2.7654
anon90__t0                             2.77652
anon89__t1                              2.7654
anon91__t0                             2.75429
anon90__t1                             2.77652
anon93__t0                             2.78764
anon91__t1                             2.75428
anon94__t0                             2.74317
anon93__t1                             2.78764
anon96__t0                             2.79876
anon94__t1                             2.74316
anon97__t0                             2.73205
anon96__t1                             2.79876
anon100__t0                            2.80988
anon97__t1                             2.73204
anon99__t0                             2.72093
anon99__t1                             2.72093
anon102__t0                            2.70982
anon100__t1                            2.80988
anon103__t0                              2.821
anon103__t1                            2.82101
anon105__t0                            2.83212
anon102__t1                            2.70981
anon106__t0                             2.6987
anon105__t1                            2.83213
anon108__t0                            2.84324
anon106__t1                            2.69869
anon109__t0                            2.68758
anon108__t1                            2.84325
anon88__t0                             2.85437
anon109__t1                            2.68758
anon111__t0                            2.67647
anon112__t0                            2.58756
anon113__t0                            2.57646
anon112__t1                            2.58757
anon92__t0                             2.59867
anon113__t1                            2.57645
anon115__t0                            2.56535
anon92__t1                             2.59868
anon95__t0                             2.60978
anon115__t1                            2.56534
anon117__t0                            2.55424
anon95__t1                             2.60979
anon98__t0                              2.6209
anon98__t1                              2.6209
anon101__t0                            2.63201
anon117__t1                            2.55423
anon119__t0                            2.54313
anon119__t1                            2.54312
anon121__t0                            2.53202
anon101__t1                            2.63202
anon104__t0                            2.64312
anon104__t1                            2.64313
anon107__t0                            2.65423
anon121__t1                            2.53202
anon123__t0                            2.52092
anon107__t1                            2.65424
anon110__t0                            2.66535
anon123__t1                            2.52091
anon125__t0                            2.50981
anon125__t1                             2.5098
anon127__t0                             2.4987
anon110__t1                            2.66536
anon111__t1                            2.67646
anon128__t0                            2.40987
anon114__t0                            2.42096
anon128__t1                            2.40986
anon129__t0                            2.39877
anon114__t1                            2.42097
anon116__t0                            2.43207
anon129__t1                            2.39876
anon131__t0                            2.38766
anon131__t1                            2.38766
anon133__t0                            2.37656
anon116__t1                            2.43207
anon118__t0                            2.44317
anon118__t1                            2.44318
anon120__t0                            2.45427
anon133__t1                            2.37656
anon135__t0                            2.36546
anon135__t1                            2.36546
anon137__t0                            2.35436
anon120__t1                            2.45428
anon122__t0                            2.46538
anon137__t1                            2.35435
anon139__t0                            2.34326
anon122__t1                            2.46539
anon124__t0                            2.47648
anon139__t1                            2.34326
anon141__t0                            2.33216
anon124__t1                            2.47649
anon126__t0                            2.48759
anon141__t1                            2.33216
anon143__t0                            2.32106
anon126__t1                             2.4876
anon127__t1                             2.4987
anon144__t1                            2.23229
anon130__t0                            2.24338
anon144__t0                            2.23228
anon145__t0                             2.2212
anon145__t1                            2.22119
anon147__t0                             2.2101
anon130__t1                            2.24339
anon132__t0                            2.25447
anon132__t1                            2.25448
anon134__t0                            2.26557
anon147__t1                            2.21009
anon149__t0                            2.19901
anon149__t1                              2.199
anon151__t0                            2.18791
anon134__t1                            2.26558
anon136__t0                            2.27667
anon136__t1                            2.27667
anon138__t0                            2.28776
anon151__t1                            2.18791
anon153__t0                            2.17682
anon153__t1                            2.17681
anon155__t0                            2.16573
anon138__t1                            2.28777
anon140__t0                            2.29886
anon155__t1                            2.16572
anon157__t0                            2.15464
anon140__t1                            2.29887
anon142__t0                            2.30996
anon157__t1                            2.15463
anon159__t1                            2.14354
anon142__t1                            2.30997
anon143__t1                            2.32106
anon160__t0                            2.05483
anon146__t0                            2.06591
anon160__t1                            2.05482
anon161__t0                            2.04374
anon161__t1                            2.04373
anon163__t0                            2.03265
anon146__t1                            2.06591
anon148__t0                              2.077
anon163__t1                            2.03264
anon165__t0                            2.02156
anon148__t1                              2.077
anon150__t0                            2.08809
anon150__t1                            2.08809
anon152__t0                            2.09917
anon165__t1                            2.02156
anon167__t0                            2.01048
anon152__t1                            2.09918
anon154__t0                            2.11026
anon167__t1                            2.01047
anon169__t0                            1.99939
anon169__t1                            1.99938
anon171__t0                             1.9883
anon154__t1                            2.11027
anon156__t0                            2.12136
anon156__t1                            2.12136
anon158__t0                            2.13245
anon171__t1                             1.9883
anon173__t0                            1.97722
anon173__t1                            1.97721
anon175__t0                            1.96613
anon158__t1                            2.13245
anon159__t0                            2.14354
anon176__t0                            1.87747
anon162__t0                            1.88854
anon176__t1                            1.87746
anon177__t0                            1.86639
anon162__t1                            1.88855
anon164__t0                            1.89962
anon177__t1                            1.86638
anon179__t0                             1.8553
anon179__t1                             1.8553
anon181__t0                            1.84422
anon164__t1                            1.89963
anon166__t0                            1.91071
anon166__t1                            1.91071
anon168__t0                            1.92179
anon181__t1                            1.84422
anon183__t0                            1.83314
anon168__t1                             1.9218
anon170__t0                            1.93287
anon183__t1                            1.83314
anon185__t0                            1.82206
anon185__t1                            1.82206
anon187__t0                            1.81098
anon170__t1                            1.93288
anon172__t0                            1.94396
anon172__t1                            1.94397
anon174__t0                            1.95504
anon187__t1                            1.81098
anon189__t0                             1.7999
anon189__t1                             1.7999
anon191__t0                            1.78883
anon174__t1                            1.95505
anon175__t1                            1.96613
anon192__t1                             1.7002
anon193__t0                            1.68913
anon192__t0                            1.70021
anon178__t0                            1.71127
anon193__t1                            1.68912
anon195__t0                            1.67805
anon178__t1                            1.71128
anon180__t0                            1.72235
anon180__t1                            1.72236
anon182__t0                            1.73343
anon195__t1                            1.67805
anon197__t0                            1.66698
anon182__t1                            1.73344
anon184__t0                            1.74451
anon197__t1                            1.66697
anon199__t0                             1.6559
anon199__t1                             1.6559
anon201__t0                            1.64483
anon184__t1                            1.74451
anon186__t0                            1.75558
anon186__t1                            1.75559
anon188__t0                            1.76666
anon201__t1                            1.64482
anon203__t0                            1.63375
anon188__t1                            1.76667
anon190__t0                            1.77774
anon203__t1                            1.63375
anon205__t0                            1.62268
anon205__t1                            1.62267
anon207__t0                            1.61161
anon190__t1                            1.77775
anon191__t1                            1.78882
anon208__t1                            1.52302
anon209__t0                            1.51196
anon208__t0                            1.52303
anon194__t0                            1.53409
anon209__t1                            1.51195
anon211__t0                            1.50089
anon194__t1                             1.5341
anon196__t0                            1.54517
anon196__t1                            1.54517
anon198__t0                            1.55624
anon211__t1                            1.50088
anon213__t0                            1.48982
anon213__t1                            1.48981
anon215__t0                            1.47875
anon198__t1                            1.55624
anon200__t0                            1.56731
anon200__t1                            1.56732
anon202__t0                            1.57838
anon215__t1                            1.47874
anon217__t0                            1.46768
anon217__t1                            1.46767
anon219__t0                            1.45661
anon202__t1                            1.57839
anon204__t0                            1.58945
anon219__t1                             1.4566
anon221__t0                            1.44554
anon204__t1                            1.58946
anon206__t0                            1.60053
anon206__t1                            1.60053
anon207__t1                             1.6116
anon221__t1                            1.44553
anon223__t1                            1.43447
anon224__t1                            1.34593
anon210__t0                            1.35699
anon224__t0                            1.34593
anon225__t0                            1.33487
anon225__t1                            1.33486
anon227__t0                             1.3238
anon210__t1                              1.357
anon212__t0                            1.36806
anon212__t1                            1.36807
anon214__t0                            1.37913
anon227__t1                            1.32379
anon229__t0                            1.31274
anon229__t1                            1.31273
anon231__t0                            1.30167
anon214__t1                            1.37913
anon216__t0                            1.39019
anon216__t1                             1.3902
anon218__t0                            1.40126
anon231__t1                            1.30166
anon233__t0                             1.2906
anon233__t1                             1.2906
anon235__t0                            1.27954
anon218__t1                            1.40127
anon220__t0                            1.41233
anon235__t1                            1.27953
anon237__t0                            1.26848
anon220__t1                            1.41234
anon222__t0                             1.4234
anon222__t1                             1.4234
anon223__t0                            1.43447
anon237__t1                            1.26847
anon239__t1                            1.25741
anon240__t1                             1.1689
anon241__t0                            1.15784
anon240__t0                             1.1689
anon226__t0                            1.17996
anon241__t1                            1.15784
anon243__t0                            1.14678
anon226__t1                            1.17997
anon228__t0                            1.19102
anon228__t1                            1.19103
anon230__t0                            1.20209
anon243__t1                            1.14677
anon245__t0                            1.13572
anon245__t1                            1.13571
anon247__t0                            1.12466
anon230__t1                            1.20209
anon232__t0                            1.21315
anon247__t1                            1.12465
anon249__t0                             1.1136
anon232__t1                            1.21316
anon234__t0                            1.22421
anon234__t1                            1.22422
anon236__t0                            1.23528
anon249__t1                            1.11359
anon251__t0                            1.10254
anon251__t1                            1.10253
anon253__t0                            1.09147
anon236__t1                            1.23528
anon238__t0                            1.24634
anon253__t1                            1.09147
anon255__t0                            1.08041
anon238__t1                            1.24635
anon239__t0                             1.2574
anon256__t0                           0.991937
anon242__t0                            1.00299
anon256__t1                           0.991929
anon257__t0                           0.980878
anon242__t1                              1.003
anon244__t0                            1.01405
anon257__t1                           0.980871
anon259__t0                           0.969819
anon259__t1                           0.969812
anon261__t0                           0.958761
anon244__t1                            1.01405
anon246__t0                            1.02511
anon261__t1                           0.958754
anon263__t0                           0.947703
anon246__t1                            1.02511
anon248__t0                            1.03617
anon263__t1                           0.947696
anon265__t0                           0.936645
anon248__t1                            1.03617
anon250__t0                            1.04723
anon250__t1                            1.04723
anon252__t0                            1.05829
anon265__t1                           0.936638
anon267__t0                           0.925587
anon267__t1                            0.92558
anon269__t0                           0.914529
anon252__t1                            1.05829
anon254__t0                            1.06935
anon254__t1                            1.06935
anon255__t1                            1.08041
anon269__t1                           0.914522
anon271__t1                           0.903472
anon272__t1                           0.815012
anon273__t0                           0.803963
anon272__t0                           0.815019
anon258__t0                           0.826068
anon273__t1                           0.803956
anon275__t0                           0.792908
anon258__t1                           0.826075
anon260__t0                           0.837124
anon260__t1                           0.837131
anon262__t0                           0.848181
anon275__t1                             0.7929
anon277__t0                           0.781852
anon277__t1                           0.781845
anon279__t0                           0.770797
anon262__t1                           0.848188
anon264__t0                           0.859237
anon279__t1                           0.770789
anon281__t0                           0.759741
anon264__t1                           0.859244
anon266__t0                           0.870294
anon266__t1                           0.870301
anon268__t0                           0.881351
anon281__t1                           0.759734
anon283__t0                           0.748686
anon283__t1                           0.748679
anon285__t0                           0.737631
anon268__t1                           0.881358
anon270__t0                           0.892408
anon285__t1                           0.737624
anon287__t1                           0.726577
anon270__t1                           0.892415
anon271__t0                           0.903465
x3_ndiv__t2                           0.638143
anon274__t0                            0.64919
anon274__t1                           0.649197
anon276__t0                           0.660244
anon276__t1                           0.660251
anon278__t0                           0.671298
anon278__t1                           0.671305
anon280__t0                           0.682352
anon280__t1                           0.682359
anon282__t0                           0.693406
anon282__t1                           0.693413
anon284__t0                            0.70446
anon284__t1                           0.704467
anon286__t0                           0.715515
anon286__t1                           0.715522
anon287__t0                           0.726569
gnd_logic__t0                                0
gnd_logic__t1                                0
gnd_logic__t2                                0
gnd_logic__t3                                0
gnd_logic__t4                                0
gnd_logic__t5                                0
gnd_logic__t6                                0
gnd_logic__t7                                0
gnd_logic__t8                                0
gnd_logic__t9                                0
gnd_logic__t10                               0
gnd_logic__t11                               0
gnd_logic__t12                               0
gnd_logic__t13                               0
gnd_logic__t14                               0
gnd_logic__t15                               0
gnd_logic__t16                               0
gnd_logic__t17                               0
gnd_logic__t18                               0
gnd_logic__t19                               0
gnd_logic__t20                               0
gnd_logic__t21                               0
gnd_logic__t22                               0
gnd_logic__t23                               0
gnd_logic__t24                               0
gnd_logic__t25                               0
gnd_logic__t26                               0
gnd_logic__t27                               0
gnd_logic__t28                               0
gnd_logic__t29                               0
gnd_logic__t30                               0
gnd_logic__t31                               0
gnd_logic__t32                               0
gnd_logic__t33                               0
gnd_logic__t34                               0
gnd_logic__t35                               0
gnd_logic__t36                               0
gnd_logic__t37                               0
gnd_logic__t38                               0
gnd_logic__t39                               0
gnd_logic__t40                               0
gnd_logic__t41                               0
gnd_logic__t42                               0
gnd_logic__t43                               0
gnd_logic__t44                               0
gnd_logic__t45                               0
gnd_logic__t46                               0
gnd_logic__t47                               0
gnd_logic__t48                               0
gnd_logic__t49                               0
gnd_logic__t50                               0
gnd_logic__t51                               0
gnd_logic__t52                               0
gnd_logic__t53                               0
gnd_logic__t54                               0
gnd_logic__t55                               0
gnd_logic__t56                               0
gnd_logic__t57                               0
gnd_logic__t58                               0
gnd_logic__t59                               0
gnd_logic__t60                               0
gnd_logic__t61                               0
gnd_logic__t62                               0
gnd_logic__t63                               0
gnd_logic__t64                               0
gnd_logic__t65                               0
gnd_logic__t66                               0
gnd_logic__t67                               0
gnd_logic__t68                               0
gnd_logic__t69                               0
gnd_logic__t70                               0
gnd_logic__t71                               0
gnd_logic__t72                               0
gnd_logic__t73                               0
gnd_logic__t74                               0
gnd_logic__t75                               0
gnd_logic__t76                               0
gnd_logic__t77                               0
gnd_logic__t78                               0
gnd_logic__t79                               0
gnd_logic__t80                               0
gnd_logic__t81                               0
gnd_logic__t82                               0
gnd_logic__t83                               0
gnd_logic__t84                               0
gnd_logic__t85                               0
gnd_logic__t86                               0
gnd_logic__t87                               0
gnd_logic__t88                               0
gnd_logic__t89                               0
gnd_logic__t90                               0
gnd_logic__t91                               0
gnd_logic__t92                               0
gnd_logic__t93                               0
gnd_logic__t94                               0
gnd_logic__t95                               0
gnd_logic__t96                               0
gnd_logic__t97                               0
gnd_logic__t98                               0
gnd_logic__t99                               0
gnd_logic__t100                              0
gnd_logic__t101                              0
gnd_logic__t102                              0
gnd_logic__t103                              0
gnd_logic__t104                              0
gnd_logic__t105                              0
gnd_logic__t106                              0
gnd_logic__t107                              0
gnd_logic__t108                              0
gnd_logic__t109                              0
gnd_logic__t110                              0
gnd_logic__t111                              0
gnd_logic__t112                              0
gnd_logic__t113                              0
gnd_logic__t114                              0
gnd_logic__t115                              0
gnd_logic__t116                              0
gnd_logic__t117                              0
gnd_logic__t118                              0
gnd_logic__t119                              0
gnd_logic__t120                              0
gnd_logic__t121                              0
gnd_logic__t122                              0
gnd_logic__t123                              0
gnd_logic__t124                              0
gnd_logic__t125                              0
gnd_logic__t126                              0
gnd_logic__t127                              0
gnd_logic__t128                              0
gnd_logic__t129                              0
gnd_logic__t130                              0
gnd_logic__t131                              0
gnd_logic__t132                              0
gnd_logic__t133                              0
gnd_logic__t134                              0
gnd_logic__t135                              0
gnd_logic__t136                              0
gnd_logic__t137                              0
gnd_logic__t138                              0
gnd_logic__t139                              0
gnd_logic__t140                              0
gnd_logic__t141                              0
gnd_logic__t142                              0
gnd_logic__t143                              0
gnd_logic__t144                              0
gnd_logic__t145                              0
gnd_logic__t146                              0
gnd_logic__t147                              0
gnd_logic__t148                              0
gnd_logic__t149                              0
gnd_logic__t150                              0
gnd_logic__t151                              0
gnd_logic__t152                              0
gnd_logic__t153                              0
gnd_logic__t154                              0
gnd_logic__t155                              0
gnd_logic__t156                              0
gnd_logic__t157                              0
gnd_logic__t158                              0
gnd_logic__t159                              0
gnd_logic__t160                              0
gnd_logic__t161                              0
gnd_logic__t162                              0
gnd_logic__t163                              0
gnd_logic__t164                              0
gnd_logic__t165                              0
gnd_logic__t166                              0
gnd_logic__t167                              0
gnd_logic__t168                              0
gnd_logic__t169                              0
gnd_logic__t170                              0
gnd_logic__t171                              0
gnd_logic__t172                              0
gnd_logic__t173                              0
gnd_logic__t174                              0
gnd_logic__t175                              0
gnd_logic__t176                              0
gnd_logic__t177                              0
gnd_logic__t178                              0
gnd_logic__t179                              0
gnd_logic__t180                              0
gnd_logic__t181                              0
gnd_logic__t182                              0
gnd_logic__t183                              0
gnd_logic__t184                              0
gnd_logic__t185                              0
gnd_logic__t186                              0
gnd_logic__t187                              0
gnd_logic__t188                              0
gnd_logic__t189                              0
gnd_logic__t190                              0
gnd_logic__t191                              0
gnd_logic__t192                              0
gnd_logic__t193                              0
gnd_logic__t194                              0
gnd_logic__t195                              0
gnd_logic__t196                              0
gnd_logic__t197                              0
gnd_logic__t198                              0
gnd_logic__t199                              0
gnd_logic__t200                              0
gnd_logic__t201                              0
gnd_logic__t202                              0
gnd_logic__t203                              0
gnd_logic__t204                              0
gnd_logic__t205                              0
gnd_logic__t206                              0
gnd_logic__t207                              0
gnd_logic__t208                              0
gnd_logic__t209                              0
gnd_logic__t210                              0
gnd_logic__t211                              0
gnd_logic__t212                              0
gnd_logic__t213                              0
gnd_logic__t214                              0
gnd_logic__t215                              0
gnd_logic__t216                              0
gnd_logic__t217                              0
gnd_logic__t218                              0
gnd_logic__t219                              0
gnd_logic__t220                              0
gnd_logic__t221                              0
gnd_logic__t222                              0
gnd_logic__t223                              0
gnd_logic__t224                              0
gnd_logic__t225                              0
gnd_logic__t226                              0
gnd_logic__t227                              0
gnd_logic__t228                              0
gnd_logic__t229                              0
gnd_logic__t230                              0
gnd_logic__t231                              0
gnd_logic__t232                              0
gnd_logic__t233                              0
gnd_logic__t234                              0
gnd_logic__t235                              0
gnd_logic__t236                              0
gnd_logic__t237                              0
gnd_logic__t238                              0
gnd_logic__t239                              0
gnd_logic__t240                              0
gnd_logic__t241                              0
gnd_logic__t242                              0
gnd_logic__t243                              0
gnd_logic__t244                              0
gnd_logic__t245                              0
gnd_logic__t246                              0
gnd_logic__t247                              0
gnd_logic__t248                              0
gnd_logic__t249                              0
gnd_logic__t250                              0
gnd_logic__t251                              0
gnd_logic__t252                              0
gnd_logic__t253                              0
gnd_logic__t254                              0
gnd_logic__t255                              0
gnd_logic__t256                              0
gnd_logic__t257                              0
gnd_logic__t258                              0
gnd_logic__t259                              0
gnd_logic__t260                              0
gnd_logic__t261                              0
gnd_logic__t262                              0
gnd_logic__t263                              0
gnd_logic__t264                              0
gnd_logic__t265                              0
gnd_logic__t266                              0
gnd_logic__t267                              0
gnd_logic__t268                              0
gnd_logic__t269                              0
gnd_logic__t270                              0
in                                           0
in_drv                             1.03776e-07
out                               -9.66221e-08
anon100                                2.80988
anon101                                2.63201
anon102                                2.70981
anon103                                  2.821
anon104                                2.64312
anon105                                2.83212
anon106                                 2.6987
anon107                                2.65424
anon108                                2.84325
anon109                                2.68758
anon110                                2.66535
anon111                                2.67647
anon112                                2.58757
anon113                                2.57646
anon114                                2.42097
anon115                                2.56535
anon116                                2.43207
anon117                                2.55424
anon118                                2.44317
anon119                                2.54313
anon120                                2.45428
anon121                                2.53202
anon122                                2.46538
anon123                                2.52091
anon124                                2.47649
anon125                                2.50981
anon126                                2.48759
anon127                                 2.4987
anon128                                2.40986
anon129                                2.39876
anon130                                2.24338
anon131                                2.38766
anon132                                2.25448
anon133                                2.37656
anon134                                2.26557
anon135                                2.36546
anon136                                2.27667
anon137                                2.35436
anon138                                2.28777
anon139                                2.34326
anon140                                2.29886
anon141                                2.33216
anon142                                2.30996
anon143                                2.32106
anon144                                2.23229
anon145                                2.22119
anon146                                2.06591
anon147                                 2.2101
anon148                                  2.077
anon149                                  2.199
anon150                                2.08809
anon151                                2.18791
anon152                                2.09918
anon153                                2.17682
anon154                                2.11027
anon155                                2.16572
anon156                                2.12136
anon157                                2.15463
anon158                                2.13245
anon159                                2.14354
anon160                                2.05482
anon161                                2.04373
anon162                                1.88855
anon163                                2.03265
anon164                                1.89963
anon165                                2.02156
anon166                                1.91071
anon167                                2.01047
anon168                                1.92179
anon169                                1.99939
anon170                                1.93288
anon171                                 1.9883
anon172                                1.94396
anon173                                1.97722
anon174                                1.95505
anon175                                1.96613
anon176                                1.87746
anon177                                1.86638
anon178                                1.71128
anon179                                 1.8553
anon180                                1.72235
anon181                                1.84422
anon182                                1.73343
anon183                                1.83314
anon184                                1.74451
anon185                                1.82206
anon186                                1.75559
anon187                                1.81098
anon188                                1.76666
anon189                                 1.7999
anon190                                1.77774
anon191                                1.78882
anon192                                 1.7002
anon193                                1.68913
anon194                                 1.5341
anon195                                1.67805
anon196                                1.54517
anon197                                1.66698
anon198                                1.55624
anon199                                 1.6559
anon200                                1.56731
anon201                                1.64483
anon202                                1.57839
anon203                                1.63375
anon204                                1.58946
anon205                                1.62268
anon206                                1.60053
anon207                                 1.6116
anon208                                1.52303
anon209                                1.51196
anon21                                0.764161
anon210                                  1.357
anon211                                1.50089
anon212                                1.36806
anon213                                1.48982
anon214                                1.37913
anon215                                1.47875
anon216                                 1.3902
anon217                                1.46768
anon218                                1.40126
anon219                                1.45661
anon22                                 3.06951
anon220                                1.41233
anon221                                1.44554
anon222                                 1.4234
anon223                                1.43447
anon224                                1.34593
anon225                                1.33486
anon226                                1.17996
anon227                                 1.3238
anon228                                1.19103
anon229                                1.31273
anon23                                 2.83898
anon230                                1.20209
anon231                                1.30167
anon232                                1.21315
anon233                                 1.2906
anon234                                1.22422
anon235                                1.27954
anon236                                1.23528
anon237                                1.26847
anon238                                1.24634
anon239                                1.25741
anon24                                0.994695
anon240                                 1.1689
anon241                                1.15784
anon242                                1.00299
anon243                                1.14678
anon244                                1.01405
anon245                                1.13572
anon246                                1.02511
anon247                                1.12465
anon248                                1.03617
anon249                                1.11359
anon25                                 1.22523
anon250                                1.04723
anon251                                1.10253
anon252                                1.05829
anon253                                1.09147
anon254                                1.06935
anon255                                1.08041
anon256                               0.991933
anon257                               0.980874
anon258                               0.826072
anon259                               0.969816
anon26                                 2.60844
anon260                               0.837128
anon261                               0.958757
anon262                               0.848184
anon263                               0.947699
anon264                               0.859241
anon265                               0.936641
anon266                               0.870297
anon267                               0.925583
anon268                               0.881354
anon269                               0.914526
anon27                                  2.3779
anon270                               0.892411
anon271                               0.903468
anon272                               0.815016
anon273                                0.80396
anon274                               0.649193
anon275                               0.792904
anon276                               0.660247
anon277                               0.781848
anon278                               0.671301
anon279                               0.770793
anon28                                 1.45576
anon280                               0.682355
anon281                               0.759738
anon282                                0.69341
anon283                               0.748683
anon284                               0.704464
anon285                               0.737628
anon286                               0.715518
anon287                               0.726573
anon29                                  1.6863
anon293                           -2.81046e-07
anon294                           -3.29507e-07
anon295                             -3.011e-07
anon30                                 2.14737
anon31                                 1.91683
anon32                                 3.13368
anon33                                 2.96732
anon34                                 2.80096
anon35                                  2.6346
anon36                                 2.46823
anon37                                 2.30187
anon38                                 2.13551
anon39                                 1.96915
anon40                                0.804642
anon41                                0.425297
anon42                                   0.971
anon43                                0.212625
anon44                                 1.13736
anon45                                 1.30372
anon46                                 1.47008
anon47                                 1.63643
anon48                                 1.80279
anon49                                 3.28864
anon50                                 3.27749
anon51                                 3.26635
anon52                                  3.2552
anon53                                 3.24406
anon54                                 3.23291
anon55                                 3.22177
anon56                                 3.21063
anon57                                  3.1215
anon58                                 3.11037
anon59                                 3.13264
anon60                                 3.14378
anon61                                 3.09923
anon62                                 3.08809
anon63                                 3.15492
anon64                                 3.07696
anon65                                 3.16606
anon66                                  3.1772
anon67                                 3.06582
anon68                                 3.05469
anon69                                 3.18834
anon70                                 3.04355
anon71                                 3.19948
anon72                                 3.03242
anon73                                 2.94338
anon74                                  2.9545
anon75                                 2.93225
anon76                                 2.96563
anon77                                 2.92112
anon78                                 2.97676
anon79                                 2.90999
anon80                                 2.89887
anon81                                 2.98789
anon82                                 2.99902
anon83                                 2.88774
anon84                                 3.01016
anon85                                 2.87662
anon86                                 3.02129
anon87                                 2.86549
anon88                                 2.85437
anon89                                  2.7654
anon90                                 2.77652
anon91                                 2.75428
anon92                                 2.59868
anon93                                 2.78764
anon94                                 2.74316
anon95                                 2.60979
anon96                                 2.79876
anon97                                 2.73205
anon98                                  2.6209
anon99                                 2.72093
x1_inb                                    2.97
x1_na                                  2.14455
x1_nb                              2.07569e-09
x1_nbuf1                                   3.3
x1_nca                                 3.29994
x1_ncb                             2.32938e-07
x2_n1                                      3.3
x2_n2                              5.50351e-08
x2_n3                                  3.29999
x2_n4                             -2.14969e-06
x2_n5                                      3.3
x3_lockout                        -1.27684e-07
x3_ncompn                              3.28004
x3_ncompp                              2.40343
x3_ndiv                               0.638132
x3_nref                               0.532602
x3_ntail                              0.110778
x3_uvlo_ok                             3.29984
outcap                            -9.66221e-08
vimeas#branch                      -5.6635e-05
vin#branch                        -3.29517e-07
vgnd_logic#branch                 -9.06105e-05
vsup_drv#branch                    9.02476e-05
vsup_logic#branch                  3.55923e-07

 Reference value :  0.00000e+00
 Reference value :  1.00000e-12
 Reference value :  1.52800e-09
 Reference value :  4.02800e-09
 Reference value :  6.72800e-09
 Reference value :  9.42800e-09
 Reference value :  1.18280e-08
 Reference value :  1.41280e-08
 Reference value :  1.64280e-08
 Reference value :  1.89280e-08
 Reference value :  2.03083e-08
 Reference value :  2.09550e-08
 Reference value :  2.19203e-08
 Reference value :  2.38849e-08
 Reference value :  2.61849e-08
 Reference value :  2.84849e-08
 Reference value :  3.05849e-08
 Reference value :  3.22849e-08
 Reference value :  3.40849e-08
 Reference value :  3.54534e-08
 Reference value :  3.61259e-08
 Reference value :  3.66394e-08
 Reference value :  3.71232e-08
 Reference value :  3.88793e-08
 Reference value :  4.15793e-08
 Reference value :  4.45793e-08
 Reference value :  4.73793e-08
 Reference value :  4.98793e-08
 Reference value :  5.24793e-08
 Reference value :  5.48793e-08
 Reference value :  5.72793e-08
 Reference value :  5.95793e-08
 Reference value :  6.20793e-08
 Reference value :  6.45793e-08
 Reference value :  6.74793e-08
 Reference value :  7.00793e-08
 Reference value :  7.26793e-08
 Reference value :  7.51793e-08
 Reference value :  7.74793e-08
 Reference value :  7.96793e-08
 Reference value :  8.19793e-08
 Reference value :  8.42793e-08
 Reference value :  8.64793e-08
 Reference value :  8.87793e-08
 Reference value :  9.09793e-08
 Reference value :  9.31793e-08
 Reference value :  9.54793e-08
 Reference value :  9.77793e-08
 Reference value :  1.00079e-07
 Reference value :  1.02379e-07
 Reference value :  1.04679e-07
 Reference value :  1.06979e-07
 Reference value :  1.09279e-07
 Reference value :  1.11479e-07
 Reference value :  1.13779e-07
 Reference value :  1.15979e-07
 Reference value :  1.18079e-07
 Reference value :  1.20279e-07
 Reference value :  1.22579e-07
 Reference value :  1.24779e-07
 Reference value :  1.26979e-07
 Reference value :  1.29179e-07
 Reference value :  1.31479e-07
 Reference value :  1.34179e-07
 Reference value :  1.36479e-07
 Reference value :  1.38979e-07
 Reference value :  1.41279e-07
 Reference value :  1.43679e-07
 Reference value :  1.45979e-07
 Reference value :  1.48479e-07
 Reference value :  1.50979e-07
 Reference value :  1.53079e-07
 Reference value :  1.54879e-07
 Reference value :  1.56979e-07
 Reference value :  1.59279e-07
 Reference value :  1.61479e-07
 Reference value :  1.63679e-07
 Reference value :  1.66079e-07
 Reference value :  1.68479e-07
 Reference value :  1.70779e-07
 Reference value :  1.73179e-07
 Reference value :  1.75379e-07
 Reference value :  1.77679e-07
 Reference value :  1.79879e-07
 Reference value :  1.82079e-07
 Reference value :  1.84379e-07
 Reference value :  1.86879e-07
 Reference value :  1.89179e-07
 Reference value :  1.91479e-07
 Reference value :  1.93679e-07
 Reference value :  1.95979e-07
 Reference value :  1.98279e-07
 Reference value :  2.00879e-07
 Reference value :  2.03479e-07
 Reference value :  2.06179e-07
 Reference value :  2.08579e-07
 Reference value :  2.11179e-07
 Reference value :  2.13779e-07
 Reference value :  2.16379e-07
 Reference value :  2.18579e-07
 Reference value :  2.20679e-07
 Reference value :  2.23079e-07
 Reference value :  2.25379e-07
 Reference value :  2.27579e-07
 Reference value :  2.29779e-07
 Reference value :  2.31879e-07
 Reference value :  2.34079e-07
 Reference value :  2.36279e-07
 Reference value :  2.38479e-07
 Reference value :  2.40779e-07
 Reference value :  2.43179e-07
 Reference value :  2.45879e-07
 Reference value :  2.47979e-07
 Reference value :  2.50179e-07
 Reference value :  2.52679e-07
 Reference value :  2.54979e-07
 Reference value :  2.57179e-07
 Reference value :  2.59379e-07
 Reference value :  2.61479e-07
 Reference value :  2.63579e-07
 Reference value :  2.65879e-07
 Reference value :  2.68079e-07
 Reference value :  2.70279e-07
 Reference value :  2.72379e-07
 Reference value :  2.74579e-07
 Reference value :  2.76879e-07
 Reference value :  2.79279e-07
 Reference value :  2.81879e-07
 Reference value :  2.84479e-07
 Reference value :  2.86979e-07
 Reference value :  2.89579e-07
 Reference value :  2.91779e-07
 Reference value :  2.94079e-07
 Reference value :  2.96279e-07
 Reference value :  2.98879e-07
 Reference value :  3.01179e-07
 Reference value :  3.03379e-07
 Reference value :  3.05679e-07
 Reference value :  3.07879e-07
 Reference value :  3.10179e-07
 Reference value :  3.12479e-07
 Reference value :  3.14679e-07
 Reference value :  3.16979e-07
 Reference value :  3.19179e-07
 Reference value :  3.21004e-07
 Reference value :  3.21881e-07
 Reference value :  3.22184e-07
 Reference value :  3.23077e-07
 Reference value :  3.24869e-07
 Reference value :  3.26558e-07
 Reference value :  3.27858e-07
 Reference value :  3.29358e-07
 Reference value :  3.30587e-07
 Reference value :  3.31226e-07
 Reference value :  3.31833e-07
 Reference value :  3.32387e-07
 Reference value :  3.33973e-07
 Reference value :  3.36073e-07
 Reference value :  3.38273e-07
 Reference value :  3.40373e-07
 Reference value :  3.42573e-07
 Reference value :  3.44973e-07
 Reference value :  3.47073e-07
 Reference value :  3.49373e-07
 Reference value :  3.52073e-07
 Reference value :  3.54673e-07
 Reference value :  3.57073e-07
 Reference value :  3.59573e-07
 Reference value :  3.62173e-07
 Reference value :  3.64773e-07
 Reference value :  3.67273e-07
 Reference value :  3.69973e-07
 Reference value :  3.72673e-07
 Reference value :  3.74973e-07
 Reference value :  3.77173e-07
 Reference value :  3.79373e-07
 Reference value :  3.81573e-07
 Reference value :  3.83873e-07
 Reference value :  3.86173e-07
 Reference value :  3.88373e-07
 Reference value :  3.90673e-07
 Reference value :  3.92973e-07
 Reference value :  3.95273e-07
 Reference value :  3.97473e-07
 Reference value :  3.99673e-07
 Reference value :  4.02273e-07
 Reference value :  4.04773e-07
 Reference value :  4.07273e-07
 Reference value :  4.09873e-07
 Reference value :  4.12773e-07
 Reference value :  4.15373e-07
 Reference value :  4.18073e-07
 Reference value :  4.20373e-07
 Reference value :  4.22573e-07
 Reference value :  4.25073e-07
 Reference value :  4.27573e-07
 Reference value :  4.29773e-07
 Reference value :  4.32273e-07
 Reference value :  4.34573e-07
 Reference value :  4.36673e-07
 Reference value :  4.38773e-07
 Reference value :  4.40973e-07
 Reference value :  4.43473e-07
 Reference value :  4.45873e-07
 Reference value :  4.48173e-07
 Reference value :  4.50473e-07
 Reference value :  4.52673e-07
 Reference value :  4.54973e-07
 Reference value :  4.57473e-07
 Reference value :  4.59973e-07
 Reference value :  4.62273e-07
 Reference value :  4.64573e-07
 Reference value :  4.67073e-07
 Reference value :  4.69473e-07
 Reference value :  4.72273e-07
 Reference value :  4.75173e-07
 Reference value :  4.77873e-07
 Reference value :  4.80173e-07
 Reference value :  4.82573e-07
 Reference value :  4.84973e-07
 Reference value :  4.87273e-07
 Reference value :  4.89573e-07
 Reference value :  4.92073e-07
 Reference value :  4.94973e-07
 Reference value :  4.97873e-07
 Reference value :  5.00373e-07
 Reference value :  5.02773e-07
 Reference value :  5.05073e-07
 Reference value :  5.07373e-07
 Reference value :  5.09573e-07
 Reference value :  5.11773e-07
 Reference value :  5.13973e-07
 Reference value :  5.16173e-07
 Reference value :  5.18573e-07
 Reference value :  5.20973e-07
 Reference value :  5.23273e-07
 Reference value :  5.25673e-07
 Reference value :  5.27973e-07
 Reference value :  5.30173e-07
 Reference value :  5.32473e-07
 Reference value :  5.35173e-07
 Reference value :  5.37773e-07
 Reference value :  5.40273e-07
 Reference value :  5.42873e-07
 Reference value :  5.45273e-07
 Reference value :  5.47573e-07
 Reference value :  5.49873e-07
 Reference value :  5.52073e-07
 Reference value :  5.54273e-07
 Reference value :  5.56473e-07
 Reference value :  5.58773e-07
 Reference value :  5.60973e-07
 Reference value :  5.63273e-07
 Reference value :  5.65773e-07
 Reference value :  5.68073e-07
 Reference value :  5.70273e-07
 Reference value :  5.72373e-07
 Reference value :  5.74573e-07
 Reference value :  5.76673e-07
 Reference value :  5.78773e-07
 Reference value :  5.81073e-07
 Reference value :  5.83373e-07
 Reference value :  5.85573e-07
 Reference value :  5.87773e-07
 Reference value :  5.90073e-07
 Reference value :  5.92873e-07
 Reference value :  5.95373e-07
 Reference value :  5.97673e-07
 Reference value :  5.99973e-07
 Reference value :  6.02373e-07
 Reference value :  6.04873e-07
 Reference value :  6.07773e-07
 Reference value :  6.10273e-07
 Reference value :  6.12573e-07
 Reference value :  6.15073e-07
 Reference value :  6.17373e-07
 Reference value :  6.19573e-07
 Reference value :  6.21873e-07
 Reference value :  6.24173e-07
 Reference value :  6.26573e-07
 Reference value :  6.28773e-07
 Reference value :  6.30873e-07
 Reference value :  6.33173e-07
 Reference value :  6.35573e-07
 Reference value :  6.38073e-07
 Reference value :  6.40273e-07
 Reference value :  6.42573e-07
 Reference value :  6.45173e-07
 Reference value :  6.47373e-07
 Reference value :  6.49673e-07
 Reference value :  6.51973e-07
 Reference value :  6.54173e-07
 Reference value :  6.56473e-07
 Reference value :  6.58573e-07
 Reference value :  6.60773e-07
 Reference value :  6.63073e-07
 Reference value :  6.65573e-07
 Reference value :  6.67773e-07
 Reference value :  6.69973e-07
 Reference value :  6.72373e-07
 Reference value :  6.74673e-07
 Reference value :  6.76773e-07
 Reference value :  6.79073e-07
 Reference value :  6.81373e-07
 Reference value :  6.83673e-07
 Reference value :  6.85973e-07
 Reference value :  6.88373e-07
 Reference value :  6.90973e-07
 Reference value :  6.93373e-07
 Reference value :  6.95573e-07
 Reference value :  6.97773e-07
 Reference value :  6.99937e-07
No. of Data Rows : 7104
trise10_90          =  1.05700e-08 targ=  4.84093e-08 trig=  3.78393e-08
tfall10_90          =  6.73493e-09 targ=  3.39392e-07 trig=  3.32657e-07
tpdlh               =  2.14284e-08 targ=  4.19284e-08 trig=  2.05000e-08
tpdhl               =  1.39581e-08 targ=  3.35458e-07 trig=  3.21500e-07
lockout_at_in_high  =  -1.66465e-08
vout_at_in_high     =  3.30000e+00
vdrv_at_in_high     =  3.30000e+00
m_trise_s = 1.0570050000e-08
m_tfall_s = 6.7349260000e-09
m_tpdlh_s = 2.1428440000e-08
m_tpdhl_s = 1.3958130000e-08
m_ipeak_source_a = 3.3626949971e-01
m_ipeak_sink_a = 4.8503206436e-01
m_vout_max_v = 3.3029645306e+00
m_vout_min_v = -2.619154026e-03
m_vin_max_v = 2.9700000000e+00
m_vin_min_v = 0.0000000000e+00
m_indrv_max_v = 3.3004668115e+00
m_indrv_min_v = -8.031265051e-04
m_n1_max_v = 3.3035892406e+00
m_n1_min_v = -3.159703848e-03
m_n2_max_v = 3.3064006042e+00
m_n2_min_v = -4.326523002e-03
m_n3_max_v = 3.3074946365e+00
m_n3_min_v = -5.215821433e-03
m_n4_max_v = 3.3159191992e+00
m_n4_min_v = -9.547435912e-03
m_n5_max_v = 3.3282245022e+00
m_n5_min_v = -1.538041616e-02
m_uvlo_lockout_at_in_high = -1.664648000e-08
m_uvlo_vout_at_in_high_v = 3.2999980000e+00
m_uvlo_vdrv_at_in_high_v = 3.3000000000e+00
Note: Simulation executed from .control section 

Note: vimeas: has no value, DC 0 assumed
Warning: singular matrix:  check node anon293

Note: Starting dynamic gmin stepping
Warning: singular matrix:  check node anon293

Warning: Dynamic gmin stepping failed
Note: Starting true gmin stepping
Warning: singular matrix:  check node anon293

Warning: singular matrix:  check node anon293

Warning: singular matrix:  check node anon293

Warning: singular matrix:  check node anon293

Warning: True gmin stepping failed
Note: Starting source stepping
Warning: source stepping failed
Note: Transient op started
Note: Transient op finished successfully
