
Note: No compatibility mode selected!


Circuit: * gate-driver-core-drive-with-uvlo-postlayout @ fs_27c_vlogic3p63v-vdrv5p00v -- generated by sim/harness, do not edit

Doing analysis at TEMP = 27.000000 and TNOM = 27.000000

Using SPARSE 1.3 as Direct Linear Solver

Initial Transient Solution
--------------------------

Node                                   Voltage
----                                   -------
x1_inb__t0                                3.63
in__t0                             1.03852e-06
gnd_logic__t1376                  -1.47178e-09
gnd_logic                                    0
x2_n2__t2                         -4.89808e-06
x2_n1__t3                                    5
gnd_drv__t4                       -2.67092e-07
gnd_drv                           -4.05282e-07
out__t356                         -1.46121e-06
x2_n5__t164                            5.00002
gnd_drv__t937                      -1.6989e-06
out__t55                           -3.6498e-07
x3_lockout__t110                  -2.58305e-07
gnd_drv__t611                     -4.06912e-07
gnd_drv__t63                      -4.06912e-07
x3_lockout__t96                   -2.57846e-07
out__t557                         -3.64997e-07
out__t511                         -3.59938e-07
x3_lockout__t802                  -3.66031e-07
gnd_drv__t12                      -4.06325e-07
gnd_drv__t447                     -4.06428e-07
x3_lockout__t588                  -3.65637e-07
out__t914                         -3.59968e-07
out__t402                         -3.59998e-07
x3_lockout__t589                  -3.65221e-07
gnd_drv__t983                      -4.0643e-07
gnd_drv__t441                     -4.06433e-07
x3_lockout__t577                  -3.64802e-07
out__t908                         -3.60028e-07
out__t397                         -3.60059e-07
x3_lockout__t578                  -3.64382e-07
gnd_drv__t978                     -4.06435e-07
gnd_drv__t442                     -4.06437e-07
x3_lockout__t579                  -3.63959e-07
out__t909                         -3.60089e-07
out__t398                         -3.60119e-07
x3_lockout__t580                  -3.63535e-07
gnd_drv__t979                     -4.06439e-07
gnd_drv__t443                     -4.06441e-07
x3_lockout__t581                  -3.63107e-07
out__t910                         -3.60149e-07
gnd_drv__t401                     -1.69196e-06
x2_n5__t165                            5.00002
out__t868                         -1.45381e-06
out__t399                         -3.60179e-07
x3_lockout__t582                  -3.62678e-07
gnd_drv__t980                     -4.06443e-07
gnd_drv__t444                     -4.06446e-07
x3_lockout__t583                  -3.62246e-07
out__t911                         -3.60209e-07
out__t400                         -3.60239e-07
x3_lockout__t584                  -3.61813e-07
gnd_drv__t981                     -4.06448e-07
gnd_drv__t440                      -4.0645e-07
x3_lockout__t576                  -3.61377e-07
out__t907                         -3.60269e-07
out__t386                         -3.60299e-07
x3_lockout__t552                  -3.60938e-07
gnd_drv__t967                     -4.06452e-07
gnd_drv__t427                     -4.06455e-07
x3_lockout__t553                  -3.60498e-07
out__t894                         -3.60329e-07
out__t387                         -3.60359e-07
x3_lockout__t554                  -3.60055e-07
gnd_drv__t968                     -4.06457e-07
gnd_drv__t428                     -4.06459e-07
x3_lockout__t555                   -3.5961e-07
out__t895                         -3.60389e-07
out__t388                         -3.60419e-07
x3_lockout__t556                  -3.59163e-07
gnd_drv__t969                     -4.06462e-07
gnd_drv__t429                     -4.06464e-07
x3_lockout__t557                  -3.58714e-07
out__t896                         -3.60449e-07
out__t357                         -1.44602e-06
x2_n5__t166                            5.00002
gnd_drv__t938                     -1.68444e-06
out__t389                         -3.60478e-07
x3_lockout__t558                  -3.58262e-07
gnd_drv__t970                     -4.06467e-07
gnd_drv__t435                     -4.06469e-07
x3_lockout__t568                  -3.57808e-07
out__t902                         -3.60508e-07
out__t390                         -3.60538e-07
x3_lockout__t560                  -3.57353e-07
gnd_drv__t971                     -4.06471e-07
gnd_drv__t431                     -4.06474e-07
x3_lockout__t561                  -3.56895e-07
out__t898                         -3.60568e-07
out__t391                         -3.60597e-07
x3_lockout__t562                  -3.56434e-07
gnd_drv__t972                     -4.06476e-07
gnd_drv__t432                     -4.06479e-07
x3_lockout__t563                  -3.55972e-07
out__t899                         -3.60627e-07
out__t392                         -3.60657e-07
x3_lockout__t564                  -3.55507e-07
gnd_drv__t973                     -4.06482e-07
gnd_drv__t433                     -4.06484e-07
x3_lockout__t565                  -3.55041e-07
out__t900                         -3.60686e-07
out__t393                         -3.60716e-07
x3_lockout__t566                  -3.54572e-07
gnd_drv__t974                     -4.06487e-07
gnd_drv__t434                     -4.06489e-07
x3_lockout__t567                  -3.54101e-07
out__t901                         -3.60745e-07
gnd_drv__t402                     -1.67636e-06
x2_n5__t167                            5.00002
out__t869                         -1.43776e-06
out__t404                         -3.60775e-07
x3_lockout__t593                  -3.53627e-07
gnd_drv__t985                     -4.06492e-07
gnd_drv__t454                     -4.06494e-07
x3_lockout__t602                  -3.53152e-07
out__t921                         -3.60804e-07
out__t409                         -3.60834e-07
x3_lockout__t603                  -3.52675e-07
gnd_drv__t991                     -4.06497e-07
gnd_drv__t455                       -4.065e-07
x3_lockout__t604                  -3.52195e-07
out__t922                         -3.60863e-07
out__t410                         -3.60892e-07
x3_lockout__t605                  -3.51713e-07
gnd_drv__t992                     -4.06502e-07
gnd_drv__t456                     -4.06505e-07
x3_lockout__t606                  -3.51229e-07
out__t923                         -3.60922e-07
out__t411                         -3.60951e-07
x3_lockout__t607                  -3.50743e-07
gnd_drv__t993                     -4.06508e-07
gnd_drv__t457                     -4.06511e-07
x3_lockout__t608                  -3.50255e-07
out__t924                         -3.60981e-07
out__t416                          -3.6101e-07
x3_lockout__t618                  -3.49765e-07
gnd_drv__t998                     -4.06513e-07
gnd_drv__t459                     -4.06516e-07
x3_lockout__t610                  -3.49273e-07
out__t926                         -3.61039e-07
out__t372                         -1.42905e-06
x2_n5__t193                            5.00002
gnd_drv__t953                     -1.66776e-06
out__t412                         -3.61068e-07
x3_lockout__t611                  -3.48778e-07
gnd_drv__t994                     -4.06519e-07
gnd_drv__t460                     -4.06522e-07
x3_lockout__t612                  -3.48282e-07
out__t927                         -3.61097e-07
out__t413                         -3.61126e-07
x3_lockout__t613                  -3.47784e-07
gnd_drv__t995                     -4.06525e-07
gnd_drv__t461                     -4.06527e-07
x3_lockout__t614                  -3.47283e-07
out__t928                         -3.61155e-07
out__t414                         -3.61184e-07
x3_lockout__t615                  -3.46781e-07
gnd_drv__t996                      -4.0653e-07
gnd_drv__t462                     -4.06533e-07
x3_lockout__t616                  -3.46276e-07
out__t929                         -3.61213e-07
out__t415                         -3.61242e-07
x3_lockout__t617                   -3.4577e-07
gnd_drv__t997                     -4.06536e-07
gnd_drv__t458                     -4.06539e-07
x3_lockout__t609                  -3.45261e-07
out__t925                         -3.61271e-07
out__t310                           -3.613e-07
x3_lockout__t551                   -3.4475e-07
gnd_drv__t875                     -4.06542e-07
gnd_drv__t446                     -4.06545e-07
x3_lockout__t586                  -3.44237e-07
out__t913                         -3.61329e-07
gnd_drv__t418                     -1.65874e-06
x2_n5__t203                            5.00002
out__t885                         -1.42001e-06
out__t401                         -3.61358e-07
x3_lockout__t587                  -3.43723e-07
gnd_drv__t982                     -4.06548e-07
gnd_drv__t532                     -4.06551e-07
x3_lockout__t750                  -3.43207e-07
out__t994                         -3.61386e-07
out__t484                         -3.61415e-07
x3_lockout__t751                  -3.42688e-07
gnd_drv__t1073                    -4.06554e-07
gnd_drv__t531                     -4.06557e-07
x3_lockout__t749                  -3.42168e-07
out__t993                         -3.61444e-07
out__t483                         -3.61473e-07
x3_lockout__t748                  -3.41645e-07
gnd_drv__t1072                     -4.0656e-07
gnd_drv__t448                     -4.06563e-07
x3_lockout__t590                  -3.41121e-07
out__t915                         -3.61501e-07
out__t403                          -3.6153e-07
x3_lockout__t591                  -3.40595e-07
gnd_drv__t984                     -4.06566e-07
gnd_drv__t449                     -4.06569e-07
x3_lockout__t592                  -3.40066e-07
out__t916                         -3.61558e-07
out__t408                         -3.61587e-07
x3_lockout__t601                  -3.39537e-07
gnd_drv__t990                     -4.06572e-07
gnd_drv__t450                     -4.06575e-07
x3_lockout__t594                  -3.39004e-07
out__t917                         -3.61615e-07
out__t366                         -1.41046e-06
x2_n5__t182                            5.00002
gnd_drv__t947                     -1.64924e-06
out__t405                         -3.61644e-07
x3_lockout__t595                  -3.38471e-07
gnd_drv__t986                     -4.06578e-07
gnd_drv__t451                     -4.06581e-07
x3_lockout__t596                  -3.37935e-07
out__t918                         -3.61672e-07
out__t462                           -3.617e-07
x3_lockout__t707                  -3.37398e-07
gnd_drv__t1044                    -4.06584e-07
gnd_drv__t452                     -4.06587e-07
x3_lockout__t597                  -3.36859e-07
out__t919                         -3.61729e-07
out__t406                         -3.61757e-07
x3_lockout__t598                  -3.36317e-07
gnd_drv__t988                      -4.0659e-07
gnd_drv__t453                     -4.06593e-07
x3_lockout__t599                  -3.35775e-07
out__t920                         -3.61785e-07
out__t407                         -3.61813e-07
x3_lockout__t600                   -3.3523e-07
gnd_drv__t989                     -4.06596e-07
gnd_drv__t430                       -4.066e-07
x3_lockout__t559                  -3.34684e-07
out__t897                         -3.61841e-07
out__t487                         -3.61869e-07
x3_lockout__t758                  -3.34136e-07
gnd_drv__t1076                    -4.06603e-07
gnd_drv__t537                     -4.06606e-07
x3_lockout__t759                  -3.33586e-07
out__t999                         -3.61897e-07
gnd_drv__t409                     -1.63928e-06
x2_n5__t183                            5.00002
out__t876                         -1.40064e-06
out__t488                         -3.61925e-07
x3_lockout__t760                  -3.33035e-07
gnd_drv__t1077                    -4.06609e-07
gnd_drv__t538                     -4.06612e-07
x3_lockout__t761                  -3.32481e-07
out__t1000                        -3.61953e-07
out__t489                         -3.61981e-07
x3_lockout__t762                  -3.31926e-07
gnd_drv__t1078                    -4.06615e-07
gnd_drv__t539                     -4.06619e-07
x3_lockout__t763                   -3.3137e-07
out__t1001                        -3.62009e-07
out__t490                         -3.62037e-07
x3_lockout__t764                  -3.30812e-07
gnd_drv__t1079                    -4.06622e-07
gnd_drv__t544                     -4.06625e-07
x3_lockout__t774                  -3.30252e-07
out__t1006                        -3.62064e-07
out__t492                         -3.62092e-07
x3_lockout__t766                   -3.2969e-07
gnd_drv__t1081                    -4.06628e-07
gnd_drv__t540                     -4.06631e-07
x3_lockout__t767                  -3.29128e-07
out__t1002                         -3.6212e-07
out__t493                         -3.62147e-07
x3_lockout__t768                  -3.28563e-07
gnd_drv__t1082                    -4.06635e-07
gnd_drv__t541                     -4.06638e-07
x3_lockout__t769                  -3.27997e-07
out__t1003                        -3.62175e-07
out__t367                         -1.39045e-06
x2_n5__t184                            5.00002
gnd_drv__t948                     -1.62889e-06
out__t494                         -3.62202e-07
x3_lockout__t770                  -3.27429e-07
gnd_drv__t1083                    -4.06641e-07
gnd_drv__t542                     -4.06644e-07
x3_lockout__t771                   -3.2686e-07
out__t1004                         -3.6223e-07
out__t495                         -3.62257e-07
x3_lockout__t772                   -3.2629e-07
gnd_drv__t1084                    -4.06648e-07
gnd_drv__t543                     -4.06651e-07
x3_lockout__t773                  -3.25717e-07
out__t1005                        -3.62285e-07
out__t491                         -3.62312e-07
x3_lockout__t765                  -3.25144e-07
gnd_drv__t1080                    -4.06654e-07
gnd_drv__t535                     -4.06657e-07
x3_lockout__t756                  -3.24569e-07
out__t997                         -3.62339e-07
out__t486                         -3.62366e-07
x3_lockout__t755                  -3.23993e-07
gnd_drv__t1075                    -4.06661e-07
gnd_drv__t534                     -4.06664e-07
x3_lockout__t754                  -3.23415e-07
out__t996                         -3.62394e-07
out__t485                          -3.6242e-07
x3_lockout__t753                  -3.22836e-07
gnd_drv__t1074                    -4.06667e-07
gnd_drv__t533                      -4.0667e-07
x3_lockout__t752                  -3.22256e-07
out__t995                         -3.62447e-07
gnd_drv__t406                     -1.61808e-06
x2_n5__t176                            5.00002
out__t873                         -1.37993e-06
out__t396                         -3.62475e-07
x3_lockout__t575                  -3.21674e-07
gnd_drv__t977                     -4.06674e-07
gnd_drv__t445                     -4.06677e-07
x3_lockout__t585                  -3.21092e-07
out__t912                         -3.62501e-07
out__t474                         -3.62528e-07
x3_lockout__t733                  -3.20507e-07
gnd_drv__t1063                     -4.0668e-07
gnd_drv__t525                     -4.06684e-07
x3_lockout__t735                  -3.19922e-07
out__t987                         -3.62555e-07
out__t478                         -3.62582e-07
x3_lockout__t740                  -3.19336e-07
gnd_drv__t1067                    -4.06687e-07
gnd_drv__t524                      -4.0669e-07
x3_lockout__t732                  -3.18747e-07
out__t986                         -3.62609e-07
out__t475                         -3.62635e-07
x3_lockout__t734                  -3.18159e-07
gnd_drv__t1064                    -4.06693e-07
gnd_drv__t526                     -4.06697e-07
x3_lockout__t736                  -3.17569e-07
out__t988                         -3.62662e-07
out__t476                         -3.62688e-07
x3_lockout__t737                  -3.16978e-07
gnd_drv__t1065                      -4.067e-07
gnd_drv__t527                     -4.06703e-07
x3_lockout__t738                  -3.16385e-07
out__t989                         -3.62715e-07
x2_n3__t1                                    5
x2_n2__t0                          4.60143e-08
gnd_drv__t0                       -3.15207e-06
out__t351                         -1.36919e-06
x2_n5__t152                            5.00002
gnd_drv__t932                     -1.60698e-06
out__t477                         -3.62741e-07
x3_lockout__t739                  -3.15792e-07
gnd_drv__t1066                    -4.06706e-07
gnd_drv__t520                      -4.0671e-07
x3_lockout__t725                  -3.15198e-07
out__t982                         -3.62768e-07
x3_uvlo_ok__t1                         4.99986
x3_lockout__t2                      1.3979e-06
gnd_drv__t8                       -4.19692e-07
x3_nref__t0                           0.656138
x3_nref__t1                           0.656553
gnd_drv__t7                        1.29974e-05
x3_ntail__t2                          0.255709
x3_nref__t3                           0.656553
gnd_drv__t15                       2.04174e-05
x3_ncompn__t1                          4.99993
x3_nref__t2                           0.656553
x3_ntail__t0                           0.25795
x3_ncompp__t0                          3.93144
x3_ndiv__t0                           0.966867
x3_ntail__t1                          0.258039
gnd_drv__t394                     -1.59552e-06
x2_n5__t153                            5.00002
out__t861                         -1.35815e-06
out__t352                         -1.34685e-06
x2_n5__t154                            5.00002
gnd_drv__t933                     -1.58373e-06
gnd_drv__t395                     -1.57161e-06
x2_n5__t155                            5.00002
out__t862                         -1.33529e-06
out__t353                          -1.3236e-06
x2_n5__t156                            5.00002
gnd_drv__t934                      -1.5593e-06
gnd_drv__t398                     -1.54662e-06
x2_n5__t160                            5.00002
out__t865                          -1.3116e-06
out__t354                         -1.29951e-06
x2_n5__t157                            5.00002
gnd_drv__t935                     -1.53378e-06
gnd_drv__t424                      -1.5208e-06
x2_n5__t214                            5.00002
out__t891                         -1.28733e-06
out__t383                         -1.27491e-06
x2_n5__t215                            5.00002
gnd_drv__t964                     -1.50753e-06
gnd_drv__t425                     -1.49415e-06
x2_n5__t216                            5.00002
out__t892                         -1.26244e-06
x2_n4__t185                        2.67927e-05
x2_n3__t5                              5.00004
gnd_drv__t5                       -1.20632e-06
out__t380                         -1.24985e-06
x2_n5__t209                            5.00002
gnd_drv__t961                      -1.4806e-06
gnd_drv__t423                     -1.46689e-06
x2_n5__t212                            5.00002
out__t890                         -1.23724e-06
out__t382                         -1.22453e-06
x2_n5__t213                            5.00002
gnd_drv__t963                     -1.45305e-06
gnd_drv__t426                     -1.43917e-06
x2_n5__t217                            5.00003
out__t893                         -1.21175e-06
out__t381                         -1.19891e-06
x2_n5__t210                            5.00003
gnd_drv__t962                     -1.42519e-06
gnd_drv__t411                     -1.41112e-06
x2_n5__t186                            5.00003
out__t878                         -1.18611e-06
out__t368                         -1.17326e-06
x2_n5__t187                            5.00003
gnd_drv__t949                     -1.39697e-06
gnd_drv__t419                     -1.38284e-06
x2_n5__t204                            5.00003
out__t886                         -1.16039e-06
out__t378                          -1.1476e-06
x2_n5__t205                            5.00003
gnd_drv__t959                     -1.36867e-06
gnd_drv__t420                     -1.35446e-06
x2_n5__t206                            5.00003
out__t887                         -1.13479e-06
gnd_drv__t1052                    -1.28042e-06
x2_n3__t6                              5.00004
x2_n4__t184                         2.6369e-05
out__t379                         -1.12199e-06
x2_n5__t207                            5.00003
gnd_drv__t960                     -1.34031e-06
gnd_drv__t421                     -1.32614e-06
x2_n5__t208                            5.00003
out__t888                         -1.10929e-06
out__t385                         -1.09654e-06
x2_n5__t219                            5.00003
gnd_drv__t966                     -1.31197e-06
gnd_drv__t422                     -1.29782e-06
x2_n5__t211                            5.00003
out__t889                         -1.08398e-06
out__t384                         -1.07145e-06
x2_n5__t218                            5.00003
gnd_drv__t965                     -1.28375e-06
gnd_drv__t9                       -1.26976e-06
x2_n5__t1                              5.00003
out__t0                           -1.05901e-06
out__t314                         -1.81596e-06
x2_n5__t79                             5.00002
gnd_drv__t886                      -1.9739e-06
gnd_drv__t294                     -1.98173e-06
x2_n5__t8                              5.00002
out__t788                         -1.82188e-06
out__t278                         -1.82741e-06
x2_n5__t7                              5.00002
gnd_drv__t834                     -1.98907e-06
gnd_drv__t293                     -1.99599e-06
x2_n5__t6                              5.00002
out__t787                         -1.83245e-06
x2_n4__t177                        2.59234e-05
x2_n3__t8                              5.00004
gnd_drv__t1051                    -1.31551e-06
out__t277                         -1.83688e-06
x2_n5__t5                              5.00002
gnd_drv__t833                     -2.00229e-06
gnd_drv__t292                     -2.00812e-06
x2_n5__t4                              5.00002
out__t786                         -1.84085e-06
out__t276                         -1.84427e-06
x2_n5__t3                              5.00002
gnd_drv__t832                     -2.01338e-06
gnd_drv__t291                     -2.01804e-06
x2_n5__t2                              5.00002
out__t785                         -1.84712e-06
out__t290                         -1.84938e-06
x2_n5__t31                             5.00002
gnd_drv__t846                     -2.02208e-06
gnd_drv__t305                     -2.02549e-06
x2_n5__t30                             5.00002
out__t799                         -1.85103e-06
out__t289                         -1.85213e-06
x2_n5__t29                             5.00002
gnd_drv__t845                     -2.02823e-06
gnd_drv__t304                      -2.0303e-06
x2_n5__t28                             5.00002
out__t798                         -1.85251e-06
out__t302                         -1.85221e-06
x2_n5__t54                             5.00002
gnd_drv__t858                     -2.03166e-06
gnd_drv__t316                      -2.0323e-06
x2_n5__t53                             5.00002
out__t810                         -1.85133e-06
gnd_drv__t512                     -1.34922e-06
x2_n3__t9                              5.00004
x2_n4__t186                        2.54562e-05
out__t301                         -1.84966e-06
x2_n5__t52                             5.00002
gnd_drv__t857                     -2.03229e-06
gnd_drv__t310                     -2.03143e-06
x2_n5__t42                             5.00002
out__t804                         -1.84738e-06
out__t282                         -1.84427e-06
x2_n5__t16                             5.00002
gnd_drv__t838                      -2.0299e-06
gnd_drv__t298                     -2.02757e-06
x2_n5__t15                             5.00002
out__t792                         -1.84052e-06
out__t281                         -1.83603e-06
x2_n5__t14                             5.00002
gnd_drv__t837                     -2.02444e-06
gnd_drv__t297                     -2.02039e-06
x2_n5__t13                             5.00002
out__t791                         -1.83078e-06
out__t280                         -1.82476e-06
x2_n5__t12                             5.00002
gnd_drv__t836                     -2.01562e-06
gnd_drv__t296                     -2.01011e-06
x2_n5__t11                             5.00002
out__t790                         -1.81798e-06
out__t279                         -1.81044e-06
x2_n5__t10                             5.00002
gnd_drv__t835                     -2.00367e-06
gnd_drv__t295                      -1.9964e-06
x2_n5__t9                              5.00002
out__t789                         -1.80224e-06
x2_n4__t178                        2.49708e-05
x2_n3__t10                             5.00004
gnd_drv__t1053                    -1.38083e-06
out__t283                         -1.79318e-06
x2_n5__t17                             5.00001
gnd_drv__t839                      -1.9884e-06
gnd_drv__t302                     -1.97949e-06
x2_n5__t25                             5.00001
out__t796                         -1.78338e-06
out__t292                         -1.77296e-06
x2_n5__t33                             5.00001
gnd_drv__t848                     -1.96988e-06
gnd_drv__t322                     -1.95949e-06
x2_n5__t65                             5.00001
out__t816                         -1.76185e-06
out__t291                         -1.74997e-06
x2_n5__t32                             5.00001
gnd_drv__t847                     -1.94827e-06
gnd_drv__t299                     -1.93645e-06
x2_n5__t19                             5.00001
out__t793                         -1.73757e-06
out__t284                         -1.72461e-06
x2_n5__t18                             5.00001
gnd_drv__t840                     -1.92398e-06
gnd_drv__t328                     -1.91104e-06
x2_n5__t69                             5.00001
out__t819                         -1.71113e-06
out__t316                         -1.69721e-06
x2_n5__t82                             5.00001
gnd_drv__t888                     -1.89749e-06
gnd_drv__t350                     -1.88353e-06
x2_n5__t81                             5.00001
out__t825                         -1.68304e-06
gnd_drv__t513                     -1.40943e-06
x2_n3__t11                             5.00004
x2_n4__t187                        2.44713e-05
out__t315                         -1.66852e-06
x2_n5__t80                             5.00001
gnd_drv__t887                     -1.86936e-06
gnd_drv__t349                     -1.85499e-06
x2_n5__t78                             5.00001
out__t824                         -1.65395e-06
out__t286                         -1.63926e-06
x2_n5__t22                             5.00001
gnd_drv__t842                     -1.84047e-06
gnd_drv__t300                     -1.82614e-06
x2_n5__t21                             5.00001
out__t794                         -1.62477e-06
out__t285                         -1.61053e-06
x2_n5__t20                             5.00001
gnd_drv__t841                     -1.81205e-06
gnd_drv__t303                     -1.79848e-06
x2_n5__t27                             5.00001
out__t797                         -1.59671e-06
out__t288                         -1.58343e-06
x2_n5__t26                             5.00001
gnd_drv__t844                     -1.78539e-06
gnd_drv__t323                     -1.77305e-06
x2_n5__t67                             5.00001
out__t817                         -1.57087e-06
out__t308                         -1.55917e-06
x2_n5__t66                             5.00001
gnd_drv__t864                     -1.76173e-06
gnd_drv__t306                     -1.75138e-06
x2_n5__t34                             5.00001
out__t800                         -1.54854e-06
x2_n4__t179                        2.39628e-05
x2_n3__t12                             5.00004
gnd_drv__t1054                    -1.43405e-06
out__t287                         -1.53891e-06
x2_n5__t24                             5.00001
gnd_drv__t843                      -1.7423e-06
gnd_drv__t301                     -1.73449e-06
x2_n5__t23                             5.00001
out__t795                         -1.53054e-06
out__t361                         -1.52338e-06
x2_n5__t174                            5.00001
gnd_drv__t942                     -1.72801e-06
gnd_drv__t405                     -1.72288e-06
x2_n5__t173                            5.00001
out__t872                         -1.51736e-06
out__t360                         -1.51262e-06
x2_n5__t172                            5.00001
gnd_drv__t941                     -1.71915e-06
gnd_drv__t404                     -1.71658e-06
x2_n5__t171                            5.00001
out__t871                         -1.50911e-06
out__t359                         -1.50653e-06
x2_n5__t170                            5.00001
gnd_drv__t940                     -1.71523e-06
gnd_drv__t403                     -1.71491e-06
x2_n5__t169                            5.00001
out__t870                         -1.50486e-06
out__t322                         -1.50406e-06
x2_n5__t91                             5.00001
gnd_drv__t903                     -1.71543e-06
gnd_drv__t314                     -1.71666e-06
x2_n5__t50                             5.00001
out__t808                         -1.50388e-06
gnd_drv__t514                     -1.45367e-06
x2_n3__t13                             5.00004
x2_n4__t188                        2.34507e-05
out__t300                         -1.50415e-06
x2_n5__t49                             5.00001
gnd_drv__t856                     -1.71839e-06
gnd_drv__t380                      -1.2339e-06
x2_n5__t129                            5.00002
out__t847                         -1.15864e-06
out__t342                         -1.17164e-06
x2_n5__t130                            5.00002
gnd_drv__t923                     -1.24785e-06
gnd_drv__t381                     -1.26188e-06
x2_n5__t131                            5.00002
out__t848                         -1.18473e-06
out__t343                         -1.19787e-06
x2_n5__t132                            5.00002
gnd_drv__t924                     -1.27599e-06
gnd_drv__t382                     -1.29018e-06
x2_n5__t133                            5.00002
out__t849                         -1.21108e-06
out__t365                         -1.22435e-06
x2_n5__t181                            5.00002
gnd_drv__t946                     -1.30444e-06
gnd_drv__t408                     -1.31878e-06
x2_n5__t180                            5.00002
out__t875                         -1.23766e-06
out__t364                         -1.25101e-06
x2_n5__t179                            5.00002
gnd_drv__t945                     -1.33318e-06
gnd_drv__t407                     -1.34769e-06
x2_n5__t178                            5.00002
out__t874                         -1.26446e-06
x1_na__t0                              2.67831
in__t2                             4.96578e-08
gnd_logic__t1377                   4.95892e-10
x2_n4__t180                          2.294e-05
x2_n3__t14                             5.00004
gnd_drv__t1055                    -1.46747e-06
out__t362                         -1.27789e-06
x2_n5__t175                            5.00002
gnd_drv__t943                     -1.36221e-06
gnd_drv__t389                      -1.3768e-06
x2_n5__t143                            5.00002
out__t856                         -1.29136e-06
out__t347                         -1.30485e-06
x2_n5__t144                            5.00002
gnd_drv__t928                     -1.39147e-06
gnd_drv__t390                     -1.40615e-06
x2_n5__t145                            5.00003
out__t857                         -1.31837e-06
out__t348                         -1.33196e-06
x2_n5__t146                            5.00003
gnd_drv__t929                     -1.42092e-06
gnd_drv__t391                     -1.43568e-06
x2_n5__t147                            5.00003
out__t858                         -1.34551e-06
out__t349                         -1.35906e-06
x2_n5__t148                            5.00003
gnd_drv__t930                      -1.4505e-06
gnd_drv__t392                     -1.46531e-06
x2_n5__t149                            5.00003
out__t859                         -1.37267e-06
out__t350                         -1.38623e-06
x2_n5__t150                            5.00003
gnd_drv__t931                     -1.48019e-06
gnd_drv__t388                     -1.49508e-06
x2_n5__t142                            5.00003
out__t855                         -1.39982e-06
gnd_drv__t515                     -1.47469e-06
x2_n3__t15                             5.00004
x2_n4__t189                        2.24348e-05
out__t336                          -1.4134e-06
x2_n5__t118                            5.00003
gnd_drv__t917                     -1.50998e-06
gnd_drv__t375                     -1.52488e-06
x2_n5__t119                            5.00003
out__t842                          -1.4269e-06
out__t337                         -1.44043e-06
x2_n5__t120                            5.00003
gnd_drv__t918                     -1.53973e-06
gnd_drv__t376                     -1.55461e-06
x2_n5__t121                            5.00003
out__t843                         -1.45387e-06
out__t338                         -1.46732e-06
x2_n5__t122                            5.00003
gnd_drv__t919                     -1.56947e-06
gnd_drv__t377                     -1.58435e-06
x2_n5__t123                            5.00003
out__t844                         -1.48071e-06
out__t339                         -1.49405e-06
x2_n5__t124                            5.00003
gnd_drv__t920                     -1.59915e-06
gnd_drv__t383                     -1.61389e-06
x2_n5__t134                            5.00003
out__t850                         -1.50731e-06
out__t363                          -1.5205e-06
x2_n5__t177                            5.00003
gnd_drv__t944                     -1.62858e-06
gnd_drv__t410                     -1.64327e-06
x2_n5__t185                            5.00003
out__t877                          -1.5336e-06
x2_n4__t181                        2.19375e-05
x2_n3__t16                             5.00004
gnd_drv__t1056                    -1.47494e-06
out__t344                         -1.54662e-06
x2_n5__t136                            5.00003
gnd_drv__t925                     -1.65783e-06
gnd_drv__t385                      -1.6723e-06
x2_n5__t137                            5.00003
out__t852                         -1.55952e-06
out__t345                         -1.57232e-06
x2_n5__t138                            5.00003
gnd_drv__t926                     -1.68675e-06
gnd_drv__t386                     -1.70103e-06
x2_n5__t139                            5.00003
out__t853                         -1.58499e-06
out__t369                         -1.59753e-06
x2_n5__t188                            5.00003
gnd_drv__t950                     -1.71527e-06
gnd_drv__t412                     -1.72937e-06
x2_n5__t189                            5.00003
out__t879                         -1.60992e-06
out__t307                         -1.62223e-06
x2_n5__t64                             5.00003
gnd_drv__t863                     -1.74334e-06
gnd_drv__t321                      -1.7571e-06
x2_n5__t63                             5.00003
out__t815                          -1.6343e-06
out__t306                         -1.64627e-06
x2_n5__t62                             5.00003
gnd_drv__t862                     -1.77077e-06
gnd_drv__t320                     -1.78426e-06
x2_n5__t61                             5.00003
out__t814                         -1.65798e-06
gnd_drv__t516                      -1.4682e-06
x2_n3__t17                             5.00004
x2_n4__t190                        2.14484e-05
out__t305                         -1.66955e-06
x2_n5__t60                             5.00003
gnd_drv__t861                     -1.79757e-06
gnd_drv__t324                     -1.81068e-06
x2_n5__t68                             5.00003
out__t818                         -1.68084e-06
out__t304                         -1.69197e-06
x2_n5__t58                             5.00003
gnd_drv__t860                     -1.82365e-06
gnd_drv__t318                     -1.83632e-06
x2_n5__t57                             5.00003
out__t812                         -1.70279e-06
out__t303                         -1.71343e-06
x2_n5__t56                             5.00003
gnd_drv__t859                     -1.84875e-06
gnd_drv__t319                       -1.861e-06
x2_n5__t59                             5.00003
out__t813                          -1.7238e-06
out__t293                         -1.73388e-06
x2_n5__t35                             5.00003
gnd_drv__t849                      -1.8729e-06
gnd_drv__t348                     -1.88458e-06
x2_n5__t77                             5.00003
out__t823                         -1.74367e-06
out__t313                         -1.75315e-06
x2_n5__t76                             5.00003
gnd_drv__t885                     -1.89589e-06
gnd_drv__t347                     -1.90695e-06
x2_n5__t75                             5.00003
out__t822                          -1.7623e-06
x2_n4__t182                        2.09658e-05
x2_n3__t18                             5.00004
gnd_drv__t1057                    -1.45485e-06
out__t317                         -1.77111e-06
x2_n5__t83                             5.00002
gnd_drv__t889                     -1.91768e-06
gnd_drv__t345                     -1.92796e-06
x2_n5__t74                             5.00002
out__t821                         -1.77955e-06
out__t312                         -1.78762e-06
x2_n5__t73                             5.00002
gnd_drv__t884                     -1.93796e-06
gnd_drv__t344                     -1.94755e-06
x2_n5__t72                             5.00002
out__t820                         -1.79538e-06
out__t311                         -1.80265e-06
x2_n5__t71                             5.00002
gnd_drv__t883                     -1.95675e-06
gnd_drv__t317                     -1.96559e-06
x2_n5__t55                             5.00002
out__t811                         -1.80948e-06
out__t510                         -5.89124e-07
x2_n5__t220                            5.00001
gnd_drv__t11                      -6.06909e-07
gnd_drv__t368                     -6.46643e-07
x2_n5__t105                            5.00001
out__t835                         -5.96182e-07
out__t330                         -6.03836e-07
x2_n5__t106                            5.00001
gnd_drv__t911                     -6.54437e-07
gnd_drv__t369                     -6.62344e-07
x2_n5__t107                            5.00001
out__t836                         -6.11588e-07
gnd_drv__t6                       -1.40211e-06
x2_n3__t7                              5.00004
x2_n4__t183                        2.04863e-05
out__t335                         -6.19445e-07
x2_n5__t117                            5.00001
gnd_drv__t916                     -6.70357e-07
gnd_drv__t371                     -6.78482e-07
x2_n5__t109                            5.00001
out__t838                           -6.274e-07
out__t331                          -6.3546e-07
x2_n5__t110                            5.00001
gnd_drv__t912                     -6.86715e-07
gnd_drv__t372                     -6.95065e-07
x2_n5__t111                            5.00001
out__t839                          -6.4362e-07
out__t332                         -6.51889e-07
x2_n5__t112                            5.00001
gnd_drv__t913                     -7.03523e-07
gnd_drv__t373                       -7.121e-07
x2_n5__t113                            5.00001
out__t840                         -6.60259e-07
out__t333                         -6.68738e-07
x2_n5__t114                            5.00001
gnd_drv__t914                     -7.20787e-07
gnd_drv__t374                      -7.2959e-07
x2_n5__t115                            5.00001
out__t841                         -6.77324e-07
out__t334                         -6.86004e-07
x2_n5__t116                            5.00001
gnd_drv__t915                     -7.38515e-07
gnd_drv__t370                      -7.4755e-07
x2_n5__t108                            5.00001
out__t837                         -6.94803e-07
x2_n5__t747                            5.00002
x2_n4__t54                         2.50613e-05
gnd_drv__t13                      -2.01537e-06
out__t318                         -7.03705e-07
x2_n5__t84                             5.00001
gnd_drv__t899                       -7.567e-07
gnd_drv__t359                     -7.65967e-07
x2_n5__t85                             5.00001
out__t826                         -7.12706e-07
out__t319                         -7.21824e-07
x2_n5__t86                             5.00001
gnd_drv__t900                     -7.75363e-07
gnd_drv__t360                     -7.84863e-07
x2_n5__t87                             5.00002
out__t827                         -7.31047e-07
out__t320                         -7.40382e-07
x2_n5__t88                             5.00002
gnd_drv__t901                     -7.94486e-07
gnd_drv__t361                     -8.04237e-07
x2_n5__t89                             5.00002
out__t828                          -7.4981e-07
out__t321                         -7.59359e-07
x2_n5__t90                             5.00002
gnd_drv__t902                     -8.14097e-07
gnd_drv__t365                     -8.24089e-07
x2_n5__t100                            5.00002
out__t832                         -7.69016e-07
out__t323                         -7.78779e-07
x2_n5__t92                             5.00002
gnd_drv__t904                     -8.34185e-07
gnd_drv__t362                     -8.44416e-07
x2_n5__t93                             5.00002
out__t829                          -7.8865e-07
gnd_drv__t327                     -2.06778e-06
x2_n4__t6                          2.53708e-05
x2_n5__t750                            5.00002
out__t324                         -7.98631e-07
x2_n5__t94                             5.00002
gnd_drv__t905                      -8.5477e-07
gnd_drv__t363                      -8.6523e-07
x2_n5__t95                             5.00002
out__t830                         -8.08721e-07
out__t325                         -8.18919e-07
x2_n5__t96                             5.00002
gnd_drv__t906                     -8.75827e-07
gnd_drv__t378                     -8.86542e-07
x2_n5__t125                            5.00002
out__t845                         -8.29222e-07
out__t371                         -8.39634e-07
x2_n5__t191                            5.00002
gnd_drv__t952                     -8.97362e-07
gnd_drv__t413                     -9.08317e-07
x2_n5__t192                            5.00002
out__t880                         -8.50149e-07
out__t377                         -8.60776e-07
x2_n5__t202                            5.00002
gnd_drv__t958                     -9.19398e-07
gnd_drv__t414                     -9.30596e-07
x2_n5__t194                            5.00002
out__t881                         -8.71507e-07
out__t373                         -8.82344e-07
x2_n5__t195                            5.00002
gnd_drv__t954                     -9.41917e-07
gnd_drv__t415                     -9.53354e-07
x2_n5__t196                            5.00002
out__t882                         -8.93282e-07
x2_n5__t723                            5.00002
x2_n4__t5                          2.56487e-05
gnd_drv__t867                      -2.0995e-06
out__t374                         -9.04346e-07
x2_n5__t197                            5.00002
gnd_drv__t955                     -9.64911e-07
gnd_drv__t416                      -9.7659e-07
x2_n5__t198                            5.00002
out__t883                         -9.15496e-07
out__t375                         -9.26751e-07
x2_n5__t199                            5.00002
gnd_drv__t956                     -9.88389e-07
gnd_drv__t417                      -1.0003e-06
x2_n5__t200                            5.00002
out__t884                         -9.38103e-07
out__t376                         -9.49581e-07
x2_n5__t201                            5.00002
gnd_drv__t957                     -1.01234e-06
gnd_drv__t397                     -1.02448e-06
x2_n5__t159                            5.00002
out__t864                         -9.61133e-07
out__t328                         -9.72785e-07
x2_n5__t101                            5.00002
gnd_drv__t909                     -1.03674e-06
gnd_drv__t366                     -1.04912e-06
x2_n5__t102                            5.00002
out__t833                         -9.84561e-07
out__t329                         -9.96405e-07
x2_n5__t103                            5.00002
gnd_drv__t910                     -1.06164e-06
gnd_drv__t367                     -1.07424e-06
x2_n5__t104                            5.00002
out__t834                         -1.00837e-06
gnd_drv__t326                     -2.13149e-06
x2_n4__t4                          2.59066e-05
x2_n5__t749                            5.00002
out__t327                         -1.02041e-06
x2_n5__t99                             5.00002
gnd_drv__t908                     -1.08696e-06
gnd_drv__t384                     -1.09981e-06
x2_n5__t135                            5.00002
out__t851                         -1.03256e-06
out__t370                         -1.04478e-06
x2_n5__t190                            5.00002
gnd_drv__t951                     -1.11275e-06
gnd_drv__t364                     -1.12581e-06
x2_n5__t97                             5.00002
out__t831                         -1.05711e-06
out__t326                          -1.0695e-06
x2_n5__t98                             5.00002
gnd_drv__t907                     -1.13896e-06
gnd_drv__t387                     -1.15223e-06
x2_n5__t141                            5.00002
out__t854                           -1.082e-06
out__t346                         -1.09459e-06
x2_n5__t140                            5.00002
gnd_drv__t927                     -1.16558e-06
gnd_drv__t379                     -1.17906e-06
x2_n5__t127                            5.00002
out__t846                         -1.10722e-06
out__t341                         -1.11997e-06
x2_n5__t128                            5.00002
gnd_drv__t922                     -1.19264e-06
gnd_drv__t393                     -1.20632e-06
x2_n5__t151                            5.00002
out__t860                         -1.13279e-06
x1_nb__t1                         -1.05849e-08
x1_inb__t2                                3.63
gnd_logic__t1378                   1.14365e-08
x2_n5__t722                            5.00002
x2_n4__t3                          2.61425e-05
gnd_drv__t866                     -2.16375e-06
out__t340                         -1.14568e-06
x2_n5__t126                            5.00002
gnd_drv__t921                     -1.22004e-06
x3_lockout__t803                   9.06591e-07
x3_ncompn__t3                          4.99993
gnd_drv__t14                      -3.81586e-07
out__t259                         -3.58197e-07
x3_lockout__t517                  -3.18128e-07
gnd_drv__t815                     -4.07703e-07
gnd_drv__t289                     -4.07693e-07
x3_lockout__t548                  -3.18704e-07
out__t783                         -3.58153e-07
out__t273                         -3.58109e-07
x3_lockout__t544                  -3.19279e-07
gnd_drv__t829                     -4.07684e-07
gnd_drv__t287                     -4.07675e-07
x3_lockout__t546                  -3.19853e-07
out__t781                         -3.58065e-07
out__t274                         -3.58021e-07
x3_lockout__t545                  -3.20425e-07
gnd_drv__t830                     -4.07666e-07
gnd_drv__t288                     -4.07657e-07
x3_lockout__t547                  -3.20996e-07
out__t782                         -3.57977e-07
out__t271                         -3.57933e-07
x3_lockout__t540                  -3.21567e-07
gnd_drv__t827                     -4.07647e-07
gnd_drv__t290                     -4.07638e-07
x3_lockout__t549                  -3.22136e-07
out__t784                         -3.57889e-07
gnd_drv__t325                      -2.1961e-06
x2_n4__t2                          2.63545e-05
x2_n5__t748                            5.00002
out__t258                         -3.57845e-07
x3_lockout__t514                  -3.22704e-07
gnd_drv__t814                     -4.07629e-07
gnd_drv__t272                      -4.0762e-07
x3_lockout__t515                   -3.2327e-07
out__t766                         -3.57801e-07
out__t260                         -3.57757e-07
x3_lockout__t518                  -3.23835e-07
gnd_drv__t816                     -4.07612e-07
gnd_drv__t286                     -4.07603e-07
x3_lockout__t543                  -3.24399e-07
out__t780                         -3.57713e-07
out__t236                         -3.57669e-07
x3_lockout__t470                  -3.24961e-07
gnd_drv__t792                     -4.07594e-07
gnd_drv__t191                     -4.07585e-07
x3_lockout__t352                  -3.25523e-07
out__t685                         -3.57626e-07
out__t177                         -3.57582e-07
x3_lockout__t353                  -3.26082e-07
gnd_drv__t733                     -4.07576e-07
gnd_drv__t192                     -4.07568e-07
x3_lockout__t354                  -3.26641e-07
out__t686                         -3.57538e-07
out__t178                         -3.57494e-07
x3_lockout__t355                  -3.27197e-07
gnd_drv__t734                     -4.07559e-07
gnd_drv__t193                     -4.07551e-07
x3_lockout__t356                  -3.27753e-07
out__t687                         -3.57451e-07
x2_n5__t721                            5.00002
x2_n4__t1                          2.65403e-05
gnd_drv__t865                     -2.22851e-06
out__t179                         -3.57407e-07
x3_lockout__t357                  -3.28307e-07
gnd_drv__t735                     -4.07542e-07
gnd_drv__t194                     -4.07534e-07
x3_lockout__t358                  -3.28859e-07
out__t688                         -3.57363e-07
out__t180                          -3.5732e-07
x3_lockout__t359                   -3.2941e-07
gnd_drv__t736                     -4.07525e-07
gnd_drv__t199                     -4.07517e-07
x3_lockout__t369                   -3.2996e-07
out__t693                         -3.57276e-07
out__t182                         -3.57232e-07
x3_lockout__t361                  -3.30508e-07
gnd_drv__t738                     -4.07509e-07
gnd_drv__t195                     -4.07501e-07
x3_lockout__t362                  -3.31054e-07
out__t689                         -3.57189e-07
out__t183                         -3.57145e-07
x3_lockout__t363                  -3.31598e-07
gnd_drv__t739                     -4.07492e-07
gnd_drv__t196                     -4.07484e-07
x3_lockout__t364                  -3.32142e-07
out__t690                         -3.57102e-07
out__t184                         -3.57058e-07
x3_lockout__t365                  -3.32683e-07
gnd_drv__t740                     -4.07476e-07
gnd_drv__t197                     -4.07468e-07
x3_lockout__t366                  -3.33223e-07
out__t691                         -3.57015e-07
gnd_drv__t337                      -2.2609e-06
x2_n4__t22                         2.66981e-05
x2_n5__t759                            5.00002
out__t185                         -3.56971e-07
x3_lockout__t367                  -3.33761e-07
gnd_drv__t741                      -4.0746e-07
gnd_drv__t198                     -4.07452e-07
x3_lockout__t368                  -3.34298e-07
out__t692                         -3.56928e-07
out__t181                         -3.56884e-07
x3_lockout__t360                  -3.34833e-07
gnd_drv__t737                     -4.07444e-07
gnd_drv__t182                     -4.07437e-07
x3_lockout__t334                  -3.35366e-07
out__t676                         -3.56841e-07
out__t168                         -3.56798e-07
x3_lockout__t335                  -3.35897e-07
gnd_drv__t724                     -4.07429e-07
gnd_drv__t183                     -4.07421e-07
x3_lockout__t336                  -3.36427e-07
out__t677                         -3.56755e-07
out__t169                         -3.56711e-07
x3_lockout__t337                  -3.36955e-07
gnd_drv__t725                     -4.07413e-07
gnd_drv__t184                     -4.07406e-07
x3_lockout__t338                  -3.37481e-07
out__t678                         -3.56668e-07
out__t170                         -3.56625e-07
x3_lockout__t339                  -3.38005e-07
gnd_drv__t726                     -4.07398e-07
gnd_drv__t185                     -4.07391e-07
x3_lockout__t340                  -3.38528e-07
out__t679                         -3.56582e-07
x2_n5__t735                            5.00002
x2_n4__t30                         2.68256e-05
gnd_drv__t881                     -2.29325e-06
out__t171                         -3.56538e-07
x3_lockout__t341                  -3.39048e-07
gnd_drv__t727                     -4.07383e-07
gnd_drv__t190                     -4.07376e-07
x3_lockout__t351                  -3.39567e-07
out__t684                         -3.56495e-07
out__t173                         -3.56452e-07
x3_lockout__t343                  -3.40084e-07
gnd_drv__t729                     -4.07369e-07
gnd_drv__t186                     -4.07361e-07
x3_lockout__t344                    -3.406e-07
out__t680                         -3.56409e-07
out__t174                         -3.56366e-07
x3_lockout__t345                  -3.41113e-07
gnd_drv__t730                     -4.07354e-07
gnd_drv__t187                     -4.07347e-07
x3_lockout__t346                  -3.41624e-07
out__t681                         -3.56323e-07
out__t175                          -3.5628e-07
x3_lockout__t347                  -3.42134e-07
gnd_drv__t731                      -4.0734e-07
gnd_drv__t188                     -4.07333e-07
x3_lockout__t348                  -3.42642e-07
out__t682                         -3.56237e-07
out__t176                         -3.56193e-07
x3_lockout__t349                  -3.43148e-07
gnd_drv__t732                     -4.07326e-07
gnd_drv__t189                     -4.07319e-07
x3_lockout__t350                  -3.43651e-07
out__t683                         -3.56151e-07
gnd_drv__t340                     -2.32532e-06
x2_n4__t29                         2.69211e-05
x2_n5__t762                            5.00002
out__t190                         -3.56108e-07
x3_lockout__t378                  -3.44154e-07
gnd_drv__t746                     -4.07312e-07
gnd_drv__t209                     -4.07305e-07
x3_lockout__t388                  -3.44654e-07
out__t703                         -3.56065e-07
out__t195                         -3.56022e-07
x3_lockout__t389                  -3.45151e-07
gnd_drv__t751                     -4.07298e-07
gnd_drv__t210                     -4.07291e-07
x3_lockout__t390                  -3.45648e-07
out__t704                         -3.55979e-07
out__t196                         -3.55936e-07
x3_lockout__t391                  -3.46142e-07
gnd_drv__t752                     -4.07285e-07
gnd_drv__t211                     -4.07278e-07
x3_lockout__t392                  -3.46634e-07
out__t705                         -3.55893e-07
out__t197                         -3.55851e-07
x3_lockout__t393                  -3.47124e-07
gnd_drv__t753                     -4.07271e-07
gnd_drv__t212                     -4.07265e-07
x3_lockout__t394                  -3.47612e-07
out__t706                         -3.55808e-07
out__t198                         -3.55765e-07
x3_lockout__t395                  -3.48098e-07
gnd_drv__t754                     -4.07258e-07
gnd_drv__t217                     -4.07252e-07
x3_lockout__t405                  -3.48582e-07
out__t711                         -3.55723e-07
x2_n5__t734                            5.00002
x2_n4__t28                         2.69826e-05
gnd_drv__t880                     -2.35715e-06
out__t200                          -3.5568e-07
x3_lockout__t397                  -3.49064e-07
gnd_drv__t756                     -4.07246e-07
gnd_drv__t213                     -4.07239e-07
x3_lockout__t398                  -3.49544e-07
out__t707                         -3.55637e-07
out__t201                         -3.55595e-07
x3_lockout__t399                  -3.50022e-07
gnd_drv__t757                     -4.07233e-07
gnd_drv__t214                     -4.07227e-07
x3_lockout__t400                  -3.50498e-07
out__t708                         -3.55552e-07
out__t202                         -3.55509e-07
x3_lockout__t401                  -3.50972e-07
gnd_drv__t758                     -4.07221e-07
gnd_drv__t215                     -4.07214e-07
x3_lockout__t402                  -3.51444e-07
out__t709                         -3.55467e-07
out__t203                         -3.55424e-07
x3_lockout__t403                  -3.51914e-07
gnd_drv__t759                     -4.07208e-07
gnd_drv__t216                     -4.07202e-07
x3_lockout__t404                  -3.52381e-07
out__t710                         -3.55382e-07
out__t199                         -3.55339e-07
x3_lockout__t396                  -3.52847e-07
gnd_drv__t755                     -4.07196e-07
gnd_drv__t200                      -4.0719e-07
x3_lockout__t370                   -3.5331e-07
out__t694                         -3.55297e-07
gnd_drv__t339                     -2.38848e-06
x2_n4__t27                         2.70085e-05
x2_n5__t761                            5.00002
out__t186                         -3.55255e-07
x3_lockout__t371                  -3.53772e-07
gnd_drv__t742                     -4.07185e-07
gnd_drv__t201                     -4.07179e-07
x3_lockout__t372                  -3.54231e-07
out__t695                         -3.55212e-07
out__t187                          -3.5517e-07
x3_lockout__t373                  -3.54688e-07
gnd_drv__t743                     -4.07173e-07
gnd_drv__t202                     -4.07167e-07
x3_lockout__t374                  -3.55143e-07
out__t696                         -3.55128e-07
out__t188                         -3.55085e-07
x3_lockout__t375                  -3.55596e-07
gnd_drv__t744                     -4.07162e-07
gnd_drv__t203                     -4.07156e-07
x3_lockout__t376                  -3.56047e-07
out__t697                         -3.55043e-07
out__t189                            -3.55e-07
x3_lockout__t377                  -3.56495e-07
gnd_drv__t745                      -4.0715e-07
gnd_drv__t208                     -4.07145e-07
x3_lockout__t387                  -3.56942e-07
out__t702                         -3.54958e-07
out__t191                         -3.54916e-07
x3_lockout__t379                  -3.57386e-07
gnd_drv__t747                     -4.07139e-07
gnd_drv__t204                     -4.07134e-07
x3_lockout__t380                  -3.57828e-07
out__t698                         -3.54874e-07
x2_n5__t733                            5.00002
x2_n4__t26                         2.69971e-05
gnd_drv__t879                     -2.41934e-06
out__t192                         -3.54832e-07
x3_lockout__t381                  -3.58268e-07
gnd_drv__t748                     -4.07129e-07
gnd_drv__t205                     -4.07123e-07
x3_lockout__t382                  -3.58706e-07
out__t699                         -3.54789e-07
out__t193                         -3.54748e-07
x3_lockout__t383                  -3.59142e-07
gnd_drv__t749                     -4.07118e-07
gnd_drv__t206                     -4.07113e-07
x3_lockout__t384                  -3.59575e-07
out__t700                         -3.54705e-07
out__t194                         -3.54663e-07
x3_lockout__t385                  -3.60007e-07
gnd_drv__t750                     -4.07108e-07
gnd_drv__t207                     -4.07103e-07
x3_lockout__t386                  -3.60436e-07
out__t701                         -3.54621e-07
out__t172                         -3.54579e-07
x3_lockout__t342                  -3.60863e-07
gnd_drv__t728                     -4.07098e-07
gnd_drv__t157                     -4.07093e-07
x3_lockout__t280                  -3.61288e-07
out__t651                         -3.54537e-07
out__t139                         -3.54495e-07
x3_lockout__t281                  -3.61711e-07
gnd_drv__t695                     -4.07088e-07
gnd_drv__t158                     -4.07083e-07
x3_lockout__t282                  -3.62131e-07
out__t652                         -3.54453e-07
gnd_drv__t338                     -2.44945e-06
x2_n4__t25                         2.69471e-05
x2_n5__t760                            5.00002
out__t140                         -3.54411e-07
x3_lockout__t283                  -3.62549e-07
gnd_drv__t696                     -4.07078e-07
gnd_drv__t159                     -4.07073e-07
x3_lockout__t284                  -3.62966e-07
out__t653                         -3.54369e-07
out__t141                         -3.54328e-07
x3_lockout__t285                   -3.6338e-07
gnd_drv__t697                     -4.07068e-07
gnd_drv__t160                     -4.07064e-07
x3_lockout__t286                  -3.63791e-07
out__t654                         -3.54285e-07
out__t142                         -3.54244e-07
x3_lockout__t287                  -3.64201e-07
gnd_drv__t698                     -4.07059e-07
gnd_drv__t164                     -4.07054e-07
x3_lockout__t297                  -3.64608e-07
out__t658                         -3.54202e-07
out__t144                          -3.5416e-07
x3_lockout__t289                  -3.65013e-07
gnd_drv__t700                      -4.0705e-07
gnd_drv__t161                     -4.07045e-07
x3_lockout__t290                  -3.65416e-07
out__t655                         -3.54118e-07
out__t145                         -3.54076e-07
x3_lockout__t291                  -3.65817e-07
gnd_drv__t701                     -4.07041e-07
gnd_drv__t162                     -4.07036e-07
x3_lockout__t292                  -3.66216e-07
out__t656                         -3.54035e-07
x2_n5__t731                            5.00002
x2_n4__t23                         2.68574e-05
gnd_drv__t877                     -2.47883e-06
out__t146                         -3.53993e-07
x3_lockout__t293                  -3.66612e-07
gnd_drv__t702                     -4.07032e-07
gnd_drv__t10                       -4.0678e-07
x3_lockout__t3                    -3.66958e-07
out__t1                           -3.53953e-07
out__t160                         -3.62677e-07
x3_lockout__t320                  -2.61636e-07
gnd_drv__t716                     -4.08842e-07
gnd_drv__t154                     -4.08829e-07
x3_lockout__t276                  -2.62103e-07
out__t648                         -3.62633e-07
out__t138                         -3.62588e-07
x3_lockout__t277                  -2.62573e-07
gnd_drv__t694                     -4.08817e-07
gnd_drv__t155                     -4.08804e-07
x3_lockout__t278                  -2.63047e-07
out__t649                         -3.62543e-07
out__t153                         -3.62498e-07
x3_lockout__t306                  -2.63526e-07
gnd_drv__t709                     -4.08792e-07
gnd_drv__t174                     -4.08779e-07
x3_lockout__t316                  -2.64008e-07
out__t668                         -3.62453e-07
out__t158                         -3.62409e-07
x3_lockout__t317                  -2.64495e-07
gnd_drv__t714                     -4.08766e-07
gnd_drv__t175                     -4.08754e-07
x3_lockout__t318                  -2.64985e-07
out__t669                         -3.62364e-07
gnd_drv__t341                     -2.50727e-06
x2_n4__t31                         2.67272e-05
x2_n5__t763                            5.00002
out__t159                         -3.62319e-07
x3_lockout__t319                   -2.6548e-07
gnd_drv__t715                     -4.08741e-07
gnd_drv__t153                     -4.08729e-07
x3_lockout__t275                  -2.65977e-07
out__t647                         -3.62274e-07
out__t143                         -3.62229e-07
x3_lockout__t288                  -2.66479e-07
gnd_drv__t699                     -4.08716e-07
gnd_drv__t147                     -4.08703e-07
x3_lockout__t262                  -2.66984e-07
out__t641                         -3.62184e-07
out__t131                         -3.62139e-07
x3_lockout__t263                  -2.67492e-07
gnd_drv__t687                     -4.08691e-07
gnd_drv__t148                     -4.08678e-07
x3_lockout__t264                  -2.68004e-07
out__t642                         -3.62094e-07
out__t132                         -3.62049e-07
x3_lockout__t265                  -2.68519e-07
gnd_drv__t688                     -4.08666e-07
gnd_drv__t149                     -4.08653e-07
x3_lockout__t266                  -2.69037e-07
out__t643                         -3.62004e-07
out__t133                         -3.61959e-07
x3_lockout__t267                  -2.69558e-07
gnd_drv__t689                     -4.08641e-07
gnd_drv__t150                     -4.08628e-07
x3_lockout__t268                  -2.70082e-07
out__t644                         -3.61914e-07
x2_n5__t730                            5.00001
x2_n4__t21                         2.65561e-05
gnd_drv__t876                     -2.53454e-06
out__t134                         -3.61869e-07
x3_lockout__t269                   -2.7061e-07
gnd_drv__t690                     -4.08616e-07
gnd_drv__t156                     -4.08603e-07
x3_lockout__t279                   -2.7114e-07
out__t650                         -3.61824e-07
out__t136                         -3.61779e-07
x3_lockout__t271                  -2.71673e-07
gnd_drv__t692                     -4.08591e-07
gnd_drv__t151                     -4.08579e-07
x3_lockout__t272                  -2.72209e-07
out__t645                         -3.61734e-07
out__t137                         -3.61689e-07
x3_lockout__t273                  -2.72747e-07
gnd_drv__t693                     -4.08566e-07
gnd_drv__t152                     -4.08554e-07
x3_lockout__t274                  -2.73288e-07
out__t646                         -3.61644e-07
out__t148                         -3.61599e-07
x3_lockout__t296                  -2.73832e-07
gnd_drv__t704                     -4.08542e-07
gnd_drv__t274                     -4.08529e-07
x3_lockout__t519                  -2.74378e-07
out__t768                         -3.61554e-07
out__t261                         -3.61509e-07
x3_lockout__t520                  -2.74926e-07
gnd_drv__t817                     -4.08517e-07
gnd_drv__t275                     -4.08505e-07
x3_lockout__t521                  -2.75477e-07
out__t769                         -3.61464e-07
gnd_drv__t336                     -2.56065e-06
x2_n4__t20                          2.6344e-05
x2_n5__t758                            5.00001
out__t266                         -3.61419e-07
x3_lockout__t531                   -2.7603e-07
gnd_drv__t822                     -4.08492e-07
gnd_drv__t277                      -4.0848e-07
x3_lockout__t523                  -2.76585e-07
out__t771                         -3.61374e-07
out__t262                         -3.61329e-07
x3_lockout__t524                  -2.77142e-07
gnd_drv__t818                     -4.08468e-07
gnd_drv__t278                     -4.08456e-07
x3_lockout__t525                  -2.77702e-07
out__t772                         -3.61284e-07
out__t263                         -3.61239e-07
x3_lockout__t526                  -2.78263e-07
gnd_drv__t819                     -4.08444e-07
gnd_drv__t279                     -4.08431e-07
x3_lockout__t527                  -2.78826e-07
out__t773                         -3.61194e-07
out__t264                         -3.61149e-07
x3_lockout__t528                  -2.79391e-07
gnd_drv__t820                     -4.08419e-07
gnd_drv__t280                     -4.08407e-07
x3_lockout__t529                  -2.79958e-07
out__t774                         -3.61104e-07
out__t265                         -3.61058e-07
x3_lockout__t530                  -2.80527e-07
gnd_drv__t821                     -4.08395e-07
gnd_drv__t257                     -4.08383e-07
x3_lockout__t486                  -2.81097e-07
out__t751                         -3.61013e-07
x2_n5__t740                            5.00001
x2_n4__t42                         2.60912e-05
gnd_drv__t893                     -2.58539e-06
out__t214                         -3.60968e-07
x3_lockout__t424                  -2.81669e-07
gnd_drv__t770                     -4.08371e-07
gnd_drv__t226                     -4.08359e-07
x3_lockout__t425                  -2.82242e-07
out__t720                         -3.60923e-07
out__t215                         -3.60878e-07
x3_lockout__t426                  -2.82817e-07
gnd_drv__t771                     -4.08347e-07
gnd_drv__t227                     -4.08335e-07
x3_lockout__t427                  -2.83394e-07
out__t721                         -3.60833e-07
out__t216                         -3.60788e-07
x3_lockout__t428                  -2.83971e-07
gnd_drv__t772                     -4.08324e-07
gnd_drv__t228                     -4.08312e-07
x3_lockout__t429                   -2.8455e-07
out__t722                         -3.60743e-07
out__t217                         -3.60698e-07
x3_lockout__t430                  -2.85131e-07
gnd_drv__t773                       -4.083e-07
gnd_drv__t229                     -4.08288e-07
x3_lockout__t431                  -2.85712e-07
out__t723                         -3.60653e-07
out__t222                         -3.60608e-07
x3_lockout__t441                  -2.86295e-07
gnd_drv__t778                     -4.08276e-07
gnd_drv__t231                     -4.08265e-07
x3_lockout__t433                  -2.86878e-07
out__t725                         -3.60563e-07
gnd_drv__t353                     -2.60861e-06
x2_n4__t41                          2.5799e-05
x2_n5__t769                            5.00001
out__t218                         -3.60518e-07
x3_lockout__t434                  -2.87463e-07
gnd_drv__t774                     -4.08253e-07
gnd_drv__t232                     -4.08241e-07
x3_lockout__t435                  -2.88049e-07
out__t726                         -3.60473e-07
out__t219                         -3.60428e-07
x3_lockout__t436                  -2.88635e-07
gnd_drv__t775                      -4.0823e-07
gnd_drv__t233                     -4.08218e-07
x3_lockout__t437                  -2.89223e-07
out__t727                         -3.60383e-07
out__t220                         -3.60338e-07
x3_lockout__t438                  -2.89811e-07
gnd_drv__t776                     -4.08207e-07
gnd_drv__t234                     -4.08195e-07
x3_lockout__t439                    -2.904e-07
out__t728                         -3.60293e-07
out__t221                         -3.60248e-07
x3_lockout__t440                   -2.9099e-07
gnd_drv__t777                     -4.08184e-07
gnd_drv__t230                     -4.08172e-07
x3_lockout__t432                   -2.9158e-07
out__t724                         -3.60203e-07
out__t204                         -3.60158e-07
x3_lockout__t406                  -2.92172e-07
gnd_drv__t760                     -4.08161e-07
gnd_drv__t218                      -4.0815e-07
x3_lockout__t407                  -2.92763e-07
out__t712                         -3.60113e-07
x2_n5__t739                            5.00001
x2_n4__t40                         2.54686e-05
gnd_drv__t892                     -2.63016e-06
out__t205                         -3.60068e-07
x3_lockout__t408                  -2.93355e-07
gnd_drv__t761                     -4.08138e-07
gnd_drv__t219                     -4.08127e-07
x3_lockout__t409                  -2.93948e-07
out__t713                         -3.60023e-07
out__t206                         -3.59979e-07
x3_lockout__t410                  -2.94541e-07
gnd_drv__t762                     -4.08116e-07
gnd_drv__t220                     -4.08105e-07
x3_lockout__t411                  -2.95134e-07
out__t714                         -3.59934e-07
out__t207                         -3.59889e-07
x3_lockout__t412                  -2.95728e-07
gnd_drv__t763                     -4.08094e-07
gnd_drv__t221                     -4.08082e-07
x3_lockout__t413                  -2.96322e-07
out__t715                         -3.59844e-07
out__t213                         -3.59799e-07
x3_lockout__t423                  -2.96916e-07
gnd_drv__t769                     -4.08071e-07
gnd_drv__t222                      -4.0806e-07
x3_lockout__t415                  -2.97511e-07
out__t716                         -3.59754e-07
out__t209                          -3.5971e-07
x3_lockout__t416                  -2.98105e-07
gnd_drv__t765                     -4.08049e-07
gnd_drv__t223                     -4.08038e-07
x3_lockout__t417                    -2.987e-07
out__t717                         -3.59665e-07
gnd_drv__t352                     -2.64992e-06
x2_n4__t39                         2.51025e-05
x2_n5__t768                            5.00001
out__t210                          -3.5962e-07
x3_lockout__t418                  -2.99295e-07
gnd_drv__t766                     -4.08028e-07
gnd_drv__t224                     -4.08017e-07
x3_lockout__t419                  -2.99889e-07
out__t718                         -3.59575e-07
out__t211                          -3.5953e-07
x3_lockout__t420                  -3.00484e-07
gnd_drv__t767                     -4.08006e-07
gnd_drv__t225                     -4.07995e-07
x3_lockout__t421                  -3.01079e-07
out__t719                         -3.59486e-07
out__t212                         -3.59441e-07
x3_lockout__t422                  -3.01673e-07
gnd_drv__t768                     -4.07984e-07
gnd_drv__t239                     -4.07974e-07
x3_lockout__t450                  -3.02268e-07
out__t733                         -3.59396e-07
out__t231                         -3.59352e-07
x3_lockout__t460                  -3.02862e-07
gnd_drv__t787                     -4.07963e-07
gnd_drv__t245                     -4.07953e-07
x3_lockout__t461                  -3.03456e-07
out__t739                         -3.59307e-07
out__t232                         -3.59262e-07
x3_lockout__t462                   -3.0405e-07
gnd_drv__t788                     -4.07942e-07
gnd_drv__t246                     -4.07931e-07
x3_lockout__t463                  -3.04643e-07
out__t740                         -3.59218e-07
x2_n5__t738                            5.00001
x2_n4__t38                         2.47036e-05
gnd_drv__t891                     -2.66776e-06
out__t233                         -3.59173e-07
x3_lockout__t464                  -3.05236e-07
gnd_drv__t789                     -4.07921e-07
gnd_drv__t247                     -4.07911e-07
x3_lockout__t465                  -3.05829e-07
out__t741                         -3.59129e-07
out__t234                         -3.59084e-07
x3_lockout__t466                  -3.06421e-07
gnd_drv__t790                       -4.079e-07
gnd_drv__t248                      -4.0789e-07
x3_lockout__t467                  -3.07013e-07
out__t742                          -3.5904e-07
out__t240                         -3.58995e-07
x3_lockout__t477                  -3.07604e-07
gnd_drv__t796                      -4.0788e-07
gnd_drv__t249                     -4.07869e-07
x3_lockout__t469                  -3.08195e-07
out__t743                         -3.58951e-07
out__t237                         -3.58906e-07
x3_lockout__t471                  -3.08786e-07
gnd_drv__t793                     -4.07859e-07
gnd_drv__t261                     -4.07849e-07
x3_lockout__t493                  -3.09375e-07
out__t755                         -3.58861e-07
out__t248                         -3.58817e-07
x3_lockout__t494                  -3.09964e-07
gnd_drv__t804                     -4.07839e-07
gnd_drv__t276                     -4.07829e-07
x3_lockout__t522                  -3.10553e-07
out__t770                         -3.58773e-07
gnd_drv__t351                     -2.68358e-06
x2_n4__t37                         2.42756e-05
x2_n5__t767                            5.00001
out__t267                         -3.58728e-07
x3_lockout__t532                   -3.1114e-07
gnd_drv__t823                     -4.07819e-07
gnd_drv__t281                     -4.07809e-07
x3_lockout__t533                  -3.11727e-07
out__t775                         -3.58684e-07
out__t268                          -3.5864e-07
x3_lockout__t534                  -3.12314e-07
gnd_drv__t824                     -4.07799e-07
gnd_drv__t282                     -4.07789e-07
x3_lockout__t535                  -3.12899e-07
out__t776                         -3.58595e-07
out__t269                         -3.58551e-07
x3_lockout__t536                  -3.13484e-07
gnd_drv__t825                     -4.07779e-07
gnd_drv__t283                      -4.0777e-07
x3_lockout__t537                  -3.14067e-07
out__t777                         -3.58507e-07
out__t270                         -3.58463e-07
x3_lockout__t538                   -3.1465e-07
gnd_drv__t826                      -4.0776e-07
gnd_drv__t284                      -4.0775e-07
x3_lockout__t539                  -3.15232e-07
out__t778                         -3.58418e-07
out__t275                         -3.58374e-07
x3_lockout__t550                  -3.15814e-07
gnd_drv__t831                     -4.07741e-07
gnd_drv__t285                     -4.07731e-07
x3_lockout__t541                  -3.16394e-07
out__t779                          -3.5833e-07
x1_nca__t0                             4.99999
vdd_logic__t2                          3.63001
x1_na__t1                              2.67831
x2_n5__t737                            5.00001
x2_n4__t36                          2.3823e-05
gnd_drv__t890                     -2.69729e-06
out__t272                         -3.58286e-07
x3_lockout__t542                  -3.16973e-07
gnd_drv__t828                     -4.07722e-07
gnd_drv__t273                     -4.07712e-07
x3_lockout__t516                  -3.17551e-07
out__t767                         -3.58241e-07
out__t104                         -3.66845e-07
x3_lockout__t209                  -2.55528e-07
gnd_drv__t660                     -4.09926e-07
gnd_drv__t126                     -4.09919e-07
x3_lockout__t217                  -2.54973e-07
out__t620                         -3.66809e-07
out__t108                         -3.66772e-07
x3_lockout__t219                  -2.54437e-07
gnd_drv__t664                     -4.09912e-07
gnd_drv__t125                     -4.09905e-07
x3_lockout__t216                  -2.53917e-07
out__t619                         -3.66736e-07
out__t107                         -3.66699e-07
x3_lockout__t218                  -2.53414e-07
gnd_drv__t663                     -4.09898e-07
gnd_drv__t128                     -4.09891e-07
x3_lockout__t222                  -2.52928e-07
out__t622                         -3.66662e-07
out__t109                         -3.66625e-07
x3_lockout__t220                  -2.52459e-07
gnd_drv__t665                     -4.09884e-07
gnd_drv__t127                     -4.09876e-07
x3_lockout__t221                  -2.52007e-07
out__t621                         -3.66587e-07
gnd_drv__t346                     -2.70884e-06
x2_n4__t35                         2.33511e-05
x2_n5__t766                            5.00001
out__t110                          -3.6655e-07
x3_lockout__t223                  -2.51571e-07
gnd_drv__t666                     -4.09868e-07
gnd_drv__t121                     -4.09861e-07
x3_lockout__t210                  -2.51151e-07
out__t615                         -3.66512e-07
out__t105                         -3.66475e-07
x3_lockout__t211                  -2.50748e-07
gnd_drv__t661                     -4.09853e-07
gnd_drv__t122                     -4.09845e-07
x3_lockout__t212                   -2.5036e-07
out__t616                         -3.66437e-07
out__t106                         -3.66399e-07
x3_lockout__t213                  -2.49988e-07
gnd_drv__t662                     -4.09837e-07
gnd_drv__t123                     -4.09828e-07
x3_lockout__t214                  -2.49632e-07
out__t617                          -3.6636e-07
out__t114                         -3.66322e-07
x3_lockout__t230                  -2.49291e-07
gnd_drv__t670                      -4.0982e-07
gnd_drv__t116                     -4.09812e-07
x3_lockout__t201                  -2.48965e-07
out__t610                         -3.66284e-07
out__t34                          -3.66245e-07
x3_lockout__t66                   -2.48655e-07
gnd_drv__t590                     -4.09803e-07
gnd_drv__t129                     -4.09794e-07
x3_lockout__t224                   -2.4836e-07
out__t623                         -3.66206e-07
x2_n5__t728                            5.00001
x2_n4__t15                         2.28664e-05
gnd_drv__t872                     -2.71819e-06
out__t111                         -3.66168e-07
x3_lockout__t225                  -2.48079e-07
gnd_drv__t667                     -4.09786e-07
gnd_drv__t130                     -4.09777e-07
x3_lockout__t226                  -2.47813e-07
out__t624                         -3.66129e-07
out__t112                         -3.66089e-07
x3_lockout__t227                  -2.47561e-07
gnd_drv__t668                     -4.09768e-07
gnd_drv__t131                     -4.09758e-07
x3_lockout__t228                  -2.47324e-07
out__t625                          -3.6605e-07
out__t113                         -3.66011e-07
x3_lockout__t229                    -2.471e-07
gnd_drv__t669                     -4.09749e-07
gnd_drv__t144                      -4.0974e-07
x3_lockout__t256                  -2.46891e-07
out__t638                         -3.65971e-07
out__t128                         -3.65932e-07
x3_lockout__t257                  -2.46696e-07
gnd_drv__t684                      -4.0973e-07
gnd_drv__t145                     -4.09721e-07
x3_lockout__t258                  -2.46514e-07
out__t639                         -3.65892e-07
out__t129                         -3.65852e-07
x3_lockout__t259                  -2.46346e-07
gnd_drv__t685                     -4.09711e-07
gnd_drv__t146                     -4.09702e-07
x3_lockout__t260                  -2.46191e-07
out__t640                         -3.65812e-07
gnd_drv__t332                     -2.72535e-06
x2_n4__t14                         2.23756e-05
x2_n5__t754                            5.00001
out__t122                         -3.65772e-07
x3_lockout__t245                   -2.4605e-07
gnd_drv__t678                     -4.09692e-07
gnd_drv__t117                     -4.09682e-07
x3_lockout__t202                  -2.45921e-07
out__t611                         -3.65732e-07
out__t101                         -3.65692e-07
x3_lockout__t203                  -2.45805e-07
gnd_drv__t657                     -4.09672e-07
gnd_drv__t118                     -4.09662e-07
x3_lockout__t204                  -2.45702e-07
out__t612                         -3.65651e-07
out__t102                         -3.65611e-07
x3_lockout__t205                  -2.45612e-07
gnd_drv__t658                     -4.09652e-07
gnd_drv__t119                     -4.09641e-07
x3_lockout__t206                  -2.45534e-07
out__t613                          -3.6557e-07
out__t103                         -3.65529e-07
x3_lockout__t207                  -2.45469e-07
gnd_drv__t659                     -4.09631e-07
gnd_drv__t163                     -4.09621e-07
x3_lockout__t295                  -2.45415e-07
out__t657                         -3.65488e-07
out__t161                         -3.65447e-07
x3_lockout__t321                  -2.45374e-07
gnd_drv__t717                      -4.0961e-07
gnd_drv__t176                       -4.096e-07
x3_lockout__t322                  -2.45344e-07
out__t670                         -3.65406e-07
x2_n5__t732                            5.00001
x2_n4__t24                         2.18866e-05
gnd_drv__t878                     -2.73047e-06
out__t162                         -3.65365e-07
x3_lockout__t323                  -2.45326e-07
gnd_drv__t718                     -4.09589e-07
gnd_drv__t181                     -4.09578e-07
x3_lockout__t333                   -2.4532e-07
out__t675                         -3.65324e-07
out__t164                         -3.65283e-07
x3_lockout__t325                  -2.45325e-07
gnd_drv__t720                     -4.09568e-07
gnd_drv__t177                     -4.09557e-07
x3_lockout__t326                  -2.45341e-07
out__t671                         -3.65241e-07
out__t165                           -3.652e-07
x3_lockout__t327                  -2.45369e-07
gnd_drv__t721                     -4.09546e-07
gnd_drv__t178                     -4.09535e-07
x3_lockout__t328                  -2.45407e-07
out__t672                         -3.65158e-07
out__t166                         -3.65116e-07
x3_lockout__t329                  -2.45457e-07
gnd_drv__t722                     -4.09524e-07
gnd_drv__t179                     -4.09513e-07
x3_lockout__t330                  -2.45517e-07
out__t673                         -3.65075e-07
out__t167                         -3.65033e-07
x3_lockout__t331                  -2.45587e-07
gnd_drv__t723                     -4.09502e-07
gnd_drv__t180                      -4.0949e-07
x3_lockout__t332                  -2.45669e-07
out__t674                         -3.64991e-07
gnd_drv__t334                     -2.73342e-06
x2_n4__t18                          2.1408e-05
x2_n5__t756                            5.00001
out__t163                         -3.64949e-07
x3_lockout__t324                   -2.4576e-07
gnd_drv__t719                     -4.09479e-07
gnd_drv__t165                     -4.09468e-07
x3_lockout__t298                  -2.45862e-07
out__t659                         -3.64906e-07
out__t149                         -3.64864e-07
x3_lockout__t299                  -2.45973e-07
gnd_drv__t705                     -4.09456e-07
gnd_drv__t166                     -4.09445e-07
x3_lockout__t300                  -2.46095e-07
out__t660                         -3.64822e-07
out__t150                          -3.6478e-07
x3_lockout__t301                  -2.46226e-07
gnd_drv__t706                     -4.09433e-07
gnd_drv__t167                     -4.09422e-07
x3_lockout__t302                  -2.46367e-07
out__t661                         -3.64737e-07
out__t151                         -3.64695e-07
x3_lockout__t303                  -2.46517e-07
gnd_drv__t707                      -4.0941e-07
gnd_drv__t168                     -4.09398e-07
x3_lockout__t304                  -2.46677e-07
out__t662                         -3.64652e-07
out__t152                         -3.64609e-07
x3_lockout__t305                  -2.46846e-07
gnd_drv__t708                     -4.09387e-07
gnd_drv__t173                     -4.09375e-07
x3_lockout__t315                  -2.47024e-07
out__t667                         -3.64566e-07
x2_n5__t746                            5.00001
x2_n4__t53                         2.09484e-05
gnd_drv__t987                     -2.73444e-06
out__t154                         -3.64524e-07
x3_lockout__t307                  -2.47211e-07
gnd_drv__t710                     -4.09363e-07
gnd_drv__t169                     -4.09351e-07
x3_lockout__t308                  -2.47407e-07
out__t663                         -3.64481e-07
out__t155                         -3.64438e-07
x3_lockout__t309                  -2.47612e-07
gnd_drv__t711                     -4.09339e-07
gnd_drv__t170                     -4.09327e-07
x3_lockout__t310                  -2.47825e-07
out__t664                         -3.64395e-07
out__t156                         -3.64352e-07
x3_lockout__t311                  -2.48047e-07
gnd_drv__t712                     -4.09315e-07
gnd_drv__t171                     -4.09303e-07
x3_lockout__t312                  -2.48277e-07
out__t665                         -3.64308e-07
out__t157                         -3.64265e-07
x3_lockout__t313                  -2.48516e-07
gnd_drv__t713                     -4.09291e-07
gnd_drv__t172                     -4.09279e-07
x3_lockout__t314                  -2.48763e-07
out__t666                         -3.64222e-07
out__t208                         -3.64179e-07
x3_lockout__t414                  -2.49017e-07
gnd_drv__t764                     -4.09267e-07
gnd_drv__t263                     -4.09255e-07
x3_lockout__t496                  -2.49279e-07
out__t757                         -3.64135e-07
gnd_drv__t335                     -2.73378e-06
x2_n4__t19                         2.05171e-05
x2_n5__t757                            5.00001
out__t249                         -3.64092e-07
x3_lockout__t497                   -2.4955e-07
gnd_drv__t805                     -4.09243e-07
gnd_drv__t264                      -4.0923e-07
x3_lockout__t498                  -2.49828e-07
out__t758                         -3.64048e-07
out__t250                         -3.64005e-07
x3_lockout__t499                  -2.50113e-07
gnd_drv__t806                     -4.09218e-07
gnd_drv__t265                     -4.09206e-07
x3_lockout__t500                  -2.50406e-07
out__t759                         -3.63961e-07
out__t251                         -3.63917e-07
x3_lockout__t501                  -2.50706e-07
gnd_drv__t807                     -4.09194e-07
gnd_drv__t266                     -4.09181e-07
x3_lockout__t502                  -2.51013e-07
out__t760                         -3.63874e-07
out__t252                          -3.6383e-07
x3_lockout__t503                  -2.51327e-07
gnd_drv__t808                     -4.09169e-07
gnd_drv__t271                     -4.09156e-07
x3_lockout__t513                  -2.51649e-07
out__t765                         -3.63786e-07
out__t254                         -3.63742e-07
x3_lockout__t505                  -2.51977e-07
gnd_drv__t810                     -4.09144e-07
gnd_drv__t267                     -4.09132e-07
x3_lockout__t506                  -2.52312e-07
out__t761                         -3.63698e-07
x2_n5__t729                            5.00001
x2_n4__t17                         2.01233e-05
gnd_drv__t874                     -2.73145e-06
out__t255                         -3.63654e-07
x3_lockout__t507                  -2.52654e-07
gnd_drv__t811                     -4.09119e-07
gnd_drv__t268                     -4.09107e-07
x3_lockout__t508                  -2.53002e-07
out__t762                          -3.6361e-07
out__t256                         -3.63566e-07
x3_lockout__t509                  -2.53356e-07
gnd_drv__t812                     -4.09094e-07
gnd_drv__t269                     -4.09082e-07
x3_lockout__t510                  -2.53717e-07
out__t763                         -3.63522e-07
out__t257                         -3.63478e-07
x3_lockout__t511                  -2.54084e-07
gnd_drv__t813                     -4.09069e-07
gnd_drv__t270                     -4.09057e-07
x3_lockout__t512                  -2.54457e-07
out__t764                         -3.63434e-07
out__t253                          -3.6339e-07
x3_lockout__t504                  -2.54836e-07
gnd_drv__t809                     -4.09044e-07
gnd_drv__t253                     -4.09031e-07
x3_lockout__t478                  -2.55221e-07
out__t747                         -3.63345e-07
out__t241                         -3.63301e-07
x3_lockout__t479                  -2.55612e-07
gnd_drv__t797                     -4.09019e-07
gnd_drv__t254                     -4.09006e-07
x3_lockout__t480                  -2.56009e-07
out__t748                         -3.63257e-07
gnd_drv__t358                     -2.72784e-06
x2_n4__t50                         1.97761e-05
x2_n5__t774                            5.00001
out__t242                         -3.63212e-07
x3_lockout__t481                  -2.56411e-07
gnd_drv__t798                     -4.08994e-07
gnd_drv__t255                     -4.08981e-07
x3_lockout__t482                  -2.56818e-07
out__t749                         -3.63168e-07
out__t243                         -3.63124e-07
x3_lockout__t483                  -2.57231e-07
gnd_drv__t799                     -4.08968e-07
gnd_drv__t256                     -4.08956e-07
x3_lockout__t484                   -2.5765e-07
out__t750                         -3.63079e-07
out__t244                         -3.63035e-07
x3_lockout__t485                  -2.58073e-07
gnd_drv__t800                     -4.08943e-07
gnd_drv__t262                     -4.08931e-07
x3_lockout__t495                  -2.58502e-07
out__t756                          -3.6299e-07
out__t245                         -3.62945e-07
x3_lockout__t487                  -2.58935e-07
gnd_drv__t801                     -4.08918e-07
gnd_drv__t258                     -4.08905e-07
x3_lockout__t488                  -2.59374e-07
out__t752                         -3.62901e-07
out__t246                         -3.62856e-07
x3_lockout__t489                  -2.59817e-07
gnd_drv__t802                     -4.08893e-07
gnd_drv__t259                      -4.0888e-07
x3_lockout__t490                  -2.60265e-07
out__t753                         -3.62812e-07
x1_ncb__t5                        -1.05358e-08
vdd_logic__t3                             3.63
x1_nb__t0                         -8.43201e-07
x2_n5__t743                            5.00001
x2_n4__t49                         1.94835e-05
gnd_drv__t896                     -2.72299e-06
out__t247                         -3.62767e-07
x3_lockout__t491                  -2.60718e-07
gnd_drv__t803                     -4.08867e-07
gnd_drv__t260                     -4.08855e-07
x3_lockout__t492                  -2.61175e-07
out__t754                         -3.62722e-07
out__t80                          -3.69344e-07
x3_lockout__t159                  -4.29219e-07
gnd_drv__t636                     -4.09566e-07
gnd_drv__t101                     -4.09582e-07
x3_lockout__t171                  -4.26067e-07
out__t595                         -3.69332e-07
out__t86                          -3.69321e-07
x3_lockout__t172                  -4.22946e-07
gnd_drv__t642                     -4.09598e-07
gnd_drv__t102                     -4.09613e-07
x3_lockout__t173                  -4.19854e-07
out__t596                         -3.69309e-07
out__t87                          -3.69296e-07
x3_lockout__t174                  -4.16794e-07
gnd_drv__t643                     -4.09628e-07
gnd_drv__t103                     -4.09643e-07
x3_lockout__t175                  -4.13767e-07
out__t597                         -3.69284e-07
out__t88                          -3.69271e-07
x3_lockout__t176                  -4.10772e-07
gnd_drv__t644                     -4.09658e-07
gnd_drv__t25                      -4.09672e-07
x3_lockout__t20                   -4.07809e-07
out__t519                         -3.69257e-07
gnd_drv__t357                      -2.7173e-06
x2_n4__t48                          1.9253e-05
x2_n5__t773                            5.00001
out__t7                           -3.69244e-07
x3_lockout__t13                   -4.04878e-07
gnd_drv__t563                     -4.09686e-07
gnd_drv__t251                       -4.097e-07
x3_lockout__t474                   -4.0198e-07
out__t745                          -3.6923e-07
out__t239                         -3.69216e-07
x3_lockout__t475                  -3.99113e-07
gnd_drv__t795                     -4.09714e-07
gnd_drv__t252                     -4.09727e-07
x3_lockout__t476                  -3.96277e-07
out__t746                         -3.69202e-07
out__t235                         -3.69187e-07
x3_lockout__t468                  -3.93474e-07
gnd_drv__t791                      -4.0974e-07
gnd_drv__t235                     -4.09753e-07
x3_lockout__t442                  -3.90703e-07
out__t729                         -3.69172e-07
out__t223                         -3.69157e-07
x3_lockout__t443                  -3.87964e-07
gnd_drv__t779                     -4.09765e-07
gnd_drv__t236                     -4.09778e-07
x3_lockout__t444                  -3.85255e-07
out__t730                         -3.69141e-07
out__t224                         -3.69125e-07
x3_lockout__t445                  -3.82579e-07
gnd_drv__t780                      -4.0979e-07
gnd_drv__t237                     -4.09801e-07
x3_lockout__t446                  -3.79933e-07
out__t731                         -3.69109e-07
x2_n5__t742                            5.00001
x2_n4__t47                         1.90906e-05
gnd_drv__t895                     -2.71084e-06
out__t225                         -3.69092e-07
x3_lockout__t447                  -3.77319e-07
gnd_drv__t781                     -4.09813e-07
gnd_drv__t238                     -4.09824e-07
x3_lockout__t448                  -3.74737e-07
out__t732                         -3.69076e-07
out__t226                         -3.69059e-07
x3_lockout__t449                  -3.72184e-07
gnd_drv__t782                     -4.09835e-07
gnd_drv__t244                     -4.09845e-07
x3_lockout__t459                  -3.69664e-07
out__t738                         -3.69041e-07
out__t227                         -3.69024e-07
x3_lockout__t451                  -3.67175e-07
gnd_drv__t783                     -4.09856e-07
gnd_drv__t240                     -4.09865e-07
x3_lockout__t452                  -3.64715e-07
out__t734                         -3.69005e-07
out__t228                         -3.68987e-07
x3_lockout__t453                  -3.62288e-07
gnd_drv__t784                     -4.09876e-07
gnd_drv__t241                     -4.09885e-07
x3_lockout__t454                   -3.5989e-07
out__t735                         -3.68969e-07
out__t229                          -3.6895e-07
x3_lockout__t455                  -3.57522e-07
gnd_drv__t785                     -4.09894e-07
gnd_drv__t242                     -4.09904e-07
x3_lockout__t456                  -3.55185e-07
out__t736                         -3.68931e-07
gnd_drv__t356                     -2.70367e-06
x2_n4__t46                         1.90006e-05
x2_n5__t772                            5.00001
out__t230                         -3.68911e-07
x3_lockout__t457                  -3.52877e-07
gnd_drv__t786                     -4.09912e-07
gnd_drv__t243                      -4.0992e-07
x3_lockout__t458                  -3.50601e-07
out__t737                         -3.68891e-07
out__t10                          -3.68872e-07
x3_lockout__t19                   -3.48354e-07
gnd_drv__t566                     -4.09929e-07
gnd_drv__t24                      -4.09936e-07
x3_lockout__t18                   -3.46136e-07
out__t518                         -3.68851e-07
out__t9                           -3.68831e-07
x3_lockout__t17                   -3.43949e-07
gnd_drv__t565                     -4.09944e-07
gnd_drv__t23                      -4.09952e-07
x3_lockout__t16                   -3.41789e-07
out__t517                          -3.6881e-07
out__t8                           -3.68789e-07
x3_lockout__t15                   -3.39661e-07
gnd_drv__t564                     -4.09959e-07
gnd_drv__t22                      -4.09965e-07
x3_lockout__t14                   -3.37561e-07
out__t516                         -3.68767e-07
out__t6                           -3.68745e-07
x3_lockout__t12                   -3.35489e-07
gnd_drv__t562                     -4.09972e-07
gnd_drv__t21                      -4.09978e-07
x3_lockout__t11                   -3.33448e-07
out__t515                         -3.68723e-07
x2_n5__t741                            5.00001
x2_n4__t45                         1.89853e-05
gnd_drv__t894                     -2.69606e-06
out__t2                           -3.68701e-07
x3_lockout__t4                    -3.31433e-07
gnd_drv__t558                     -4.09985e-07
gnd_drv__t18                       -4.0999e-07
x3_lockout__t5                    -3.29449e-07
out__t512                         -3.68679e-07
out__t3                           -3.68656e-07
x3_lockout__t6                    -3.27493e-07
gnd_drv__t559                     -4.09996e-07
gnd_drv__t19                      -4.10001e-07
x3_lockout__t7                    -3.25564e-07
out__t513                         -3.68633e-07
out__t4                           -3.68609e-07
x3_lockout__t8                    -3.23664e-07
gnd_drv__t560                     -4.10007e-07
gnd_drv__t20                      -4.10011e-07
x3_lockout__t9                    -3.21791e-07
out__t514                         -3.68586e-07
out__t5                           -3.68562e-07
x3_lockout__t10                   -3.19947e-07
gnd_drv__t561                     -4.10016e-07
gnd_drv__t250                      -4.1002e-07
x3_lockout__t472                  -3.18129e-07
out__t744                         -3.68538e-07
out__t238                         -3.68513e-07
x3_lockout__t473                   -3.1634e-07
gnd_drv__t794                     -4.10024e-07
gnd_drv__t93                      -4.10028e-07
x3_lockout__t155                  -3.14578e-07
out__t587                         -3.68488e-07
gnd_drv__t355                     -2.68791e-06
x2_n4__t44                          1.9045e-05
x2_n5__t771                            5.00001
out__t26                          -3.68463e-07
x3_lockout__t51                   -3.12841e-07
gnd_drv__t582                     -4.10032e-07
gnd_drv__t41                      -4.10035e-07
x3_lockout__t52                   -3.11133e-07
out__t535                         -3.68438e-07
out__t27                          -3.68413e-07
x3_lockout__t53                   -3.09451e-07
gnd_drv__t583                     -4.10038e-07
gnd_drv__t42                      -4.10041e-07
x3_lockout__t54                   -3.07796e-07
out__t536                         -3.68387e-07
out__t28                          -3.68361e-07
x3_lockout__t55                   -3.06168e-07
gnd_drv__t584                     -4.10043e-07
gnd_drv__t43                      -4.10046e-07
x3_lockout__t56                   -3.04565e-07
out__t537                         -3.68335e-07
out__t29                          -3.68308e-07
x3_lockout__t57                   -3.02988e-07
gnd_drv__t585                     -4.10048e-07
gnd_drv__t44                       -4.1005e-07
x3_lockout__t58                   -3.01437e-07
out__t538                         -3.68281e-07
out__t30                          -3.68254e-07
x3_lockout__t59                   -2.99913e-07
gnd_drv__t586                     -4.10051e-07
gnd_drv__t45                      -4.10053e-07
x3_lockout__t60                   -2.98414e-07
out__t539                         -3.68227e-07
x2_n5__t745                            5.00001
x2_n4__t52                         1.91784e-05
gnd_drv__t898                     -2.67919e-06
out__t31                          -3.68199e-07
x3_lockout__t61                   -2.96939e-07
gnd_drv__t587                     -4.10054e-07
gnd_drv__t46                      -4.10055e-07
x3_lockout__t62                    -2.9549e-07
out__t540                         -3.68172e-07
out__t32                          -3.68144e-07
x3_lockout__t63                   -2.94066e-07
gnd_drv__t588                     -4.10056e-07
gnd_drv__t47                      -4.10056e-07
x3_lockout__t64                   -2.92667e-07
out__t541                         -3.68115e-07
out__t41                          -3.68087e-07
x3_lockout__t80                   -2.91292e-07
gnd_drv__t597                     -4.10056e-07
gnd_drv__t95                      -4.10057e-07
x3_lockout__t160                  -2.89942e-07
out__t589                         -3.68058e-07
out__t81                          -3.68029e-07
x3_lockout__t161                  -2.88617e-07
gnd_drv__t637                     -4.10057e-07
gnd_drv__t96                      -4.10056e-07
x3_lockout__t162                  -2.87314e-07
out__t590                            -3.68e-07
out__t82                           -3.6797e-07
x3_lockout__t163                  -2.86037e-07
gnd_drv__t638                     -4.10056e-07
gnd_drv__t97                      -4.10055e-07
x3_lockout__t164                  -2.84782e-07
out__t591                         -3.67941e-07
gnd_drv__t331                     -2.66978e-06
x2_n4__t13                         1.93815e-05
x2_n5__t753                            5.00001
out__t83                          -3.67911e-07
x3_lockout__t165                  -2.83552e-07
gnd_drv__t639                     -4.10054e-07
gnd_drv__t98                      -4.10053e-07
x3_lockout__t166                  -2.82346e-07
out__t592                         -3.67881e-07
out__t84                           -3.6785e-07
x3_lockout__t167                  -2.81161e-07
gnd_drv__t640                     -4.10052e-07
gnd_drv__t99                       -4.1005e-07
x3_lockout__t168                  -2.80001e-07
out__t593                          -3.6782e-07
out__t85                          -3.67789e-07
x3_lockout__t169                  -2.78862e-07
gnd_drv__t641                     -4.10048e-07
gnd_drv__t124                     -4.10046e-07
x3_lockout__t215                  -2.77747e-07
out__t618                         -3.67758e-07
out__t115                         -3.67727e-07
x3_lockout__t231                  -2.76653e-07
gnd_drv__t671                     -4.10044e-07
gnd_drv__t132                     -4.10042e-07
x3_lockout__t232                  -2.75583e-07
out__t626                         -3.67695e-07
out__t116                         -3.67664e-07
x3_lockout__t233                  -2.74535e-07
gnd_drv__t672                     -4.10039e-07
gnd_drv__t133                     -4.10037e-07
x3_lockout__t234                  -2.73508e-07
out__t627                         -3.67632e-07
x2_n5__t727                            5.00001
x2_n4__t12                         1.96492e-05
gnd_drv__t871                     -2.65952e-06
out__t117                           -3.676e-07
x3_lockout__t235                  -2.72503e-07
gnd_drv__t673                     -4.10033e-07
gnd_drv__t134                      -4.1003e-07
x3_lockout__t236                  -2.71519e-07
out__t628                         -3.67567e-07
out__t118                         -3.67535e-07
x3_lockout__t237                  -2.70557e-07
gnd_drv__t674                     -4.10027e-07
gnd_drv__t135                     -4.10024e-07
x3_lockout__t238                  -2.69617e-07
out__t629                         -3.67502e-07
out__t119                         -3.67469e-07
x3_lockout__t239                  -2.68696e-07
gnd_drv__t675                      -4.1002e-07
gnd_drv__t136                     -4.10016e-07
x3_lockout__t240                  -2.67798e-07
out__t630                         -3.67436e-07
out__t120                         -3.67403e-07
x3_lockout__t241                  -2.66919e-07
gnd_drv__t676                     -4.10012e-07
gnd_drv__t137                     -4.10008e-07
x3_lockout__t242                  -2.66061e-07
out__t631                         -3.67369e-07
out__t121                         -3.67336e-07
x3_lockout__t243                  -2.65224e-07
gnd_drv__t677                     -4.10004e-07
gnd_drv__t138                     -4.09999e-07
x3_lockout__t244                  -2.64406e-07
out__t632                         -3.67302e-07
gnd_drv__t330                     -2.64823e-06
x2_n4__t11                         1.99744e-05
x2_n5__t752                            5.00001
out__t130                         -3.67268e-07
x3_lockout__t261                  -2.63609e-07
gnd_drv__t686                     -4.09994e-07
gnd_drv__t139                      -4.0999e-07
x3_lockout__t246                  -2.62831e-07
out__t633                         -3.67234e-07
out__t123                         -3.67199e-07
x3_lockout__t247                  -2.62073e-07
gnd_drv__t679                     -4.09985e-07
gnd_drv__t140                     -4.09979e-07
x3_lockout__t248                  -2.61334e-07
out__t634                         -3.67165e-07
out__t124                          -3.6713e-07
x3_lockout__t249                  -2.60614e-07
gnd_drv__t680                     -4.09974e-07
gnd_drv__t141                     -4.09969e-07
x3_lockout__t250                  -2.59914e-07
out__t635                         -3.67095e-07
out__t125                          -3.6706e-07
x3_lockout__t251                  -2.59232e-07
gnd_drv__t681                     -4.09963e-07
gnd_drv__t142                     -4.09957e-07
x3_lockout__t252                  -2.58569e-07
out__t636                         -3.67024e-07
out__t126                         -3.66989e-07
x3_lockout__t253                  -2.57924e-07
gnd_drv__t682                     -4.09951e-07
gnd_drv__t143                     -4.09945e-07
x3_lockout__t254                  -2.57298e-07
out__t637                         -3.66953e-07
x1_nbuf1__t2                                 5
x1_ncb__t2                         3.12264e-06
gnd_drv__t3                        -4.3724e-07
x2_n5__t726                            5.00001
x2_n4__t10                         2.03489e-05
gnd_drv__t870                      -2.6357e-06
out__t127                         -3.66917e-07
x3_lockout__t255                   -2.5669e-07
gnd_drv__t683                     -4.09939e-07
gnd_drv__t120                     -4.09932e-07
x3_lockout__t208                    -2.561e-07
out__t614                         -3.66881e-07
out__t435                         -3.66368e-07
x3_lockout__t653                  -2.56628e-07
gnd_drv__t1017                    -4.06612e-07
gnd_drv__t494                     -4.06613e-07
x3_lockout__t683                  -2.57307e-07
out__t961                         -3.66383e-07
out__t450                         -3.66398e-07
x3_lockout__t684                  -2.58007e-07
gnd_drv__t1032                    -4.06615e-07
gnd_drv__t493                     -4.06617e-07
x3_lockout__t681                  -2.58724e-07
out__t960                         -3.66414e-07
out__t449                         -3.66429e-07
x3_lockout__t682                  -2.59462e-07
gnd_drv__t1031                    -4.06619e-07
gnd_drv__t481                     -4.06622e-07
x3_lockout__t659                  -2.60219e-07
out__t948                         -3.66445e-07
out__t443                         -3.66461e-07
x3_lockout__t669                  -2.60995e-07
gnd_drv__t1025                    -4.06626e-07
gnd_drv__t472                      -4.0663e-07
x3_lockout__t639                  -2.61792e-07
out__t939                         -3.66478e-07
gnd_drv__t329                     -2.62174e-06
x2_n4__t9                          2.07641e-05
x2_n5__t751                            5.00001
out__t428                         -3.66494e-07
x3_lockout__t640                  -2.62609e-07
gnd_drv__t1010                    -4.06634e-07
gnd_drv__t473                     -4.06639e-07
x3_lockout__t641                  -2.63446e-07
out__t940                         -3.66511e-07
out__t429                         -3.66528e-07
x3_lockout__t642                  -2.64303e-07
gnd_drv__t1011                    -4.06644e-07
gnd_drv__t478                      -4.0665e-07
x3_lockout__t652                  -2.65181e-07
out__t945                         -3.66546e-07
out__t431                         -3.66563e-07
x3_lockout__t644                   -2.6608e-07
gnd_drv__t1013                    -4.06656e-07
gnd_drv__t474                     -4.06663e-07
x3_lockout__t645                     -2.67e-07
out__t941                         -3.66581e-07
out__t432                         -3.66599e-07
x3_lockout__t646                  -2.67941e-07
gnd_drv__t1014                    -4.06671e-07
gnd_drv__t475                     -4.06679e-07
x3_lockout__t647                  -2.68903e-07
out__t942                         -3.66618e-07
out__t433                         -3.66637e-07
x3_lockout__t648                  -2.69887e-07
gnd_drv__t1015                    -4.06688e-07
gnd_drv__t476                     -4.06698e-07
x3_lockout__t649                  -2.70892e-07
out__t943                         -3.66655e-07
x2_n5__t725                            5.00001
x2_n4__t8                          2.12106e-05
gnd_drv__t869                     -2.60617e-06
out__t434                         -3.66675e-07
x3_lockout__t650                  -2.71919e-07
gnd_drv__t1016                    -4.06707e-07
gnd_drv__t477                     -4.06718e-07
x3_lockout__t651                  -2.72969e-07
out__t944                         -3.66694e-07
out__t430                         -3.66714e-07
x3_lockout__t643                   -2.7404e-07
gnd_drv__t1012                     -4.0673e-07
gnd_drv__t463                     -4.06741e-07
x3_lockout__t619                  -2.75134e-07
out__t930                         -3.66734e-07
out__t417                         -3.66755e-07
x3_lockout__t620                   -2.7625e-07
gnd_drv__t999                     -4.06754e-07
gnd_drv__t464                     -4.06767e-07
x3_lockout__t621                  -2.77389e-07
out__t931                         -3.66775e-07
out__t418                         -3.66796e-07
x3_lockout__t622                  -2.78551e-07
gnd_drv__t1000                    -4.06781e-07
gnd_drv__t465                     -4.06795e-07
x3_lockout__t623                  -2.79735e-07
out__t932                         -3.66818e-07
out__t419                         -3.66839e-07
x3_lockout__t624                  -2.80944e-07
gnd_drv__t1001                    -4.06811e-07
gnd_drv__t466                     -4.06827e-07
x3_lockout__t625                  -2.82175e-07
out__t933                         -3.66861e-07
gnd_drv__t333                     -2.58895e-06
x2_n4__t16                         2.16789e-05
x2_n5__t755                            5.00001
out__t425                         -3.66884e-07
x3_lockout__t635                  -2.83429e-07
gnd_drv__t1007                    -4.06843e-07
gnd_drv__t467                      -4.0686e-07
x3_lockout__t627                  -2.84708e-07
out__t934                         -3.66906e-07
out__t421                         -3.66929e-07
x3_lockout__t628                  -2.86011e-07
gnd_drv__t1003                    -4.06878e-07
gnd_drv__t468                     -4.06897e-07
x3_lockout__t629                  -2.87338e-07
out__t935                         -3.66952e-07
out__t422                         -3.66976e-07
x3_lockout__t630                  -2.88688e-07
gnd_drv__t1004                    -4.06916e-07
gnd_drv__t469                     -4.06936e-07
x3_lockout__t631                  -2.90064e-07
out__t936                            -3.67e-07
out__t423                         -3.67024e-07
x3_lockout__t632                  -2.91463e-07
gnd_drv__t1005                    -4.06957e-07
gnd_drv__t470                     -4.06978e-07
x3_lockout__t633                  -2.92887e-07
out__t937                         -3.67049e-07
out__t424                         -3.67074e-07
x3_lockout__t634                  -2.94337e-07
gnd_drv__t1006                       -4.07e-07
gnd_drv__t482                     -4.07023e-07
x3_lockout__t660                  -2.95811e-07
out__t949                         -3.67099e-07
x2_n5__t724                            5.00001
x2_n4__t7                          2.21597e-05
gnd_drv__t868                     -2.56976e-06
out__t451                         -3.67125e-07
x3_lockout__t685                  -2.97311e-07
gnd_drv__t1033                    -4.07046e-07
gnd_drv__t491                      -4.0707e-07
x3_lockout__t677                  -2.98835e-07
out__t958                         -3.67151e-07
out__t436                         -3.67178e-07
x3_lockout__t654                  -3.00385e-07
gnd_drv__t1018                    -4.07094e-07
gnd_drv__t479                      -4.0712e-07
x3_lockout__t655                  -3.01962e-07
out__t946                         -3.67205e-07
out__t437                         -3.67232e-07
x3_lockout__t656                  -3.03563e-07
gnd_drv__t1019                    -4.07146e-07
gnd_drv__t487                     -4.07172e-07
x3_lockout__t670                  -3.05192e-07
out__t954                         -3.67259e-07
out__t444                         -3.67287e-07
x3_lockout__t671                  -3.06846e-07
gnd_drv__t1026                      -4.072e-07
gnd_drv__t480                     -4.07228e-07
x3_lockout__t657                  -3.08526e-07
out__t947                         -3.67316e-07
out__t438                         -3.67344e-07
x3_lockout__t658                  -3.10233e-07
gnd_drv__t1020                    -4.07256e-07
gnd_drv__t488                     -4.07286e-07
x3_lockout__t672                  -3.11967e-07
out__t955                         -3.67374e-07
gnd_drv__t343                     -2.54864e-06
x2_n4__t34                         2.26442e-05
x2_n5__t765                            5.00001
out__t445                         -3.67403e-07
x3_lockout__t673                  -3.13728e-07
gnd_drv__t1027                    -4.07315e-07
gnd_drv__t490                     -4.07346e-07
x3_lockout__t675                  -3.15515e-07
out__t957                         -3.67433e-07
out__t446                         -3.67463e-07
x3_lockout__t676                   -3.1733e-07
gnd_drv__t1028                    -4.07377e-07
gnd_drv__t495                     -4.07409e-07
x3_lockout__t686                  -3.19171e-07
out__t962                         -3.67494e-07
out__t447                         -3.67525e-07
x3_lockout__t678                   -3.2104e-07
gnd_drv__t1029                    -4.07442e-07
gnd_drv__t492                     -4.07474e-07
x3_lockout__t679                  -3.22937e-07
out__t959                         -3.67556e-07
out__t448                         -3.67588e-07
x3_lockout__t680                  -3.24861e-07
gnd_drv__t1030                    -4.07509e-07
gnd_drv__t438                     -4.07543e-07
x3_lockout__t573                  -3.26814e-07
out__t905                          -3.6762e-07
out__t147                         -3.67653e-07
x3_lockout__t294                  -3.28794e-07
gnd_drv__t703                     -4.07577e-07
gnd_drv__t105                     -4.07613e-07
x3_lockout__t178                  -3.30802e-07
out__t599                         -3.67686e-07
x2_n5__t736                            5.00001
x2_n4__t33                          2.3124e-05
gnd_drv__t882                     -2.52564e-06
out__t89                          -3.67719e-07
x3_lockout__t179                  -3.32839e-07
gnd_drv__t645                     -4.07649e-07
gnd_drv__t106                     -4.07686e-07
x3_lockout__t180                  -3.34904e-07
out__t600                         -3.67753e-07
out__t90                          -3.67788e-07
x3_lockout__t181                  -3.36998e-07
gnd_drv__t646                     -4.07723e-07
gnd_drv__t107                     -4.07761e-07
x3_lockout__t182                   -3.3912e-07
out__t601                         -3.67822e-07
out__t91                          -3.67857e-07
x3_lockout__t183                  -3.41271e-07
gnd_drv__t647                       -4.078e-07
gnd_drv__t33                      -4.07839e-07
x3_lockout__t35                   -3.43452e-07
out__t527                         -3.67893e-07
out__t92                          -3.67929e-07
x3_lockout__t184                   -3.4566e-07
gnd_drv__t648                     -4.07879e-07
gnd_drv__t115                     -4.07919e-07
x3_lockout__t200                    -3.479e-07
out__t609                         -3.67965e-07
out__t94                          -3.68002e-07
x3_lockout__t186                  -3.50167e-07
gnd_drv__t650                      -4.0796e-07
gnd_drv__t108                     -4.08001e-07
x3_lockout__t187                  -3.52464e-07
out__t602                         -3.68039e-07
gnd_drv__t354                      -2.5006e-06
x2_n4__t43                         2.35915e-05
x2_n5__t770                            5.00001
out__t95                          -3.68076e-07
x3_lockout__t188                  -3.54791e-07
gnd_drv__t651                     -4.08043e-07
gnd_drv__t109                     -4.08086e-07
x3_lockout__t189                  -3.57147e-07
out__t603                         -3.68114e-07
out__t96                          -3.68153e-07
x3_lockout__t190                  -3.59534e-07
gnd_drv__t652                     -4.08129e-07
gnd_drv__t110                     -4.08173e-07
x3_lockout__t191                   -3.6195e-07
out__t604                         -3.68192e-07
out__t97                          -3.68231e-07
x3_lockout__t192                  -3.64396e-07
gnd_drv__t653                     -4.08217e-07
gnd_drv__t111                     -4.08262e-07
x3_lockout__t193                  -3.66873e-07
out__t605                          -3.6827e-07
out__t98                           -3.6831e-07
x3_lockout__t194                  -3.69379e-07
gnd_drv__t654                     -4.08307e-07
gnd_drv__t112                     -4.08353e-07
x3_lockout__t195                  -3.71915e-07
out__t606                         -3.68351e-07
out__t99                          -3.68392e-07
x3_lockout__t196                  -3.74484e-07
gnd_drv__t655                     -4.08399e-07
gnd_drv__t113                     -4.08447e-07
x3_lockout__t197                  -3.77081e-07
out__t607                         -3.68433e-07
x2_n5__t744                            5.00001
x2_n4__t51                           2.404e-05
gnd_drv__t897                     -2.47375e-06
out__t100                         -3.68475e-07
x3_lockout__t198                  -3.79711e-07
gnd_drv__t656                     -4.08494e-07
gnd_drv__t114                     -4.08542e-07
x3_lockout__t199                   -3.8237e-07
out__t608                         -3.68517e-07
out__t93                          -3.68559e-07
x3_lockout__t185                  -3.85059e-07
gnd_drv__t649                     -4.08591e-07
gnd_drv__t86                       -4.0864e-07
x3_lockout__t141                  -3.87781e-07
out__t580                         -3.68602e-07
out__t71                          -3.68646e-07
x3_lockout__t142                  -3.90533e-07
gnd_drv__t627                     -4.08689e-07
gnd_drv__t87                       -4.0874e-07
x3_lockout__t143                  -3.93315e-07
out__t581                         -3.68689e-07
out__t72                          -3.68734e-07
x3_lockout__t144                  -3.96128e-07
gnd_drv__t628                     -4.08791e-07
gnd_drv__t88                      -4.08842e-07
x3_lockout__t145                  -3.98975e-07
out__t582                         -3.68778e-07
out__t73                          -3.68823e-07
x3_lockout__t146                  -4.01851e-07
gnd_drv__t629                     -4.08893e-07
gnd_drv__t89                      -4.08945e-07
x3_lockout__t147                  -4.04758e-07
out__t583                         -3.68869e-07
gnd_drv__t342                     -2.44506e-06
x2_n4__t32                         2.44634e-05
x2_n5__t764                            5.00001
out__t74                          -3.68915e-07
x3_lockout__t148                  -4.07696e-07
gnd_drv__t630                     -4.08998e-07
gnd_drv__t90                      -4.09052e-07
x3_lockout__t149                  -4.10668e-07
out__t584                         -3.68961e-07
out__t75                          -3.69008e-07
x3_lockout__t150                  -4.13669e-07
gnd_drv__t631                     -4.09105e-07
gnd_drv__t91                       -4.0916e-07
x3_lockout__t151                    -4.167e-07
out__t585                         -3.69055e-07
out__t76                          -3.69102e-07
x3_lockout__t152                  -4.19764e-07
gnd_drv__t632                     -4.09214e-07
gnd_drv__t92                       -4.0927e-07
x3_lockout__t153                   -4.2286e-07
out__t586                          -3.6915e-07
out__t77                          -3.69198e-07
x3_lockout__t154                  -4.25984e-07
gnd_drv__t633                     -4.09325e-07
gnd_drv__t100                     -4.09382e-07
x3_lockout__t170                  -4.29138e-07
out__t594                         -3.69247e-07
out__t78                          -3.69296e-07
x3_lockout__t156                  -4.32316e-07
gnd_drv__t634                     -4.09438e-07
gnd_drv__t94                      -4.09495e-07
x3_lockout__t157                  -4.35474e-07
out__t588                         -3.69345e-07
in_drv__t3                        -1.38878e-06
x1_nbuf1__t0                                 5
gnd_drv__t2                       -1.22998e-07
x2_n5__t0                              5.00002
x2_n4__t0                           2.6013e-05
gnd_drv__t17                      -2.50059e-06
out__t79                          -3.69365e-07
x3_lockout__t158                  -4.35549e-07
gnd_drv__t635                     -4.09533e-07
gnd_drv__t104                     -4.09549e-07
x3_lockout__t177                  -4.32396e-07
out__t598                         -3.69355e-07
out__t67                          -3.65014e-07
x3_lockout__t135                  -2.57392e-07
gnd_drv__t623                     -4.06912e-07
gnd_drv__t29                      -4.06911e-07
x3_lockout__t28                   -2.56943e-07
out__t523                         -3.65031e-07
out__t15                          -3.65048e-07
x3_lockout__t29                   -2.56498e-07
gnd_drv__t571                      -4.0691e-07
gnd_drv__t30                       -4.0691e-07
x3_lockout__t30                    -2.5606e-07
out__t524                         -3.65065e-07
out__t16                          -3.65082e-07
x3_lockout__t31                   -2.55626e-07
gnd_drv__t572                     -4.06909e-07
gnd_drv__t31                      -4.06908e-07
x3_lockout__t32                   -2.55197e-07
out__t525                         -3.65099e-07
out__t17                          -3.65115e-07
x3_lockout__t33                   -2.54775e-07
gnd_drv__t573                     -4.06907e-07
gnd_drv__t32                      -4.06906e-07
x3_lockout__t34                   -2.54357e-07
out__t526                         -3.65132e-07
gnd_drv__t313                      -1.7205e-06
x2_n5__t48                             5.00001
out__t807                         -1.50475e-06
out__t25                          -3.65148e-07
x3_lockout__t50                   -2.53945e-07
gnd_drv__t581                     -4.06905e-07
gnd_drv__t34                      -4.06904e-07
x3_lockout__t36                   -2.53539e-07
out__t528                         -3.65164e-07
out__t18                           -3.6518e-07
x3_lockout__t37                   -2.53139e-07
gnd_drv__t574                     -4.06903e-07
gnd_drv__t35                      -4.06902e-07
x3_lockout__t38                   -2.52745e-07
out__t529                         -3.65196e-07
out__t19                          -3.65212e-07
x3_lockout__t39                   -2.52356e-07
gnd_drv__t575                       -4.069e-07
gnd_drv__t36                      -4.06899e-07
x3_lockout__t40                   -2.51974e-07
out__t530                         -3.65228e-07
out__t20                          -3.65243e-07
x3_lockout__t41                   -2.51598e-07
gnd_drv__t576                     -4.06897e-07
gnd_drv__t37                      -4.06896e-07
x3_lockout__t42                   -2.51229e-07
out__t531                         -3.65259e-07
out__t21                          -3.65274e-07
x3_lockout__t43                   -2.50866e-07
gnd_drv__t577                     -4.06894e-07
gnd_drv__t38                      -4.06892e-07
x3_lockout__t44                   -2.50509e-07
out__t532                          -3.6529e-07
out__t299                         -1.50552e-06
x2_n5__t47                             5.00001
gnd_drv__t855                     -1.72289e-06
out__t22                          -3.65305e-07
x3_lockout__t45                   -2.50159e-07
gnd_drv__t578                      -4.0689e-07
gnd_drv__t39                      -4.06888e-07
x3_lockout__t46                   -2.49816e-07
out__t533                          -3.6532e-07
out__t23                          -3.65335e-07
x3_lockout__t47                    -2.4948e-07
gnd_drv__t579                     -4.06887e-07
gnd_drv__t40                      -4.06884e-07
x3_lockout__t48                   -2.49151e-07
out__t534                          -3.6535e-07
out__t24                          -3.65364e-07
x3_lockout__t49                   -2.48829e-07
gnd_drv__t580                     -4.06882e-07
gnd_drv__t62                       -4.0688e-07
x3_lockout__t95                   -2.48515e-07
out__t556                         -3.65379e-07
out__t56                          -3.65393e-07
x3_lockout__t111                  -2.48207e-07
gnd_drv__t612                     -4.06878e-07
gnd_drv__t71                      -4.06875e-07
x3_lockout__t112                  -2.47908e-07
out__t565                         -3.65408e-07
out__t57                          -3.65422e-07
x3_lockout__t113                  -2.47615e-07
gnd_drv__t613                     -4.06873e-07
gnd_drv__t72                       -4.0687e-07
x3_lockout__t114                  -2.47331e-07
out__t566                         -3.65436e-07
gnd_drv__t312                     -1.72523e-06
x2_n5__t46                             5.00001
out__t806                         -1.50632e-06
out__t58                          -3.65451e-07
x3_lockout__t115                  -2.47054e-07
gnd_drv__t614                     -4.06867e-07
gnd_drv__t73                      -4.06865e-07
x3_lockout__t116                  -2.46786e-07
out__t567                         -3.65465e-07
out__t59                          -3.65478e-07
x3_lockout__t117                  -2.46525e-07
gnd_drv__t615                     -4.06862e-07
gnd_drv__t74                      -4.06859e-07
x3_lockout__t118                  -2.46273e-07
out__t568                         -3.65492e-07
out__t60                          -3.65506e-07
x3_lockout__t119                  -2.46029e-07
gnd_drv__t616                     -4.06856e-07
gnd_drv__t75                      -4.06853e-07
x3_lockout__t120                  -2.45793e-07
out__t569                          -3.6552e-07
out__t61                          -3.65533e-07
x3_lockout__t121                  -2.45566e-07
gnd_drv__t617                      -4.0685e-07
gnd_drv__t76                      -4.06846e-07
x3_lockout__t122                  -2.45348e-07
out__t570                         -3.65546e-07
out__t62                           -3.6556e-07
x3_lockout__t123                  -2.45139e-07
gnd_drv__t618                     -4.06843e-07
gnd_drv__t77                       -4.0684e-07
x3_lockout__t124                  -2.44938e-07
out__t571                         -3.65573e-07
out__t298                         -1.50714e-06
x2_n5__t45                             5.00001
gnd_drv__t854                     -1.72758e-06
out__t70                          -3.65586e-07
x3_lockout__t140                  -2.44747e-07
gnd_drv__t626                     -4.06836e-07
gnd_drv__t79                      -4.06833e-07
x3_lockout__t126                  -2.44565e-07
out__t573                         -3.65599e-07
out__t63                          -3.65612e-07
x3_lockout__t127                  -2.44392e-07
gnd_drv__t619                     -4.06829e-07
gnd_drv__t80                      -4.06825e-07
x3_lockout__t128                  -2.44229e-07
out__t574                         -3.65625e-07
out__t64                          -3.65638e-07
x3_lockout__t129                  -2.44075e-07
gnd_drv__t620                     -4.06822e-07
gnd_drv__t81                      -4.06818e-07
x3_lockout__t130                  -2.43931e-07
out__t575                         -3.65651e-07
out__t65                          -3.65663e-07
x3_lockout__t131                  -2.43797e-07
gnd_drv__t621                     -4.06814e-07
gnd_drv__t82                       -4.0681e-07
x3_lockout__t132                  -2.43673e-07
out__t576                         -3.65676e-07
out__t66                          -3.65689e-07
x3_lockout__t133                  -2.43559e-07
gnd_drv__t622                     -4.06806e-07
gnd_drv__t83                      -4.06802e-07
x3_lockout__t134                  -2.43456e-07
out__t577                         -3.65701e-07
gnd_drv__t311                     -1.72972e-06
x2_n5__t44                             5.00001
out__t805                         -1.50767e-06
out__t14                          -3.65713e-07
x3_lockout__t27                   -2.43363e-07
gnd_drv__t570                     -4.06797e-07
gnd_drv__t49                      -4.06793e-07
x3_lockout__t69                    -2.4328e-07
out__t543                         -3.65726e-07
out__t36                          -3.65738e-07
x3_lockout__t70                   -2.43208e-07
gnd_drv__t592                     -4.06789e-07
gnd_drv__t50                      -4.06784e-07
x3_lockout__t71                   -2.43147e-07
out__t544                          -3.6575e-07
out__t37                          -3.65762e-07
x3_lockout__t72                   -2.43097e-07
gnd_drv__t593                      -4.0678e-07
gnd_drv__t51                      -4.06775e-07
x3_lockout__t73                   -2.43058e-07
out__t545                         -3.65775e-07
out__t38                          -3.65787e-07
x3_lockout__t74                   -2.43031e-07
gnd_drv__t594                     -4.06771e-07
gnd_drv__t52                      -4.06766e-07
x3_lockout__t75                   -2.43015e-07
out__t546                         -3.65799e-07
out__t39                          -3.65811e-07
x3_lockout__t76                    -2.4301e-07
gnd_drv__t595                     -4.06762e-07
gnd_drv__t53                      -4.06757e-07
x3_lockout__t77                   -2.43018e-07
out__t547                         -3.65823e-07
out__t297                         -1.50801e-06
x2_n5__t43                             5.00001
gnd_drv__t853                     -1.73155e-06
out__t40                          -3.65835e-07
x3_lockout__t78                   -2.43037e-07
gnd_drv__t596                     -4.06752e-07
gnd_drv__t54                      -4.06748e-07
x3_lockout__t79                   -2.43068e-07
out__t548                         -3.65846e-07
out__t33                          -3.65858e-07
x3_lockout__t65                   -2.43111e-07
gnd_drv__t589                     -4.06743e-07
gnd_drv__t26                      -4.06738e-07
x3_lockout__t21                   -2.43167e-07
out__t520                          -3.6587e-07
out__t11                          -3.65882e-07
x3_lockout__t22                   -2.43235e-07
gnd_drv__t567                     -4.06734e-07
gnd_drv__t27                      -4.06729e-07
x3_lockout__t23                   -2.43315e-07
out__t521                         -3.65894e-07
out__t12                          -3.65906e-07
x3_lockout__t24                   -2.43409e-07
gnd_drv__t568                     -4.06724e-07
gnd_drv__t28                      -4.06719e-07
x3_lockout__t25                   -2.43515e-07
out__t522                         -3.65917e-07
out__t13                          -3.65929e-07
x3_lockout__t26                   -2.43635e-07
gnd_drv__t569                     -4.06714e-07
gnd_drv__t48                       -4.0671e-07
x3_lockout__t68                   -2.43767e-07
out__t542                         -3.65941e-07
gnd_drv__t315                     -1.73308e-06
x2_n5__t51                             5.00001
out__t809                           -1.508e-06
out__t439                         -3.65953e-07
x3_lockout__t661                  -2.43914e-07
gnd_drv__t1021                    -4.06705e-07
gnd_drv__t483                       -4.067e-07
x3_lockout__t662                  -2.44073e-07
out__t950                         -3.65965e-07
out__t440                         -3.65977e-07
x3_lockout__t663                  -2.44247e-07
gnd_drv__t1022                    -4.06695e-07
gnd_drv__t484                      -4.0669e-07
x3_lockout__t664                  -2.44434e-07
out__t951                         -3.65989e-07
out__t441                            -3.66e-07
x3_lockout__t665                  -2.44635e-07
gnd_drv__t1023                    -4.06686e-07
gnd_drv__t485                     -4.06681e-07
x3_lockout__t666                   -2.4485e-07
out__t952                         -3.66012e-07
out__t442                         -3.66024e-07
x3_lockout__t667                   -2.4508e-07
gnd_drv__t1024                    -4.06677e-07
gnd_drv__t486                     -4.06672e-07
x3_lockout__t668                  -2.45324e-07
out__t953                         -3.66036e-07
out__t420                         -3.66048e-07
x3_lockout__t626                  -2.45584e-07
gnd_drv__t1002                    -4.06668e-07
gnd_drv__t436                     -4.06663e-07
x3_lockout__t569                  -2.45857e-07
out__t903                         -3.66061e-07
out__t296                         -1.50756e-06
x2_n5__t41                             5.00001
gnd_drv__t852                     -1.73404e-06
out__t394                         -3.66073e-07
x3_lockout__t570                  -2.46146e-07
gnd_drv__t975                     -4.06659e-07
gnd_drv__t437                     -4.06655e-07
x3_lockout__t571                   -2.4645e-07
out__t904                         -3.66085e-07
out__t395                         -3.66097e-07
x3_lockout__t572                  -2.46769e-07
gnd_drv__t976                     -4.06651e-07
gnd_drv__t439                     -4.06647e-07
x3_lockout__t574                  -2.47104e-07
out__t906                          -3.6611e-07
out__t49                          -3.66122e-07
x3_lockout__t97                   -2.47454e-07
gnd_drv__t605                     -4.06643e-07
gnd_drv__t64                       -4.0664e-07
x3_lockout__t98                    -2.4782e-07
out__t558                         -3.66135e-07
out__t50                          -3.66147e-07
x3_lockout__t99                   -2.48202e-07
gnd_drv__t606                     -4.06636e-07
gnd_drv__t65                      -4.06633e-07
x3_lockout__t100                  -2.48601e-07
out__t559                          -3.6616e-07
out__t51                          -3.66173e-07
x3_lockout__t101                  -2.49015e-07
gnd_drv__t607                      -4.0663e-07
gnd_drv__t66                      -4.06627e-07
x3_lockout__t102                  -2.49446e-07
out__t560                         -3.66186e-07
gnd_drv__t309                     -1.73456e-06
x2_n5__t40                             5.00001
out__t803                         -1.50675e-06
out__t52                          -3.66199e-07
x3_lockout__t103                  -2.49894e-07
gnd_drv__t608                     -4.06624e-07
gnd_drv__t67                      -4.06622e-07
x3_lockout__t104                  -2.50359e-07
out__t561                         -3.66212e-07
out__t53                          -3.66226e-07
x3_lockout__t105                   -2.5084e-07
gnd_drv__t609                     -4.06619e-07
gnd_drv__t68                      -4.06617e-07
x3_lockout__t106                  -2.51339e-07
out__t562                         -3.66239e-07
out__t54                          -3.66253e-07
x3_lockout__t107                  -2.51855e-07
gnd_drv__t610                     -4.06615e-07
gnd_drv__t69                      -4.06614e-07
x3_lockout__t108                  -2.52389e-07
out__t563                         -3.66267e-07
out__t135                         -3.66281e-07
x3_lockout__t270                   -2.5294e-07
gnd_drv__t691                     -4.06613e-07
gnd_drv__t70                      -4.06612e-07
x3_lockout__t109                  -2.53509e-07
out__t564                         -3.66295e-07
out__t426                         -3.66309e-07
x3_lockout__t636                  -2.54096e-07
gnd_drv__t1008                    -4.06611e-07
gnd_drv__t471                     -4.06611e-07
x3_lockout__t637                  -2.54701e-07
out__t938                         -3.66323e-07
x2_n1__t1                                    5
in_drv__t0                         1.95247e-06
gnd_drv__t1                       -4.18485e-07
out__t295                         -1.50532e-06
x2_n5__t39                             5.00001
gnd_drv__t851                      -1.7344e-06
out__t427                         -3.66338e-07
x3_lockout__t638                  -2.55325e-07
gnd_drv__t1009                    -4.06611e-07
gnd_drv__t489                     -4.06611e-07
x3_lockout__t674                  -2.55967e-07
out__t956                         -3.66353e-07
out__t471                         -3.62794e-07
x3_lockout__t726                  -3.14603e-07
gnd_drv__t1060                    -4.06713e-07
gnd_drv__t553                     -4.06716e-07
x3_lockout__t793                  -3.14007e-07
out__t1015                         -3.6282e-07
out__t506                         -3.62846e-07
x3_lockout__t794                  -3.13409e-07
gnd_drv__t1095                    -4.06719e-07
gnd_drv__t555                     -4.06723e-07
x3_lockout__t797                  -3.12811e-07
out__t1017                        -3.62872e-07
out__t508                         -3.62898e-07
x3_lockout__t798                  -3.12213e-07
gnd_drv__t1097                    -4.06726e-07
gnd_drv__t556                     -4.06729e-07
x3_lockout__t799                  -3.11613e-07
out__t1018                        -3.62924e-07
out__t509                          -3.6295e-07
x3_lockout__t800                  -3.11013e-07
gnd_drv__t1098                    -4.06732e-07
gnd_drv__t550                     -4.06736e-07
x3_lockout__t788                  -3.10411e-07
out__t1012                        -3.62976e-07
gnd_drv__t308                     -1.73372e-06
x2_n5__t38                             5.00001
out__t802                         -1.50344e-06
out__t503                         -3.63002e-07
x3_lockout__t787                  -3.09809e-07
gnd_drv__t1092                    -4.06739e-07
gnd_drv__t554                     -4.06742e-07
x3_lockout__t795                  -3.09206e-07
out__t1016                        -3.63028e-07
out__t502                         -3.63053e-07
x3_lockout__t786                  -3.08603e-07
gnd_drv__t1091                    -4.06745e-07
gnd_drv__t549                     -4.06748e-07
x3_lockout__t785                  -3.07999e-07
out__t1011                        -3.63079e-07
out__t501                         -3.63104e-07
x3_lockout__t784                  -3.07394e-07
gnd_drv__t1090                    -4.06751e-07
gnd_drv__t548                     -4.06754e-07
x3_lockout__t781                  -3.06789e-07
out__t1010                         -3.6313e-07
out__t496                         -3.63155e-07
x3_lockout__t775                  -3.06184e-07
gnd_drv__t1085                    -4.06758e-07
gnd_drv__t545                     -4.06761e-07
x3_lockout__t776                  -3.05577e-07
out__t1007                        -3.63181e-07
out__t497                         -3.63206e-07
x3_lockout__t777                  -3.04971e-07
gnd_drv__t1086                    -4.06764e-07
gnd_drv__t546                     -4.06767e-07
x3_lockout__t778                  -3.04364e-07
out__t1008                        -3.63231e-07
out__t294                         -1.50091e-06
x2_n5__t37                             5.00001
gnd_drv__t850                     -1.73251e-06
out__t498                         -3.63256e-07
x3_lockout__t779                  -3.03756e-07
gnd_drv__t1087                     -4.0677e-07
gnd_drv__t547                     -4.06773e-07
x3_lockout__t780                  -3.03148e-07
out__t1009                        -3.63281e-07
out__t500                         -3.63306e-07
x3_lockout__t783                  -3.02541e-07
gnd_drv__t1089                    -4.06776e-07
gnd_drv__t503                     -4.06779e-07
x3_lockout__t702                  -3.01932e-07
out__t970                         -3.63331e-07
out__t460                         -3.63356e-07
x3_lockout__t703                  -3.01323e-07
gnd_drv__t1042                    -4.06782e-07
gnd_drv__t504                     -4.06785e-07
x3_lockout__t704                  -3.00715e-07
out__t971                          -3.6338e-07
out__t461                         -3.63405e-07
x3_lockout__t705                  -3.00106e-07
gnd_drv__t1043                    -4.06788e-07
gnd_drv__t505                     -4.06791e-07
x3_lockout__t706                  -2.99497e-07
out__t972                          -3.6343e-07
out__t482                         -3.63454e-07
x3_lockout__t746                  -2.98888e-07
gnd_drv__t1071                    -4.06794e-07
gnd_drv__t506                     -4.06797e-07
x3_lockout__t708                  -2.98279e-07
out__t973                         -3.63479e-07
gnd_drv__t307                     -1.73054e-06
x2_n5__t36                             5.00001
out__t801                         -1.49789e-06
out__t463                         -3.63503e-07
x3_lockout__t709                  -2.97669e-07
gnd_drv__t1045                      -4.068e-07
gnd_drv__t511                     -4.06803e-07
x3_lockout__t719                   -2.9706e-07
out__t978                         -3.63527e-07
out__t465                         -3.63551e-07
x3_lockout__t711                  -2.96452e-07
gnd_drv__t1047                    -4.06806e-07
gnd_drv__t507                     -4.06809e-07
x3_lockout__t712                  -2.95843e-07
out__t974                         -3.63576e-07
out__t466                           -3.636e-07
x3_lockout__t713                  -2.95234e-07
gnd_drv__t1048                    -4.06812e-07
gnd_drv__t508                     -4.06814e-07
x3_lockout__t714                  -2.94626e-07
out__t975                         -3.63624e-07
out__t467                         -3.63648e-07
x3_lockout__t715                  -2.94018e-07
gnd_drv__t1049                    -4.06817e-07
gnd_drv__t509                      -4.0682e-07
x3_lockout__t716                   -2.9341e-07
out__t976                         -3.63671e-07
out__t468                         -3.63695e-07
x3_lockout__t717                  -2.92803e-07
gnd_drv__t1050                    -4.06823e-07
gnd_drv__t510                     -4.06825e-07
x3_lockout__t718                  -2.92196e-07
out__t977                         -3.63719e-07
out__t309                         -1.49438e-06
x2_n5__t70                             5.00001
gnd_drv__t873                     -1.72789e-06
out__t464                         -3.63742e-07
x3_lockout__t710                  -2.91589e-07
gnd_drv__t1046                    -4.06828e-07
gnd_drv__t502                     -4.06831e-07
x3_lockout__t701                  -2.90983e-07
out__t969                         -3.63766e-07
out__t459                         -3.63789e-07
x3_lockout__t700                  -2.90378e-07
gnd_drv__t1041                    -4.06833e-07
gnd_drv__t501                     -4.06836e-07
x3_lockout__t699                  -2.89773e-07
out__t968                         -3.63813e-07
out__t458                         -3.63836e-07
x3_lockout__t698                  -2.89169e-07
gnd_drv__t1040                    -4.06838e-07
gnd_drv__t557                     -4.06841e-07
x3_lockout__t801                  -2.88566e-07
out__t1019                        -3.63859e-07
out__t507                         -3.63882e-07
x3_lockout__t796                  -2.87964e-07
gnd_drv__t1096                    -4.06843e-07
gnd_drv__t500                     -4.06846e-07
x3_lockout__t697                  -2.87362e-07
out__t967                         -3.63905e-07
out__t457                         -3.63928e-07
x3_lockout__t696                  -2.86761e-07
gnd_drv__t1039                    -4.06848e-07
gnd_drv__t499                     -4.06851e-07
x3_lockout__t695                  -2.86161e-07
out__t966                         -3.63951e-07
gnd_drv__t396                     -1.72468e-06
x2_n5__t158                            5.00002
out__t863                         -1.49019e-06
out__t456                         -3.63973e-07
x3_lockout__t694                  -2.85562e-07
gnd_drv__t1038                    -4.06853e-07
gnd_drv__t521                     -4.06855e-07
x3_lockout__t727                  -2.84965e-07
out__t983                         -3.63996e-07
out__t472                         -3.64018e-07
x3_lockout__t728                  -2.84368e-07
gnd_drv__t1061                    -4.06858e-07
gnd_drv__t522                      -4.0686e-07
x3_lockout__t729                  -2.83772e-07
out__t984                         -3.64041e-07
out__t473                         -3.64063e-07
x3_lockout__t730                  -2.83178e-07
gnd_drv__t1062                    -4.06862e-07
gnd_drv__t523                     -4.06865e-07
x3_lockout__t731                  -2.82585e-07
out__t985                         -3.64085e-07
out__t479                         -3.64107e-07
x3_lockout__t741                  -2.81993e-07
gnd_drv__t1068                    -4.06867e-07
gnd_drv__t518                     -4.06869e-07
x3_lockout__t723                  -2.81403e-07
out__t980                         -3.64129e-07
out__t470                         -3.64151e-07
x3_lockout__t722                  -2.80814e-07
gnd_drv__t1059                    -4.06871e-07
gnd_drv__t530                     -4.06873e-07
x3_lockout__t747                  -2.80227e-07
out__t992                         -3.64173e-07
out__t358                         -1.48551e-06
x2_n5__t168                            5.00002
gnd_drv__t939                      -1.7208e-06
out__t499                         -3.64195e-07
x3_lockout__t782                  -2.79641e-07
gnd_drv__t1088                    -4.06875e-07
gnd_drv__t529                     -4.06877e-07
x3_lockout__t745                  -2.79057e-07
out__t991                         -3.64217e-07
out__t481                         -3.64238e-07
x3_lockout__t744                  -2.78475e-07
gnd_drv__t1070                    -4.06879e-07
gnd_drv__t528                     -4.06881e-07
x3_lockout__t743                  -2.77895e-07
out__t990                          -3.6426e-07
out__t480                         -3.64281e-07
x3_lockout__t742                  -2.77315e-07
gnd_drv__t1069                    -4.06882e-07
gnd_drv__t536                     -4.06884e-07
x3_lockout__t757                  -2.76739e-07
out__t998                         -3.64302e-07
out__t504                         -3.64324e-07
x3_lockout__t789                  -2.76164e-07
gnd_drv__t1093                    -4.06886e-07
gnd_drv__t551                     -4.06888e-07
x3_lockout__t790                  -2.75591e-07
out__t1013                        -3.64345e-07
out__t505                         -3.64366e-07
x3_lockout__t791                   -2.7502e-07
gnd_drv__t1094                    -4.06889e-07
gnd_drv__t552                     -4.06891e-07
x3_lockout__t792                  -2.74452e-07
out__t1014                        -3.64386e-07
gnd_drv__t399                     -1.71626e-06
x2_n5__t161                            5.00002
out__t866                         -1.48017e-06
out__t469                         -3.64407e-07
x3_lockout__t721                  -2.73885e-07
gnd_drv__t1058                    -4.06892e-07
gnd_drv__t517                     -4.06894e-07
x3_lockout__t720                  -2.73321e-07
out__t979                         -3.64428e-07
out__t455                         -3.64448e-07
x3_lockout__t693                   -2.7276e-07
gnd_drv__t1037                    -4.06895e-07
gnd_drv__t498                     -4.06897e-07
x3_lockout__t692                    -2.722e-07
out__t965                         -3.64469e-07
out__t454                         -3.64489e-07
x3_lockout__t691                  -2.71644e-07
gnd_drv__t1036                    -4.06898e-07
gnd_drv__t497                       -4.069e-07
x3_lockout__t690                   -2.7109e-07
out__t964                         -3.64509e-07
out__t453                          -3.6453e-07
x3_lockout__t689                  -2.70538e-07
gnd_drv__t1035                    -4.06901e-07
gnd_drv__t496                     -4.06902e-07
x3_lockout__t688                  -2.69989e-07
out__t963                          -3.6455e-07
out__t452                         -3.64569e-07
x3_lockout__t687                  -2.69443e-07
gnd_drv__t1034                    -4.06903e-07
gnd_drv__t519                     -4.06904e-07
x3_lockout__t724                    -2.689e-07
out__t981                         -3.64589e-07
out__t355                         -1.47436e-06
x2_n5__t162                            5.00002
gnd_drv__t936                     -1.71107e-06
out__t35                          -3.64609e-07
x3_lockout__t67                    -2.6836e-07
gnd_drv__t591                     -4.06905e-07
gnd_drv__t84                      -4.06906e-07
x3_lockout__t136                  -2.67823e-07
out__t578                         -3.64629e-07
out__t68                          -3.64648e-07
x3_lockout__t137                  -2.67289e-07
gnd_drv__t624                     -4.06907e-07
gnd_drv__t85                      -4.06908e-07
x3_lockout__t138                  -2.66758e-07
out__t579                         -3.64667e-07
out__t69                          -3.64687e-07
x3_lockout__t139                  -2.66231e-07
gnd_drv__t625                     -4.06909e-07
gnd_drv__t78                      -4.06909e-07
x3_lockout__t125                  -2.65707e-07
out__t572                         -3.64706e-07
out__t42                          -3.64725e-07
x3_lockout__t81                   -2.65186e-07
gnd_drv__t598                      -4.0691e-07
gnd_drv__t55                      -4.06911e-07
x3_lockout__t82                   -2.64669e-07
out__t549                         -3.64744e-07
out__t43                          -3.64763e-07
x3_lockout__t83                   -2.64155e-07
gnd_drv__t599                     -4.06911e-07
gnd_drv__t56                      -4.06912e-07
x3_lockout__t84                   -2.63646e-07
out__t550                         -3.64781e-07
gnd_drv__t400                     -1.70534e-06
x2_n5__t163                            5.00002
out__t867                           -1.468e-06
out__t44                            -3.648e-07
x3_lockout__t85                   -2.63139e-07
gnd_drv__t600                     -4.06912e-07
gnd_drv__t57                      -4.06912e-07
x3_lockout__t86                   -2.62637e-07
out__t551                         -3.64819e-07
out__t45                          -3.64837e-07
x3_lockout__t87                   -2.62139e-07
gnd_drv__t601                     -4.06913e-07
gnd_drv__t58                      -4.06913e-07
x3_lockout__t88                   -2.61645e-07
out__t552                         -3.64855e-07
out__t46                          -3.64873e-07
x3_lockout__t89                   -2.61155e-07
gnd_drv__t602                     -4.06913e-07
gnd_drv__t59                      -4.06913e-07
x3_lockout__t90                   -2.60668e-07
out__t553                         -3.64891e-07
out__t47                          -3.64909e-07
x3_lockout__t91                   -2.60187e-07
gnd_drv__t603                     -4.06913e-07
gnd_drv__t60                      -4.06913e-07
x3_lockout__t92                   -2.59709e-07
out__t554                         -3.64927e-07
out__t48                          -3.64945e-07
x3_lockout__t93                   -2.59237e-07
gnd_drv__t604                     -4.06913e-07
gnd_drv__t61                      -4.06913e-07
x3_lockout__t94                   -2.58768e-07
out__t555                         -3.64962e-07
x1_nca__t2                             4.99995
x1_ncb__t4                        -5.07991e-05
vdd_drv__t672                                5
vdd_drv                                      5
x1_ncb__t1                         -3.9371e-05
x1_nca__t1                             5.00002
vdd_drv__t13                                 5
x1_nbuf1__t3                           4.99998
x1_ncb__t0                        -5.71812e-05
vdd_drv__t11                                 5
in_drv__t2                        -2.52502e-05
x1_nbuf1__t1                           4.99998
vdd_drv__t9                                  5
x2_n1__t2                              4.99997
in_drv__t1                        -5.93878e-05
vdd_drv__t15                                 5
x2_n2__t3                         -6.01936e-06
x2_n1__t0                              4.99998
vdd_drv__t7                                  5
x2_n3__t3                                    5
x2_n2__t1                         -2.70159e-06
vdd_drv__t5                                  5
x2_n4__t207                       -3.37825e-05
x2_n3__t0                              4.99993
vdd_drv__t3                            5.00001
vdd_drv__t1322                         5.00001
x2_n3__t2                              4.99993
x2_n4__t206                       -3.22544e-05
x2_n4__t204                       -3.06426e-05
x2_n3__t44                             4.99993
vdd_drv__t1321                         5.00001
vdd_drv__t1000                         5.00001
x2_n3__t43                             4.99993
x2_n4__t220                       -2.89633e-05
x2_n4__t203                       -2.72351e-05
x2_n3__t42                             4.99994
vdd_drv__t1320                         5.00001
vdd_drv__t999                          5.00001
x2_n3__t41                             4.99994
x2_n4__t219                       -2.54883e-05
x2_n4__t202                       -2.37694e-05
x2_n3__t40                             4.99995
vdd_drv__t1319                         5.00001
vdd_drv__t998                          5.00001
x2_n3__t39                             4.99996
x2_n4__t218                       -2.21434e-05
x2_n4__t201                       -2.06949e-05
x2_n3__t38                             4.99997
vdd_drv__t1318                         5.00001
vdd_drv__t997                          5.00001
x2_n3__t37                             4.99998
x2_n4__t217                       -1.95178e-05
x2_n4__t200                       -1.86816e-05
x2_n3__t36                             4.99998
vdd_drv__t1317                         5.00001
vdd_drv__t991                          5.00001
x2_n3__t31                             4.99999
x2_n4__t215                       -1.81621e-05
x2_n4__t196                       -1.78162e-05
x2_n3__t30                             4.99999
vdd_drv__t1307                         5.00001
vdd_drv__t990                          5.00001
x2_n3__t29                             4.99999
x2_n4__t214                       -1.75687e-05
x2_n4__t195                       -1.75184e-05
x2_n3__t28                             4.99998
vdd_drv__t1306                         5.00001
vdd_drv__t989                          5.00001
x2_n3__t27                             4.99997
x2_n4__t213                       -1.77328e-05
x2_n4__t199                        -1.8171e-05
x2_n3__t35                             4.99996
vdd_drv__t1313                         5.00001
vdd_drv__t987                          5.00001
x2_n3__t26                             4.99995
x2_n4__t212                       -1.87476e-05
x2_n4__t194                       -1.93812e-05
x2_n3__t25                             4.99995
vdd_drv__t1305                         5.00001
vdd_drv__t986                          5.00001
x2_n3__t24                             4.99994
x2_n4__t211                       -2.00108e-05
x2_n4__t193                       -2.05958e-05
x2_n3__t23                             4.99994
vdd_drv__t1304                         5.00001
vdd_drv__t985                          5.00001
x2_n3__t22                             4.99993
x2_n4__t210                       -2.11131e-05
x2_n4__t205                       -2.15518e-05
x2_n3__t45                             4.99993
vdd_drv__t1323                         5.00001
vdd_drv__t984                          5.00001
x2_n3__t21                             4.99993
x2_n4__t209                       -2.19098e-05
x2_n4__t198                       -2.21904e-05
x2_n3__t34                             4.99993
vdd_drv__t1309                         5.00001
vdd_drv__t992                                5
x2_n3__t33                             4.99993
x2_n4__t216                       -2.24004e-05
x2_n4__t197                       -2.25481e-05
x2_n3__t32                             4.99993
vdd_drv__t1308                               5
vdd_drv__t983                                5
x2_n3__t20                             4.99993
x2_n4__t208                       -2.26428e-05
x2_n4__t191                       -2.26938e-05
x2_n3__t19                             4.99993
vdd_drv__t1303                               5
vdd_drv__t18                                 5
x2_n3__t4                              4.99993
x2_n4__t192                       -2.27067e-05
vdd_drv__t905                                5
x2_n4__t91                        -1.50659e-05
x2_n5__t854                            4.99998
x2_n5__t793                            4.99998
x2_n4__t90                         -1.5897e-05
vdd_drv__t1227                               5
vdd_drv__t908                                5
x2_n4__t96                        -1.66764e-05
x2_n5__t857                            4.99998
x2_n5__t801                            4.99998
x2_n4__t108                       -1.74024e-05
vdd_drv__t1235                               5
vdd_drv__t914                                5
x2_n4__t107                       -1.80742e-05
x2_n5__t863                            4.99998
x2_n5__t798                            4.99998
x2_n4__t102                       -1.86916e-05
vdd_drv__t1232                               5
vdd_drv__t911                                5
x2_n4__t101                        -1.9255e-05
x2_n5__t860                            4.99998
x2_n5__t797                            4.99998
x2_n4__t100                        -1.9765e-05
vdd_drv__t1231                               5
vdd_drv__t909                                5
x2_n4__t98                        -2.02228e-05
x2_n5__t858                            4.99998
x2_n5__t796                            4.99997
x2_n4__t97                        -2.06297e-05
vdd_drv__t1230                               5
vdd_drv__t917                                5
x2_n4__t114                       -2.09875e-05
x2_n5__t866                            4.99997
x2_n5__t804                            4.99997
x2_n4__t113                       -2.12976e-05
vdd_drv__t1238                               5
vdd_drv__t907                                5
x2_n4__t95                        -2.15622e-05
x2_n5__t856                            4.99997
x2_n5__t795                            4.99997
x2_n4__t94                        -2.17833e-05
vdd_drv__t1229                               5
vdd_drv__t906                                5
x2_n4__t93                        -2.19629e-05
x2_n5__t855                            4.99997
x2_n5__t794                            4.99997
x2_n4__t92                        -2.21031e-05
vdd_drv__t1228                               5
vdd_drv__t904                                5
x2_n4__t89                        -2.22061e-05
x2_n5__t853                            4.99997
x2_n5__t792                            4.99997
x2_n4__t88                        -2.22741e-05
vdd_drv__t1226                               5
vdd_drv__t902                                5
x2_n4__t87                        -2.23091e-05
x2_n5__t852                            4.99997
x2_n5__t791                            4.99997
x2_n4__t86                        -2.23132e-05
vdd_drv__t1225                               5
vdd_drv__t893                                5
x2_n4__t70                        -2.22885e-05
x2_n5__t843                            4.99997
x2_n5__t835                            4.99997
x2_n4__t175                        -2.2237e-05
vdd_drv__t1314                               5
vdd_drv__t995                                5
x2_n4__t174                       -2.21605e-05
x2_n5__t896                            4.99997
x2_n5__t834                            4.99997
x2_n4__t173                       -2.20608e-05
vdd_drv__t1311                               5
vdd_drv__t994                                5
x2_n4__t172                       -2.19399e-05
x2_n5__t895                            4.99997
x2_n5__t833                            4.99997
x2_n4__t171                       -2.17994e-05
vdd_drv__t1310                               5
vdd_drv__t993                                5
x2_n4__t170                        -2.1641e-05
x2_n5__t894                            4.99997
x2_n5__t782                            4.99997
x2_n4__t68                        -2.14661e-05
vdd_drv__t1216                               5
vdd_drv__t892                                5
x2_n4__t67                        -2.12762e-05
x2_n5__t842                            4.99997
x2_n5__t781                            4.99997
x2_n4__t66                        -2.10728e-05
vdd_drv__t1215                               5
vdd_drv__t891                                5
x2_n4__t65                        -2.08571e-05
x2_n5__t841                            4.99997
x2_n5__t780                            4.99997
x2_n4__t64                        -2.06304e-05
vdd_drv__t1214                               5
vdd_drv__t890                                5
x2_n4__t63                        -2.03938e-05
x2_n5__t840                            4.99997
x2_n5__t779                            4.99997
x2_n4__t62                        -2.01484e-05
vdd_drv__t1213                               5
vdd_drv__t889                                5
x2_n4__t61                        -1.98952e-05
x2_n5__t839                            4.99997
x2_n5__t778                            4.99997
x2_n4__t60                        -1.96351e-05
vdd_drv__t1212                               5
vdd_drv__t888                                5
x2_n4__t59                         -1.9369e-05
x2_n5__t838                            4.99997
x2_n5__t777                            4.99997
x2_n4__t58                        -1.90978e-05
vdd_drv__t1211                               5
vdd_drv__t887                                5
x2_n4__t57                        -1.88221e-05
x2_n5__t837                            4.99997
x2_n5__t776                            4.99997
x2_n4__t56                        -1.85426e-05
vdd_drv__t1210                               5
vdd_drv__t910                                5
x2_n4__t99                          -1.826e-05
x2_n5__t859                            4.99997
x2_n5__t808                            4.99997
x2_n4__t121                       -1.79749e-05
vdd_drv__t1242                               5
vdd_drv__t921                                5
x2_n4__t122                       -1.76878e-05
x2_n5__t870                            4.99997
x2_n5__t812                            4.99997
x2_n4__t129                        -1.7399e-05
vdd_drv__t1246                               5
vdd_drv__t933                                5
x2_n4__t140                       -1.71093e-05
x2_n5__t879                            4.99997
x2_n5__t813                            4.99997
x2_n4__t131                       -1.68188e-05
vdd_drv__t1247                               5
vdd_drv__t926                                5
x2_n4__t132                        -1.6528e-05
x2_n5__t875                            4.99997
x2_n5__t814                            4.99997
x2_n4__t133                       -1.62371e-05
vdd_drv__t1248                               5
vdd_drv__t927                                5
x2_n4__t134                       -1.59464e-05
x2_n5__t876                            4.99997
x2_n5__t815                            4.99997
x2_n4__t135                       -1.56563e-05
vdd_drv__t1249                               5
vdd_drv__t928                                5
x2_n4__t136                       -1.53669e-05
x2_n5__t877                            4.99997
x2_n5__t816                            4.99997
x2_n4__t137                       -1.50784e-05
vdd_drv__t1250                               5
vdd_drv__t929                                5
x2_n4__t138                       -1.47911e-05
x2_n5__t878                            4.99997
x2_n5__t817                            4.99997
x2_n4__t139                       -1.45048e-05
vdd_drv__t1251                               5
vdd_drv__t923                                5
x2_n4__t126                       -1.42201e-05
x2_n5__t872                            4.99997
x2_n5__t811                            4.99997
x2_n4__t127                       -1.39369e-05
vdd_drv__t1245                               5
vdd_drv__t924                                5
x2_n4__t128                       -1.36553e-05
x2_n5__t873                            4.99997
x2_n5__t809                            4.99997
x2_n4__t123                       -1.33752e-05
vdd_drv__t1243                               5
vdd_drv__t922                                5
x2_n4__t124                        -1.3097e-05
x2_n5__t871                            4.99997
x2_n5__t810                            4.99997
x2_n4__t125                       -1.28206e-05
vdd_drv__t1244                               5
vdd_drv__t23                                 5
x2_n4__t55                        -1.25415e-05
x2_n5__t775                            4.99997
x2_n5__t836                            4.99998
x2_n4__t176                       -2.67887e-05
vdd_drv__t678                                5
vdd_drv__t937                                5
x2_n4__t150                       -2.68745e-05
x2_n5__t883                            4.99998
x2_n5__t823                            4.99998
x2_n4__t149                        -2.6922e-05
vdd_drv__t1260                               5
vdd_drv__t936                                5
x2_n4__t148                       -2.69458e-05
x2_n5__t882                            4.99998
x2_n5__t822                            4.99998
x2_n4__t147                       -2.69439e-05
vdd_drv__t1259                               5
vdd_drv__t919                                5
x2_n4__t119                       -2.69148e-05
x2_n5__t868                            4.99998
x2_n5__t807                            4.99998
x2_n4__t118                       -2.68567e-05
vdd_drv__t1241                               5
vdd_drv__t918                                5
x2_n4__t117                       -2.67677e-05
x2_n5__t867                            4.99998
x2_n5__t806                            4.99998
x2_n4__t116                       -2.66461e-05
vdd_drv__t1240                               5
vdd_drv__t940                                5
x2_n4__t154                       -2.64898e-05
x2_n5__t886                            4.99998
x2_n5__t831                            4.99998
x2_n4__t168                       -2.62971e-05
vdd_drv__t1268                               5
vdd_drv__t948                                5
x2_n4__t167                        -2.6066e-05
x2_n5__t893                            4.99998
x2_n5__t830                            4.99998
x2_n4__t166                       -2.57946e-05
vdd_drv__t1267                               5
vdd_drv__t947                                5
x2_n4__t165                        -2.5481e-05
x2_n5__t892                            4.99998
x2_n5__t829                            4.99998
x2_n4__t164                       -2.51234e-05
vdd_drv__t1266                               5
vdd_drv__t945                                5
x2_n4__t163                       -2.47199e-05
x2_n5__t891                            4.99998
x2_n5__t828                            4.99998
x2_n4__t162                       -2.42689e-05
vdd_drv__t1265                               5
vdd_drv__t944                                5
x2_n4__t161                       -2.37688e-05
x2_n5__t890                            4.99998
x2_n5__t827                            4.99998
x2_n4__t160                       -2.32181e-05
vdd_drv__t1264                               5
vdd_drv__t943                                5
x2_n4__t159                       -2.26157e-05
x2_n5__t889                            4.99998
x2_n5__t826                            4.99998
x2_n4__t158                       -2.19604e-05
vdd_drv__t1263                               5
vdd_drv__t942                                5
x2_n4__t157                       -2.12517e-05
x2_n5__t888                            4.99998
x2_n5__t825                            4.99998
x2_n4__t156                       -2.04894e-05
vdd_drv__t1262                               5
vdd_drv__t941                                5
x2_n4__t155                       -1.96732e-05
x2_n5__t887                            4.99998
x2_n5__t832                            4.99998
x2_n4__t169                        -1.8804e-05
vdd_drv__t1269                               5
vdd_drv__t939                                5
x2_n4__t153                       -1.78828e-05
x2_n5__t885                            4.99998
x2_n5__t824                            4.99998
x2_n4__t152                       -1.69118e-05
vdd_drv__t1261                               5
vdd_drv__t938                                5
x2_n4__t151                       -1.58936e-05
x2_n5__t884                            4.99998
x2_n5__t783                            4.99998
x2_n4__t69                        -1.48319e-05
vdd_drv__t1217                               5
vdd_drv__t898                                5
x2_n4__t80                        -1.37315e-05
x2_n5__t848                            4.99998
x2_n5__t788                            4.99998
x2_n4__t79                        -1.25984e-05
vdd_drv__t1222                               5
vdd_drv__t897                                5
x2_n4__t78                        -1.14403e-05
x2_n5__t847                            4.99998
x2_n5__t787                            4.99998
x2_n4__t77                        -1.02664e-05
vdd_drv__t1221                               5
vdd_drv__t896                                5
x2_n4__t76                        -9.08776e-06
x2_n5__t846                            4.99998
x2_n5__t786                            4.99998
x2_n4__t75                        -7.91775e-06
vdd_drv__t1220                               5
vdd_drv__t895                                5
x2_n4__t74                        -6.77224e-06
x2_n5__t845                            4.99998
x2_n5__t785                            4.99998
x2_n4__t73                        -5.66963e-06
vdd_drv__t1219                               5
vdd_drv__t901                                5
x2_n4__t85                        -4.63181e-06
x2_n5__t851                            4.99998
x2_n5__t819                            4.99998
x2_n4__t143                       -3.68366e-06
vdd_drv__t1256                               5
vdd_drv__t934                                5
x2_n4__t142                       -2.85347e-06
x2_n5__t880                            4.99998
x2_n5__t818                            4.99998
x2_n4__t141                       -2.17285e-06
vdd_drv__t1254                               5
vdd_drv__t925                                5
x2_n4__t130                       -1.67408e-06
x2_n5__t874                            4.99998
x2_n5__t790                            4.99998
x2_n4__t84                        -1.38166e-06
vdd_drv__t1224                               5
vdd_drv__t900                                5
x2_n4__t83                        -1.28172e-06
x2_n5__t850                            4.99998
x2_n5__t789                            4.99998
x2_n4__t82                         -1.2722e-06
vdd_drv__t1223                               5
vdd_drv__t899                                5
x2_n4__t81                        -1.32205e-06
x2_n5__t849                            4.99998
x2_n5__t784                            4.99998
x2_n4__t72                        -1.53591e-06
vdd_drv__t1218                               5
vdd_drv__t894                                5
x2_n4__t71                        -1.94617e-06
x2_n5__t844                            4.99998
x2_n5__t821                            4.99998
x2_n4__t146                        -2.5338e-06
vdd_drv__t1258                               5
vdd_drv__t935                                5
x2_n4__t145                       -3.26763e-06
x2_n5__t881                            4.99998
x2_n5__t820                            4.99998
x2_n4__t144                       -4.11646e-06
vdd_drv__t1257                               5
vdd_drv__t920                                5
x2_n4__t120                       -5.05167e-06
x2_n5__t869                            4.99998
x2_n5__t800                            4.99998
x2_n4__t106                       -6.04786e-06
vdd_drv__t1234                               5
vdd_drv__t913                                5
x2_n4__t105                       -7.08344e-06
x2_n5__t862                            4.99998
x2_n5__t799                            4.99998
x2_n4__t104                       -8.13944e-06
vdd_drv__t1233                               5
vdd_drv__t912                                5
x2_n4__t103                       -9.20038e-06
x2_n5__t861                            4.99998
x2_n5__t805                            4.99998
x2_n4__t115                       -1.02528e-05
vdd_drv__t1239                               5
vdd_drv__t916                                5
x2_n4__t112                       -1.12856e-05
x2_n5__t865                            4.99998
x2_n5__t803                            4.99998
x2_n4__t111                       -1.22899e-05
vdd_drv__t1237                               5
vdd_drv__t915                                5
x2_n4__t110                       -1.32584e-05
x2_n5__t864                            4.99998
x2_n5__t802                            4.99998
x2_n4__t109                       -1.41852e-05
vdd_drv__t1236                               5
vdd_drv__t956                                5
x2_n5__t655                            4.99998
out__t1488                        -3.85003e-07
out__t1239                        -3.85721e-07
x2_n5__t661                            4.99998
vdd_drv__t1279                               5
vdd_drv__t959                                5
x2_n5__t660                            4.99998
out__t1491                        -3.86443e-07
out__t1238                        -3.87178e-07
x2_n5__t659                            4.99998
vdd_drv__t1278                               5
vdd_drv__t958                                5
x2_n5__t658                            4.99998
out__t1490                        -3.87909e-07
out__t1237                        -3.88654e-07
x2_n5__t657                            4.99998
vdd_drv__t1277                               5
vdd_drv__t957                                5
x2_n5__t656                            4.99998
out__t1489                        -3.89403e-07
out__t1244                        -3.90156e-07
x2_n5__t670                            4.99998
vdd_drv__t1284                               5
vdd_drv__t955                                5
x2_n5__t654                            4.99998
out__t1487                        -3.90923e-07
out__t1236                        -3.91695e-07
x2_n5__t653                            4.99998
vdd_drv__t1276                               5
vdd_drv__t954                                5
x2_n5__t652                            4.99998
out__t1486                        -3.92471e-07
out__t1269                        -3.93252e-07
x2_n5__t718                            4.99998
vdd_drv__t1327                               5
vdd_drv__t963                                5
x2_n5__t669                            4.99998
out__t1495                        -3.94047e-07
out__t1243                        -3.94847e-07
x2_n5__t668                            4.99998
vdd_drv__t1283                               5
vdd_drv__t962                                5
x2_n5__t667                            4.99998
out__t1494                        -3.95651e-07
out__t1242                        -3.96461e-07
x2_n5__t666                            4.99998
vdd_drv__t1282                               5
vdd_drv__t961                                5
x2_n5__t665                            4.99998
out__t1493                        -3.97275e-07
out__t1241                        -3.98103e-07
x2_n5__t664                            4.99998
vdd_drv__t1281                               5
vdd_drv__t960                                5
x2_n5__t663                            4.99998
out__t1492                        -3.98936e-07
out__t1240                        -3.99774e-07
x2_n5__t662                            4.99998
vdd_drv__t1280                               5
vdd_drv__t949                                5
x2_n5__t642                            4.99998
out__t1481                        -4.00626e-07
out__t1230                        -4.01474e-07
x2_n5__t641                            4.99998
vdd_drv__t1270                               5
vdd_drv__t971                                5
x2_n5__t685                            4.99998
out__t1503                        -4.02336e-07
out__t1259                        -4.03203e-07
x2_n5__t700                            4.99998
vdd_drv__t1299                               5
vdd_drv__t977                                5
x2_n5__t698                            4.99998
out__t1509                        -4.04085e-07
out__t1258                        -4.04963e-07
x2_n5__t697                            4.99998
vdd_drv__t1298                               5
vdd_drv__t978                                5
x2_n5__t699                            4.99998
out__t1510                        -4.05855e-07
out__t1257                        -4.06752e-07
x2_n5__t696                            4.99998
vdd_drv__t1297                               5
vdd_drv__t976                                5
x2_n5__t695                            4.99998
out__t1508                        -4.07654e-07
out__t1256                        -4.08561e-07
x2_n5__t694                            4.99998
vdd_drv__t1296                               5
vdd_drv__t975                                5
x2_n5__t693                            4.99998
out__t1507                        -4.09473e-07
out__t1255                        -4.10401e-07
x2_n5__t692                            4.99998
vdd_drv__t1295                               5
vdd_drv__t974                                5
x2_n5__t691                            4.99998
out__t1506                        -4.11333e-07
out__t1254                        -4.12271e-07
x2_n5__t690                            4.99998
vdd_drv__t1294                               5
vdd_drv__t973                                5
x2_n5__t689                            4.99998
out__t1505                        -4.13214e-07
out__t1253                        -4.14162e-07
x2_n5__t688                            4.99998
vdd_drv__t1293                               5
vdd_drv__t972                                5
x2_n5__t687                            4.99998
out__t1504                        -4.15125e-07
out__t1252                        -4.16094e-07
x2_n5__t686                            4.99998
vdd_drv__t1292                               5
vdd_drv__t979                                5
x2_n5__t701                            4.99998
out__t1511                        -4.17057e-07
out__t1251                        -4.18047e-07
x2_n5__t684                            4.99998
vdd_drv__t1291                               5
vdd_drv__t970                                5
x2_n5__t683                            4.99998
out__t1502                        -4.19031e-07
out__t1250                         -4.2002e-07
x2_n5__t682                            4.99998
vdd_drv__t1290                               5
vdd_drv__t969                                5
x2_n5__t681                            4.99998
out__t1501                        -4.21026e-07
out__t1249                        -4.22025e-07
x2_n5__t680                            4.99998
vdd_drv__t1289                               5
vdd_drv__t968                                5
x2_n5__t679                            4.99998
out__t1500                        -4.23041e-07
out__t1248                        -4.24062e-07
x2_n5__t678                            4.99998
vdd_drv__t1288                               5
vdd_drv__t967                                5
x2_n5__t677                            4.99998
out__t1499                          -4.251e-07
out__t1247                        -4.26131e-07
x2_n5__t676                            4.99998
vdd_drv__t1287                               5
vdd_drv__t966                                5
x2_n5__t675                            4.99998
out__t1498                        -4.27167e-07
out__t1246                         -4.2822e-07
x2_n5__t674                            4.99998
vdd_drv__t1286                               5
vdd_drv__t965                                5
x2_n5__t673                            4.99998
out__t1497                        -4.29279e-07
out__t1245                        -4.30342e-07
x2_n5__t672                            4.99998
vdd_drv__t1285                               5
vdd_drv__t964                                5
x2_n5__t671                            4.99998
out__t1496                        -4.31411e-07
out__t1263                        -4.32485e-07
x2_n5__t709                            4.99998
vdd_drv__t1312                               5
vdd_drv__t932                                5
x2_n5__t638                            4.99998
out__t1479                        -4.33576e-07
out__t1235                         -4.3466e-07
x2_n5__t651                            4.99998
vdd_drv__t1275                               5
vdd_drv__t953                                5
x2_n5__t650                            4.99999
out__t1485                        -4.35762e-07
out__t1234                        -4.36869e-07
x2_n5__t649                            4.99999
vdd_drv__t1274                               5
vdd_drv__t952                                5
x2_n5__t648                            4.99999
out__t1484                        -4.37982e-07
out__t1233                        -4.39099e-07
x2_n5__t647                            4.99999
vdd_drv__t1273                               5
vdd_drv__t951                                5
x2_n5__t646                            4.99999
out__t1483                        -4.40221e-07
out__t1232                        -4.41349e-07
x2_n5__t645                            4.99999
vdd_drv__t1272                               5
vdd_drv__t24                                 5
x2_n5__t221                            4.99999
out__t1020                        -4.42423e-07
out__t1060                        -3.53155e-07
x2_n5__t298                            4.99998
vdd_drv__t1043                               5
vdd_drv__t718                                5
x2_n5__t297                            4.99998
out__t1307                        -3.53515e-07
out__t1087                        -3.53875e-07
x2_n5__t350                            4.99998
vdd_drv__t1070                               5
vdd_drv__t723                                5
x2_n5__t308                            4.99998
out__t1312                        -3.54241e-07
out__t1072                        -3.54614e-07
x2_n5__t321                            4.99998
vdd_drv__t1055                               5
vdd_drv__t729                                5
x2_n5__t320                            4.99998
out__t1318                        -3.54989e-07
out__t1071                        -3.55371e-07
x2_n5__t319                            4.99998
vdd_drv__t1054                               5
vdd_drv__t728                                5
x2_n5__t318                            4.99998
out__t1317                        -3.55759e-07
out__t1070                        -3.56147e-07
x2_n5__t317                            4.99998
vdd_drv__t1053                               5
vdd_drv__t727                                5
x2_n5__t316                            4.99998
out__t1316                        -3.56546e-07
out__t1069                        -3.56944e-07
x2_n5__t315                            4.99998
vdd_drv__t1052                               5
vdd_drv__t726                                5
x2_n5__t314                            4.99998
out__t1315                        -3.57352e-07
out__t1068                        -3.57764e-07
x2_n5__t313                            4.99998
vdd_drv__t1051                               5
vdd_drv__t725                                5
x2_n5__t312                            4.99998
out__t1314                        -3.58179e-07
out__t1067                        -3.58602e-07
x2_n5__t311                            4.99998
vdd_drv__t1050                               5
vdd_drv__t724                                5
x2_n5__t310                            4.99998
out__t1313                        -3.59028e-07
out__t1066                        -3.59457e-07
x2_n5__t309                            4.99998
vdd_drv__t1049                               5
vdd_drv__t730                                5
x2_n5__t322                            4.99998
out__t1319                        -3.59897e-07
out__t1065                        -3.60337e-07
x2_n5__t307                            4.99998
vdd_drv__t1048                               5
vdd_drv__t722                                5
x2_n5__t306                            4.99998
out__t1311                        -3.60785e-07
out__t1064                         -3.6124e-07
x2_n5__t305                            4.99998
vdd_drv__t1047                               5
vdd_drv__t721                                5
x2_n5__t304                            4.99998
out__t1310                        -3.61699e-07
out__t1063                        -3.62161e-07
x2_n5__t303                            4.99998
vdd_drv__t1046                               5
vdd_drv__t720                                5
x2_n5__t302                            4.99998
out__t1309                        -3.62632e-07
out__t1062                        -3.63111e-07
x2_n5__t301                            4.99998
vdd_drv__t1045                               5
vdd_drv__t719                                5
x2_n5__t300                            4.99998
out__t1308                        -3.63589e-07
out__t1061                        -3.64075e-07
x2_n5__t299                            4.99998
vdd_drv__t1044                               5
vdd_drv__t744                                5
x2_n5__t351                            4.99998
out__t1333                         -3.6457e-07
out__t1131                        -3.65068e-07
x2_n5__t438                            4.99998
vdd_drv__t1114                               5
vdd_drv__t702                                5
x2_n5__t265                            4.99998
out__t1291                        -3.65576e-07
out__t1043                        -3.66082e-07
x2_n5__t264                            4.99998
vdd_drv__t1026                               5
vdd_drv__t701                                5
x2_n5__t263                            4.99998
out__t1290                        -3.66602e-07
out__t1042                        -3.67121e-07
x2_n5__t262                            4.99998
vdd_drv__t1025                               5
vdd_drv__t700                                5
x2_n5__t261                            4.99998
out__t1289                        -3.67648e-07
out__t1041                        -3.68186e-07
x2_n5__t260                            4.99998
vdd_drv__t1024                               5
vdd_drv__t821                                5
x2_n5__t502                            4.99998
out__t1410                        -3.68727e-07
out__t1161                        -3.69272e-07
x2_n5__t501                            4.99998
vdd_drv__t1144                               5
vdd_drv__t950                                5
x2_n5__t644                            4.99998
out__t1482                        -3.69821e-07
out__t1231                         -3.7038e-07
x2_n5__t643                            4.99998
vdd_drv__t1271                               5
vdd_drv__t1001                               5
x2_n5__t713                            4.99998
out__t1517                        -3.70949e-07
out__t1267                        -3.71516e-07
x2_n5__t715                            4.99998
vdd_drv__t1325                               5
vdd_drv__t1002                               5
x2_n5__t716                            4.99998
out__t1518                        -3.72093e-07
out__t1268                        -3.72681e-07
x2_n5__t717                            4.99998
vdd_drv__t1326                               5
vdd_drv__t1003                               5
x2_n5__t719                            4.99998
out__t1519                        -3.73272e-07
out__t1266                        -3.73868e-07
x2_n5__t714                            4.99998
vdd_drv__t1324                               5
vdd_drv__t988                                5
x2_n5__t708                            4.99998
out__t1515                        -3.74468e-07
out__t1260                        -3.75078e-07
x2_n5__t702                            4.99998
vdd_drv__t1300                               5
vdd_drv__t980                                5
x2_n5__t703                            4.99998
out__t1512                        -3.75693e-07
out__t1261                        -3.76319e-07
x2_n5__t704                            4.99998
vdd_drv__t1301                               5
vdd_drv__t981                                5
x2_n5__t705                            4.99998
out__t1513                        -3.76949e-07
out__t1262                        -3.77583e-07
x2_n5__t706                            4.99998
vdd_drv__t1302                               5
vdd_drv__t982                                5
x2_n5__t707                            4.99998
out__t1514                        -3.78222e-07
out__t1229                        -3.78872e-07
x2_n5__t639                            4.99998
vdd_drv__t1255                               5
vdd_drv__t946                                5
x2_n5__t640                            4.99998
out__t1480                        -3.79526e-07
out__t1227                        -3.80185e-07
x2_n5__t634                            4.99998
vdd_drv__t1252                               5
vdd_drv__t930                                5
x2_n5__t635                            4.99998
out__t1477                        -3.80856e-07
out__t1228                        -3.81531e-07
x2_n5__t636                            4.99998
vdd_drv__t1253                               5
vdd_drv__t931                                5
x2_n5__t637                            4.99998
out__t1478                         -3.8221e-07
out__t1265                        -3.82901e-07
x2_n5__t712                            4.99998
vdd_drv__t1316                               5
vdd_drv__t996                                5
x2_n5__t711                            4.99998
out__t1516                        -3.83598e-07
out__t1264                        -3.84298e-07
x2_n5__t710                            4.99998
vdd_drv__t1315                               5
vdd_drv__t717                                5
x2_n5__t296                            4.99998
out__t1306                        -3.52804e-07
out__t1091                        -3.39156e-07
x2_n5__t358                            4.99999
vdd_drv__t1074                               5
vdd_drv__t747                                5
x2_n5__t357                            4.99999
out__t1336                        -3.39222e-07
out__t1090                        -3.39296e-07
x2_n5__t356                            4.99999
vdd_drv__t1073                               5
vdd_drv__t746                                5
x2_n5__t355                            4.99999
out__t1335                        -3.39375e-07
out__t1089                        -3.39462e-07
x2_n5__t354                            4.99999
vdd_drv__t1072                               5
vdd_drv__t745                                5
x2_n5__t353                            4.99999
out__t1334                        -3.39553e-07
out__t1116                        -3.39651e-07
x2_n5__t409                            4.99999
vdd_drv__t1099                               5
vdd_drv__t773                                5
x2_n5__t408                            4.99999
out__t1362                        -3.39756e-07
out__t1115                        -3.39865e-07
x2_n5__t407                            4.99999
vdd_drv__t1098                               5
vdd_drv__t772                                5
x2_n5__t406                            4.99999
out__t1361                        -3.39981e-07
out__t1114                        -3.40102e-07
x2_n5__t405                            4.99999
vdd_drv__t1097                               5
vdd_drv__t771                                5
x2_n5__t404                            4.99999
out__t1360                        -3.40228e-07
out__t1113                        -3.40359e-07
x2_n5__t403                            4.99999
vdd_drv__t1096                               5
vdd_drv__t770                                5
x2_n5__t402                            4.99999
out__t1359                        -3.40496e-07
out__t1112                        -3.40636e-07
x2_n5__t401                            4.99999
vdd_drv__t1095                               5
vdd_drv__t763                                5
x2_n5__t387                            4.99999
out__t1352                        -3.40783e-07
out__t1085                        -3.40935e-07
x2_n5__t347                            4.99999
vdd_drv__t1068                               5
vdd_drv__t742                                5
x2_n5__t346                            4.99999
out__t1331                        -3.41091e-07
out__t1084                        -3.41252e-07
x2_n5__t345                            4.99998
vdd_drv__t1067                               5
vdd_drv__t741                                5
x2_n5__t344                            4.99998
out__t1330                        -3.41418e-07
out__t1083                        -3.41588e-07
x2_n5__t343                            4.99998
vdd_drv__t1066                               5
vdd_drv__t740                                5
x2_n5__t342                            4.99998
out__t1329                        -3.41762e-07
out__t1082                        -3.41942e-07
x2_n5__t341                            4.99998
vdd_drv__t1065                               5
vdd_drv__t739                                5
x2_n5__t340                            4.99998
out__t1328                        -3.42124e-07
out__t1081                        -3.42313e-07
x2_n5__t339                            4.99998
vdd_drv__t1064                               5
vdd_drv__t738                                5
x2_n5__t338                            4.99998
out__t1327                        -3.42505e-07
out__t1080                          -3.427e-07
x2_n5__t337                            4.99998
vdd_drv__t1063                               5
vdd_drv__t737                                5
x2_n5__t336                            4.99998
out__t1326                          -3.429e-07
out__t1086                        -3.43105e-07
x2_n5__t348                            4.99998
vdd_drv__t1069                               5
vdd_drv__t736                                5
x2_n5__t334                            4.99998
out__t1325                        -3.43315e-07
out__t1078                        -3.43528e-07
x2_n5__t333                            4.99998
vdd_drv__t1061                               5
vdd_drv__t735                                5
x2_n5__t332                            4.99998
out__t1324                        -3.43743e-07
out__t1077                        -3.43964e-07
x2_n5__t331                            4.99998
vdd_drv__t1060                               5
vdd_drv__t748                                5
x2_n5__t359                            4.99998
out__t1337                        -3.44189e-07
out__t1088                        -3.44419e-07
x2_n5__t352                            4.99998
vdd_drv__t1071                               5
vdd_drv__t694                                5
x2_n5__t245                            4.99998
out__t1283                        -3.44652e-07
out__t1037                        -3.44887e-07
x2_n5__t256                            4.99998
vdd_drv__t1020                               5
vdd_drv__t693                                5
x2_n5__t243                            4.99998
out__t1282                        -3.45127e-07
out__t1030                        -3.45372e-07
x2_n5__t241                            4.99998
vdd_drv__t1013                               5
vdd_drv__t691                                5
x2_n5__t240                            4.99998
out__t1280                         -3.4562e-07
out__t1029                        -3.45873e-07
x2_n5__t239                            4.99998
vdd_drv__t1012                               5
vdd_drv__t690                                5
x2_n5__t238                            4.99998
out__t1279                         -3.4613e-07
out__t1028                         -3.4639e-07
x2_n5__t237                            4.99998
vdd_drv__t1011                               5
vdd_drv__t689                                5
x2_n5__t236                            4.99998
out__t1278                        -3.46655e-07
out__t1027                        -3.46922e-07
x2_n5__t235                            4.99998
vdd_drv__t1010                               5
vdd_drv__t688                                5
x2_n5__t234                            4.99998
out__t1277                        -3.47195e-07
out__t1026                        -3.47472e-07
x2_n5__t233                            4.99998
vdd_drv__t1009                               5
vdd_drv__t687                                5
x2_n5__t232                            4.99998
out__t1276                        -3.47752e-07
out__t1025                        -3.48035e-07
x2_n5__t231                            4.99998
vdd_drv__t1008                               5
vdd_drv__t686                                5
x2_n5__t230                            4.99998
out__t1275                        -3.48325e-07
out__t1024                        -3.48615e-07
x2_n5__t229                            4.99998
vdd_drv__t1007                               5
vdd_drv__t685                                5
x2_n5__t228                            4.99998
out__t1274                        -3.48914e-07
out__t1023                        -3.49214e-07
x2_n5__t227                            4.99998
vdd_drv__t1006                               5
vdd_drv__t684                                5
x2_n5__t226                            4.99998
out__t1273                        -3.49518e-07
out__t1022                        -3.49826e-07
x2_n5__t225                            4.99998
vdd_drv__t1005                               5
vdd_drv__t683                                5
x2_n5__t224                            4.99998
out__t1272                         -3.5014e-07
out__t1021                        -3.50457e-07
x2_n5__t223                            4.99998
vdd_drv__t1004                               5
vdd_drv__t682                                5
x2_n5__t222                            4.99998
out__t1271                        -3.50779e-07
out__t1031                        -3.51108e-07
x2_n5__t244                            4.99998
vdd_drv__t1014                               5
vdd_drv__t692                                5
x2_n5__t242                            4.99998
out__t1281                        -3.51438e-07
out__t1045                        -3.51772e-07
x2_n5__t268                            4.99998
vdd_drv__t1028                               5
vdd_drv__t703                                5
x2_n5__t267                            4.99998
out__t1292                        -3.52111e-07
out__t1044                        -3.52456e-07
x2_n5__t266                            4.99998
vdd_drv__t1027                               5
vdd_drv__t695                                5
x2_n5__t246                            4.99999
out__t1284                         -3.5807e-07
out__t1052                         -3.5716e-07
x2_n5__t282                            4.99999
vdd_drv__t1035                               5
vdd_drv__t716                                5
x2_n5__t294                            4.99999
out__t1305                        -3.56283e-07
out__t1110                        -3.55429e-07
x2_n5__t399                            4.99999
vdd_drv__t1093                               5
vdd_drv__t769                                5
x2_n5__t398                            4.99999
out__t1358                        -3.54608e-07
out__t1109                        -3.53814e-07
x2_n5__t397                            4.99999
vdd_drv__t1092                               5
vdd_drv__t768                                5
x2_n5__t396                            4.99999
out__t1357                        -3.53051e-07
out__t1108                        -3.52309e-07
x2_n5__t395                            4.99999
vdd_drv__t1091                               5
vdd_drv__t767                                5
x2_n5__t394                            4.99999
out__t1356                          -3.516e-07
out__t1107                        -3.50912e-07
x2_n5__t393                            4.99999
vdd_drv__t1090                               5
vdd_drv__t766                                5
x2_n5__t392                            4.99999
out__t1355                        -3.50252e-07
out__t1106                        -3.49616e-07
x2_n5__t391                            4.99999
vdd_drv__t1089                               5
vdd_drv__t765                                5
x2_n5__t390                            4.99999
out__t1354                        -3.49002e-07
out__t1105                        -3.48414e-07
x2_n5__t389                            4.99999
vdd_drv__t1088                               5
vdd_drv__t764                                5
x2_n5__t388                            4.99999
out__t1353                        -3.47848e-07
out__t1111                        -3.47303e-07
x2_n5__t400                            4.99999
vdd_drv__t1094                               5
vdd_drv__t762                                5
x2_n5__t386                            4.99999
out__t1351                        -3.46782e-07
out__t1104                        -3.46282e-07
x2_n5__t385                            4.99999
vdd_drv__t1087                               5
vdd_drv__t761                                5
x2_n5__t384                            4.99999
out__t1350                        -3.45804e-07
out__t1103                        -3.45343e-07
x2_n5__t383                            4.99999
vdd_drv__t1086                               5
vdd_drv__t760                                5
x2_n5__t382                            4.99999
out__t1349                        -3.44903e-07
out__t1102                        -3.44485e-07
x2_n5__t381                            4.99999
vdd_drv__t1085                               5
vdd_drv__t759                                5
x2_n5__t380                            4.99999
out__t1348                        -3.44084e-07
out__t1101                        -3.43701e-07
x2_n5__t379                            4.99999
vdd_drv__t1084                               5
vdd_drv__t758                                5
x2_n5__t378                            4.99999
out__t1347                        -3.43338e-07
out__t1100                        -3.42991e-07
x2_n5__t377                            4.99999
vdd_drv__t1083                               5
vdd_drv__t757                                5
x2_n5__t376                            4.99999
out__t1346                         -3.4266e-07
out__t1099                        -3.42348e-07
x2_n5__t375                            4.99999
vdd_drv__t1082                               5
vdd_drv__t776                                5
x2_n5__t413                            4.99999
out__t1365                        -3.42051e-07
out__t1123                        -3.41771e-07
x2_n5__t425                            4.99999
vdd_drv__t1106                               5
vdd_drv__t782                                5
x2_n5__t424                            4.99999
out__t1371                        -3.41505e-07
out__t1122                        -3.41254e-07
x2_n5__t423                            4.99999
vdd_drv__t1105                               5
vdd_drv__t781                                5
x2_n5__t422                            4.99999
out__t1370                        -3.41019e-07
out__t1121                        -3.40797e-07
x2_n5__t421                            4.99999
vdd_drv__t1104                               5
vdd_drv__t780                                5
x2_n5__t420                            4.99999
out__t1369                        -3.40591e-07
out__t1120                        -3.40397e-07
x2_n5__t419                            4.99999
vdd_drv__t1103                               5
vdd_drv__t779                                5
x2_n5__t418                            4.99999
out__t1368                        -3.40216e-07
out__t1039                        -3.40048e-07
x2_n5__t258                            4.99999
vdd_drv__t1022                               5
vdd_drv__t734                                5
x2_n5__t330                            4.99999
out__t1323                        -3.39895e-07
out__t1076                        -3.39753e-07
x2_n5__t329                            4.99999
vdd_drv__t1059                               5
vdd_drv__t733                                5
x2_n5__t328                            4.99999
out__t1322                        -3.39621e-07
out__t1075                        -3.39503e-07
x2_n5__t327                            4.99999
vdd_drv__t1058                               5
vdd_drv__t732                                5
x2_n5__t326                            4.99999
out__t1321                        -3.39395e-07
out__t1074                        -3.39297e-07
x2_n5__t325                            4.99999
vdd_drv__t1057                               5
vdd_drv__t731                                5
x2_n5__t324                            4.99999
out__t1320                        -3.39211e-07
out__t1073                        -3.39137e-07
x2_n5__t323                            4.99999
vdd_drv__t1056                               5
vdd_drv__t750                                5
x2_n5__t361                            4.99999
out__t1339                        -3.39071e-07
out__t1097                        -3.39017e-07
x2_n5__t373                            4.99999
vdd_drv__t1080                               5
vdd_drv__t756                                5
x2_n5__t372                            4.99999
out__t1345                        -3.38972e-07
out__t1096                        -3.38935e-07
x2_n5__t371                            4.99999
vdd_drv__t1079                               5
vdd_drv__t755                                5
x2_n5__t370                            4.99999
out__t1344                        -3.38908e-07
out__t1095                        -3.38891e-07
x2_n5__t369                            4.99999
vdd_drv__t1078                               5
vdd_drv__t754                                5
x2_n5__t368                            4.99999
out__t1343                        -3.38882e-07
out__t1094                         -3.3888e-07
x2_n5__t367                            4.99999
vdd_drv__t1077                               5
vdd_drv__t753                                5
x2_n5__t366                            4.99999
out__t1342                        -3.38888e-07
out__t1093                        -3.38904e-07
x2_n5__t365                            4.99999
vdd_drv__t1076                               5
vdd_drv__t752                                5
x2_n5__t364                            4.99999
out__t1341                        -3.38928e-07
out__t1092                        -3.38958e-07
x2_n5__t363                            4.99999
vdd_drv__t1075                               5
vdd_drv__t751                                5
x2_n5__t362                            4.99999
out__t1340                        -3.38996e-07
out__t1098                        -3.39043e-07
x2_n5__t374                            4.99999
vdd_drv__t1081                               5
vdd_drv__t749                                5
x2_n5__t360                            4.99999
out__t1338                        -3.39096e-07
out__t1119                        -3.59016e-07
x2_n5__t416                                  5
vdd_drv__t1102                               5
vdd_drv__t804                                5
x2_n5__t470                                  5
out__t1393                        -5.22163e-07
out__t1146                        -5.17215e-07
x2_n5__t469                                  5
vdd_drv__t1129                               5
vdd_drv__t803                                5
x2_n5__t468                                  5
out__t1392                        -5.12376e-07
out__t1145                        -5.07628e-07
x2_n5__t467                                  5
vdd_drv__t1128                               5
vdd_drv__t802                                5
x2_n5__t466                                  5
out__t1391                        -5.02976e-07
out__t1144                        -4.98416e-07
x2_n5__t465                                  5
vdd_drv__t1127                               5
vdd_drv__t808                                5
x2_n5__t477                                  5
out__t1397                        -4.93955e-07
out__t1212                        -4.89587e-07
x2_n5__t605                                  5
vdd_drv__t1195                               5
vdd_drv__t873                                5
x2_n5__t604                                  5
out__t1462                        -4.85329e-07
out__t1211                        -4.81147e-07
x2_n5__t603                                  5
vdd_drv__t1194                               5
vdd_drv__t872                                5
x2_n5__t602                                  5
out__t1461                        -4.77071e-07
out__t1210                        -4.73086e-07
x2_n5__t601                                  5
vdd_drv__t1193                               5
vdd_drv__t871                                5
x2_n5__t600                                  5
out__t1460                         -4.6919e-07
out__t1209                         -4.6538e-07
x2_n5__t599                                  5
vdd_drv__t1192                               5
vdd_drv__t870                                5
x2_n5__t598                                  5
out__t1459                        -4.61657e-07
out__t1208                        -4.58031e-07
x2_n5__t597                                  5
vdd_drv__t1191                               5
vdd_drv__t869                                5
x2_n5__t596                                  5
out__t1458                        -4.54475e-07
out__t1207                        -4.51012e-07
x2_n5__t595                                  5
vdd_drv__t1190                               5
vdd_drv__t868                                5
x2_n5__t594                                  5
out__t1457                         -4.4763e-07
out__t1213                        -4.44327e-07
x2_n5__t606                                  5
vdd_drv__t1196                               5
vdd_drv__t867                                5
x2_n5__t592                                  5
out__t1456                        -4.41099e-07
out__t1205                        -4.37947e-07
x2_n5__t591                                  5
vdd_drv__t1188                               5
vdd_drv__t788                                5
x2_n5__t440                                  5
out__t1377                        -4.34882e-07
out__t1132                        -4.31889e-07
x2_n5__t439                                  5
vdd_drv__t1115                               5
vdd_drv__t794                                5
x2_n5__t451                                  5
out__t1383                        -4.28955e-07
out__t1130                        -4.26114e-07
x2_n5__t437                                  5
vdd_drv__t1113                               5
vdd_drv__t787                                5
x2_n5__t436                                  5
out__t1376                        -4.23331e-07
out__t1129                        -4.20613e-07
x2_n5__t435                                  5
vdd_drv__t1112                               5
vdd_drv__t786                                5
x2_n5__t434                                  5
out__t1375                        -4.17973e-07
out__t1128                        -4.15386e-07
x2_n5__t433                                  5
vdd_drv__t1111                               5
vdd_drv__t785                                5
x2_n5__t432                                  5
out__t1374                        -4.12873e-07
out__t1127                        -4.10422e-07
x2_n5__t431                                  5
vdd_drv__t1110                               5
vdd_drv__t784                                5
x2_n5__t430                                  5
out__t1373                        -4.08041e-07
out__t1126                         -4.0571e-07
x2_n5__t429                                  5
vdd_drv__t1109                               5
vdd_drv__t783                                5
x2_n5__t428                                  5
out__t1372                        -4.03447e-07
out__t1125                         -4.0124e-07
x2_n5__t427                                  5
vdd_drv__t1108                               5
vdd_drv__t801                                5
x2_n5__t464                                  5
out__t1390                        -3.99089e-07
out__t1149                        -3.96993e-07
x2_n5__t476                                  5
vdd_drv__t1132                               5
vdd_drv__t807                                5
x2_n5__t475                                  5
out__t1396                         -3.9495e-07
out__t1148                        -3.92969e-07
x2_n5__t474                                  5
vdd_drv__t1131                               5
vdd_drv__t806                                5
x2_n5__t473                                  5
out__t1395                        -3.91039e-07
out__t1147                         -3.8916e-07
x2_n5__t472                                  5
vdd_drv__t1130                               5
vdd_drv__t805                                5
x2_n5__t471                                  5
out__t1394                        -3.87329e-07
out__t1040                        -3.85555e-07
x2_n5__t259                                  5
vdd_drv__t1023                               5
vdd_drv__t820                                5
x2_n5__t500                                  5
out__t1409                        -3.83828e-07
out__t1032                        -3.82146e-07
x2_n5__t248                                  5
vdd_drv__t1015                               5
vdd_drv__t696                                5
x2_n5__t247                                  5
out__t1285                        -3.80511e-07
out__t1118                        -3.78919e-07
x2_n5__t415                                  5
vdd_drv__t1101                               5
vdd_drv__t777                                5
x2_n5__t414                                  5
out__t1366                        -3.77378e-07
out__t1124                         -3.7588e-07
x2_n5__t426                                  5
vdd_drv__t1107                               5
vdd_drv__t775                                5
x2_n5__t412                                  5
out__t1364                        -3.74422e-07
out__t1035                        -3.73006e-07
x2_n5__t253                                  5
vdd_drv__t1018                               5
vdd_drv__t698                                5
x2_n5__t252                                  5
out__t1287                        -3.71635e-07
out__t1034                        -3.70297e-07
x2_n5__t251                                  5
vdd_drv__t1017                               5
vdd_drv__t697                                5
x2_n5__t250                                  5
out__t1286                        -3.69004e-07
out__t1033                        -3.67754e-07
x2_n5__t249                                  5
vdd_drv__t1016                               5
vdd_drv__t778                                5
x2_n5__t417                                  5
out__t1367                        -3.66534e-07
out__t1117                        -3.65356e-07
x2_n5__t411                                  5
vdd_drv__t1100                               5
vdd_drv__t774                                5
x2_n5__t410                                  5
out__t1363                        -3.64212e-07
out__t1038                        -3.63102e-07
x2_n5__t257                                  5
vdd_drv__t1021                               5
vdd_drv__t704                                5
x2_n5__t269                                  5
out__t1293                        -3.62031e-07
out__t1036                        -3.60993e-07
x2_n5__t255                                  5
vdd_drv__t1019                               5
vdd_drv__t699                                5
x2_n5__t254                                  5
out__t1288                        -3.59986e-07
out__t1164                        -4.41722e-07
x2_n5__t509                                  5
vdd_drv__t1147                               5
vdd_drv__t825                                5
x2_n5__t508                                  5
out__t1414                         -4.4275e-07
out__t1163                        -4.43814e-07
x2_n5__t506                                  5
vdd_drv__t1146                               5
vdd_drv__t790                                5
x2_n5__t444                                  5
out__t1379                        -4.44917e-07
out__t1134                        -4.46072e-07
x2_n5__t443                                  5
vdd_drv__t1117                               5
vdd_drv__t789                                5
x2_n5__t442                                  5
out__t1378                        -4.47252e-07
out__t1133                         -4.4847e-07
x2_n5__t441                                  5
vdd_drv__t1116                               5
vdd_drv__t817                                5
x2_n5__t496                                  5
out__t1406                        -4.49741e-07
out__t1159                        -4.51037e-07
x2_n5__t495                                  5
vdd_drv__t1142                               5
vdd_drv__t816                                5
x2_n5__t494                                  5
out__t1405                        -4.52386e-07
out__t1158                        -4.53761e-07
x2_n5__t493                                  5
vdd_drv__t1141                               5
vdd_drv__t815                                5
x2_n5__t492                                  5
out__t1404                        -4.55191e-07
out__t1157                        -4.56659e-07
x2_n5__t491                                  5
vdd_drv__t1140                               5
vdd_drv__t822                                5
x2_n5__t503                                  5
out__t1411                        -4.58169e-07
out__t1155                        -4.59718e-07
x2_n5__t489                                  5
vdd_drv__t1138                               5
vdd_drv__t814                                5
x2_n5__t488                                  5
out__t1403                        -4.61309e-07
out__t1154                         -4.6294e-07
x2_n5__t487                                  5
vdd_drv__t1137                               5
vdd_drv__t813                                5
x2_n5__t486                                  5
out__t1402                        -4.64612e-07
out__t1153                        -4.66326e-07
x2_n5__t485                                  5
vdd_drv__t1136                               5
vdd_drv__t812                                5
x2_n5__t484                                  5
out__t1401                        -4.68081e-07
out__t1152                        -4.69893e-07
x2_n5__t483                                  5
vdd_drv__t1135                               5
vdd_drv__t811                                5
x2_n5__t482                                  5
out__t1400                        -4.71733e-07
out__t1151                        -4.73628e-07
x2_n5__t481                                  5
vdd_drv__t1134                               5
vdd_drv__t810                                5
x2_n5__t480                                  5
out__t1399                        -4.75552e-07
out__t1150                        -4.77533e-07
x2_n5__t479                                  5
vdd_drv__t1133                               5
vdd_drv__t809                                5
x2_n5__t478                                  5
out__t1398                        -4.79558e-07
out__t1168                        -4.81609e-07
x2_n5__t516                                  5
vdd_drv__t1151                               5
vdd_drv__t834                                5
x2_n5__t528                                  5
out__t1423                         -4.8372e-07
out__t1174                        -4.85873e-07
x2_n5__t527                                  5
vdd_drv__t1157                               5
vdd_drv__t833                                5
x2_n5__t526                                  5
out__t1422                        -4.88072e-07
out__t1173                        -4.90329e-07
x2_n5__t525                                  5
vdd_drv__t1156                               5
vdd_drv__t832                                5
x2_n5__t524                                  5
out__t1421                        -4.92614e-07
out__t1172                        -4.94943e-07
x2_n5__t523                                  5
vdd_drv__t1155                               5
vdd_drv__t831                                5
x2_n5__t522                                  5
out__t1420                        -4.97333e-07
out__t1171                        -4.99751e-07
x2_n5__t521                                  5
vdd_drv__t1154                               5
vdd_drv__t830                                5
x2_n5__t520                                  5
out__t1419                         -5.0223e-07
out__t1170                        -5.04736e-07
x2_n5__t519                                  5
vdd_drv__t1153                               5
vdd_drv__t829                                5
x2_n5__t518                                  5
out__t1418                        -5.07304e-07
out__t1169                        -5.09917e-07
x2_n5__t517                                  5
vdd_drv__t1152                               5
vdd_drv__t835                                5
x2_n5__t529                                  5
out__t1424                        -5.12573e-07
out__t1167                        -5.15273e-07
x2_n5__t515                                  5
vdd_drv__t1150                               5
vdd_drv__t828                                5
x2_n5__t514                                  5
out__t1417                        -5.18017e-07
out__t1166                        -5.20823e-07
x2_n5__t513                                  5
vdd_drv__t1149                               5
vdd_drv__t827                                5
x2_n5__t512                                  5
out__t1416                        -5.23653e-07
out__t1165                        -5.26523e-07
x2_n5__t511                                  5
vdd_drv__t1148                               5
vdd_drv__t826                                5
x2_n5__t510                                  5
out__t1415                         -5.2945e-07
out__t1160                        -5.32416e-07
x2_n5__t498                                  5
vdd_drv__t1143                               5
vdd_drv__t818                                5
x2_n5__t497                                  5
out__t1407                        -5.35393e-07
out__t1143                        -5.38412e-07
x2_n5__t463                                  5
vdd_drv__t1126                               5
vdd_drv__t800                                5
x2_n5__t462                                  5
out__t1389                        -5.41445e-07
out__t1142                        -5.44464e-07
x2_n5__t461                                  5
vdd_drv__t1125                               5
vdd_drv__t799                                5
x2_n5__t460                                  5
out__t1388                        -5.47441e-07
out__t1141                         -5.5022e-07
x2_n5__t459                                  5
vdd_drv__t1124                               5
vdd_drv__t798                                5
x2_n5__t458                                  5
out__t1387                        -5.52491e-07
out__t1140                        -5.53344e-07
x2_n5__t457                                  5
vdd_drv__t1123                               5
vdd_drv__t797                                5
x2_n5__t456                                  5
out__t1386                        -5.51421e-07
out__t1139                        -5.47336e-07
x2_n5__t455                                  5
vdd_drv__t1122                               5
vdd_drv__t796                                5
x2_n5__t454                                  5
out__t1385                        -5.42479e-07
out__t1138                        -5.37392e-07
x2_n5__t453                                  5
vdd_drv__t1121                               5
vdd_drv__t795                                5
x2_n5__t452                                  5
out__t1384                        -5.32265e-07
out__t1180                        -5.27192e-07
x2_n5__t541                                  5
vdd_drv__t1163                               5
vdd_drv__t824                                5
x2_n5__t507                                  5
out__t1413                        -4.40733e-07
out__t1053                        -4.45767e-07
x2_n5__t284                            4.99999
vdd_drv__t1036                               5
vdd_drv__t711                                5
x2_n5__t283                            4.99999
out__t1300                        -4.44791e-07
out__t1059                        -4.43838e-07
x2_n5__t295                            4.99999
vdd_drv__t1042                               5
vdd_drv__t710                                5
x2_n5__t281                            4.99999
out__t1299                         -4.4291e-07
out__t1051                        -4.42007e-07
x2_n5__t280                            4.99999
vdd_drv__t1034                               5
vdd_drv__t709                                5
x2_n5__t279                            4.99999
out__t1298                        -4.41143e-07
out__t1048                        -4.40289e-07
x2_n5__t274                            4.99999
vdd_drv__t1031                               5
vdd_drv__t706                                5
x2_n5__t273                            4.99999
out__t1295                        -4.39461e-07
out__t1047                        -4.38672e-07
x2_n5__t272                            4.99999
vdd_drv__t1030                               5
vdd_drv__t705                                5
x2_n5__t271                            4.99999
out__t1294                        -4.37895e-07
out__t1046                        -4.37144e-07
x2_n5__t270                            4.99999
vdd_drv__t1029                               5
vdd_drv__t837                                5
x2_n5__t533                            4.99999
out__t1426                        -4.36432e-07
out__t1176                        -4.35733e-07
x2_n5__t532                            4.99999
vdd_drv__t1159                               5
vdd_drv__t836                                5
x2_n5__t531                            4.99999
out__t1425                        -4.35074e-07
out__t1175                        -4.34442e-07
x2_n5__t530                            4.99999
vdd_drv__t1158                               5
vdd_drv__t855                                5
x2_n5__t567                            4.99999
out__t1444                        -4.33822e-07
out__t1198                        -4.33243e-07
x2_n5__t579                            4.99999
vdd_drv__t1181                               5
vdd_drv__t861                                5
x2_n5__t578                            4.99999
out__t1450                        -4.32692e-07
out__t1197                        -4.32154e-07
x2_n5__t577                            4.99999
vdd_drv__t1180                               5
vdd_drv__t860                                5
x2_n5__t576                            4.99999
out__t1449                        -4.31657e-07
out__t1196                        -4.31188e-07
x2_n5__t575                            4.99999
vdd_drv__t1179                               5
vdd_drv__t859                                5
x2_n5__t574                            4.99999
out__t1448                        -4.30747e-07
out__t1195                        -4.30334e-07
x2_n5__t573                            4.99999
vdd_drv__t1178                               5
vdd_drv__t858                                5
x2_n5__t572                            4.99999
out__t1447                         -4.2995e-07
out__t1194                        -4.29594e-07
x2_n5__t571                            4.99999
vdd_drv__t1177                               5
vdd_drv__t857                                5
x2_n5__t570                            4.99999
out__t1446                        -4.29267e-07
out__t1193                        -4.28969e-07
x2_n5__t569                            4.99999
vdd_drv__t1176                               5
vdd_drv__t856                                5
x2_n5__t568                            4.99999
out__t1445                          -4.287e-07
out__t1199                         -4.2846e-07
x2_n5__t580                            4.99999
vdd_drv__t1182                               5
vdd_drv__t854                                5
x2_n5__t566                            4.99999
out__t1443                         -4.2825e-07
out__t1192                         -4.2807e-07
x2_n5__t565                            4.99999
vdd_drv__t1175                               5
vdd_drv__t853                                5
x2_n5__t564                            4.99999
out__t1442                        -4.27934e-07
out__t1191                        -4.27814e-07
x2_n5__t563                            4.99999
vdd_drv__t1174                               5
vdd_drv__t852                                5
x2_n5__t562                            4.99999
out__t1441                        -4.27724e-07
out__t1190                        -4.27679e-07
x2_n5__t561                            4.99999
vdd_drv__t1173                               5
vdd_drv__t851                                5
x2_n5__t560                            4.99999
out__t1440                        -4.27651e-07
out__t1189                        -4.27668e-07
x2_n5__t559                            4.99999
vdd_drv__t1172                               5
vdd_drv__t850                                5
x2_n5__t558                            4.99999
out__t1439                        -4.27702e-07
out__t1188                        -4.27782e-07
x2_n5__t557                            4.99999
vdd_drv__t1171                               5
vdd_drv__t849                                5
x2_n5__t556                            4.99999
out__t1438                         -4.2788e-07
out__t1187                        -4.28023e-07
x2_n5__t555                            4.99999
vdd_drv__t1170                               5
vdd_drv__t743                                5
x2_n5__t349                            4.99999
out__t1332                        -4.28198e-07
out__t1079                        -4.28406e-07
x2_n5__t335                            4.99999
vdd_drv__t1062                               5
vdd_drv__t715                                5
x2_n5__t293                            4.99999
out__t1304                        -4.28633e-07
out__t1058                        -4.28906e-07
x2_n5__t292                            4.99999
vdd_drv__t1041                               5
vdd_drv__t903                                5
x2_n5__t633                            4.99999
out__t1476                        -4.29212e-07
out__t1057                        -4.29551e-07
x2_n5__t291                            4.99999
vdd_drv__t1040                               5
vdd_drv__t714                                5
x2_n5__t290                            4.99999
out__t1303                        -4.29925e-07
out__t1056                        -4.30331e-07
x2_n5__t289                                  5
vdd_drv__t1039                               5
vdd_drv__t713                                5
x2_n5__t288                                  5
out__t1302                        -4.30772e-07
out__t1055                         -4.3126e-07
x2_n5__t287                                  5
vdd_drv__t1038                               5
vdd_drv__t712                                5
x2_n5__t286                                  5
out__t1301                        -4.31768e-07
out__t1054                        -4.32312e-07
x2_n5__t285                                  5
vdd_drv__t1037                               5
vdd_drv__t819                                5
x2_n5__t499                                  5
out__t1408                        -4.32904e-07
out__t1162                        -4.33517e-07
x2_n5__t505                                  5
vdd_drv__t1145                               5
vdd_drv__t823                                5
x2_n5__t504                                  5
out__t1412                        -4.34166e-07
out__t1156                        -4.34864e-07
x2_n5__t490                                  5
vdd_drv__t1139                               5
vdd_drv__t793                                5
x2_n5__t450                                  5
out__t1382                        -4.35584e-07
out__t1137                        -4.36353e-07
x2_n5__t449                                  5
vdd_drv__t1120                               5
vdd_drv__t792                                5
x2_n5__t448                                  5
out__t1381                        -4.37159e-07
out__t1136                        -4.38001e-07
x2_n5__t447                                  5
vdd_drv__t1119                               5
vdd_drv__t791                                5
x2_n5__t446                                  5
out__t1380                        -4.38865e-07
out__t1135                         -4.3978e-07
x2_n5__t445                                  5
vdd_drv__t1118                               5
vdd_drv__t841                                5
x2_n5__t540                            4.99998
out__t1430                         -5.4503e-07
out__t1179                        -5.42876e-07
x2_n5__t539                            4.99998
vdd_drv__t1162                               5
vdd_drv__t840                                5
x2_n5__t538                            4.99998
out__t1429                        -5.40717e-07
out__t1178                        -5.38593e-07
x2_n5__t537                            4.99998
vdd_drv__t1161                               5
vdd_drv__t839                                5
x2_n5__t536                            4.99998
out__t1428                        -5.36483e-07
out__t1177                        -5.34368e-07
x2_n5__t535                            4.99998
vdd_drv__t1160                               5
vdd_drv__t838                                5
x2_n5__t534                            4.99998
out__t1427                        -5.32288e-07
out__t1216                        -5.30224e-07
x2_n5__t612                            4.99998
vdd_drv__t1199                               5
vdd_drv__t876                                5
x2_n5__t611                            4.99998
out__t1465                        -5.28155e-07
out__t1215                        -5.26121e-07
x2_n5__t610                            4.99998
vdd_drv__t1198                               5
vdd_drv__t875                                5
x2_n5__t609                            4.99998
out__t1464                        -5.24103e-07
out__t1214                        -5.22101e-07
x2_n5__t608                            4.99998
vdd_drv__t1197                               5
vdd_drv__t874                                5
x2_n5__t607                            4.99998
out__t1463                        -5.20114e-07
out__t1206                        -5.18125e-07
x2_n5__t593                            4.99998
vdd_drv__t1189                               5
vdd_drv__t847                                5
x2_n5__t553                            4.99998
out__t1436                        -5.16171e-07
out__t1186                        -5.14233e-07
x2_n5__t552                            4.99998
vdd_drv__t1169                               5
vdd_drv__t846                                5
x2_n5__t551                            4.99998
out__t1435                        -5.12312e-07
out__t1185                        -5.10407e-07
x2_n5__t550                            4.99998
vdd_drv__t1168                               5
vdd_drv__t845                                5
x2_n5__t549                            4.99998
out__t1434                        -5.08519e-07
out__t1184                        -5.06648e-07
x2_n5__t548                            4.99998
vdd_drv__t1167                               5
vdd_drv__t844                                5
x2_n5__t547                            4.99998
out__t1433                        -5.04794e-07
out__t1183                        -5.02957e-07
x2_n5__t546                            4.99998
vdd_drv__t1166                               5
vdd_drv__t843                                5
x2_n5__t545                            4.99998
out__t1432                        -5.01137e-07
out__t1182                        -4.99335e-07
x2_n5__t544                            4.99998
vdd_drv__t1165                               5
vdd_drv__t842                                5
x2_n5__t543                            4.99998
out__t1431                        -4.97551e-07
out__t1181                        -4.95785e-07
x2_n5__t542                            4.99998
vdd_drv__t1164                               5
vdd_drv__t848                                5
x2_n5__t554                            4.99998
out__t1437                        -4.94036e-07
out__t1204                        -4.92305e-07
x2_n5__t589                            4.99999
vdd_drv__t1187                               5
vdd_drv__t879                                5
x2_n5__t617                            4.99999
out__t1468                        -4.90611e-07
out__t1218                        -4.88918e-07
x2_n5__t616                            4.99999
vdd_drv__t1201                               5
vdd_drv__t878                                5
x2_n5__t615                            4.99999
out__t1467                        -4.87242e-07
out__t1217                        -4.85586e-07
x2_n5__t614                            4.99999
vdd_drv__t1200                               5
vdd_drv__t877                                5
x2_n5__t613                            4.99999
out__t1466                        -4.83966e-07
out__t1203                        -4.82347e-07
x2_n5__t588                            4.99999
vdd_drv__t1186                               5
vdd_drv__t865                                5
x2_n5__t587                            4.99999
out__t1454                        -4.80748e-07
out__t1202                        -4.79185e-07
x2_n5__t586                            4.99999
vdd_drv__t1185                               5
vdd_drv__t864                                5
x2_n5__t585                            4.99999
out__t1453                        -4.77625e-07
out__t1201                        -4.76084e-07
x2_n5__t584                            4.99999
vdd_drv__t1184                               5
vdd_drv__t863                                5
x2_n5__t583                            4.99999
out__t1452                         -4.7458e-07
out__t1200                         -4.7308e-07
x2_n5__t582                            4.99999
vdd_drv__t1183                               5
vdd_drv__t862                                5
x2_n5__t581                            4.99999
out__t1451                        -4.71616e-07
out__t1220                        -4.70156e-07
x2_n5__t619                            4.99999
vdd_drv__t1203                               5
vdd_drv__t885                                5
x2_n5__t631                            4.99999
out__t1474                        -4.68733e-07
out__t1226                        -4.67314e-07
x2_n5__t630                            4.99999
vdd_drv__t1209                               5
vdd_drv__t884                                5
x2_n5__t629                            4.99999
out__t1473                        -4.65933e-07
out__t1225                        -4.64572e-07
x2_n5__t628                            4.99999
vdd_drv__t1208                               5
vdd_drv__t883                                5
x2_n5__t627                            4.99999
out__t1472                        -4.63216e-07
out__t1224                        -4.61898e-07
x2_n5__t626                            4.99999
vdd_drv__t1207                               5
vdd_drv__t882                                5
x2_n5__t625                            4.99999
out__t1471                        -4.60602e-07
out__t1223                        -4.59311e-07
x2_n5__t624                            4.99999
vdd_drv__t1206                               5
vdd_drv__t881                                5
x2_n5__t623                            4.99999
out__t1470                        -4.58058e-07
out__t1222                        -4.56827e-07
x2_n5__t622                            4.99999
vdd_drv__t1205                               5
vdd_drv__t880                                5
x2_n5__t621                            4.99999
out__t1469                        -4.55618e-07
out__t1221                        -4.54431e-07
x2_n5__t620                            4.99999
vdd_drv__t1204                               5
vdd_drv__t886                                5
x2_n5__t632                            4.99999
out__t1475                        -4.53252e-07
out__t1219                        -4.52111e-07
x2_n5__t618                            4.99999
vdd_drv__t1202                               5
vdd_drv__t866                                5
x2_n5__t590                            4.99999
out__t1455                        -4.50993e-07
out__t1050                        -4.49897e-07
x2_n5__t278                            4.99999
vdd_drv__t1033                               5
vdd_drv__t708                                5
x2_n5__t277                            4.99999
out__t1297                        -4.48826e-07
out__t1049                        -4.47778e-07
x2_n5__t276                            4.99999
vdd_drv__t1032                               5
vdd_drv__t707                                5
x2_n5__t275                            4.99999
out__t1296                        -4.46753e-07
out__t1270                        -5.47163e-07
x2_n5__t720                            4.99998
vdd_drv__t679                                5
x3_uvlo_ok__t0                          4.9999
x3_lockout__t0                     1.50126e-07
vdd_drv__t20                                 5
x3_ncompp__t1                          3.93511
x3_ncompp__t2                          3.93469
vdd_drv__t674                          4.99999
x3_ncompn__t2                          4.99989
x3_ncompp__t3                          3.93471
vdd_drv__t675                                5
x3_lockout__t1                    -7.79056e-05
x3_ncompn__t0                          4.99992
vdd_drv__t22                                 5
x1_inb__t1                             3.62998
in__t1                            -3.82145e-05
vdd_logic__t0                          3.62999
vdd_logic                                 3.63
x1_ncb__t3                          5.4077e-07
anon293__t0                        4.06338e-07
anon294__t1                         3.2454e-07
anon293__t1                        4.05467e-07
anon294__t0                        3.24693e-07
anon295__t0                        2.98273e-07
in_drv__t4                         3.15549e-07
anon295__t1                         2.9954e-07
vdd_drv__t0                            4.99996
anon22__t0                             4.63837
anon22__t1                             4.63813
anon23__t0                             4.27654
anon23__t1                              4.2763
anon26__t0                             3.91471
anon26__t1                             3.91448
anon27__t0                             3.55288
anon27__t1                             3.55265
anon30__t0                             3.19105
anon30__t1                             3.19082
anon31__t0                             2.82923
x3_nref__t4                           0.658279
anon21__t0                             1.01987
anon21__t1                              1.0201
anon24__t0                              1.3817
anon24__t1                             1.38193
anon25__t0                             1.74352
anon25__t1                             1.74375
anon28__t0                             2.10534
anon28__t1                             2.10558
anon29__t0                             2.46717
anon29__t1                              2.4674
anon31__t1                               2.829
vdd_drv__t1                            4.99997
anon32__t0                              4.7481
anon32__t1                              4.7479
anon33__t0                             4.49604
anon33__t1                             4.49584
anon34__t0                             4.24397
anon34__t1                             4.24378
anon35__t0                             3.99191
anon35__t1                             3.99171
anon36__t0                             3.73985
anon36__t1                             3.73965
anon37__t0                             3.48779
anon37__t1                             3.48759
anon38__t0                             3.23573
anon38__t1                             3.23553
anon39__t1                             2.98366
x3_ndiv__t1                           0.967195
anon40__t0                             1.21906
anon40__t1                             1.21925
anon42__t0                             1.47111
anon42__t1                             1.47131
anon44__t0                             1.72317
anon44__t1                             1.72337
anon45__t0                             1.97523
anon45__t1                             1.97543
anon46__t0                             2.22729
anon46__t1                             2.22749
anon47__t0                             2.47935
anon47__t1                             2.47955
anon48__t0                             2.73141
anon48__t1                              2.7316
anon39__t0                             2.98347
x3_uvlo_ok__t2                         4.99977
anon49__t0                             4.98289
x3_ndiv__t3                           0.966517
anon41__t0                            0.644493
anon49__t1                             4.98287
anon50__t0                               4.966
anon41__t1                            0.644286
anon43__t0                            0.322262
anon50__t1                             4.96598
anon51__t0                             4.94911
anon43__t1                            0.322055
gnd_drv__t16                       3.10988e-05
anon51__t1                              4.9491
anon52__t0                             4.93222
anon52__t1                             4.93221
anon53__t0                             4.91533
anon53__t1                             4.91532
anon54__t0                             4.89845
anon54__t1                             4.89844
anon55__t0                             4.88156
anon55__t1                             4.88155
anon56__t0                             4.86468
anon57__t1                             4.72964
anon59__t0                             4.74651
anon59__t1                             4.74652
anon60__t0                             4.76338
anon60__t1                             4.76339
anon63__t0                             4.78026
anon63__t1                             4.78027
anon65__t0                             4.79714
anon65__t1                             4.79715
anon66__t0                             4.81402
anon66__t1                             4.81403
anon69__t0                              4.8309
anon69__t1                             4.83091
anon71__t0                             4.84778
anon71__t1                             4.84779
anon56__t1                             4.86467
anon57__t0                             4.72963
anon58__t0                             4.71276
anon58__t1                             4.71275
anon61__t0                             4.69589
anon61__t1                             4.69588
anon62__t0                             4.67902
anon62__t1                             4.67901
anon64__t0                             4.66214
anon64__t1                             4.66213
anon67__t0                             4.64527
anon67__t1                             4.64526
anon68__t0                              4.6284
anon68__t1                             4.62839
anon70__t0                             4.61153
anon70__t1                             4.61152
anon72__t1                             4.59466
anon73__t0                             4.45974
anon74__t0                              4.4766
anon74__t1                             4.47661
anon76__t0                             4.49346
anon76__t1                             4.49347
anon78__t0                             4.51032
anon78__t1                             4.51033
anon81__t0                             4.52719
anon81__t1                              4.5272
anon82__t0                             4.54405
anon82__t1                             4.54406
anon84__t0                             4.56092
anon84__t1                             4.56093
anon86__t0                             4.57778
anon86__t1                             4.57779
anon72__t0                             4.59465
anon73__t1                             4.45973
anon75__t0                             4.44288
anon75__t1                             4.44287
anon77__t0                             4.42602
anon77__t1                             4.42601
anon79__t0                             4.40917
anon79__t1                             4.40915
anon80__t0                             4.39231
anon80__t1                              4.3923
anon83__t0                             4.37545
anon83__t1                             4.37544
anon85__t0                             4.35859
anon85__t1                             4.35858
anon87__t0                             4.34174
anon87__t1                             4.34173
anon88__t1                             4.32488
anon89__t0                             4.19008
anon90__t0                             4.20692
anon89__t1                             4.19007
anon91__t0                             4.17323
anon90__t1                             4.20693
anon93__t0                             4.22376
anon91__t1                             4.17322
anon94__t0                             4.15639
anon93__t1                             4.22377
anon96__t0                             4.24061
anon94__t1                             4.15637
anon97__t0                             4.13954
anon96__t1                             4.24062
anon100__t0                            4.25746
anon97__t1                             4.13953
anon99__t0                              4.1227
anon99__t1                             4.12269
anon102__t0                            4.10585
anon100__t1                            4.25747
anon103__t0                            4.27431
anon103__t1                            4.27433
anon105__t0                            4.29117
anon102__t1                            4.10584
anon106__t0                            4.08901
anon105__t1                            4.29118
anon108__t0                            4.30802
anon106__t1                              4.089
anon109__t0                            4.07217
anon108__t1                            4.30803
anon88__t0                             4.32487
anon109__t1                            4.07216
anon111__t0                            4.05533
anon112__t0                            3.92062
anon113__t0                            3.90379
anon112__t1                            3.92063
anon92__t0                             3.93745
anon113__t1                            3.90378
anon115__t0                            3.88696
anon92__t1                             3.93746
anon95__t0                             3.95429
anon115__t1                            3.88695
anon117__t0                            3.87013
anon95__t1                              3.9543
anon98__t0                             3.97112
anon98__t1                             3.97113
anon101__t0                            3.98796
anon117__t1                            3.87012
anon119__t0                             3.8533
anon119__t1                            3.85328
anon121__t0                            3.83646
anon101__t1                            3.98797
anon104__t0                             4.0048
anon104__t1                            4.00481
anon107__t0                            4.02164
anon121__t1                            3.83645
anon123__t0                            3.81963
anon107__t1                            4.02165
anon110__t0                            4.03848
anon123__t1                            3.81962
anon125__t0                            3.80281
anon125__t1                            3.80279
anon127__t0                            3.78598
anon110__t1                            4.03849
anon111__t1                            4.05532
anon128__t0                            3.65138
anon114__t0                            3.66819
anon128__t1                            3.65137
anon129__t0                            3.63455
anon114__t1                             3.6682
anon116__t0                            3.68501
anon129__t1                            3.63454
anon131__t0                            3.61773
anon131__t1                            3.61772
anon133__t0                            3.60091
anon116__t1                            3.68502
anon118__t0                            3.70183
anon118__t1                            3.70185
anon120__t0                            3.71866
anon133__t1                             3.6009
anon135__t0                            3.58409
anon135__t1                            3.58408
anon137__t0                            3.56727
anon120__t1                            3.71867
anon122__t0                            3.73549
anon137__t1                            3.56726
anon139__t0                            3.55046
anon122__t1                             3.7355
anon124__t0                            3.75231
anon139__t1                            3.55044
anon141__t0                            3.53364
anon124__t1                            3.75232
anon126__t0                            3.76914
anon141__t1                            3.53363
anon143__t0                            3.51682
anon126__t1                            3.76915
anon127__t1                            3.78597
anon144__t1                            3.38231
anon130__t0                            3.39911
anon144__t0                             3.3823
anon145__t0                             3.3655
anon145__t1                            3.36549
anon147__t0                            3.34869
anon130__t1                            3.39912
anon132__t0                            3.41592
anon132__t1                            3.41594
anon134__t0                            3.43274
anon147__t1                            3.34868
anon149__t0                            3.33188
anon149__t1                            3.33187
anon151__t0                            3.31507
anon134__t1                            3.43275
anon136__t0                            3.44955
anon136__t1                            3.44956
anon138__t0                            3.46636
anon151__t1                            3.31506
anon153__t0                            3.29827
anon153__t1                            3.29826
anon155__t0                            3.28146
anon138__t1                            3.46638
anon140__t0                            3.48318
anon155__t1                            3.28145
anon157__t0                            3.26465
anon140__t1                            3.48319
anon142__t0                            3.49999
anon157__t1                            3.26464
anon159__t1                            3.24785
anon142__t1                            3.50001
anon143__t1                            3.51681
anon160__t0                            3.11342
anon146__t0                            3.13021
anon160__t1                            3.11341
anon161__t0                            3.09662
anon161__t1                            3.09661
anon163__t0                            3.07982
anon146__t1                            3.13022
anon148__t0                            3.14701
anon163__t1                            3.07981
anon165__t0                            3.06302
anon148__t1                            3.14702
anon150__t0                            3.16382
anon150__t1                            3.16383
anon152__t0                            3.18062
anon165__t1                            3.06301
anon167__t0                            3.04622
anon152__t1                            3.18063
anon154__t0                            3.19742
anon167__t1                            3.04621
anon169__t0                            3.02943
anon169__t1                            3.02942
anon171__t0                            3.01263
anon154__t1                            3.19743
anon156__t0                            3.21423
anon156__t1                            3.21424
anon158__t0                            3.23103
anon171__t1                            3.01262
anon173__t0                            2.99583
anon173__t1                            2.99582
anon175__t0                            2.97904
anon158__t1                            3.23104
anon159__t0                            3.24784
anon176__t0                            2.84469
anon162__t0                            2.86147
anon176__t1                            2.84468
anon177__t0                             2.8279
anon162__t1                            2.86148
anon164__t0                            2.87826
anon177__t1                            2.82789
anon179__t0                            2.81111
anon179__t1                             2.8111
anon181__t0                            2.79432
anon164__t1                            2.87827
anon166__t0                            2.89506
anon166__t1                            2.89507
anon168__t0                            2.91185
anon181__t1                            2.79431
anon183__t0                            2.77753
anon168__t1                            2.91186
anon170__t0                            2.92864
anon183__t1                            2.77752
anon185__t0                            2.76074
anon185__t1                            2.76073
anon187__t0                            2.74395
anon170__t1                            2.92865
anon172__t0                            2.94544
anon172__t1                            2.94545
anon174__t0                            2.96223
anon187__t1                            2.74394
anon189__t0                            2.72717
anon189__t1                            2.72716
anon191__t0                            2.71038
anon174__t1                            2.96224
anon175__t1                            2.97903
anon192__t1                            2.57609
anon193__t0                            2.55932
anon192__t0                            2.57611
anon178__t0                            2.59288
anon193__t1                            2.55931
anon195__t0                            2.54254
anon178__t1                            2.59289
anon180__t0                            2.60966
anon180__t1                            2.60967
anon182__t0                            2.62644
anon195__t1                            2.54253
anon197__t0                            2.52576
anon182__t1                            2.62645
anon184__t0                            2.64323
anon197__t1                            2.52575
anon199__t0                            2.50898
anon199__t1                            2.50897
anon201__t0                             2.4922
anon184__t1                            2.64324
anon186__t0                            2.66001
anon186__t1                            2.66002
anon188__t0                             2.6768
anon201__t1                            2.49219
anon203__t0                            2.47542
anon188__t1                            2.67681
anon190__t0                            2.69358
anon203__t1                            2.47541
anon205__t0                            2.45864
anon205__t1                            2.45863
anon207__t0                            2.44186
anon190__t1                            2.69359
anon191__t1                            2.71037
anon208__t1                            2.30764
anon209__t0                            2.29088
anon208__t0                            2.30765
anon194__t0                            2.32442
anon209__t1                            2.29087
anon211__t0                             2.2741
anon194__t1                            2.32443
anon196__t0                            2.34119
anon196__t1                             2.3412
anon198__t0                            2.35797
anon211__t1                            2.27409
anon213__t0                            2.25733
anon213__t1                            2.25732
anon215__t0                            2.24056
anon198__t1                            2.35798
anon200__t0                            2.37474
anon200__t1                            2.37475
anon202__t0                            2.39152
anon215__t1                            2.24055
anon217__t0                            2.22379
anon217__t1                            2.22377
anon219__t0                            2.20701
anon202__t1                            2.39153
anon204__t0                             2.4083
anon219__t1                              2.207
anon221__t0                            2.19024
anon204__t1                            2.40831
anon206__t0                            2.42507
anon206__t1                            2.42509
anon207__t1                            2.44185
anon221__t1                            2.19023
anon223__t1                            2.17347
anon224__t1                            2.03932
anon210__t0                            2.05607
anon224__t0                            2.03931
anon225__t0                            2.02255
anon225__t1                            2.02254
anon227__t0                            2.00578
anon210__t1                            2.05609
anon212__t0                            2.07284
anon212__t1                            2.07285
anon214__t0                            2.08961
anon227__t1                            2.00577
anon229__t0                            1.98902
anon229__t1                            1.98901
anon231__t0                            1.97225
anon214__t1                            2.08962
anon216__t0                            2.10638
anon216__t1                            2.10639
anon218__t0                            2.12315
anon231__t1                            1.97224
anon233__t0                            1.95548
anon233__t1                            1.95547
anon235__t0                            1.93872
anon218__t1                            2.12316
anon220__t0                            2.13992
anon235__t1                            1.93871
anon237__t0                            1.92195
anon220__t1                            2.13993
anon222__t0                            2.15669
anon222__t1                             2.1567
anon223__t0                            2.17346
anon237__t1                            1.92194
anon239__t1                            1.90519
anon240__t1                            1.77108
anon241__t0                            1.75433
anon240__t0                            1.77109
anon226__t0                            1.78784
anon241__t1                            1.75431
anon243__t0                            1.73756
anon226__t1                            1.78785
anon228__t0                             1.8046
anon228__t1                            1.80461
anon230__t0                            1.82136
anon243__t1                            1.73755
anon245__t0                             1.7208
anon245__t1                            1.72079
anon247__t0                            1.70404
anon230__t1                            1.82137
anon232__t0                            1.83812
anon247__t1                            1.70403
anon249__t0                            1.68728
anon232__t1                            1.83814
anon234__t0                            1.85489
anon234__t1                             1.8549
anon236__t0                            1.87165
anon249__t1                            1.68727
anon251__t0                            1.67052
anon251__t1                            1.67051
anon253__t0                            1.65377
anon236__t1                            1.87166
anon238__t0                            1.88841
anon253__t1                            1.65375
anon255__t0                            1.63701
anon238__t1                            1.88843
anon239__t0                            1.90518
anon256__t0                            1.50295
anon242__t0                            1.51969
anon256__t1                            1.50294
anon257__t0                            1.48619
anon242__t1                             1.5197
anon244__t0                            1.53645
anon257__t1                            1.48618
anon259__t0                            1.46944
anon259__t1                            1.46942
anon261__t0                            1.45268
anon244__t1                            1.53646
anon246__t0                            1.55321
anon261__t1                            1.45267
anon263__t0                            1.43592
anon246__t1                            1.55322
anon248__t0                            1.56996
anon263__t1                            1.43591
anon265__t0                            1.41917
anon248__t1                            1.56997
anon250__t0                            1.58672
anon250__t1                            1.58673
anon252__t0                            1.60348
anon265__t1                            1.41916
anon267__t0                            1.40242
anon267__t1                             1.4024
anon269__t0                            1.38566
anon252__t1                            1.60349
anon254__t0                            1.62024
anon254__t1                            1.62025
anon255__t1                              1.637
anon269__t1                            1.38565
anon271__t1                            1.36891
anon272__t1                            1.23487
anon273__t0                            1.21813
anon272__t0                            1.23488
anon258__t0                            1.25163
anon273__t1                            1.21812
anon275__t0                            1.20138
anon258__t1                            1.25164
anon260__t0                            1.26838
anon260__t1                            1.26839
anon262__t0                            1.28513
anon275__t1                            1.20137
anon277__t0                            1.18463
anon277__t1                            1.18462
anon279__t0                            1.16788
anon262__t1                            1.28514
anon264__t0                            1.30188
anon279__t1                            1.16787
anon281__t0                            1.15113
anon264__t1                            1.30189
anon266__t0                            1.31864
anon266__t1                            1.31865
anon268__t0                            1.33539
anon281__t1                            1.15112
anon283__t0                            1.13438
anon283__t1                            1.13437
anon285__t0                            1.11763
anon268__t1                             1.3354
anon270__t0                            1.35214
anon285__t1                            1.11762
anon287__t1                            1.10088
anon270__t1                            1.35215
anon271__t0                             1.3689
x3_ndiv__t2                           0.966885
anon274__t0                           0.983622
anon274__t1                           0.983633
anon276__t0                            1.00037
anon276__t1                            1.00038
anon278__t0                            1.01712
anon278__t1                            1.01713
anon280__t0                            1.03387
anon280__t1                            1.03388
anon282__t0                            1.05062
anon282__t1                            1.05063
anon284__t0                            1.06737
anon284__t1                            1.06738
anon286__t0                            1.08412
anon286__t1                            1.08413
anon287__t0                            1.10087
gnd_logic__t0                                0
gnd_logic__t1                                0
gnd_logic__t2                                0
gnd_logic__t3                                0
gnd_logic__t4                                0
gnd_logic__t5                                0
gnd_logic__t6                                0
gnd_logic__t7                                0
gnd_logic__t8                                0
gnd_logic__t9                                0
gnd_logic__t10                               0
gnd_logic__t11                               0
gnd_logic__t12                               0
gnd_logic__t13                               0
gnd_logic__t14                               0
gnd_logic__t15                               0
gnd_logic__t16                               0
gnd_logic__t17                               0
gnd_logic__t18                               0
gnd_logic__t19                               0
gnd_logic__t20                               0
gnd_logic__t21                               0
gnd_logic__t22                               0
gnd_logic__t23                               0
gnd_logic__t24                               0
gnd_logic__t25                               0
gnd_logic__t26                               0
gnd_logic__t27                               0
gnd_logic__t28                               0
gnd_logic__t29                               0
gnd_logic__t30                               0
gnd_logic__t31                               0
gnd_logic__t32                               0
gnd_logic__t33                               0
gnd_logic__t34                               0
gnd_logic__t35                               0
gnd_logic__t36                               0
gnd_logic__t37                               0
gnd_logic__t38                               0
gnd_logic__t39                               0
gnd_logic__t40                               0
gnd_logic__t41                               0
gnd_logic__t42                               0
gnd_logic__t43                               0
gnd_logic__t44                               0
gnd_logic__t45                               0
gnd_logic__t46                               0
gnd_logic__t47                               0
gnd_logic__t48                               0
gnd_logic__t49                               0
gnd_logic__t50                               0
gnd_logic__t51                               0
gnd_logic__t52                               0
gnd_logic__t53                               0
gnd_logic__t54                               0
gnd_logic__t55                               0
gnd_logic__t56                               0
gnd_logic__t57                               0
gnd_logic__t58                               0
gnd_logic__t59                               0
gnd_logic__t60                               0
gnd_logic__t61                               0
gnd_logic__t62                               0
gnd_logic__t63                               0
gnd_logic__t64                               0
gnd_logic__t65                               0
gnd_logic__t66                               0
gnd_logic__t67                               0
gnd_logic__t68                               0
gnd_logic__t69                               0
gnd_logic__t70                               0
gnd_logic__t71                               0
gnd_logic__t72                               0
gnd_logic__t73                               0
gnd_logic__t74                               0
gnd_logic__t75                               0
gnd_logic__t76                               0
gnd_logic__t77                               0
gnd_logic__t78                               0
gnd_logic__t79                               0
gnd_logic__t80                               0
gnd_logic__t81                               0
gnd_logic__t82                               0
gnd_logic__t83                               0
gnd_logic__t84                               0
gnd_logic__t85                               0
gnd_logic__t86                               0
gnd_logic__t87                               0
gnd_logic__t88                               0
gnd_logic__t89                               0
gnd_logic__t90                               0
gnd_logic__t91                               0
gnd_logic__t92                               0
gnd_logic__t93                               0
gnd_logic__t94                               0
gnd_logic__t95                               0
gnd_logic__t96                               0
gnd_logic__t97                               0
gnd_logic__t98                               0
gnd_logic__t99                               0
gnd_logic__t100                              0
gnd_logic__t101                              0
gnd_logic__t102                              0
gnd_logic__t103                              0
gnd_logic__t104                              0
gnd_logic__t105                              0
gnd_logic__t106                              0
gnd_logic__t107                              0
gnd_logic__t108                              0
gnd_logic__t109                              0
gnd_logic__t110                              0
gnd_logic__t111                              0
gnd_logic__t112                              0
gnd_logic__t113                              0
gnd_logic__t114                              0
gnd_logic__t115                              0
gnd_logic__t116                              0
gnd_logic__t117                              0
gnd_logic__t118                              0
gnd_logic__t119                              0
gnd_logic__t120                              0
gnd_logic__t121                              0
gnd_logic__t122                              0
gnd_logic__t123                              0
gnd_logic__t124                              0
gnd_logic__t125                              0
gnd_logic__t126                              0
gnd_logic__t127                              0
gnd_logic__t128                              0
gnd_logic__t129                              0
gnd_logic__t130                              0
gnd_logic__t131                              0
gnd_logic__t132                              0
gnd_logic__t133                              0
gnd_logic__t134                              0
gnd_logic__t135                              0
gnd_logic__t136                              0
gnd_logic__t137                              0
gnd_logic__t138                              0
gnd_logic__t139                              0
gnd_logic__t140                              0
gnd_logic__t141                              0
gnd_logic__t142                              0
gnd_logic__t143                              0
gnd_logic__t144                              0
gnd_logic__t145                              0
gnd_logic__t146                              0
gnd_logic__t147                              0
gnd_logic__t148                              0
gnd_logic__t149                              0
gnd_logic__t150                              0
gnd_logic__t151                              0
gnd_logic__t152                              0
gnd_logic__t153                              0
gnd_logic__t154                              0
gnd_logic__t155                              0
gnd_logic__t156                              0
gnd_logic__t157                              0
gnd_logic__t158                              0
gnd_logic__t159                              0
gnd_logic__t160                              0
gnd_logic__t161                              0
gnd_logic__t162                              0
gnd_logic__t163                              0
gnd_logic__t164                              0
gnd_logic__t165                              0
gnd_logic__t166                              0
gnd_logic__t167                              0
gnd_logic__t168                              0
gnd_logic__t169                              0
gnd_logic__t170                              0
gnd_logic__t171                              0
gnd_logic__t172                              0
gnd_logic__t173                              0
gnd_logic__t174                              0
gnd_logic__t175                              0
gnd_logic__t176                              0
gnd_logic__t177                              0
gnd_logic__t178                              0
gnd_logic__t179                              0
gnd_logic__t180                              0
gnd_logic__t181                              0
gnd_logic__t182                              0
gnd_logic__t183                              0
gnd_logic__t184                              0
gnd_logic__t185                              0
gnd_logic__t186                              0
gnd_logic__t187                              0
gnd_logic__t188                              0
gnd_logic__t189                              0
gnd_logic__t190                              0
gnd_logic__t191                              0
gnd_logic__t192                              0
gnd_logic__t193                              0
gnd_logic__t194                              0
gnd_logic__t195                              0
gnd_logic__t196                              0
gnd_logic__t197                              0
gnd_logic__t198                              0
gnd_logic__t199                              0
gnd_logic__t200                              0
gnd_logic__t201                              0
gnd_logic__t202                              0
gnd_logic__t203                              0
gnd_logic__t204                              0
gnd_logic__t205                              0
gnd_logic__t206                              0
gnd_logic__t207                              0
gnd_logic__t208                              0
gnd_logic__t209                              0
gnd_logic__t210                              0
gnd_logic__t211                              0
gnd_logic__t212                              0
gnd_logic__t213                              0
gnd_logic__t214                              0
gnd_logic__t215                              0
gnd_logic__t216                              0
gnd_logic__t217                              0
gnd_logic__t218                              0
gnd_logic__t219                              0
gnd_logic__t220                              0
gnd_logic__t221                              0
gnd_logic__t222                              0
gnd_logic__t223                              0
gnd_logic__t224                              0
gnd_logic__t225                              0
gnd_logic__t226                              0
gnd_logic__t227                              0
gnd_logic__t228                              0
gnd_logic__t229                              0
gnd_logic__t230                              0
gnd_logic__t231                              0
gnd_logic__t232                              0
gnd_logic__t233                              0
gnd_logic__t234                              0
gnd_logic__t235                              0
gnd_logic__t236                              0
gnd_logic__t237                              0
gnd_logic__t238                              0
gnd_logic__t239                              0
gnd_logic__t240                              0
gnd_logic__t241                              0
gnd_logic__t242                              0
gnd_logic__t243                              0
gnd_logic__t244                              0
gnd_logic__t245                              0
gnd_logic__t246                              0
gnd_logic__t247                              0
gnd_logic__t248                              0
gnd_logic__t249                              0
gnd_logic__t250                              0
gnd_logic__t251                              0
gnd_logic__t252                              0
gnd_logic__t253                              0
gnd_logic__t254                              0
gnd_logic__t255                              0
gnd_logic__t256                              0
gnd_logic__t257                              0
gnd_logic__t258                              0
gnd_logic__t259                              0
gnd_logic__t260                              0
gnd_logic__t261                              0
gnd_logic__t262                              0
gnd_logic__t263                              0
gnd_logic__t264                              0
gnd_logic__t265                              0
gnd_logic__t266                              0
gnd_logic__t267                              0
gnd_logic__t268                              0
gnd_logic__t269                              0
gnd_logic__t270                              0
in                                           0
in_drv                             1.43654e-06
out                                -3.6528e-07
anon100                                4.25747
anon101                                3.98796
anon102                                4.10585
anon103                                4.27432
anon104                                 4.0048
anon105                                4.29117
anon106                                  4.089
anon107                                4.02164
anon108                                4.30802
anon109                                4.07216
anon110                                4.03848
anon111                                4.05532
anon112                                3.92062
anon113                                3.90379
anon114                                3.66819
anon115                                3.88695
anon116                                3.68502
anon117                                3.87012
anon118                                3.70184
anon119                                3.85329
anon120                                3.71867
anon121                                3.83646
anon122                                3.73549
anon123                                3.81963
anon124                                3.75232
anon125                                 3.8028
anon126                                3.76914
anon127                                3.78597
anon128                                3.65137
anon129                                3.63455
anon130                                3.39912
anon131                                3.61773
anon132                                3.41593
anon133                                3.60091
anon134                                3.43274
anon135                                3.58409
anon136                                3.44956
anon137                                3.56727
anon138                                3.46637
anon139                                3.55045
anon140                                3.48318
anon141                                3.53363
anon142                                    3.5
anon143                                3.51682
anon144                                3.38231
anon145                                 3.3655
anon146                                3.13022
anon147                                3.34869
anon148                                3.14702
anon149                                3.33188
anon150                                3.16382
anon151                                3.31507
anon152                                3.18062
anon153                                3.29826
anon154                                3.19743
anon155                                3.28145
anon156                                3.21423
anon157                                3.26465
anon158                                3.23104
anon159                                3.24784
anon160                                3.11342
anon161                                3.09662
anon162                                2.86148
anon163                                3.07982
anon164                                2.87827
anon165                                3.06302
anon166                                2.89506
anon167                                3.04622
anon168                                2.91185
anon169                                3.02942
anon170                                2.92865
anon171                                3.01262
anon172                                2.94544
anon173                                2.99583
anon174                                2.96224
anon175                                2.97903
anon176                                2.84469
anon177                                2.82789
anon178                                2.59288
anon179                                 2.8111
anon180                                2.60967
anon181                                2.79431
anon182                                2.62645
anon183                                2.77753
anon184                                2.64323
anon185                                2.76074
anon186                                2.66002
anon187                                2.74395
anon188                                 2.6768
anon189                                2.72716
anon190                                2.69359
anon191                                2.71038
anon192                                 2.5761
anon193                                2.55932
anon194                                2.32442
anon195                                2.54254
anon196                                 2.3412
anon197                                2.52576
anon198                                2.35797
anon199                                2.50898
anon200                                2.37475
anon201                                2.49219
anon202                                2.39153
anon203                                2.47542
anon204                                 2.4083
anon205                                2.45864
anon206                                2.42508
anon207                                2.44186
anon208                                2.30765
anon209                                2.29087
anon21                                 1.01999
anon210                                2.05608
anon211                                 2.2741
anon212                                2.07285
anon213                                2.25733
anon214                                2.08962
anon215                                2.24055
anon216                                2.10639
anon217                                2.22378
anon218                                2.12315
anon219                                2.20701
anon22                                 4.63825
anon220                                2.13992
anon221                                2.19024
anon222                                2.15669
anon223                                2.17347
anon224                                2.03931
anon225                                2.02254
anon226                                1.78784
anon227                                2.00578
anon228                                1.80461
anon229                                1.98901
anon23                                 4.27642
anon230                                1.82137
anon231                                1.97225
anon232                                1.83813
anon233                                1.95548
anon234                                1.85489
anon235                                1.93871
anon236                                1.87166
anon237                                1.92195
anon238                                1.88842
anon239                                1.90518
anon24                                 1.38181
anon240                                1.77108
anon241                                1.75432
anon242                                 1.5197
anon243                                1.73756
anon244                                1.53645
anon245                                 1.7208
anon246                                1.55321
anon247                                1.70404
anon248                                1.56997
anon249                                1.68728
anon25                                 1.74364
anon250                                1.58673
anon251                                1.67052
anon252                                1.60348
anon253                                1.65376
anon254                                1.62024
anon255                                  1.637
anon256                                1.50294
anon257                                1.48619
anon258                                1.25163
anon259                                1.46943
anon26                                 3.91459
anon260                                1.26838
anon261                                1.45267
anon262                                1.28514
anon263                                1.43592
anon264                                1.30189
anon265                                1.41916
anon266                                1.31864
anon267                                1.40241
anon268                                1.33539
anon269                                1.38566
anon27                                 3.55276
anon270                                1.35215
anon271                                 1.3689
anon272                                1.23488
anon273                                1.21813
anon274                               0.983628
anon275                                1.20138
anon276                                1.00038
anon277                                1.18462
anon278                                1.01713
anon279                                1.16787
anon28                                 2.10546
anon280                                1.03387
anon281                                1.15112
anon282                                1.05062
anon283                                1.13437
anon284                                1.06737
anon285                                1.11762
anon286                                1.08412
anon287                                1.10087
anon29                                 2.46729
anon293                            4.05775e-07
anon294                            3.24301e-07
anon295                            2.98777e-07
anon30                                 3.19094
anon31                                 2.82911
anon32                                   4.748
anon33                                 4.49594
anon34                                 4.24387
anon35                                 3.99181
anon36                                 3.73975
anon37                                 3.48769
anon38                                 3.23563
anon39                                 2.98357
anon40                                 1.21916
anon41                                 0.64439
anon42                                 1.47121
anon43                                0.322159
anon44                                 1.72327
anon45                                 1.97533
anon46                                 2.22739
anon47                                 2.47945
anon48                                 2.73151
anon49                                 4.98288
anon50                                 4.96599
anon51                                  4.9491
anon52                                 4.93221
anon53                                 4.91533
anon54                                 4.89844
anon55                                 4.88156
anon56                                 4.86467
anon57                                 4.72963
anon58                                 4.71276
anon59                                 4.74651
anon60                                 4.76339
anon61                                 4.69588
anon62                                 4.67901
anon63                                 4.78027
anon64                                 4.66214
anon65                                 4.79715
anon66                                 4.81403
anon67                                 4.64527
anon68                                  4.6284
anon69                                 4.83091
anon70                                 4.61153
anon71                                 4.84779
anon72                                 4.59466
anon73                                 4.45974
anon74                                  4.4766
anon75                                 4.44288
anon76                                 4.49346
anon77                                 4.42602
anon78                                 4.51033
anon79                                 4.40916
anon80                                  4.3923
anon81                                 4.52719
anon82                                 4.54406
anon83                                 4.37544
anon84                                 4.56092
anon85                                 4.35859
anon86                                 4.57779
anon87                                 4.34173
anon88                                 4.32488
anon89                                 4.19007
anon90                                 4.20692
anon91                                 4.17323
anon92                                 3.93746
anon93                                 4.22377
anon94                                 4.15638
anon95                                 3.95429
anon96                                 4.24062
anon97                                 4.13953
anon98                                 3.97113
anon99                                 4.12269
x1_inb                                    3.63
x1_na                                  2.67831
x1_nb                              2.08379e-08
x1_nbuf1                                     5
x1_nca                                       5
x1_ncb                             1.42697e-06
x2_n1                                        5
x2_n2                              5.18374e-08
x2_n3                                  5.00001
x2_n4                             -1.56591e-06
x2_n5                                        5
x3_lockout                        -4.37237e-07
x3_ncompn                              4.99993
x3_ncompp                              3.93471
x3_ndiv                               0.966867
x3_nref                               0.656554
x3_ntail                              0.257948
x3_uvlo_ok                             4.99986
outcap                             -3.6528e-07
vimeas#branch                     -0.000170343
vin#branch                        -1.31962e-06
vgnd_logic#branch                 -0.000485724
vsup_drv#branch                    0.000484081
vsup_logic#branch                  1.63256e-06

 Reference value :  0.00000e+00
 Reference value :  1.00000e-12
 Reference value :  1.02800e-09
 Reference value :  3.12800e-09
 Reference value :  5.32800e-09
 Reference value :  7.42800e-09
 Reference value :  9.32800e-09
 Reference value :  1.14280e-08
 Reference value :  1.37280e-08
 Reference value :  1.60280e-08
 Reference value :  1.80280e-08
 Reference value :  1.99140e-08
 Reference value :  2.04601e-08
 Reference value :  2.10258e-08
 Reference value :  2.21340e-08
 Reference value :  2.44340e-08
 Reference value :  2.62340e-08
 Reference value :  2.73798e-08
 Reference value :  2.86022e-08
 Reference value :  2.93434e-08
 Reference value :  2.96961e-08
 Reference value :  2.99889e-08
 Reference value :  3.02776e-08
 Reference value :  3.13634e-08
 Reference value :  3.33634e-08
 Reference value :  3.55634e-08
 Reference value :  3.77634e-08
 Reference value :  3.99634e-08
 Reference value :  4.21634e-08
 Reference value :  4.43634e-08
 Reference value :  4.65634e-08
 Reference value :  4.88634e-08
 Reference value :  5.12634e-08
 Reference value :  5.33634e-08
 Reference value :  5.50634e-08
 Reference value :  5.66634e-08
 Reference value :  5.81634e-08
 Reference value :  5.97634e-08
 Reference value :  6.14634e-08
 Reference value :  6.30634e-08
 Reference value :  6.47634e-08
 Reference value :  6.63634e-08
 Reference value :  6.78634e-08
 Reference value :  6.95634e-08
 Reference value :  7.15634e-08
 Reference value :  7.32634e-08
 Reference value :  7.47634e-08
 Reference value :  7.63634e-08
 Reference value :  7.81634e-08
 Reference value :  7.98634e-08
 Reference value :  8.17634e-08
 Reference value :  8.36634e-08
 Reference value :  8.53634e-08
 Reference value :  8.69634e-08
 Reference value :  8.85634e-08
 Reference value :  9.02634e-08
 Reference value :  9.19634e-08
 Reference value :  9.36634e-08
 Reference value :  9.54634e-08
 Reference value :  9.69634e-08
 Reference value :  9.87634e-08
 Reference value :  1.00263e-07
 Reference value :  1.01863e-07
 Reference value :  1.03563e-07
 Reference value :  1.05163e-07
 Reference value :  1.06763e-07
 Reference value :  1.08263e-07
 Reference value :  1.09763e-07
 Reference value :  1.11363e-07
 Reference value :  1.12963e-07
 Reference value :  1.14663e-07
 Reference value :  1.16563e-07
 Reference value :  1.18263e-07
 Reference value :  1.19863e-07
 Reference value :  1.21563e-07
 Reference value :  1.23163e-07
 Reference value :  1.24863e-07
 Reference value :  1.26563e-07
 Reference value :  1.28363e-07
 Reference value :  1.30163e-07
 Reference value :  1.31863e-07
 Reference value :  1.33563e-07
 Reference value :  1.35163e-07
 Reference value :  1.36763e-07
 Reference value :  1.38263e-07
 Reference value :  1.39963e-07
 Reference value :  1.41663e-07
 Reference value :  1.43263e-07
 Reference value :  1.44763e-07
 Reference value :  1.46563e-07
 Reference value :  1.48263e-07
 Reference value :  1.49763e-07
 Reference value :  1.51363e-07
 Reference value :  1.52563e-07
 Reference value :  1.54363e-07
 Reference value :  1.55863e-07
 Reference value :  1.57463e-07
 Reference value :  1.59263e-07
 Reference value :  1.61063e-07
 Reference value :  1.62863e-07
 Reference value :  1.64463e-07
 Reference value :  1.65963e-07
 Reference value :  1.67563e-07
 Reference value :  1.69363e-07
 Reference value :  1.70963e-07
 Reference value :  1.72463e-07
 Reference value :  1.73963e-07
 Reference value :  1.75363e-07
 Reference value :  1.76863e-07
 Reference value :  1.78263e-07
 Reference value :  1.79863e-07
 Reference value :  1.81663e-07
 Reference value :  1.83463e-07
 Reference value :  1.85663e-07
 Reference value :  1.87963e-07
 Reference value :  1.90563e-07
 Reference value :  1.92963e-07
 Reference value :  1.95363e-07
 Reference value :  1.98063e-07
 Reference value :  2.00563e-07
 Reference value :  2.02963e-07
 Reference value :  2.05163e-07
 Reference value :  2.07863e-07
 Reference value :  2.10363e-07
 Reference value :  2.12963e-07
 Reference value :  2.15363e-07
 Reference value :  2.17563e-07
 Reference value :  2.19763e-07
 Reference value :  2.21963e-07
 Reference value :  2.24263e-07
 Reference value :  2.26563e-07
 Reference value :  2.28763e-07
 Reference value :  2.31363e-07
 Reference value :  2.33763e-07
 Reference value :  2.35963e-07
 Reference value :  2.38263e-07
 Reference value :  2.40863e-07
 Reference value :  2.43463e-07
 Reference value :  2.45863e-07
 Reference value :  2.48463e-07
 Reference value :  2.50863e-07
 Reference value :  2.53163e-07
 Reference value :  2.55663e-07
 Reference value :  2.57863e-07
 Reference value :  2.60363e-07
 Reference value :  2.62763e-07
 Reference value :  2.65063e-07
 Reference value :  2.67463e-07
 Reference value :  2.69963e-07
 Reference value :  2.72663e-07
 Reference value :  2.75363e-07
 Reference value :  2.77763e-07
 Reference value :  2.80363e-07
 Reference value :  2.82963e-07
 Reference value :  2.85363e-07
 Reference value :  2.87863e-07
 Reference value :  2.90063e-07
 Reference value :  2.92363e-07
 Reference value :  2.94563e-07
 Reference value :  2.96863e-07
 Reference value :  2.99163e-07
 Reference value :  3.01463e-07
 Reference value :  3.03963e-07
 Reference value :  3.06263e-07
 Reference value :  3.08563e-07
 Reference value :  3.10763e-07
 Reference value :  3.12963e-07
 Reference value :  3.15263e-07
 Reference value :  3.17463e-07
 Reference value :  3.19763e-07
 Reference value :  3.21274e-07
 Reference value :  3.22000e-07
 Reference value :  3.22143e-07
 Reference value :  3.23574e-07
 Reference value :  3.24867e-07
 Reference value :  3.25938e-07
 Reference value :  3.26962e-07
 Reference value :  3.27570e-07
 Reference value :  3.27926e-07
 Reference value :  3.28265e-07
 Reference value :  3.28909e-07
 Reference value :  3.31689e-07
 Reference value :  3.34389e-07
 Reference value :  3.36889e-07
 Reference value :  3.39589e-07
 Reference value :  3.42189e-07
 Reference value :  3.44889e-07
 Reference value :  3.47289e-07
 Reference value :  3.49789e-07
 Reference value :  3.52589e-07
 Reference value :  3.54989e-07
 Reference value :  3.57289e-07
 Reference value :  3.59689e-07
 Reference value :  3.62389e-07
 Reference value :  3.65089e-07
 Reference value :  3.67289e-07
 Reference value :  3.69489e-07
 Reference value :  3.71789e-07
 Reference value :  3.73989e-07
 Reference value :  3.76589e-07
 Reference value :  3.79289e-07
 Reference value :  3.81589e-07
 Reference value :  3.83889e-07
 Reference value :  3.86489e-07
 Reference value :  3.88889e-07
 Reference value :  3.91289e-07
 Reference value :  3.93589e-07
 Reference value :  3.95989e-07
 Reference value :  3.98289e-07
 Reference value :  4.00589e-07
 Reference value :  4.02889e-07
 Reference value :  4.05289e-07
 Reference value :  4.07589e-07
 Reference value :  4.09889e-07
 Reference value :  4.12089e-07
 Reference value :  4.14289e-07
 Reference value :  4.16589e-07
 Reference value :  4.18889e-07
 Reference value :  4.21089e-07
 Reference value :  4.23289e-07
 Reference value :  4.25989e-07
 Reference value :  4.28389e-07
 Reference value :  4.30589e-07
 Reference value :  4.32789e-07
 Reference value :  4.34989e-07
 Reference value :  4.37189e-07
 Reference value :  4.39389e-07
 Reference value :  4.41489e-07
 Reference value :  4.43689e-07
 Reference value :  4.45889e-07
 Reference value :  4.48089e-07
 Reference value :  4.50089e-07
 Reference value :  4.52289e-07
 Reference value :  4.54489e-07
 Reference value :  4.56789e-07
 Reference value :  4.59089e-07
 Reference value :  4.61389e-07
 Reference value :  4.63589e-07
 Reference value :  4.65989e-07
 Reference value :  4.68289e-07
 Reference value :  4.70589e-07
 Reference value :  4.72889e-07
 Reference value :  4.75289e-07
 Reference value :  4.77889e-07
 Reference value :  4.80389e-07
 Reference value :  4.82689e-07
 Reference value :  4.85189e-07
 Reference value :  4.87489e-07
 Reference value :  4.89789e-07
 Reference value :  4.92189e-07
 Reference value :  4.94489e-07
 Reference value :  4.96689e-07
 Reference value :  4.99189e-07
 Reference value :  5.01789e-07
 Reference value :  5.04189e-07
 Reference value :  5.06489e-07
 Reference value :  5.08589e-07
 Reference value :  5.10789e-07
 Reference value :  5.13389e-07
 Reference value :  5.15889e-07
 Reference value :  5.18589e-07
 Reference value :  5.21089e-07
 Reference value :  5.23489e-07
 Reference value :  5.25689e-07
 Reference value :  5.27989e-07
 Reference value :  5.30289e-07
 Reference value :  5.32589e-07
 Reference value :  5.34989e-07
 Reference value :  5.37589e-07
 Reference value :  5.40089e-07
 Reference value :  5.42289e-07
 Reference value :  5.44789e-07
 Reference value :  5.47289e-07
 Reference value :  5.49789e-07
 Reference value :  5.52089e-07
 Reference value :  5.54389e-07
 Reference value :  5.56589e-07
 Reference value :  5.58789e-07
 Reference value :  5.61089e-07
 Reference value :  5.63389e-07
 Reference value :  5.65689e-07
 Reference value :  5.67989e-07
 Reference value :  5.70289e-07
 Reference value :  5.72589e-07
 Reference value :  5.75189e-07
 Reference value :  5.77689e-07
 Reference value :  5.79989e-07
 Reference value :  5.82289e-07
 Reference value :  5.84589e-07
 Reference value :  5.87389e-07
 Reference value :  5.90289e-07
 Reference value :  5.92889e-07
 Reference value :  5.95489e-07
 Reference value :  5.97789e-07
 Reference value :  6.00089e-07
 Reference value :  6.02589e-07
 Reference value :  6.04889e-07
 Reference value :  6.07189e-07
 Reference value :  6.09589e-07
 Reference value :  6.12389e-07
 Reference value :  6.15289e-07
 Reference value :  6.17789e-07
 Reference value :  6.20689e-07
 Reference value :  6.23589e-07
 Reference value :  6.26289e-07
 Reference value :  6.28889e-07
 Reference value :  6.31589e-07
 Reference value :  6.34189e-07
 Reference value :  6.36689e-07
 Reference value :  6.38889e-07
 Reference value :  6.41089e-07
 Reference value :  6.43389e-07
 Reference value :  6.46089e-07
 Reference value :  6.48689e-07
 Reference value :  6.51389e-07
 Reference value :  6.53689e-07
 Reference value :  6.55989e-07
 Reference value :  6.58289e-07
 Reference value :  6.60689e-07
 Reference value :  6.63089e-07
 Reference value :  6.65489e-07
 Reference value :  6.68089e-07
 Reference value :  6.70489e-07
 Reference value :  6.73089e-07
 Reference value :  6.75689e-07
 Reference value :  6.78189e-07
 Reference value :  6.80589e-07
 Reference value :  6.82989e-07
 Reference value :  6.85589e-07
 Reference value :  6.88089e-07
 Reference value :  6.90389e-07
 Reference value :  6.92789e-07
 Reference value :  6.95289e-07
 Reference value :  6.97889e-07
No. of Data Rows : 7159
trise10_90          =  5.76631e-09 targ=  3.64316e-08 trig=  3.06653e-08
tfall10_90          =  4.34498e-09 targ=  3.32955e-07 trig=  3.28610e-07
tpdlh               =  1.24264e-08 targ=  3.29264e-08 trig=  2.05000e-08
tpdhl               =  9.00728e-09 targ=  3.30507e-07 trig=  3.21500e-07
lockout_at_in_high  =  1.40659e-07
vout_at_in_high     =  5.00000e+00
vdrv_at_in_high     =  5.00000e+00
m_trise_s = 5.7663100000e-09
m_tfall_s = 4.3449820000e-09
m_tpdlh_s = 1.2426370000e-08
m_tpdhl_s = 9.0072820000e-09
m_ipeak_source_a = 9.1494889029e-01
m_ipeak_sink_a = 1.0780456219e+00
m_vout_max_v = 5.0036928411e+00
m_vout_min_v = -3.030681796e-03
m_vin_max_v = 3.6300000000e+00
m_vin_min_v = 0.0000000000e+00
m_indrv_max_v = 5.0003702618e+00
m_indrv_min_v = -6.211774101e-05
m_n1_max_v = 5.0037574856e+00
m_n1_min_v = -3.359925347e-03
m_n2_max_v = 5.0075817774e+00
m_n2_min_v = -5.076227428e-03
m_n3_max_v = 5.0069740042e+00
m_n3_min_v = -6.031570243e-03
m_n4_max_v = 5.0131855151e+00
m_n4_min_v = -9.487095474e-03
m_n5_max_v = 5.0277902532e+00
m_n5_min_v = -1.375258114e-02
m_uvlo_lockout_at_in_high = 1.4065870000e-07
m_uvlo_vout_at_in_high_v = 5.0000000000e+00
m_uvlo_vdrv_at_in_high_v = 5.0000000000e+00
Note: Simulation executed from .control section 

Note: vimeas: has no value, DC 0 assumed
Warning: singular matrix:  check node anon295

Note: Starting dynamic gmin stepping
Warning: singular matrix:  check node anon295

Warning: Dynamic gmin stepping failed
Note: Starting true gmin stepping
Warning: singular matrix:  check node anon295

Warning: singular matrix:  check node anon295

Warning: singular matrix:  check node anon295

Warning: singular matrix:  check node anon295

Warning: True gmin stepping failed
Note: Starting source stepping
Warning: source stepping failed
Note: Transient op started
Note: Transient op finished successfully
