
Note: No compatibility mode selected!


Circuit: * gate-driver-core-drive-postlayout @ fs_125c_vlogic3p30v-vdrv6p00v -- generated by sim/harness, do not edit

Doing analysis at TEMP = 125.000000 and TNOM = 27.000000

Using SPARSE 1.3 as Direct Linear Solver

Initial Transient Solution
--------------------------

Node                                   Voltage
----                                   -------
x1_inb__t1                             3.29999
in__t1                                       0
gnd_logic                                    0
x2_n3__t1                                    6
x2_n2__t2                          4.85942e-09
gnd_drv                            7.17955e-11
x2_n5__t131                                  6
out__t174                           5.1119e-09
out__t61                           5.11184e-09
x2_n5__t121                                  6
x2_n5__t120                                  6
out__t169                          5.11174e-09
out__t49                           5.11162e-09
x2_n5__t93                                   6
x2_n5__t92                                   6
out__t153                          5.11148e-09
out__t60                           5.11132e-09
x2_n5__t119                                  6
x2_n5__t94                                   6
out__t154                          5.11113e-09
out__t62                           5.11094e-09
x2_n5__t122                                  6
x2_n5__t132                                  6
out__t175                          5.11072e-09
out__t67                            5.1105e-09
x2_n5__t133                                  6
x2_n4__t185                        4.71082e-09
x2_n3__t5                                    6
x2_n5__t134                                  6
out__t176                          5.11026e-09
out__t68                           5.11002e-09
x2_n5__t135                                  6
x2_n5__t136                                  6
out__t177                          5.10977e-09
out__t69                           5.10952e-09
x2_n5__t137                                  6
x2_n5__t138                                  6
out__t178                          5.10925e-09
out__t70                           5.10899e-09
x2_n5__t139                                  6
x2_n5__t149                                  6
out__t183                          5.10872e-09
out__t72                           5.10844e-09
x2_n5__t141                                  6
x2_n5__t142                                  6
out__t179                          5.10816e-09
out__t73                           5.10788e-09
x2_n5__t143                                  6
x2_n3__t6                                    6
x2_n4__t184                        4.72487e-09
x2_n5__t144                                  6
out__t180                           5.1076e-09
out__t74                           5.10731e-09
x2_n5__t145                                  6
x2_n5__t146                                  6
out__t181                          5.10702e-09
out__t75                           5.10674e-09
x2_n5__t147                                  6
x2_n5__t148                                  6
out__t182                          5.10644e-09
out__t71                           5.10615e-09
x2_n5__t140                                  6
x2_n5__t114                                  6
out__t166                          5.10586e-09
out__t58                           5.10556e-09
x2_n5__t115                                  6
x2_n5__t116                                  6
out__t167                          5.10527e-09
out__t59                           5.10497e-09
x2_n5__t117                                  6
x2_n4__t183                        4.73896e-09
x2_n3__t18                                   6
x2_n5__t118                                  6
out__t168                          5.10467e-09
out__t36                           5.10437e-09
x2_n5__t70                                   6
x2_n5__t164                                  6
out__t192                          5.10408e-09
out__t44                           5.10377e-09
x2_n5__t85                                   6
x2_n5__t1                                    6
out__t0                            5.10347e-09
out__t108                          5.09186e-09
x2_n5__t216                                  6
x2_n5__t215                                  6
out__t217                          5.09217e-09
out__t107                          5.09248e-09
x2_n5__t213                                  6
x2_n5__t212                                  6
out__t215                          5.09279e-09
out__t106                           5.0931e-09
x2_n5__t211                                  6
x2_n3__t14                                   6
x2_n4__t189                         4.7531e-09
x2_n5__t210                                  6
out__t214                           5.0934e-09
out__t105                          5.09371e-09
x2_n5__t209                                  6
x2_n5__t214                                  6
out__t216                          5.09402e-09
out__t103                          5.09433e-09
x2_n5__t207                                  6
x2_n5__t206                                  6
out__t213                          5.09464e-09
out__t102                          5.09494e-09
x2_n5__t205                                  6
x2_n5__t204                                  6
out__t212                          5.09525e-09
out__t79                           5.09556e-09
x2_n5__t158                                  6
x2_n5__t165                                  6
out__t193                          5.09587e-09
out__t81                           5.09617e-09
x2_n5__t163                                  6
x2_n4__t179                        4.76726e-09
x2_n3__t13                                   6
x2_n5__t162                                  6
out__t191                          5.09648e-09
out__t95                           5.09679e-09
x2_n5__t190                                  6
x2_n5__t194                                  6
out__t207                          5.09709e-09
out__t109                           5.0974e-09
x2_n5__t219                                  6
x2_n5__t218                                  6
out__t219                          5.09771e-09
out__t104                          5.09801e-09
x2_n5__t208                                  6
x2_n5__t189                                  6
out__t204                          5.09832e-09
out__t94                           5.09863e-09
x2_n5__t188                                  6
x2_n5__t187                                  6
out__t203                          5.09893e-09
out__t93                           5.09924e-09
x2_n5__t186                                  6
x2_n3__t12                                   6
x2_n4__t188                        4.78146e-09
x2_n5__t109                                  6
out__t163                          5.09954e-09
out__t96                           5.09985e-09
x2_n5__t192                                  6
x2_n5__t191                                  6
out__t205                          5.10015e-09
out__t55                           5.10046e-09
x2_n5__t108                                  6
x2_n5__t107                                  6
out__t162                          5.10076e-09
out__t54                           5.10107e-09
x2_n5__t106                                  6
x2_n5__t105                                  6
out__t161                          5.10137e-09
out__t57                           5.10168e-09
x2_n5__t113                                  6
x2_n5__t103                                  6
out__t159                          5.10198e-09
out__t53                           5.10228e-09
x2_n5__t102                                  6
x2_n4__t178                        4.79569e-09
x2_n3__t11                                   6
x2_n5__t161                                  6
out__t190                          5.10259e-09
out__t52                           5.10289e-09
x2_n5__t100                                  6
x2_n5__t99                                   6
out__t157                          5.10319e-09
out__t51                           5.10349e-09
x2_n5__t98                                   6
x2_n5__t97                                   6
out__t156                          5.10379e-09
out__t50                           5.10409e-09
x2_n5__t96                                   6
x2_n5__t86                                   6
out__t151                          5.10439e-09
out__t100                          5.10469e-09
x2_n5__t202                                  6
x2_n5__t201                                  6
out__t211                          5.10499e-09
out__t99                           5.10528e-09
x2_n5__t200                                  6
x2_n3__t10                                   6
x2_n4__t187                        4.80994e-09
x2_n5__t199                                  6
out__t210                          5.10558e-09
out__t98                           5.10588e-09
x2_n5__t198                                  6
x2_n5__t197                                  6
out__t209                          5.10617e-09
out__t97                           5.10646e-09
x2_n5__t196                                  6
x2_n5__t195                                  6
out__t208                          5.10675e-09
out__t101                          5.10704e-09
x2_n5__t203                                  6
x2_n5__t193                                  6
out__t206                          5.10733e-09
out__t47                           5.10762e-09
x2_n5__t90                                   6
x2_n5__t80                                   6
out__t149                           5.1079e-09
out__t46                           5.10818e-09
x2_n5__t88                                   6
x2_n4__t177                        4.82421e-09
x2_n3__t9                                    6
x2_n5__t67                                   6
out__t142                          5.07492e-09
out__t33                           5.07522e-09
x2_n5__t64                                   6
x2_n5__t66                                   6
out__t141                          5.07553e-09
out__t34                           5.07584e-09
x2_n5__t65                                   6
x2_n5__t167                                  6
out__t194                          5.07615e-09
out__t39                           5.07646e-09
x2_n5__t76                                   6
x2_n5__t51                                   6
out__t136                          5.07676e-09
out__t24                           5.07707e-09
x2_n5__t50                                   6
x2_n5__t49                                   6
out__t135                          5.07738e-09
out__t23                           5.07769e-09
x2_n5__t48                                   6
x1_na__t0                              2.45795
in__t2                                       0
x2_n3__t8                                    6
x2_n4__t186                        4.83849e-09
x2_n5__t101                                  6
out__t158                            5.078e-09
out__t22                            5.0783e-09
x2_n5__t47                                   6
x2_n5__t46                                   6
out__t134                          5.07861e-09
out__t21                           5.07892e-09
x2_n5__t45                                   6
x2_n5__t44                                   6
out__t133                          5.07923e-09
out__t25                           5.07953e-09
x2_n5__t52                                   6
x2_n5__t42                                   6
out__t131                          5.07984e-09
out__t20                           5.08015e-09
x2_n5__t41                                   6
x2_n5__t40                                   6
out__t130                          5.08046e-09
out__t19                           5.08077e-09
x2_n5__t39                                   6
x2_n4__t182                        4.85277e-09
x2_n3__t17                                   6
x2_n5__t38                                   6
out__t129                          5.08108e-09
out__t18                           5.08138e-09
x2_n5__t37                                   6
x2_n5__t36                                   6
out__t128                          5.08169e-09
out__t31                             5.082e-09
x2_n5__t61                                   6
x2_n5__t68                                   6
out__t143                          5.08231e-09
out__t82                           5.08262e-09
x2_n5__t166                                  6
x2_n5__t157                                  6
out__t188                          5.08293e-09
out__t83                           5.08323e-09
x2_n5__t168                                  6
x2_n5__t156                                  6
out__t187                          5.08354e-09
out__t78                           5.08385e-09
x2_n5__t155                                  6
x2_n3__t16                                   6
x2_n4__t190                        4.86704e-09
x2_n5__t154                                  6
out__t186                          5.08416e-09
out__t77                           5.08447e-09
x2_n5__t153                                  6
x2_n5__t152                                  6
out__t185                          5.08477e-09
out__t76                           5.08508e-09
x2_n5__t151                                  6
x2_n5__t150                                  6
out__t184                          5.08539e-09
out__t87                            5.0857e-09
x2_n5__t175                                  6
x2_n5__t184                                  6
out__t202                          5.08601e-09
out__t91                           5.08632e-09
x2_n5__t183                                  6
x2_n5__t182                                  6
out__t201                          5.08662e-09
out__t90                           5.08693e-09
x2_n5__t181                                  6
x2_n4__t180                        4.88129e-09
x2_n3__t15                                   6
x2_n5__t180                                  6
out__t200                          5.08724e-09
out__t89                           5.08755e-09
x2_n5__t179                                  6
x2_n5__t178                                  6
out__t199                          5.08786e-09
out__t88                           5.08817e-09
x2_n5__t177                                  6
x2_n5__t176                                  6
out__t198                          5.08847e-09
out__t92                           5.08878e-09
x2_n5__t185                                  6
x2_n5__t174                                  6
out__t197                          5.08909e-09
out__t86                            5.0894e-09
x2_n5__t173                                  6
x2_n5__t172                                  6
out__t196                          5.08971e-09
out__t85                           5.09002e-09
x2_n5__t171                                  6
x2_n3__t7                                    6
x2_n4__t181                        4.89552e-09
x2_n5__t170                                  6
out__t195                          5.09032e-09
out__t84                           5.09063e-09
x2_n5__t169                                  6
x2_n5__t95                                   6
out__t155                          5.09094e-09
out__t45                           5.09125e-09
x2_n5__t87                                   6
x2_n5__t217                                  6
out__t218                          5.09156e-09
out__t110                          5.05803e-09
x2_n5__t220                                  6
x2_n5__t34                                   6
out__t126                          5.05833e-09
out__t14                           5.05864e-09
x2_n5__t26                                   6
x2_n5__t32                                   6
out__t124                          5.05895e-09
out__t17                           5.05925e-09
x2_n5__t31                                   6
x2_n5__t747                                  6
x2_n4__t54                         5.38809e-09
x2_n5__t30                                   6
out__t123                          5.05956e-09
out__t16                           5.05987e-09
x2_n5__t29                                   6
x2_n5__t28                                   6
out__t122                          5.06017e-09
out__t15                           5.06048e-09
x2_n5__t27                                   6
x2_n5__t35                                   6
out__t127                          5.06079e-09
out__t13                           5.06109e-09
x2_n5__t25                                   6
x2_n5__t24                                   6
out__t121                           5.0614e-09
out__t12                           5.06171e-09
x2_n5__t23                                   6
x2_n5__t22                                   6
out__t120                          5.06201e-09
out__t11                           5.06232e-09
x2_n5__t21                                   6
x2_n4__t51                         5.38809e-09
x2_n5__t772                                  6
x2_n5__t20                                   6
out__t119                          5.06263e-09
out__t10                           5.06293e-09
x2_n5__t19                                   6
x2_n5__t18                                   6
out__t118                          5.06324e-09
out__t27                           5.06355e-09
x2_n5__t54                                   6
x2_n5__t77                                   6
out__t147                          5.06385e-09
out__t35                           5.06416e-09
x2_n5__t69                                   6
x2_n5__t75                                   6
out__t146                          5.06447e-09
out__t38                           5.06477e-09
x2_n5__t74                                   6
x2_n5__t73                                   6
out__t145                          5.06508e-09
out__t37                           5.06539e-09
x2_n5__t72                                   6
x2_n5__t746                                  6
x2_n4__t50                         5.38809e-09
x2_n5__t71                                   6
out__t144                          5.06569e-09
out__t32                             5.066e-09
x2_n5__t63                                   6
x2_n5__t62                                   6
out__t140                          5.06631e-09
out__t2                            5.06661e-09
x2_n5__t3                                    6
x2_n5__t17                                   6
out__t117                          5.06692e-09
out__t1                            5.06723e-09
x2_n5__t2                                    6
x2_n5__t60                                   6
out__t139                          5.06753e-09
out__t30                           5.06784e-09
x2_n5__t59                                   6
x2_n5__t58                                   6
out__t138                          5.06815e-09
out__t29                           5.06846e-09
x2_n5__t57                                   6
x2_n4__t49                         5.38809e-09
x2_n5__t771                                  6
x2_n5__t56                                   6
out__t137                          5.06876e-09
out__t28                           5.06907e-09
x2_n5__t55                                   6
x2_n5__t43                                   6
out__t132                          5.06938e-09
out__t26                           5.06969e-09
x2_n5__t53                                   6
x2_n5__t33                                   6
out__t125                          5.06999e-09
out__t9                             5.0703e-09
x2_n5__t16                                   6
x2_n5__t15                                   6
out__t116                          5.07061e-09
out__t8                            5.07092e-09
x2_n5__t14                                   6
x2_n5__t13                                   6
out__t115                          5.07122e-09
out__t7                            5.07153e-09
x2_n5__t12                                   6
x2_n5__t745                                  6
x2_n4__t48                         5.38809e-09
x2_n5__t11                                   6
out__t114                          5.07184e-09
out__t6                            5.07215e-09
x2_n5__t10                                   6
x2_n5__t9                                    6
out__t113                          5.07245e-09
out__t5                            5.07276e-09
x2_n5__t8                                    6
x2_n5__t7                                    6
out__t112                          5.07307e-09
out__t4                            5.07338e-09
x2_n5__t6                                    6
x2_n5__t5                                    6
out__t111                          5.07368e-09
out__t3                            5.07399e-09
x2_n5__t4                                    6
x2_n5__t159                                  6
out__t189                           5.0743e-09
out__t80                           5.07461e-09
x2_n5__t160                                  6
x1_nb__t1                          6.68402e-10
x1_inb__t2                                 3.3
x2_n4__t47                         5.38809e-09
x2_n5__t770                                  6
x2_n5__t744                                  6
x2_n4__t46                         5.38809e-09
x2_n4__t45                         5.38809e-09
x2_n5__t769                                  6
x2_n5__t743                                  6
x2_n4__t44                         5.38809e-09
x2_n4__t52                         5.38809e-09
x2_n5__t773                                  6
x2_n5__t741                                  6
x2_n4__t40                         5.38809e-09
x2_n4__t25                         5.38809e-09
x2_n5__t759                                  6
x2_n5__t738                                  6
x2_n4__t34                         5.38809e-09
x2_n4__t31                         5.38809e-09
x2_n5__t763                                  6
x2_n5__t735                                  6
x2_n4__t30                         5.38809e-09
x1_nca__t2                             5.99995
vdd_logic__t3                              3.3
x1_na__t1                              2.45795
x2_n4__t26                         5.38809e-09
x2_n5__t760                                  6
x2_n5__t742                                  6
x2_n4__t41                         5.38809e-09
x2_n4__t38                         5.38809e-09
x2_n5__t766                                  6
x2_n5__t737                                  6
x2_n4__t33                         5.38809e-09
x2_n4__t29                         5.38809e-09
x2_n5__t762                                  6
x2_n5__t740                                  6
x2_n4__t39                         5.38809e-09
x2_n4__t28                         5.38809e-09
x2_n5__t761                                  6
x2_n5__t734                                  6
x2_n4__t27                         5.38809e-09
x2_n4__t42                         5.38809e-09
x2_n5__t767                                  6
x2_n5__t733                                  6
x2_n4__t24                         5.38809e-09
x1_ncb__t0                         4.08786e-09
vdd_logic__t2                              3.3
x1_nb__t0                          2.83368e-09
x2_n4__t43                         5.38809e-09
x2_n5__t768                                  6
x2_n5__t721                                  6
x2_n4__t1                          5.38809e-09
x2_n4__t2                          5.38809e-09
x2_n5__t748                                  6
x2_n5__t730                                  6
x2_n4__t20                         5.38809e-09
x2_n4__t9                          5.38809e-09
x2_n5__t751                                  6
x2_n5__t725                                  6
x2_n4__t8                          5.38809e-09
x2_n4__t37                         5.38809e-09
x2_n5__t765                                  6
x2_n5__t739                                  6
x2_n4__t36                         5.38809e-09
x2_n4__t35                         5.38809e-09
x2_n5__t764                                  6
x2_n5__t736                                  6
x2_n4__t32                         5.38809e-09
x1_nbuf1__t3                                 6
x1_ncb__t3                         5.48141e-09
x2_n4__t17                         5.38809e-09
x2_n5__t755                                  6
x2_n5__t729                                  6
x2_n4__t16                         5.38809e-09
x2_n4__t15                         5.38809e-09
x2_n5__t754                                  6
x2_n5__t728                                  6
x2_n4__t14                         5.38809e-09
x2_n4__t13                         5.38809e-09
x2_n5__t753                                  6
x2_n5__t727                                  6
x2_n4__t12                         5.38809e-09
x2_n4__t11                         5.38809e-09
x2_n5__t752                                  6
x2_n5__t726                                  6
x2_n4__t10                         5.38809e-09
x2_n4__t18                         5.38809e-09
x2_n5__t756                                  6
x2_n5__t724                                  6
x2_n4__t7                          5.38809e-09
in_drv__t3                         1.91057e-09
x1_nbuf1__t1                                 6
x2_n4__t6                          5.38809e-09
x2_n5__t750                                  6
x2_n5__t723                                  6
x2_n4__t5                          5.38809e-09
x2_n4__t4                          5.38809e-09
x2_n5__t749                                  6
x2_n5__t722                                  6
x2_n4__t3                          5.38809e-09
x2_n4__t19                         5.38809e-09
x2_n5__t757                                  6
x2_n5__t732                                  6
x2_n4__t23                         5.38809e-09
x2_n4__t22                         5.38809e-09
x2_n5__t758                                  6
x2_n5__t731                                  6
x2_n4__t21                         5.38809e-09
x2_n4__t53                         5.38809e-09
x2_n5__t774                                  6
x2_n5__t0                                    6
x2_n4__t0                          5.38809e-09
x2_n1__t3                                    6
in_drv__t1                         2.26207e-09
x2_n5__t89                                   6
out__t152                          5.10846e-09
out__t42                           5.10873e-09
x2_n5__t82                                   6
x2_n5__t84                                   6
out__t150                            5.109e-09
out__t43                           5.10927e-09
x2_n5__t83                                   6
x2_n5__t79                                   6
out__t148                          5.10953e-09
out__t40                           5.10979e-09
x2_n5__t78                                   6
x2_n5__t104                                  6
out__t160                          5.11004e-09
out__t56                           5.11028e-09
x2_n5__t111                                  6
x2_n5__t110                                  6
out__t164                          5.11051e-09
out__t41                           5.11074e-09
x2_n5__t81                                   6
x2_n2__t0                          3.79327e-09
x2_n1__t0                                    6
x2_n5__t112                                  6
out__t165                          5.11095e-09
out__t48                           5.11115e-09
x2_n5__t91                                   6
x2_n5__t130                                  6
out__t173                          5.11133e-09
out__t66                           5.11149e-09
x2_n5__t129                                  6
x2_n5__t128                                  6
out__t172                          5.11163e-09
out__t65                           5.11175e-09
x2_n5__t127                                  6
x2_n5__t126                                  6
out__t171                          5.11184e-09
out__t64                            5.1119e-09
x2_n5__t125                                  6
x2_n5__t124                                  6
out__t170                          5.11193e-09
out__t63                           5.11193e-09
x2_n5__t123                                  6
x1_inb__t0                                 3.3
in__t0                                       0
vdd_logic__t0                              3.3
vdd_logic                                  3.3
x1_nca__t0                             5.99996
x1_ncb__t1                         5.48141e-09
vdd_drv__t0                                  6
vdd_drv                                      6
x1_ncb__t4                         5.53822e-09
x1_nca__t1                             5.99995
vdd_drv__t671                                6
x1_nbuf1__t2                                 6
x1_ncb__t2                         5.48141e-09
vdd_drv__t6                                  6
in_drv__t2                          4.3044e-09
x1_nbuf1__t0                                 6
vdd_drv__t8                                  6
x2_n1__t2                                    6
in_drv__t0                         2.26207e-09
vdd_drv__t10                                 6
x2_n2__t3                          6.49171e-09
x2_n1__t1                                    6
vdd_drv__t12                                 6
x2_n3__t0                                    6
x2_n2__t1                          4.85942e-09
vdd_drv__t2                                  6
x2_n4__t207                         5.7637e-09
x2_n3__t2                                    6
vdd_drv__t4                                  6
vdd_drv__t1214                               6
x2_n3__t3                                    6
x2_n4__t206                        5.75803e-09
x2_n4__t196                         5.7524e-09
x2_n3__t30                                   6
vdd_drv__t1213                               6
vdd_drv__t894                                6
x2_n3__t29                                   6
x2_n4__t213                        5.74682e-09
x2_n4__t195                        5.74129e-09
x2_n3__t28                                   6
vdd_drv__t1212                               6
vdd_drv__t893                                6
x2_n3__t27                                   6
x2_n4__t212                        5.73582e-09
x2_n4__t194                         5.7304e-09
x2_n3__t26                                   6
vdd_drv__t1211                               6
vdd_drv__t911                                6
x2_n3__t44                                   6
x2_n4__t220                        5.72504e-09
x2_n4__t204                        5.71974e-09
x2_n3__t43                                   6
vdd_drv__t1233                               6
vdd_drv__t910                                6
x2_n3__t42                                   6
x2_n4__t219                         5.7145e-09
x2_n4__t205                        5.70933e-09
x2_n3__t45                                   6
vdd_drv__t1237                               6
vdd_drv__t909                                6
x2_n3__t41                                   6
x2_n4__t218                        5.70423e-09
x2_n4__t203                        5.69921e-09
x2_n3__t40                                   6
vdd_drv__t1231                               6
vdd_drv__t880                                6
x2_n3__t19                                   6
x2_n4__t208                        5.69426e-09
x2_n4__t199                         5.6894e-09
x2_n3__t36                                   6
vdd_drv__t1228                               6
vdd_drv__t907                                6
x2_n3__t35                                   6
x2_n4__t216                        5.68462e-09
x2_n4__t198                        5.67993e-09
x2_n3__t34                                   6
vdd_drv__t1227                               6
vdd_drv__t906                                6
x2_n3__t33                                   6
x2_n4__t215                        5.67533e-09
x2_n4__t197                        5.67084e-09
x2_n3__t32                                   6
vdd_drv__t1221                               6
vdd_drv__t885                                6
x2_n3__t25                                   6
x2_n4__t211                        5.66644e-09
x2_n4__t193                        5.66216e-09
x2_n3__t24                                   6
vdd_drv__t1205                               6
vdd_drv__t884                                6
x2_n3__t23                                   6
x2_n4__t210                        5.65799e-09
x2_n4__t192                        5.65394e-09
x2_n3__t22                                   6
vdd_drv__t1204                               6
vdd_drv__t883                                6
x2_n3__t21                                   6
x2_n4__t209                        5.65001e-09
x2_n4__t191                        5.64622e-09
x2_n3__t20                                   6
vdd_drv__t1203                               6
vdd_drv__t895                                6
x2_n3__t31                                   6
x2_n4__t214                        5.64256e-09
x2_n4__t202                        5.63904e-09
x2_n3__t39                                   6
vdd_drv__t1230                               6
vdd_drv__t908                                6
x2_n3__t38                                   6
x2_n4__t217                        5.63567e-09
x2_n4__t200                        5.63245e-09
x2_n3__t37                                   6
vdd_drv__t1229                               6
vdd_drv__t15                                 6
x2_n3__t4                                    6
x2_n4__t201                         5.6294e-09
vdd_drv__t913                                6
x2_n4__t135                        5.38809e-09
x2_n5__t876                                  6
x2_n5__t776                                  6
x2_n4__t56                         5.38809e-09
vdd_drv__t1031                               6
vdd_drv__t939                                6
x2_n4__t148                        5.38809e-09
x2_n5__t883                                  6
x2_n5__t784                                  6
x2_n4__t73                         5.38809e-09
vdd_drv__t1052                               6
vdd_drv__t943                                6
x2_n4__t155                        5.38809e-09
x2_n5__t887                                  6
x2_n5__t824                                  6
x2_n4__t154                        5.38809e-09
vdd_drv__t1266                               6
vdd_drv__t941                                6
x2_n4__t150                        5.38809e-09
x2_n5__t885                                  6
x2_n5__t816                                  6
x2_n4__t136                        5.38809e-09
vdd_drv__t1242                               6
vdd_drv__t731                                6
x2_n4__t74                         5.38809e-09
x2_n5__t846                                  6
x2_n5__t783                                  6
x2_n4__t72                         5.38809e-09
vdd_drv__t1051                               6
vdd_drv__t730                                6
x2_n4__t71                         5.38809e-09
x2_n5__t845                                  6
x2_n5__t782                                  6
x2_n4__t70                         5.38809e-09
vdd_drv__t1050                               6
vdd_drv__t729                                6
x2_n4__t69                         5.38809e-09
x2_n5__t844                                  6
x2_n5__t781                                  6
x2_n4__t68                         5.38809e-09
vdd_drv__t1049                               6
vdd_drv__t728                                6
x2_n4__t67                         5.38809e-09
x2_n5__t843                                  6
x2_n5__t785                                  6
x2_n4__t75                         5.38809e-09
vdd_drv__t1054                               6
vdd_drv__t727                                6
x2_n4__t66                         5.38809e-09
x2_n5__t842                                  6
x2_n5__t780                                  6
x2_n4__t65                         5.38809e-09
vdd_drv__t1047                               6
vdd_drv__t726                                6
x2_n4__t64                         5.38809e-09
x2_n5__t841                                  6
x2_n5__t779                                  6
x2_n4__t63                         5.38809e-09
vdd_drv__t1046                               6
vdd_drv__t725                                6
x2_n4__t62                         5.38809e-09
x2_n5__t840                                  6
x2_n5__t778                                  6
x2_n4__t61                         5.38809e-09
vdd_drv__t1045                               6
vdd_drv__t724                                6
x2_n4__t60                         5.38809e-09
x2_n5__t839                                  6
x2_n5__t777                                  6
x2_n4__t59                         5.38809e-09
vdd_drv__t1044                               6
vdd_drv__t723                                6
x2_n4__t58                         5.38809e-09
x2_n5__t838                                  6
x2_n5__t786                                  6
x2_n4__t76                         5.38809e-09
vdd_drv__t1125                               6
vdd_drv__t965                                6
x2_n4__t175                        5.38809e-09
x2_n5__t896                                  6
x2_n5__t819                                  6
x2_n4__t141                        5.38809e-09
vdd_drv__t1261                               6
vdd_drv__t940                                6
x2_n4__t149                        5.38809e-09
x2_n5__t884                                  6
x2_n5__t822                                  6
x2_n4__t151                        5.38809e-09
vdd_drv__t1264                               6
vdd_drv__t942                                6
x2_n4__t152                        5.38809e-09
x2_n5__t886                                  6
x2_n5__t823                                  6
x2_n4__t153                        5.38809e-09
vdd_drv__t1265                               6
vdd_drv__t712                                6
x2_n4__t57                         5.38809e-09
x2_n5__t837                                  6
x2_n5__t827                                  6
x2_n4__t160                        5.38809e-09
vdd_drv__t1270                               6
vdd_drv__t945                                6
x2_n4__t158                        5.38809e-09
x2_n5__t888                                  6
x2_n5__t821                                  6
x2_n4__t147                        5.38809e-09
vdd_drv__t1263                               6
vdd_drv__t936                                6
x2_n4__t144                        5.38809e-09
x2_n5__t880                                  6
x2_n5__t820                                  6
x2_n4__t143                        5.38809e-09
vdd_drv__t1262                               6
vdd_drv__t935                                6
x2_n4__t142                        5.38809e-09
x2_n5__t879                                  6
x2_n5__t829                                  6
x2_n4__t163                        5.38809e-09
vdd_drv__t1272                               6
vdd_drv__t947                                6
x2_n4__t162                        5.38809e-09
x2_n5__t890                                  6
x2_n5__t828                                  6
x2_n4__t161                        5.38809e-09
vdd_drv__t1271                               6
vdd_drv__t946                                6
x2_n4__t159                        5.38809e-09
x2_n5__t889                                  6
x2_n5__t825                                  6
x2_n4__t156                        5.38809e-09
vdd_drv__t1267                               6
vdd_drv__t937                                6
x2_n4__t145                        5.38809e-09
x2_n5__t881                                  6
x2_n5__t818                                  6
x2_n4__t140                        5.38809e-09
vdd_drv__t1260                               6
vdd_drv__t934                                6
x2_n4__t139                        5.38809e-09
x2_n5__t878                                  6
x2_n5__t817                                  6
x2_n4__t138                        5.38809e-09
vdd_drv__t1259                               6
vdd_drv__t933                                6
x2_n4__t137                        5.38809e-09
x2_n5__t877                                  6
x2_n5__t830                                  6
x2_n4__t164                        5.38809e-09
vdd_drv__t1273                               6
vdd_drv__t952                                6
x2_n4__t173                        5.38809e-09
x2_n5__t895                                  6
x2_n5__t834                                  6
x2_n4__t172                        5.38809e-09
vdd_drv__t1277                               6
vdd_drv__t951                                6
x2_n4__t171                        5.38809e-09
x2_n5__t894                                  6
x2_n5__t833                                  6
x2_n4__t170                        5.38809e-09
vdd_drv__t1276                               6
vdd_drv__t950                                6
x2_n4__t169                        5.38809e-09
x2_n5__t893                                  6
x2_n5__t832                                  6
x2_n4__t168                        5.38809e-09
vdd_drv__t1275                               6
vdd_drv__t949                                6
x2_n4__t167                        5.38809e-09
x2_n5__t892                                  6
x2_n5__t831                                  6
x2_n4__t166                        5.38809e-09
vdd_drv__t1274                               6
vdd_drv__t948                                6
x2_n4__t165                        5.38809e-09
x2_n5__t891                                  6
x2_n5__t835                                  6
x2_n4__t174                        5.38809e-09
vdd_drv__t1278                               6
vdd_drv__t20                                 6
x2_n4__t55                         5.38809e-09
x2_n5__t775                                  6
x2_n5__t836                                  6
x2_n4__t176                        5.38809e-09
vdd_drv__t669                                6
vdd_drv__t841                                6
x2_n4__t84                         5.38809e-09
x2_n5__t851                                  6
x2_n5__t806                                  6
x2_n4__t115                        5.38809e-09
vdd_drv__t1186                               6
vdd_drv__t864                                6
x2_n4__t114                        5.38809e-09
x2_n5__t865                                  6
x2_n5__t805                                  6
x2_n4__t113                        5.38809e-09
vdd_drv__t1185                               6
vdd_drv__t863                                6
x2_n4__t112                        5.38809e-09
x2_n5__t864                                  6
x2_n5__t804                                  6
x2_n4__t111                        5.38809e-09
vdd_drv__t1184                               6
vdd_drv__t862                                6
x2_n4__t110                        5.38809e-09
x2_n5__t863                                  6
x2_n5__t803                                  6
x2_n4__t109                        5.38809e-09
vdd_drv__t1183                               6
vdd_drv__t861                                6
x2_n4__t108                        5.38809e-09
x2_n5__t862                                  6
x2_n5__t802                                  6
x2_n4__t107                        5.38809e-09
vdd_drv__t1182                               6
vdd_drv__t865                                6
x2_n4__t116                        5.38809e-09
x2_n5__t866                                  6
x2_n5__t801                                  6
x2_n4__t106                        5.38809e-09
vdd_drv__t1180                               6
vdd_drv__t860                                6
x2_n4__t105                        5.38809e-09
x2_n5__t861                                  6
x2_n5__t800                                  6
x2_n4__t104                        5.38809e-09
vdd_drv__t1179                               6
vdd_drv__t859                                6
x2_n4__t103                        5.38809e-09
x2_n5__t860                                  6
x2_n5__t799                                  6
x2_n4__t102                        5.38809e-09
vdd_drv__t1178                               6
vdd_drv__t858                                6
x2_n4__t101                        5.38809e-09
x2_n5__t859                                  6
x2_n5__t798                                  6
x2_n4__t100                        5.38809e-09
vdd_drv__t1177                               6
vdd_drv__t857                                6
x2_n4__t99                         5.38809e-09
x2_n5__t858                                  6
x2_n5__t797                                  6
x2_n4__t98                         5.38809e-09
vdd_drv__t1176                               6
vdd_drv__t870                                6
x2_n4__t117                        5.38809e-09
x2_n5__t867                                  6
x2_n5__t810                                  6
x2_n4__t125                        5.38809e-09
vdd_drv__t1196                               6
vdd_drv__t874                                6
x2_n4__t124                        5.38809e-09
x2_n5__t871                                  6
x2_n5__t809                                  6
x2_n4__t123                        5.38809e-09
vdd_drv__t1195                               6
vdd_drv__t873                                6
x2_n4__t122                        5.38809e-09
x2_n5__t870                                  6
x2_n5__t808                                  6
x2_n4__t121                        5.38809e-09
vdd_drv__t1194                               6
vdd_drv__t872                                6
x2_n4__t120                        5.38809e-09
x2_n5__t869                                  6
x2_n5__t807                                  6
x2_n4__t119                        5.38809e-09
vdd_drv__t1193                               6
vdd_drv__t871                                6
x2_n4__t118                        5.38809e-09
x2_n5__t868                                  6
x2_n5__t826                                  6
x2_n4__t157                        5.38809e-09
vdd_drv__t1268                               6
vdd_drv__t938                                6
x2_n4__t146                        5.38809e-09
x2_n5__t882                                  6
x2_n5__t813                                  6
x2_n4__t130                        5.38809e-09
vdd_drv__t1223                               6
vdd_drv__t901                                6
x2_n4__t129                        5.38809e-09
x2_n5__t873                                  6
x2_n5__t812                                  6
x2_n4__t128                        5.38809e-09
vdd_drv__t1222                               6
vdd_drv__t905                                6
x2_n4__t131                        5.38809e-09
x2_n5__t874                                  6
x2_n5__t811                                  6
x2_n4__t127                        5.38809e-09
vdd_drv__t1220                               6
vdd_drv__t900                                6
x2_n4__t126                        5.38809e-09
x2_n5__t872                                  6
x2_n5__t815                                  6
x2_n4__t134                        5.38809e-09
vdd_drv__t1235                               6
vdd_drv__t912                                6
x2_n4__t133                        5.38809e-09
x2_n5__t875                                  6
x2_n5__t814                                  6
x2_n4__t132                        5.38809e-09
vdd_drv__t1234                               6
vdd_drv__t839                                6
x2_n4__t83                         5.38809e-09
x2_n5__t850                                  6
x2_n5__t789                                  6
x2_n4__t82                         5.38809e-09
vdd_drv__t1160                               6
vdd_drv__t838                                6
x2_n4__t81                         5.38809e-09
x2_n5__t849                                  6
x2_n5__t788                                  6
x2_n4__t80                         5.38809e-09
vdd_drv__t1159                               6
vdd_drv__t837                                6
x2_n4__t79                         5.38809e-09
x2_n5__t848                                  6
x2_n5__t787                                  6
x2_n4__t78                         5.38809e-09
vdd_drv__t1157                               6
vdd_drv__t836                                6
x2_n4__t77                         5.38809e-09
x2_n5__t847                                  6
x2_n5__t791                                  6
x2_n4__t87                         5.38809e-09
vdd_drv__t1170                               6
vdd_drv__t856                                6
x2_n4__t96                         5.38809e-09
x2_n5__t857                                  6
x2_n5__t795                                  6
x2_n4__t95                         5.38809e-09
vdd_drv__t1174                               6
vdd_drv__t855                                6
x2_n4__t94                         5.38809e-09
x2_n5__t856                                  6
x2_n5__t794                                  6
x2_n4__t93                         5.38809e-09
vdd_drv__t1173                               6
vdd_drv__t854                                6
x2_n4__t92                         5.38809e-09
x2_n5__t855                                  6
x2_n5__t793                                  6
x2_n4__t91                         5.38809e-09
vdd_drv__t1172                               6
vdd_drv__t853                                6
x2_n4__t90                         5.38809e-09
x2_n5__t854                                  6
x2_n5__t792                                  6
x2_n4__t89                         5.38809e-09
vdd_drv__t1171                               6
vdd_drv__t852                                6
x2_n4__t88                         5.38809e-09
x2_n5__t853                                  6
x2_n5__t796                                  6
x2_n4__t97                         5.38809e-09
vdd_drv__t1175                               6
vdd_drv__t851                                6
x2_n4__t86                         5.38809e-09
x2_n5__t852                                  6
x2_n5__t790                                  6
x2_n4__t85                         5.38809e-09
vdd_drv__t1169                               6
vdd_drv__t888                                6
x2_n5__t576                                  6
out__t648                          5.14178e-09
out__t384                           5.1419e-09
x2_n5__t551                                  6
vdd_drv__t1188                               6
vdd_drv__t867                                6
x2_n5__t550                                  6
out__t636                          5.14202e-09
out__t398                          5.14214e-09
x2_n5__t577                                  6
vdd_drv__t1209                               6
vdd_drv__t889                                6
x2_n5__t578                                  6
out__t649                          5.14226e-09
out__t399                          5.14238e-09
x2_n5__t579                                  6
vdd_drv__t1210                               6
vdd_drv__t890                                6
x2_n5__t580                                  6
out__t650                           5.1425e-09
out__t401                          5.14262e-09
x2_n5__t584                                  6
vdd_drv__t1216                               6
vdd_drv__t892                                6
x2_n5__t582                                  6
out__t652                          5.14273e-09
out__t400                          5.14285e-09
x2_n5__t583                                  6
vdd_drv__t1215                               6
vdd_drv__t891                                6
x2_n5__t581                                  6
out__t651                          5.14297e-09
out__t389                          5.14309e-09
x2_n5__t559                                  6
vdd_drv__t1197                               6
vdd_drv__t876                                6
x2_n5__t560                                  6
out__t640                          5.14321e-09
out__t390                          5.14333e-09
x2_n5__t561                                  6
vdd_drv__t1198                               6
vdd_drv__t877                                6
x2_n5__t562                                  6
out__t641                          5.14345e-09
out__t391                          5.14357e-09
x2_n5__t563                                  6
vdd_drv__t1199                               6
vdd_drv__t878                                6
x2_n5__t564                                  6
out__t642                          5.14368e-09
out__t392                           5.1438e-09
x2_n5__t565                                  6
vdd_drv__t1200                               6
vdd_drv__t879                                6
x2_n5__t566                                  6
out__t643                          5.14392e-09
out__t395                          5.14404e-09
x2_n5__t571                                  6
vdd_drv__t1206                               6
vdd_drv__t881                                6
x2_n5__t568                                  6
out__t644                          5.14416e-09
out__t394                          5.14428e-09
x2_n5__t569                                  6
vdd_drv__t1202                               6
vdd_drv__t882                                6
x2_n5__t570                                  6
out__t645                           5.1444e-09
out__t409                          5.14452e-09
x2_n5__t599                                  6
vdd_drv__t1236                               6
vdd_drv__t914                                6
x2_n5__t600                                  6
out__t660                          5.14464e-09
out__t408                          5.14476e-09
x2_n5__t598                                  6
vdd_drv__t1232                               6
vdd_drv__t896                                6
x2_n5__t585                                  6
out__t653                          5.14487e-09
out__t402                          5.14499e-09
x2_n5__t586                                  6
vdd_drv__t1217                               6
vdd_drv__t897                                6
x2_n5__t587                                  6
out__t654                          5.14511e-09
out__t403                          5.14523e-09
x2_n5__t588                                  6
vdd_drv__t1218                               6
vdd_drv__t898                                6
x2_n5__t589                                  6
out__t655                          5.14535e-09
out__t404                          5.14547e-09
x2_n5__t590                                  6
vdd_drv__t1219                               6
vdd_drv__t899                                6
x2_n5__t591                                  6
out__t656                          5.14559e-09
out__t405                          5.14571e-09
x2_n5__t592                                  6
vdd_drv__t1224                               6
vdd_drv__t902                                6
x2_n5__t593                                  6
out__t657                          5.14583e-09
out__t406                          5.14594e-09
x2_n5__t594                                  6
vdd_drv__t1225                               6
vdd_drv__t903                                6
x2_n5__t595                                  6
out__t658                          5.14606e-09
out__t407                          5.14618e-09
x2_n5__t596                                  6
vdd_drv__t1226                               6
vdd_drv__t904                                6
x2_n5__t597                                  6
out__t659                           5.1463e-09
out__t393                          5.14642e-09
x2_n5__t567                                  6
vdd_drv__t1201                               6
vdd_drv__t847                                6
x2_n5__t540                                  6
out__t631                          5.14654e-09
out__t379                          5.14666e-09
x2_n5__t541                                  6
vdd_drv__t1166                               6
vdd_drv__t848                                6
x2_n5__t542                                  6
out__t632                          5.14678e-09
out__t380                           5.1469e-09
x2_n5__t543                                  6
vdd_drv__t1167                               6
vdd_drv__t849                                6
x2_n5__t544                                  6
out__t633                          5.14701e-09
out__t381                          5.14713e-09
x2_n5__t545                                  6
vdd_drv__t1168                               6
vdd_drv__t850                                6
x2_n5__t546                                  6
out__t634                          5.14725e-09
out__t373                          5.14737e-09
x2_n5__t528                                  6
vdd_drv__t1158                               6
vdd_drv__t840                                6
x2_n5__t529                                  6
out__t625                          5.14749e-09
out__t378                          5.14761e-09
x2_n5__t539                                  6
vdd_drv__t1165                               6
vdd_drv__t842                                6
x2_n5__t530                                  6
out__t626                          5.14773e-09
out__t374                          5.14785e-09
x2_n5__t531                                  6
vdd_drv__t1161                               6
vdd_drv__t843                                6
x2_n5__t532                                  6
out__t627                          5.14797e-09
out__t375                          5.14808e-09
x2_n5__t533                                  6
vdd_drv__t1162                               6
vdd_drv__t844                                6
x2_n5__t534                                  6
out__t628                           5.1482e-09
out__t376                          5.14832e-09
x2_n5__t535                                  6
vdd_drv__t1163                               6
vdd_drv__t845                                6
x2_n5__t536                                  6
out__t629                          5.14844e-09
out__t377                          5.14856e-09
x2_n5__t537                                  6
vdd_drv__t1164                               6
vdd_drv__t846                                6
x2_n5__t538                                  6
out__t630                          5.14868e-09
out__t382                           5.1488e-09
x2_n5__t547                                  6
vdd_drv__t1181                               6
vdd_drv__t866                                6
x2_n5__t548                                  6
out__t635                          5.14892e-09
out__t383                          5.14904e-09
x2_n5__t549                                  6
vdd_drv__t1187                               6
vdd_drv__t19                                 6
x2_n5__t221                                  6
out__t220                          5.14915e-09
out__t416                          5.13453e-09
x2_n5__t613                                  6
vdd_drv__t1245                               6
vdd_drv__t922                                6
x2_n5__t616                                  6
out__t668                          5.13465e-09
out__t385                          5.13477e-09
x2_n5__t552                                  6
vdd_drv__t1189                               6
vdd_drv__t868                                6
x2_n5__t553                                  6
out__t637                          5.13489e-09
out__t386                          5.13501e-09
x2_n5__t554                                  6
vdd_drv__t1190                               6
vdd_drv__t869                                6
x2_n5__t555                                  6
out__t638                          5.13512e-09
out__t387                          5.13524e-09
x2_n5__t556                                  6
vdd_drv__t1191                               6
vdd_drv__t875                                6
x2_n5__t558                                  6
out__t639                          5.13536e-09
out__t388                          5.13548e-09
x2_n5__t557                                  6
vdd_drv__t1192                               6
vdd_drv__t964                                6
x2_n5__t662                                  6
out__t691                           5.1356e-09
out__t441                          5.13572e-09
x2_n5__t663                                  6
vdd_drv__t1289                               6
vdd_drv__t968                                6
x2_n5__t670                                  6
out__t694                          5.13584e-09
out__t446                          5.13596e-09
x2_n5__t671                                  6
vdd_drv__t1294                               6
vdd_drv__t969                                6
x2_n5__t672                                  6
out__t695                          5.13608e-09
out__t447                          5.13619e-09
x2_n5__t673                                  6
vdd_drv__t1295                               6
vdd_drv__t970                                6
x2_n5__t674                                  6
out__t696                          5.13631e-09
out__t448                          5.13643e-09
x2_n5__t675                                  6
vdd_drv__t1296                               6
vdd_drv__t971                                6
x2_n5__t676                                  6
out__t697                          5.13655e-09
out__t449                          5.13667e-09
x2_n5__t677                                  6
vdd_drv__t1297                               6
vdd_drv__t972                                6
x2_n5__t678                                  6
out__t698                          5.13679e-09
out__t445                          5.13691e-09
x2_n5__t669                                  6
vdd_drv__t1293                               6
vdd_drv__t953                                6
x2_n5__t641                                  6
out__t680                          5.13703e-09
out__t431                          5.13715e-09
x2_n5__t642                                  6
vdd_drv__t1279                               6
vdd_drv__t954                                6
x2_n5__t643                                  6
out__t681                          5.13727e-09
out__t432                          5.13738e-09
x2_n5__t644                                  6
vdd_drv__t1280                               6
vdd_drv__t955                                6
x2_n5__t645                                  6
out__t682                           5.1375e-09
out__t433                          5.13762e-09
x2_n5__t646                                  6
vdd_drv__t1281                               6
vdd_drv__t956                                6
x2_n5__t647                                  6
out__t683                          5.13774e-09
out__t434                          5.13786e-09
x2_n5__t648                                  6
vdd_drv__t1282                               6
vdd_drv__t957                                6
x2_n5__t649                                  6
out__t684                          5.13798e-09
out__t439                           5.1381e-09
x2_n5__t660                                  6
vdd_drv__t1287                               6
vdd_drv__t959                                6
x2_n5__t651                                  6
out__t686                          5.13822e-09
out__t435                          5.13833e-09
x2_n5__t652                                  6
vdd_drv__t1283                               6
vdd_drv__t960                                6
x2_n5__t653                                  6
out__t687                          5.13845e-09
out__t436                          5.13857e-09
x2_n5__t654                                  6
vdd_drv__t1284                               6
vdd_drv__t961                                6
x2_n5__t655                                  6
out__t688                          5.13869e-09
out__t437                          5.13881e-09
x2_n5__t656                                  6
vdd_drv__t1285                               6
vdd_drv__t932                                6
x2_n5__t638                                  6
out__t678                          5.13893e-09
out__t425                          5.13905e-09
x2_n5__t629                                  6
vdd_drv__t1254                               6
vdd_drv__t928                                6
x2_n5__t630                                  6
out__t674                          5.13917e-09
out__t426                          5.13929e-09
x2_n5__t631                                  6
vdd_drv__t1255                               6
vdd_drv__t929                                6
x2_n5__t632                                  6
out__t675                           5.1394e-09
out__t427                          5.13952e-09
x2_n5__t633                                  6
vdd_drv__t1256                               6
vdd_drv__t930                                6
x2_n5__t634                                  6
out__t676                          5.13964e-09
out__t428                          5.13976e-09
x2_n5__t635                                  6
vdd_drv__t1257                               6
vdd_drv__t931                                6
x2_n5__t636                                  6
out__t677                          5.13988e-09
out__t429                             5.14e-09
x2_n5__t637                                  6
vdd_drv__t1258                               6
vdd_drv__t927                                6
x2_n5__t628                                  6
out__t673                          5.14012e-09
out__t410                          5.14024e-09
x2_n5__t601                                  6
vdd_drv__t1238                               6
vdd_drv__t915                                6
x2_n5__t602                                  6
out__t661                          5.14036e-09
out__t411                          5.14047e-09
x2_n5__t603                                  6
vdd_drv__t1239                               6
vdd_drv__t916                                6
x2_n5__t604                                  6
out__t662                          5.14059e-09
out__t412                          5.14071e-09
x2_n5__t605                                  6
vdd_drv__t1240                               6
vdd_drv__t917                                6
x2_n5__t606                                  6
out__t663                          5.14083e-09
out__t413                          5.14095e-09
x2_n5__t607                                  6
vdd_drv__t1241                               6
vdd_drv__t918                                6
x2_n5__t608                                  6
out__t664                          5.14107e-09
out__t419                          5.14119e-09
x2_n5__t618                                  6
vdd_drv__t1248                               6
vdd_drv__t919                                6
x2_n5__t609                                  6
out__t665                          5.14131e-09
out__t414                          5.14143e-09
x2_n5__t610                                  6
vdd_drv__t1243                               6
vdd_drv__t920                                6
x2_n5__t611                                  6
out__t666                          5.14154e-09
out__t415                          5.14166e-09
x2_n5__t612                                  6
vdd_drv__t1244                               6
vdd_drv__t887                                6
x2_n5__t574                                  6
out__t647                          5.13441e-09
out__t418                          5.12693e-09
x2_n5__t617                                  6
vdd_drv__t1247                               6
vdd_drv__t944                                6
x2_n5__t639                                  6
out__t679                          5.12704e-09
out__t430                          5.12716e-09
x2_n5__t640                                  6
vdd_drv__t1269                               6
vdd_drv__t715                                6
x2_n5__t304                                  6
out__t513                          5.12728e-09
out__t261                           5.1274e-09
x2_n5__t305                                  6
vdd_drv__t1035                               6
vdd_drv__t716                                6
x2_n5__t306                                  6
out__t514                          5.12752e-09
out__t262                          5.12764e-09
x2_n5__t307                                  6
vdd_drv__t1036                               6
vdd_drv__t717                                6
x2_n5__t308                                  6
out__t515                          5.12776e-09
out__t263                          5.12787e-09
x2_n5__t309                                  6
vdd_drv__t1037                               6
vdd_drv__t722                                6
x2_n5__t320                                  6
out__t520                          5.12799e-09
out__t265                          5.12811e-09
x2_n5__t311                                  6
vdd_drv__t1039                               6
vdd_drv__t718                                6
x2_n5__t312                                  6
out__t516                          5.12823e-09
out__t266                          5.12835e-09
x2_n5__t313                                  6
vdd_drv__t1040                               6
vdd_drv__t719                                6
x2_n5__t314                                  6
out__t517                          5.12847e-09
out__t267                          5.12859e-09
x2_n5__t315                                  6
vdd_drv__t1041                               6
vdd_drv__t720                                6
x2_n5__t316                                  6
out__t518                          5.12871e-09
out__t268                          5.12883e-09
x2_n5__t317                                  6
vdd_drv__t1042                               6
vdd_drv__t721                                6
x2_n5__t318                                  6
out__t519                          5.12894e-09
out__t269                          5.12906e-09
x2_n5__t319                                  6
vdd_drv__t1043                               6
vdd_drv__t738                                6
x2_n5__t333                                  6
out__t527                          5.12918e-09
out__t281                           5.1293e-09
x2_n5__t344                                  6
vdd_drv__t1064                               6
vdd_drv__t744                                6
x2_n5__t345                                  6
out__t533                          5.12942e-09
out__t282                          5.12954e-09
x2_n5__t346                                  6
vdd_drv__t1065                               6
vdd_drv__t745                                6
x2_n5__t347                                  6
out__t534                          5.12966e-09
out__t283                          5.12978e-09
x2_n5__t348                                  6
vdd_drv__t1066                               6
vdd_drv__t746                                6
x2_n5__t349                                  6
out__t535                           5.1299e-09
out__t284                          5.13001e-09
x2_n5__t350                                  6
vdd_drv__t1067                               6
vdd_drv__t747                                6
x2_n5__t351                                  6
out__t536                          5.13013e-09
out__t235                          5.13025e-09
x2_n5__t250                                  6
vdd_drv__t1008                               6
vdd_drv__t672                                6
x2_n5__t222                                  6
out__t471                          5.13037e-09
out__t221                          5.13049e-09
x2_n5__t223                                  6
vdd_drv__t994                                6
vdd_drv__t673                                6
x2_n5__t224                                  6
out__t472                          5.13061e-09
out__t222                          5.13073e-09
x2_n5__t225                                  6
vdd_drv__t995                                6
vdd_drv__t674                                6
x2_n5__t226                                  6
out__t473                          5.13085e-09
out__t223                          5.13096e-09
x2_n5__t227                                  6
vdd_drv__t996                                6
vdd_drv__t675                                6
x2_n5__t228                                  6
out__t474                          5.13108e-09
out__t224                           5.1312e-09
x2_n5__t229                                  6
vdd_drv__t997                                6
vdd_drv__t676                                6
x2_n5__t230                                  6
out__t475                          5.13132e-09
out__t229                          5.13144e-09
x2_n5__t239                                  6
vdd_drv__t1002                               6
vdd_drv__t677                                6
x2_n5__t232                                  6
out__t476                          5.13156e-09
out__t226                          5.13168e-09
x2_n5__t233                                  6
vdd_drv__t999                                6
vdd_drv__t678                                6
x2_n5__t234                                  6
out__t477                           5.1318e-09
out__t227                          5.13192e-09
x2_n5__t235                                  6
vdd_drv__t1000                               6
vdd_drv__t679                                6
x2_n5__t236                                  6
out__t478                          5.13203e-09
out__t228                          5.13215e-09
x2_n5__t237                                  6
vdd_drv__t1001                               6
vdd_drv__t680                                6
x2_n5__t238                                  6
out__t479                          5.13227e-09
out__t225                          5.13239e-09
x2_n5__t231                                  6
vdd_drv__t998                                6
vdd_drv__t696                                6
x2_n5__t271                                  6
out__t495                          5.13251e-09
out__t251                          5.13263e-09
x2_n5__t283                                  6
vdd_drv__t1024                               6
vdd_drv__t703                                6
x2_n5__t284                                  6
out__t502                          5.13275e-09
out__t252                          5.13287e-09
x2_n5__t285                                  6
vdd_drv__t1025                               6
vdd_drv__t704                                6
x2_n5__t286                                  6
out__t503                          5.13298e-09
out__t253                           5.1331e-09
x2_n5__t287                                  6
vdd_drv__t1026                               6
vdd_drv__t706                                6
x2_n5__t289                                  6
out__t505                          5.13322e-09
out__t254                          5.13334e-09
x2_n5__t290                                  6
vdd_drv__t1027                               6
vdd_drv__t708                                6
x2_n5__t293                                  6
out__t507                          5.13346e-09
out__t256                          5.13358e-09
x2_n5__t294                                  6
vdd_drv__t1029                               6
vdd_drv__t709                                6
x2_n5__t295                                  6
out__t508                           5.1337e-09
out__t257                          5.13382e-09
x2_n5__t296                                  6
vdd_drv__t1030                               6
vdd_drv__t710                                6
x2_n5__t297                                  6
out__t509                          5.13394e-09
out__t258                          5.13406e-09
x2_n5__t298                                  6
vdd_drv__t1032                               6
vdd_drv__t693                                6
x2_n5__t267                                  6
out__t492                          5.13417e-09
out__t397                          5.13429e-09
x2_n5__t575                                  6
vdd_drv__t1208                               6
vdd_drv__t694                                6
x2_n5__t268                                  6
out__t493                          5.11969e-09
out__t245                          5.11981e-09
x2_n5__t269                                  6
vdd_drv__t1018                               6
vdd_drv__t695                                6
x2_n5__t270                                  6
out__t494                          5.11993e-09
out__t250                          5.12005e-09
x2_n5__t281                                  6
vdd_drv__t1023                               6
vdd_drv__t697                                6
x2_n5__t272                                  6
out__t496                          5.12017e-09
out__t246                          5.12028e-09
x2_n5__t273                                  6
vdd_drv__t1019                               6
vdd_drv__t698                                6
x2_n5__t274                                  6
out__t497                           5.1204e-09
out__t247                          5.12052e-09
x2_n5__t275                                  6
vdd_drv__t1020                               6
vdd_drv__t699                                6
x2_n5__t276                                  6
out__t498                          5.12064e-09
out__t248                          5.12076e-09
x2_n5__t277                                  6
vdd_drv__t1021                               6
vdd_drv__t700                                6
x2_n5__t278                                  6
out__t499                          5.12087e-09
out__t249                          5.12099e-09
x2_n5__t279                                  6
vdd_drv__t1022                               6
vdd_drv__t701                                6
x2_n5__t280                                  6
out__t500                          5.12111e-09
out__t279                          5.12123e-09
x2_n5__t342                                  6
vdd_drv__t1062                               6
vdd_drv__t759                                6
x2_n5__t374                                  6
out__t548                          5.12135e-09
out__t342                          5.12147e-09
x2_n5__t467                                  6
vdd_drv__t1126                               6
vdd_drv__t806                                6
x2_n5__t468                                  6
out__t595                          5.12159e-09
out__t343                           5.1217e-09
x2_n5__t469                                  6
vdd_drv__t1127                               6
vdd_drv__t807                                6
x2_n5__t470                                  6
out__t596                          5.12182e-09
out__t344                          5.12194e-09
x2_n5__t471                                  6
vdd_drv__t1128                               6
vdd_drv__t808                                6
x2_n5__t472                                  6
out__t597                          5.12206e-09
out__t345                          5.12218e-09
x2_n5__t473                                  6
vdd_drv__t1129                               6
vdd_drv__t809                                6
x2_n5__t474                                  6
out__t598                           5.1223e-09
out__t371                          5.12241e-09
x2_n5__t526                                  6
vdd_drv__t1155                               6
vdd_drv__t830                                6
x2_n5__t516                                  6
out__t619                          5.12253e-09
out__t352                          5.12265e-09
x2_n5__t487                                  6
vdd_drv__t1136                               6
vdd_drv__t816                                6
x2_n5__t488                                  6
out__t605                          5.12277e-09
out__t353                          5.12289e-09
x2_n5__t489                                  6
vdd_drv__t1137                               6
vdd_drv__t817                                6
x2_n5__t490                                  6
out__t606                          5.12301e-09
out__t354                          5.12313e-09
x2_n5__t491                                  6
vdd_drv__t1138                               6
vdd_drv__t818                                6
x2_n5__t492                                  6
out__t607                          5.12324e-09
out__t355                          5.12336e-09
x2_n5__t493                                  6
vdd_drv__t1139                               6
vdd_drv__t819                                6
x2_n5__t494                                  6
out__t608                          5.12348e-09
out__t356                           5.1236e-09
x2_n5__t495                                  6
vdd_drv__t1140                               6
vdd_drv__t824                                6
x2_n5__t506                                  6
out__t613                          5.12372e-09
out__t358                          5.12384e-09
x2_n5__t497                                  6
vdd_drv__t1142                               6
vdd_drv__t820                                6
x2_n5__t498                                  6
out__t609                          5.12396e-09
out__t359                          5.12408e-09
x2_n5__t499                                  6
vdd_drv__t1143                               6
vdd_drv__t821                                6
x2_n5__t500                                  6
out__t610                          5.12419e-09
out__t360                          5.12431e-09
x2_n5__t501                                  6
vdd_drv__t1144                               6
vdd_drv__t822                                6
x2_n5__t502                                  6
out__t611                          5.12443e-09
out__t361                          5.12455e-09
x2_n5__t503                                  6
vdd_drv__t1145                               6
vdd_drv__t823                                6
x2_n5__t504                                  6
out__t612                          5.12467e-09
out__t362                          5.12479e-09
x2_n5__t505                                  6
vdd_drv__t1146                               6
vdd_drv__t800                                6
x2_n5__t456                                  6
out__t589                          5.12491e-09
out__t301                          5.12502e-09
x2_n5__t385                                  6
vdd_drv__t1084                               6
vdd_drv__t765                                6
x2_n5__t386                                  6
out__t554                          5.12514e-09
out__t302                          5.12526e-09
x2_n5__t387                                  6
vdd_drv__t1085                               6
vdd_drv__t766                                6
x2_n5__t388                                  6
out__t555                          5.12538e-09
out__t304                           5.1255e-09
x2_n5__t391                                  6
vdd_drv__t1087                               6
vdd_drv__t768                                6
x2_n5__t392                                  6
out__t557                          5.12562e-09
out__t305                          5.12574e-09
x2_n5__t393                                  6
vdd_drv__t1088                               6
vdd_drv__t773                                6
x2_n5__t401                                  6
out__t562                          5.12586e-09
out__t309                          5.12597e-09
x2_n5__t402                                  6
vdd_drv__t1092                               6
vdd_drv__t774                                6
x2_n5__t403                                  6
out__t563                          5.12609e-09
out__t310                          5.12621e-09
x2_n5__t404                                  6
vdd_drv__t1093                               6
vdd_drv__t769                                6
x2_n5__t394                                  6
out__t558                          5.12633e-09
out__t292                          5.12645e-09
x2_n5__t365                                  6
vdd_drv__t1075                               6
vdd_drv__t754                                6
x2_n5__t366                                  6
out__t543                          5.12657e-09
out__t293                          5.12669e-09
x2_n5__t367                                  6
vdd_drv__t1076                               6
vdd_drv__t755                                6
x2_n5__t368                                  6
out__t544                          5.12681e-09
out__t396                          5.11958e-09
x2_n5__t572                                  6
vdd_drv__t1207                               6
vdd_drv__t757                                6
x2_n5__t371                                  6
out__t546                          5.11803e-09
out__t308                          5.11791e-09
x2_n5__t400                                  6
vdd_drv__t1091                               6
vdd_drv__t772                                6
x2_n5__t399                                  6
out__t561                           5.1178e-09
out__t307                          5.11768e-09
x2_n5__t398                                  6
vdd_drv__t1090                               6
vdd_drv__t771                                6
x2_n5__t397                                  6
out__t560                          5.11757e-09
out__t306                          5.11745e-09
x2_n5__t396                                  6
vdd_drv__t1089                               6
vdd_drv__t770                                6
x2_n5__t395                                  6
out__t559                          5.11733e-09
out__t311                          5.11722e-09
x2_n5__t405                                  6
vdd_drv__t1094                               6
vdd_drv__t775                                6
x2_n5__t406                                  6
out__t564                          5.11711e-09
out__t326                          5.11699e-09
x2_n5__t435                                  6
vdd_drv__t1109                               6
vdd_drv__t794                                6
x2_n5__t445                                  6
out__t583                          5.11688e-09
out__t331                          5.11677e-09
x2_n5__t444                                  6
vdd_drv__t1114                               6
vdd_drv__t793                                6
x2_n5__t443                                  6
out__t582                          5.11665e-09
out__t330                          5.11654e-09
x2_n5__t442                                  6
vdd_drv__t1113                               6
vdd_drv__t792                                6
x2_n5__t441                                  6
out__t581                          5.11643e-09
out__t329                          5.11633e-09
x2_n5__t440                                  6
vdd_drv__t1112                               6
vdd_drv__t791                                6
x2_n5__t439                                  6
out__t580                          5.11622e-09
out__t328                          5.11612e-09
x2_n5__t438                                  6
vdd_drv__t1111                               6
vdd_drv__t790                                6
x2_n5__t437                                  6
out__t579                          5.11602e-09
out__t327                          5.11593e-09
x2_n5__t436                                  6
vdd_drv__t1110                               6
vdd_drv__t795                                6
x2_n5__t446                                  6
out__t584                          5.11584e-09
out__t325                          5.11576e-09
x2_n5__t434                                  6
vdd_drv__t1108                               6
vdd_drv__t789                                6
x2_n5__t433                                  6
out__t578                          5.11569e-09
out__t324                          5.11564e-09
x2_n5__t432                                  6
vdd_drv__t1107                               6
vdd_drv__t788                                6
x2_n5__t431                                  6
out__t577                          5.11561e-09
out__t323                           5.1156e-09
x2_n5__t430                                  6
vdd_drv__t1106                               6
vdd_drv__t787                                6
x2_n5__t429                                  6
out__t576                          5.11561e-09
out__t322                          5.11565e-09
x2_n5__t428                                  6
vdd_drv__t1105                               6
vdd_drv__t786                                6
x2_n5__t427                                  6
out__t575                           5.1157e-09
out__t321                          5.11577e-09
x2_n5__t426                                  6
vdd_drv__t1104                               6
vdd_drv__t780                                6
x2_n5__t415                                  6
out__t569                          5.11585e-09
out__t295                          5.11594e-09
x2_n5__t372                                  6
vdd_drv__t1078                               6
vdd_drv__t758                                6
x2_n5__t373                                  6
out__t547                          5.11604e-09
out__t300                          5.11614e-09
x2_n5__t384                                  6
vdd_drv__t1083                               6
vdd_drv__t760                                6
x2_n5__t375                                  6
out__t549                          5.11624e-09
out__t296                          5.11635e-09
x2_n5__t376                                  6
vdd_drv__t1079                               6
vdd_drv__t761                                6
x2_n5__t377                                  6
out__t550                          5.11645e-09
out__t297                          5.11656e-09
x2_n5__t378                                  6
vdd_drv__t1080                               6
vdd_drv__t762                                6
x2_n5__t379                                  6
out__t551                          5.11667e-09
out__t298                          5.11678e-09
x2_n5__t380                                  6
vdd_drv__t1081                               6
vdd_drv__t763                                6
x2_n5__t381                                  6
out__t552                           5.1169e-09
out__t299                          5.11701e-09
x2_n5__t382                                  6
vdd_drv__t1082                               6
vdd_drv__t764                                6
x2_n5__t383                                  6
out__t553                          5.11712e-09
out__t440                          5.11724e-09
x2_n5__t661                                  6
vdd_drv__t1288                               6
vdd_drv__t785                                6
x2_n5__t424                                  6
out__t574                          5.11735e-09
out__t319                          5.11747e-09
x2_n5__t423                                  6
vdd_drv__t1102                               6
vdd_drv__t784                                6
x2_n5__t422                                  6
out__t573                          5.11758e-09
out__t318                           5.1177e-09
x2_n5__t421                                  6
vdd_drv__t1101                               6
vdd_drv__t783                                6
x2_n5__t420                                  6
out__t572                          5.11782e-09
out__t317                          5.11793e-09
x2_n5__t419                                  6
vdd_drv__t1100                               6
vdd_drv__t782                                6
x2_n5__t418                                  6
out__t571                          5.11805e-09
out__t316                          5.11817e-09
x2_n5__t417                                  6
vdd_drv__t1099                               6
vdd_drv__t781                                6
x2_n5__t416                                  6
out__t570                          5.11828e-09
out__t320                           5.1184e-09
x2_n5__t425                                  6
vdd_drv__t1103                               6
vdd_drv__t779                                6
x2_n5__t414                                  6
out__t568                          5.11852e-09
out__t315                          5.11863e-09
x2_n5__t413                                  6
vdd_drv__t1098                               6
vdd_drv__t778                                6
x2_n5__t412                                  6
out__t567                          5.11875e-09
out__t314                          5.11887e-09
x2_n5__t411                                  6
vdd_drv__t1097                               6
vdd_drv__t777                                6
x2_n5__t410                                  6
out__t566                          5.11899e-09
out__t313                           5.1191e-09
x2_n5__t409                                  6
vdd_drv__t1096                               6
vdd_drv__t776                                6
x2_n5__t408                                  6
out__t565                          5.11922e-09
out__t312                          5.11934e-09
x2_n5__t407                                  6
vdd_drv__t1095                               6
vdd_drv__t886                                6
x2_n5__t573                                  6
out__t646                          5.11946e-09
out__t244                          5.12524e-09
x2_n5__t266                                  6
vdd_drv__t1017                               6
vdd_drv__t692                                6
x2_n5__t265                                  6
out__t491                          5.12512e-09
out__t243                          5.12501e-09
x2_n5__t264                                  6
vdd_drv__t1016                               6
vdd_drv__t691                                6
x2_n5__t263                                  6
out__t490                          5.12489e-09
out__t242                          5.12477e-09
x2_n5__t262                                  6
vdd_drv__t1015                               6
vdd_drv__t707                                6
x2_n5__t291                                  6
out__t506                          5.12465e-09
out__t259                          5.12453e-09
x2_n5__t300                                  6
vdd_drv__t1033                               6
vdd_drv__t711                                6
x2_n5__t299                                  6
out__t510                          5.12441e-09
out__t336                          5.12429e-09
x2_n5__t455                                  6
vdd_drv__t1119                               6
vdd_drv__t799                                6
x2_n5__t454                                  6
out__t588                          5.12417e-09
out__t335                          5.12406e-09
x2_n5__t453                                  6
vdd_drv__t1118                               6
vdd_drv__t798                                6
x2_n5__t452                                  6
out__t587                          5.12394e-09
out__t334                          5.12382e-09
x2_n5__t451                                  6
vdd_drv__t1117                               6
vdd_drv__t797                                6
x2_n5__t450                                  6
out__t586                           5.1237e-09
out__t333                          5.12358e-09
x2_n5__t449                                  6
vdd_drv__t1116                               6
vdd_drv__t796                                6
x2_n5__t448                                  6
out__t585                          5.12346e-09
out__t332                          5.12334e-09
x2_n5__t447                                  6
vdd_drv__t1115                               6
vdd_drv__t810                                6
x2_n5__t475                                  6
out__t599                          5.12323e-09
out__t350                          5.12311e-09
x2_n5__t485                                  6
vdd_drv__t1134                               6
vdd_drv__t815                                6
x2_n5__t484                                  6
out__t604                          5.12299e-09
out__t349                          5.12287e-09
x2_n5__t483                                  6
vdd_drv__t1133                               6
vdd_drv__t814                                6
x2_n5__t482                                  6
out__t603                          5.12275e-09
out__t348                          5.12263e-09
x2_n5__t481                                  6
vdd_drv__t1132                               6
vdd_drv__t813                                6
x2_n5__t480                                  6
out__t602                          5.12251e-09
out__t347                           5.1224e-09
x2_n5__t479                                  6
vdd_drv__t1131                               6
vdd_drv__t812                                6
x2_n5__t478                                  6
out__t601                          5.12228e-09
out__t346                          5.12216e-09
x2_n5__t477                                  6
vdd_drv__t1130                               6
vdd_drv__t811                                6
x2_n5__t476                                  6
out__t600                          5.12204e-09
out__t351                          5.12192e-09
x2_n5__t486                                  6
vdd_drv__t1135                               6
vdd_drv__t767                                6
x2_n5__t390                                  6
out__t556                           5.1218e-09
out__t303                          5.12168e-09
x2_n5__t389                                  6
vdd_drv__t1086                               6
vdd_drv__t835                                6
x2_n5__t525                                  6
out__t624                          5.12157e-09
out__t370                          5.12145e-09
x2_n5__t524                                  6
vdd_drv__t1154                               6
vdd_drv__t834                                6
x2_n5__t523                                  6
out__t623                          5.12133e-09
out__t369                          5.12121e-09
x2_n5__t522                                  6
vdd_drv__t1153                               6
vdd_drv__t833                                6
x2_n5__t521                                  6
out__t622                          5.12109e-09
out__t368                          5.12097e-09
x2_n5__t520                                  6
vdd_drv__t1152                               6
vdd_drv__t832                                6
x2_n5__t519                                  6
out__t621                          5.12086e-09
out__t367                          5.12074e-09
x2_n5__t518                                  6
vdd_drv__t1151                               6
vdd_drv__t831                                6
x2_n5__t517                                  6
out__t620                          5.12062e-09
out__t372                           5.1205e-09
x2_n5__t527                                  6
vdd_drv__t1156                               6
vdd_drv__t829                                6
x2_n5__t515                                  6
out__t618                          5.12038e-09
out__t366                          5.12026e-09
x2_n5__t514                                  6
vdd_drv__t1150                               6
vdd_drv__t828                                6
x2_n5__t513                                  6
out__t617                          5.12015e-09
out__t365                          5.12003e-09
x2_n5__t512                                  6
vdd_drv__t1149                               6
vdd_drv__t827                                6
x2_n5__t511                                  6
out__t616                          5.11991e-09
out__t364                          5.11979e-09
x2_n5__t510                                  6
vdd_drv__t1148                               6
vdd_drv__t826                                6
x2_n5__t509                                  6
out__t615                          5.11967e-09
out__t363                          5.11956e-09
x2_n5__t508                                  6
vdd_drv__t1147                               6
vdd_drv__t825                                6
x2_n5__t507                                  6
out__t614                          5.11944e-09
out__t357                          5.11932e-09
x2_n5__t496                                  6
vdd_drv__t1141                               6
vdd_drv__t805                                6
x2_n5__t465                                  6
out__t594                           5.1192e-09
out__t340                          5.11909e-09
x2_n5__t464                                  6
vdd_drv__t1123                               6
vdd_drv__t804                                6
x2_n5__t463                                  6
out__t593                          5.11897e-09
out__t339                          5.11885e-09
x2_n5__t462                                  6
vdd_drv__t1122                               6
vdd_drv__t803                                6
x2_n5__t461                                  6
out__t592                          5.11873e-09
out__t338                          5.11861e-09
x2_n5__t460                                  6
vdd_drv__t1121                               6
vdd_drv__t802                                6
x2_n5__t459                                  6
out__t591                           5.1185e-09
out__t337                          5.11838e-09
x2_n5__t458                                  6
vdd_drv__t1120                               6
vdd_drv__t801                                6
x2_n5__t457                                  6
out__t590                          5.11826e-09
out__t341                          5.11815e-09
x2_n5__t466                                  6
vdd_drv__t1124                               6
vdd_drv__t756                                6
x2_n5__t369                                  6
out__t545                          5.12536e-09
out__t255                          5.13285e-09
x2_n5__t292                                  6
vdd_drv__t1028                               6
vdd_drv__t714                                6
x2_n5__t303                                  6
out__t512                          5.13273e-09
out__t260                          5.13261e-09
x2_n5__t302                                  6
vdd_drv__t1034                               6
vdd_drv__t713                                6
x2_n5__t301                                  6
out__t511                          5.13249e-09
out__t270                          5.13237e-09
x2_n5__t321                                  6
vdd_drv__t1048                               6
vdd_drv__t732                                6
x2_n5__t323                                  6
out__t521                          5.13225e-09
out__t271                          5.13213e-09
x2_n5__t322                                  6
vdd_drv__t1053                               6
vdd_drv__t739                                6
x2_n5__t334                                  6
out__t528                          5.13201e-09
out__t280                           5.1319e-09
x2_n5__t343                                  6
vdd_drv__t1063                               6
vdd_drv__t737                                6
x2_n5__t332                                  6
out__t526                          5.13178e-09
out__t275                          5.13166e-09
x2_n5__t331                                  6
vdd_drv__t1058                               6
vdd_drv__t736                                6
x2_n5__t330                                  6
out__t525                          5.13154e-09
out__t274                          5.13142e-09
x2_n5__t329                                  6
vdd_drv__t1057                               6
vdd_drv__t735                                6
x2_n5__t328                                  6
out__t524                           5.1313e-09
out__t273                          5.13118e-09
x2_n5__t327                                  6
vdd_drv__t1056                               6
vdd_drv__t734                                6
x2_n5__t326                                  6
out__t523                          5.13106e-09
out__t272                          5.13095e-09
x2_n5__t325                                  6
vdd_drv__t1055                               6
vdd_drv__t733                                6
x2_n5__t324                                  6
out__t522                          5.13083e-09
out__t286                          5.13071e-09
x2_n5__t353                                  6
vdd_drv__t1069                               6
vdd_drv__t752                                6
x2_n5__t363                                  6
out__t541                          5.13059e-09
out__t291                          5.13047e-09
x2_n5__t362                                  6
vdd_drv__t1074                               6
vdd_drv__t751                                6
x2_n5__t361                                  6
out__t540                          5.13035e-09
out__t290                          5.13023e-09
x2_n5__t360                                  6
vdd_drv__t1073                               6
vdd_drv__t750                                6
x2_n5__t359                                  6
out__t539                          5.13011e-09
out__t289                          5.12999e-09
x2_n5__t358                                  6
vdd_drv__t1072                               6
vdd_drv__t749                                6
x2_n5__t357                                  6
out__t538                          5.12988e-09
out__t288                          5.12976e-09
x2_n5__t356                                  6
vdd_drv__t1071                               6
vdd_drv__t748                                6
x2_n5__t355                                  6
out__t537                          5.12964e-09
out__t287                          5.12952e-09
x2_n5__t354                                  6
vdd_drv__t1070                               6
vdd_drv__t753                                6
x2_n5__t364                                  6
out__t542                           5.1294e-09
out__t285                          5.12928e-09
x2_n5__t352                                  6
vdd_drv__t1068                               6
vdd_drv__t705                                6
x2_n5__t288                                  6
out__t504                          5.12916e-09
out__t240                          5.12904e-09
x2_n5__t260                                  6
vdd_drv__t1013                               6
vdd_drv__t690                                6
x2_n5__t259                                  6
out__t489                          5.12893e-09
out__t239                          5.12881e-09
x2_n5__t258                                  6
vdd_drv__t1012                               6
vdd_drv__t689                                6
x2_n5__t257                                  6
out__t488                          5.12869e-09
out__t238                          5.12857e-09
x2_n5__t256                                  6
vdd_drv__t1011                               6
vdd_drv__t688                                6
x2_n5__t255                                  6
out__t487                          5.12845e-09
out__t237                          5.12833e-09
x2_n5__t254                                  6
vdd_drv__t1010                               6
vdd_drv__t687                                6
x2_n5__t253                                  6
out__t486                          5.12821e-09
out__t236                          5.12809e-09
x2_n5__t252                                  6
vdd_drv__t1009                               6
vdd_drv__t686                                6
x2_n5__t251                                  6
out__t485                          5.12797e-09
out__t241                          5.12786e-09
x2_n5__t261                                  6
vdd_drv__t1014                               6
vdd_drv__t685                                6
x2_n5__t249                                  6
out__t484                          5.12774e-09
out__t234                          5.12762e-09
x2_n5__t248                                  6
vdd_drv__t1007                               6
vdd_drv__t684                                6
x2_n5__t247                                  6
out__t483                           5.1275e-09
out__t233                          5.12738e-09
x2_n5__t246                                  6
vdd_drv__t1006                               6
vdd_drv__t683                                6
x2_n5__t245                                  6
out__t482                          5.12726e-09
out__t232                          5.12714e-09
x2_n5__t244                                  6
vdd_drv__t1005                               6
vdd_drv__t682                                6
x2_n5__t243                                  6
out__t481                          5.12702e-09
out__t231                          5.12691e-09
x2_n5__t242                                  6
vdd_drv__t1004                               6
vdd_drv__t681                                6
x2_n5__t241                                  6
out__t480                          5.12679e-09
out__t230                          5.12667e-09
x2_n5__t240                                  6
vdd_drv__t1003                               6
vdd_drv__t702                                6
x2_n5__t282                                  6
out__t501                          5.12655e-09
out__t264                          5.12643e-09
x2_n5__t310                                  6
vdd_drv__t1038                               6
vdd_drv__t743                                6
x2_n5__t341                                  6
out__t532                          5.12631e-09
out__t278                          5.12619e-09
x2_n5__t340                                  6
vdd_drv__t1061                               6
vdd_drv__t742                                6
x2_n5__t339                                  6
out__t531                          5.12607e-09
out__t277                          5.12596e-09
x2_n5__t338                                  6
vdd_drv__t1060                               6
vdd_drv__t741                                6
x2_n5__t337                                  6
out__t530                          5.12584e-09
out__t276                          5.12572e-09
x2_n5__t336                                  6
vdd_drv__t1059                               6
vdd_drv__t740                                6
x2_n5__t335                                  6
out__t529                           5.1256e-09
out__t294                          5.12548e-09
x2_n5__t370                                  6
vdd_drv__t1077                               6
vdd_drv__t973                                6
x2_n5__t679                                  6
out__t699                           5.1401e-09
out__t444                          5.13998e-09
x2_n5__t668                                  6
vdd_drv__t1292                               6
vdd_drv__t967                                6
x2_n5__t667                                  6
out__t693                          5.13986e-09
out__t443                          5.13974e-09
x2_n5__t666                                  6
vdd_drv__t1291                               6
vdd_drv__t966                                6
x2_n5__t665                                  6
out__t692                          5.13962e-09
out__t442                           5.1395e-09
x2_n5__t664                                  6
vdd_drv__t1290                               6
vdd_drv__t993                                6
x2_n5__t718                                  6
out__t719                          5.13939e-09
out__t468                          5.13927e-09
x2_n5__t717                                  6
vdd_drv__t1316                               6
vdd_drv__t992                                6
x2_n5__t716                                  6
out__t718                          5.13915e-09
out__t467                          5.13903e-09
x2_n5__t715                                  6
vdd_drv__t1315                               6
vdd_drv__t991                                6
x2_n5__t714                                  6
out__t717                          5.13891e-09
out__t466                          5.13879e-09
x2_n5__t713                                  6
vdd_drv__t1314                               6
vdd_drv__t990                                6
x2_n5__t712                                  6
out__t716                          5.13867e-09
out__t465                          5.13855e-09
x2_n5__t711                                  6
vdd_drv__t1313                               6
vdd_drv__t989                                6
x2_n5__t710                                  6
out__t715                          5.13843e-09
out__t469                          5.13832e-09
x2_n5__t719                                  6
vdd_drv__t1317                               6
vdd_drv__t987                                6
x2_n5__t708                                  6
out__t713                           5.1382e-09
out__t464                          5.13808e-09
x2_n5__t707                                  6
vdd_drv__t1312                               6
vdd_drv__t986                                6
x2_n5__t706                                  6
out__t712                          5.13796e-09
out__t463                          5.13784e-09
x2_n5__t705                                  6
vdd_drv__t1311                               6
vdd_drv__t985                                6
x2_n5__t704                                  6
out__t711                          5.13772e-09
out__t462                           5.1376e-09
x2_n5__t703                                  6
vdd_drv__t1310                               6
vdd_drv__t984                                6
x2_n5__t702                                  6
out__t710                          5.13748e-09
out__t461                          5.13736e-09
x2_n5__t701                                  6
vdd_drv__t1309                               6
vdd_drv__t983                                6
x2_n5__t700                                  6
out__t709                          5.13725e-09
out__t455                          5.13713e-09
x2_n5__t689                                  6
vdd_drv__t1303                               6
vdd_drv__t963                                6
x2_n5__t659                                  6
out__t690                          5.13701e-09
out__t438                          5.13689e-09
x2_n5__t658                                  6
vdd_drv__t1286                               6
vdd_drv__t962                                6
x2_n5__t657                                  6
out__t689                          5.13677e-09
out__t417                          5.13665e-09
x2_n5__t615                                  6
vdd_drv__t1246                               6
vdd_drv__t921                                6
x2_n5__t614                                  6
out__t667                          5.13653e-09
out__t424                          5.13641e-09
x2_n5__t627                                  6
vdd_drv__t1253                               6
vdd_drv__t926                                6
x2_n5__t626                                  6
out__t672                          5.13629e-09
out__t423                          5.13618e-09
x2_n5__t625                                  6
vdd_drv__t1252                               6
vdd_drv__t925                                6
x2_n5__t624                                  6
out__t671                          5.13606e-09
out__t422                          5.13594e-09
x2_n5__t623                                  6
vdd_drv__t1251                               6
vdd_drv__t924                                6
x2_n5__t622                                  6
out__t670                          5.13582e-09
out__t421                           5.1357e-09
x2_n5__t621                                  6
vdd_drv__t1250                               6
vdd_drv__t923                                6
x2_n5__t620                                  6
out__t669                          5.13558e-09
out__t420                          5.13546e-09
x2_n5__t619                                  6
vdd_drv__t1249                               6
vdd_drv__t958                                6
x2_n5__t650                                  6
out__t685                          5.13534e-09
out__t460                          5.13522e-09
x2_n5__t698                                  6
vdd_drv__t1308                               6
vdd_drv__t981                                6
x2_n5__t697                                  6
out__t707                          5.13511e-09
out__t459                          5.13499e-09
x2_n5__t696                                  6
vdd_drv__t1307                               6
vdd_drv__t980                                6
x2_n5__t695                                  6
out__t706                          5.13487e-09
out__t458                          5.13475e-09
x2_n5__t694                                  6
vdd_drv__t1306                               6
vdd_drv__t979                                6
x2_n5__t693                                  6
out__t705                          5.13463e-09
out__t457                          5.13451e-09
x2_n5__t692                                  6
vdd_drv__t1305                               6
vdd_drv__t978                                6
x2_n5__t691                                  6
out__t704                          5.13439e-09
out__t456                          5.13427e-09
x2_n5__t690                                  6
vdd_drv__t1304                               6
vdd_drv__t982                                6
x2_n5__t699                                  6
out__t708                          5.13416e-09
out__t454                          5.13404e-09
x2_n5__t688                                  6
vdd_drv__t1302                               6
vdd_drv__t977                                6
x2_n5__t687                                  6
out__t703                          5.13392e-09
out__t453                           5.1338e-09
x2_n5__t686                                  6
vdd_drv__t1301                               6
vdd_drv__t976                                6
x2_n5__t685                                  6
out__t702                          5.13368e-09
out__t452                          5.13356e-09
x2_n5__t684                                  6
vdd_drv__t1300                               6
vdd_drv__t975                                6
x2_n5__t683                                  6
out__t701                          5.13344e-09
out__t451                          5.13332e-09
x2_n5__t682                                  6
vdd_drv__t1299                               6
vdd_drv__t974                                6
x2_n5__t681                                  6
out__t700                           5.1332e-09
out__t450                          5.13309e-09
x2_n5__t680                                  6
vdd_drv__t1298                               6
vdd_drv__t988                                6
x2_n5__t709                                  6
out__t714                          5.13297e-09
out__t470                          5.14022e-09
x2_n5__t720                                  6
vdd_drv__t668                                6
in                                           0
in_drv                             2.26207e-09
out                                5.11501e-09
x1_inb                                     3.3
x1_na                                  2.45795
x1_nb                              1.75104e-09
x1_nbuf1                                     6
x1_nca                                 5.99995
x1_ncb                             5.48141e-09
x2_n1                                        6
x2_n2                              4.85942e-09
x2_n3                                        6
x2_n4                              5.38809e-09
x2_n5                                        6
outcap                             5.11501e-09
vimeas#branch                                0
vin#branch                                   0
vgnd_logic#branch                  9.29016e-08
vsup_drv#branch                   -8.64885e-08
vsup_logic#branch                 -6.41131e-09

 Reference value :  0.00000e+00
 Reference value :  4.72800e-09
 Reference value :  1.08280e-08
 Reference value :  1.68280e-08
 Reference value :  2.05293e-08
 Reference value :  2.31888e-08
 Reference value :  2.56681e-08
 Reference value :  2.68304e-08
 Reference value :  2.81618e-08
 Reference value :  3.40618e-08
 Reference value :  4.00618e-08
 Reference value :  4.60618e-08
 Reference value :  5.20618e-08
 Reference value :  5.80618e-08
 Reference value :  6.40618e-08
 Reference value :  7.01618e-08
 Reference value :  7.55618e-08
 Reference value :  8.05618e-08
 Reference value :  8.55618e-08
 Reference value :  9.05618e-08
 Reference value :  9.55618e-08
 Reference value :  1.00562e-07
 Reference value :  1.05562e-07
 Reference value :  1.10562e-07
 Reference value :  1.15562e-07
 Reference value :  1.20462e-07
 Reference value :  1.25862e-07
 Reference value :  1.32062e-07
 Reference value :  1.38162e-07
 Reference value :  1.44362e-07
 Reference value :  1.50562e-07
 Reference value :  1.56662e-07
 Reference value :  1.62762e-07
 Reference value :  1.68962e-07
 Reference value :  1.75162e-07
 Reference value :  1.81262e-07
 Reference value :  1.87362e-07
 Reference value :  1.93562e-07
 Reference value :  1.99762e-07
 Reference value :  2.05962e-07
 Reference value :  2.12162e-07
 Reference value :  2.18262e-07
 Reference value :  2.24362e-07
 Reference value :  2.30462e-07
 Reference value :  2.36462e-07
 Reference value :  2.42562e-07
 Reference value :  2.48562e-07
 Reference value :  2.54662e-07
 Reference value :  2.60862e-07
 Reference value :  2.66962e-07
 Reference value :  2.73062e-07
 Reference value :  2.79162e-07
 Reference value :  2.84962e-07
 Reference value :  2.90862e-07
 Reference value :  2.96862e-07
 Reference value :  3.02962e-07
 Reference value :  3.08962e-07
 Reference value :  3.15062e-07
 Reference value :  3.21004e-07
 Reference value :  3.22123e-07
 Reference value :  3.24211e-07
 Reference value :  3.25946e-07
 Reference value :  3.26892e-07
 Reference value :  3.31916e-07
 Reference value :  3.38016e-07
 Reference value :  3.44216e-07
 Reference value :  3.50416e-07
 Reference value :  3.56316e-07
 Reference value :  3.62216e-07
 Reference value :  3.68216e-07
 Reference value :  3.74316e-07
 Reference value :  3.80316e-07
 Reference value :  3.86216e-07
 Reference value :  3.92216e-07
 Reference value :  3.98316e-07
 Reference value :  4.04216e-07
 Reference value :  4.10216e-07
 Reference value :  4.16216e-07
 Reference value :  4.22316e-07
 Reference value :  4.28316e-07
 Reference value :  4.34216e-07
 Reference value :  4.40116e-07
 Reference value :  4.46016e-07
 Reference value :  4.52116e-07
 Reference value :  4.58116e-07
 Reference value :  4.64116e-07
 Reference value :  4.70116e-07
 Reference value :  4.76116e-07
 Reference value :  4.82116e-07
 Reference value :  4.88216e-07
 Reference value :  4.94216e-07
 Reference value :  5.00216e-07
 Reference value :  5.06216e-07
 Reference value :  5.12116e-07
 Reference value :  5.18016e-07
 Reference value :  5.23916e-07
 Reference value :  5.29816e-07
 Reference value :  5.35916e-07
 Reference value :  5.41816e-07
 Reference value :  5.47716e-07
 Reference value :  5.53916e-07
 Reference value :  5.60116e-07
 Reference value :  5.66216e-07
 Reference value :  5.72216e-07
 Reference value :  5.78216e-07
 Reference value :  5.84316e-07
 Reference value :  5.90316e-07
 Reference value :  5.96416e-07
 Reference value :  6.02516e-07
 Reference value :  6.08616e-07
 Reference value :  6.14616e-07
 Reference value :  6.20616e-07
 Reference value :  6.26516e-07
 Reference value :  6.32516e-07
 Reference value :  6.39016e-07
 Reference value :  6.45616e-07
 Reference value :  6.51616e-07
 Reference value :  6.57616e-07
 Reference value :  6.63716e-07
 Reference value :  6.69716e-07
 Reference value :  6.75816e-07
 Reference value :  6.81816e-07
 Reference value :  6.88016e-07
 Reference value :  6.94116e-07
 Reference value :  6.99716e-07
No. of Data Rows : 7159
trise10_90          =  6.07800e-09 targ=  3.37161e-08 trig=  2.76381e-08
tfall10_90          =  5.06816e-09 targ=  3.32091e-07 trig=  3.27023e-07
tpdlh               =  9.43288e-09 targ=  2.99329e-08 trig=  2.05000e-08
tpdhl               =  7.65468e-09 targ=  3.29155e-07 trig=  3.21500e-07
m_trise_s = 6.0780000000e-09
m_tfall_s = 5.0681600000e-09
m_tpdlh_s = 9.4328770000e-09
m_tpdhl_s = 7.6546820000e-09
m_ipeak_source_a = 1.0903685713e+00
m_ipeak_sink_a = 1.1535828853e+00
m_vout_max_v = 6.0030939666e+00
m_vout_min_v = -2.805518477e-03
m_vin_max_v = 3.3000000000e+00
m_vin_min_v = 0.0000000000e+00
m_indrv_max_v = 6.0094612235e+00
m_indrv_min_v = -3.266357790e-03
m_n1_max_v = 6.0048461106e+00
m_n1_min_v = -4.901919631e-03
m_n2_max_v = 6.0108872936e+00
m_n2_min_v = -8.091603337e-03
m_n3_max_v = 6.0075728104e+00
m_n3_min_v = -7.418537402e-03
m_n4_max_v = 6.0146126393e+00
m_n4_min_v = -1.131895088e-02
m_n5_max_v = 6.0250700092e+00
m_n5_min_v = -1.396519555e-02
Note: Simulation executed from .control section 

Note: vimeas: has no value, DC 0 assumed
