
Note: No compatibility mode selected!


Circuit: * gate-driver-core-drive-postlayout @ tt_-40c_vlogic3p30v-vdrv5p00v -- generated by sim/harness, do not edit

Doing analysis at TEMP = -40.000000 and TNOM = 27.000000

Using SPARSE 1.3 as Direct Linear Solver

Initial Transient Solution
--------------------------

Node                                   Voltage
----                                   -------
x1_inb__t1                                 3.3
in__t1                                       0
gnd_logic                                    0
x2_n3__t1                                    5
x2_n2__t2                          2.17247e-09
gnd_drv                            3.65417e-12
x2_n5__t131                                  5
out__t174                          2.38293e-09
out__t61                           2.38289e-09
x2_n5__t121                                  5
x2_n5__t120                                  5
out__t169                          2.38282e-09
out__t49                           2.38273e-09
x2_n5__t93                                   5
x2_n5__t92                                   5
out__t153                          2.38262e-09
out__t60                            2.3825e-09
x2_n5__t119                                  5
x2_n5__t94                                   5
out__t154                          2.38236e-09
out__t62                           2.38221e-09
x2_n5__t122                                  5
x2_n5__t132                                  5
out__t175                          2.38206e-09
out__t67                           2.38189e-09
x2_n5__t133                                  5
x2_n4__t185                        2.16713e-09
x2_n3__t5                                    5
x2_n5__t134                                  5
out__t176                          2.38171e-09
out__t68                           2.38153e-09
x2_n5__t135                                  5
x2_n5__t136                                  5
out__t177                          2.38135e-09
out__t69                           2.38115e-09
x2_n5__t137                                  5
x2_n5__t138                                  5
out__t178                          2.38096e-09
out__t70                           2.38076e-09
x2_n5__t139                                  5
x2_n5__t149                                  5
out__t183                          2.38055e-09
out__t72                           2.38035e-09
x2_n5__t141                                  5
x2_n5__t142                                  5
out__t179                          2.38014e-09
out__t73                           2.37993e-09
x2_n5__t143                                  5
x2_n3__t6                                    5
x2_n4__t184                        2.17681e-09
x2_n5__t144                                  5
out__t180                          2.37972e-09
out__t74                           2.37951e-09
x2_n5__t145                                  5
x2_n5__t146                                  5
out__t181                          2.37929e-09
out__t75                           2.37907e-09
x2_n5__t147                                  5
x2_n5__t148                                  5
out__t182                          2.37886e-09
out__t71                           2.37864e-09
x2_n5__t140                                  5
x2_n5__t114                                  5
out__t166                          2.37842e-09
out__t58                            2.3782e-09
x2_n5__t115                                  5
x2_n5__t116                                  5
out__t167                          2.37798e-09
out__t59                           2.37776e-09
x2_n5__t117                                  5
x2_n4__t183                        2.18655e-09
x2_n3__t18                                   5
x2_n5__t118                                  5
out__t168                          2.37753e-09
out__t36                           2.37731e-09
x2_n5__t70                                   5
x2_n5__t164                                  5
out__t192                          2.37709e-09
out__t44                           2.37686e-09
x2_n5__t85                                   5
x2_n5__t1                                    5
out__t0                            2.37664e-09
out__t108                          2.36798e-09
x2_n5__t216                                  5
x2_n5__t215                                  5
out__t217                          2.36821e-09
out__t107                          2.36844e-09
x2_n5__t213                                  5
x2_n5__t212                                  5
out__t215                          2.36867e-09
out__t106                           2.3689e-09
x2_n5__t211                                  5
x2_n3__t14                                   5
x2_n4__t189                        2.19635e-09
x2_n5__t210                                  5
out__t214                          2.36913e-09
out__t105                          2.36936e-09
x2_n5__t209                                  5
x2_n5__t214                                  5
out__t216                          2.36959e-09
out__t103                          2.36982e-09
x2_n5__t207                                  5
x2_n5__t206                                  5
out__t213                          2.37005e-09
out__t102                          2.37028e-09
x2_n5__t205                                  5
x2_n5__t204                                  5
out__t212                           2.3705e-09
out__t79                           2.37073e-09
x2_n5__t158                                  5
x2_n5__t165                                  5
out__t193                          2.37096e-09
out__t81                           2.37119e-09
x2_n5__t163                                  5
x2_n4__t179                         2.2062e-09
x2_n3__t13                                   5
x2_n5__t162                                  5
out__t191                          2.37142e-09
out__t95                           2.37165e-09
x2_n5__t190                                  5
x2_n5__t194                                  5
out__t207                          2.37188e-09
out__t109                          2.37211e-09
x2_n5__t219                                  5
x2_n5__t218                                  5
out__t219                          2.37234e-09
out__t104                          2.37256e-09
x2_n5__t208                                  5
x2_n5__t189                                  5
out__t204                          2.37279e-09
out__t94                           2.37302e-09
x2_n5__t188                                  5
x2_n5__t187                                  5
out__t203                          2.37325e-09
out__t93                           2.37348e-09
x2_n5__t186                                  5
x2_n3__t12                                   5
x2_n4__t188                         2.2161e-09
x2_n5__t109                                  5
out__t163                          2.37371e-09
out__t96                           2.37393e-09
x2_n5__t192                                  5
x2_n5__t191                                  5
out__t205                          2.37416e-09
out__t55                           2.37439e-09
x2_n5__t108                                  5
x2_n5__t107                                  5
out__t162                          2.37462e-09
out__t54                           2.37484e-09
x2_n5__t106                                  5
x2_n5__t105                                  5
out__t161                          2.37507e-09
out__t57                            2.3753e-09
x2_n5__t113                                  5
x2_n5__t103                                  5
out__t159                          2.37552e-09
out__t53                           2.37575e-09
x2_n5__t102                                  5
x2_n4__t178                        2.22604e-09
x2_n3__t11                                   5
x2_n5__t161                                  5
out__t190                          2.37598e-09
out__t52                            2.3762e-09
x2_n5__t100                                  5
x2_n5__t99                                   5
out__t157                          2.37643e-09
out__t51                           2.37665e-09
x2_n5__t98                                   5
x2_n5__t97                                   5
out__t156                          2.37687e-09
out__t50                            2.3771e-09
x2_n5__t96                                   5
x2_n5__t86                                   5
out__t151                          2.37732e-09
out__t100                          2.37755e-09
x2_n5__t202                                  5
x2_n5__t201                                  5
out__t211                          2.37777e-09
out__t99                           2.37799e-09
x2_n5__t200                                  5
x2_n3__t10                                   5
x2_n4__t187                        2.23604e-09
x2_n5__t199                                  5
out__t210                          2.37821e-09
out__t98                           2.37843e-09
x2_n5__t198                                  5
x2_n5__t197                                  5
out__t209                          2.37865e-09
out__t97                           2.37887e-09
x2_n5__t196                                  5
x2_n5__t195                                  5
out__t208                          2.37909e-09
out__t101                           2.3793e-09
x2_n5__t203                                  5
x2_n5__t193                                  5
out__t206                          2.37952e-09
out__t47                           2.37973e-09
x2_n5__t90                                   5
x2_n5__t80                                   5
out__t149                          2.37994e-09
out__t46                           2.38015e-09
x2_n5__t88                                   5
x2_n4__t177                        2.24607e-09
x2_n3__t9                                    5
x2_n5__t67                                   5
out__t142                          2.35539e-09
out__t33                           2.35561e-09
x2_n5__t64                                   5
x2_n5__t66                                   5
out__t141                          2.35584e-09
out__t34                           2.35607e-09
x2_n5__t65                                   5
x2_n5__t167                                  5
out__t194                           2.3563e-09
out__t39                           2.35653e-09
x2_n5__t76                                   5
x2_n5__t51                                   5
out__t136                          2.35676e-09
out__t24                           2.35698e-09
x2_n5__t50                                   5
x2_n5__t49                                   5
out__t135                          2.35721e-09
out__t23                           2.35744e-09
x2_n5__t48                                   5
x1_na__t0                              2.33096
in__t2                                       0
x2_n3__t8                                    5
x2_n4__t186                        2.25614e-09
x2_n5__t101                                  5
out__t158                          2.35767e-09
out__t22                            2.3579e-09
x2_n5__t47                                   5
x2_n5__t46                                   5
out__t134                          2.35813e-09
out__t21                           2.35836e-09
x2_n5__t45                                   5
x2_n5__t44                                   5
out__t133                          2.35858e-09
out__t25                           2.35881e-09
x2_n5__t52                                   5
x2_n5__t42                                   5
out__t131                          2.35904e-09
out__t20                           2.35927e-09
x2_n5__t41                                   5
x2_n5__t40                                   5
out__t130                           2.3595e-09
out__t19                           2.35973e-09
x2_n5__t39                                   5
x2_n4__t182                        2.26624e-09
x2_n3__t17                                   5
x2_n5__t38                                   5
out__t129                          2.35996e-09
out__t18                           2.36019e-09
x2_n5__t37                                   5
x2_n5__t36                                   5
out__t128                          2.36042e-09
out__t31                           2.36064e-09
x2_n5__t61                                   5
x2_n5__t68                                   5
out__t143                          2.36087e-09
out__t82                            2.3611e-09
x2_n5__t166                                  5
x2_n5__t157                                  5
out__t188                          2.36133e-09
out__t83                           2.36156e-09
x2_n5__t168                                  5
x2_n5__t156                                  5
out__t187                          2.36179e-09
out__t78                           2.36202e-09
x2_n5__t155                                  5
x2_n3__t16                                   5
x2_n4__t190                        2.27637e-09
x2_n5__t154                                  5
out__t186                          2.36225e-09
out__t77                           2.36248e-09
x2_n5__t153                                  5
x2_n5__t152                                  5
out__t185                          2.36271e-09
out__t76                           2.36294e-09
x2_n5__t151                                  5
x2_n5__t150                                  5
out__t184                          2.36317e-09
out__t87                           2.36339e-09
x2_n5__t175                                  5
x2_n5__t184                                  5
out__t202                          2.36362e-09
out__t91                           2.36385e-09
x2_n5__t183                                  5
x2_n5__t182                                  5
out__t201                          2.36408e-09
out__t90                           2.36431e-09
x2_n5__t181                                  5
x2_n4__t180                        2.28651e-09
x2_n3__t15                                   5
x2_n5__t180                                  5
out__t200                          2.36454e-09
out__t89                           2.36477e-09
x2_n5__t179                                  5
x2_n5__t178                                  5
out__t199                            2.365e-09
out__t88                           2.36523e-09
x2_n5__t177                                  5
x2_n5__t176                                  5
out__t198                          2.36546e-09
out__t92                           2.36569e-09
x2_n5__t185                                  5
x2_n5__t174                                  5
out__t197                          2.36592e-09
out__t86                           2.36615e-09
x2_n5__t173                                  5
x2_n5__t172                                  5
out__t196                          2.36638e-09
out__t85                           2.36661e-09
x2_n5__t171                                  5
x2_n3__t7                                    5
x2_n4__t181                        2.29667e-09
x2_n5__t170                                  5
out__t195                          2.36683e-09
out__t84                           2.36707e-09
x2_n5__t169                                  5
x2_n5__t95                                   5
out__t155                          2.36729e-09
out__t45                           2.36752e-09
x2_n5__t87                                   5
x2_n5__t217                                  5
out__t218                          2.36775e-09
out__t110                          2.34288e-09
x2_n5__t220                                  5
x2_n5__t34                                   5
out__t126                          2.34311e-09
out__t14                           2.34334e-09
x2_n5__t26                                   5
x2_n5__t32                                   5
out__t124                          2.34356e-09
out__t17                           2.34379e-09
x2_n5__t31                                   5
x2_n5__t747                                  5
x2_n4__t54                         2.66787e-09
x2_n5__t30                                   5
out__t123                          2.34402e-09
out__t16                           2.34424e-09
x2_n5__t29                                   5
x2_n5__t28                                   5
out__t122                          2.34447e-09
out__t15                            2.3447e-09
x2_n5__t27                                   5
x2_n5__t35                                   5
out__t127                          2.34492e-09
out__t13                           2.34515e-09
x2_n5__t25                                   5
x2_n5__t24                                   5
out__t121                          2.34538e-09
out__t12                            2.3456e-09
x2_n5__t23                                   5
x2_n5__t22                                   5
out__t120                          2.34583e-09
out__t11                           2.34606e-09
x2_n5__t21                                   5
x2_n4__t51                         2.66787e-09
x2_n5__t772                                  5
x2_n5__t20                                   5
out__t119                          2.34628e-09
out__t10                           2.34651e-09
x2_n5__t19                                   5
x2_n5__t18                                   5
out__t118                          2.34674e-09
out__t27                           2.34696e-09
x2_n5__t54                                   5
x2_n5__t77                                   5
out__t147                          2.34719e-09
out__t35                           2.34742e-09
x2_n5__t69                                   5
x2_n5__t75                                   5
out__t146                          2.34764e-09
out__t38                           2.34787e-09
x2_n5__t74                                   5
x2_n5__t73                                   5
out__t145                           2.3481e-09
out__t37                           2.34832e-09
x2_n5__t72                                   5
x2_n5__t746                                  5
x2_n4__t50                         2.66787e-09
x2_n5__t71                                   5
out__t144                          2.34855e-09
out__t32                           2.34878e-09
x2_n5__t63                                   5
x2_n5__t62                                   5
out__t140                          2.34901e-09
out__t2                            2.34923e-09
x2_n5__t3                                    5
x2_n5__t17                                   5
out__t117                          2.34946e-09
out__t1                            2.34969e-09
x2_n5__t2                                    5
x2_n5__t60                                   5
out__t139                          2.34992e-09
out__t30                           2.35014e-09
x2_n5__t59                                   5
x2_n5__t58                                   5
out__t138                          2.35037e-09
out__t29                            2.3506e-09
x2_n5__t57                                   5
x2_n4__t49                         2.66787e-09
x2_n5__t771                                  5
x2_n5__t56                                   5
out__t137                          2.35083e-09
out__t28                           2.35105e-09
x2_n5__t55                                   5
x2_n5__t43                                   5
out__t132                          2.35128e-09
out__t26                           2.35151e-09
x2_n5__t53                                   5
x2_n5__t33                                   5
out__t125                          2.35174e-09
out__t9                            2.35196e-09
x2_n5__t16                                   5
x2_n5__t15                                   5
out__t116                          2.35219e-09
out__t8                            2.35242e-09
x2_n5__t14                                   5
x2_n5__t13                                   5
out__t115                          2.35265e-09
out__t7                            2.35288e-09
x2_n5__t12                                   5
x2_n5__t745                                  5
x2_n4__t48                         2.66787e-09
x2_n5__t11                                   5
out__t114                           2.3531e-09
out__t6                            2.35333e-09
x2_n5__t10                                   5
x2_n5__t9                                    5
out__t113                          2.35356e-09
out__t5                            2.35379e-09
x2_n5__t8                                    5
x2_n5__t7                                    5
out__t112                          2.35402e-09
out__t4                            2.35424e-09
x2_n5__t6                                    5
x2_n5__t5                                    5
out__t111                          2.35447e-09
out__t3                             2.3547e-09
x2_n5__t4                                    5
x2_n5__t159                                  5
out__t189                          2.35493e-09
out__t80                           2.35516e-09
x2_n5__t160                                  5
x1_nb__t1                          3.50995e-10
x1_inb__t2                                 3.3
x2_n4__t47                         2.66787e-09
x2_n5__t770                                  5
x2_n5__t744                                  5
x2_n4__t46                         2.66787e-09
x2_n4__t45                         2.66787e-09
x2_n5__t769                                  5
x2_n5__t743                                  5
x2_n4__t44                         2.66787e-09
x2_n4__t52                         2.66787e-09
x2_n5__t773                                  5
x2_n5__t741                                  5
x2_n4__t40                         2.66787e-09
x2_n4__t25                         2.66787e-09
x2_n5__t759                                  5
x2_n5__t738                                  5
x2_n4__t34                         2.66787e-09
x2_n4__t31                         2.66787e-09
x2_n5__t763                                  5
x2_n5__t735                                  5
x2_n4__t30                         2.66787e-09
x1_nca__t2                                   5
vdd_logic__t3                              3.3
x1_na__t1                              2.33096
x2_n4__t26                         2.66787e-09
x2_n5__t760                                  5
x2_n5__t742                                  5
x2_n4__t41                         2.66787e-09
x2_n4__t38                         2.66787e-09
x2_n5__t766                                  5
x2_n5__t737                                  5
x2_n4__t33                         2.66787e-09
x2_n4__t29                         2.66787e-09
x2_n5__t762                                  5
x2_n5__t740                                  5
x2_n4__t39                         2.66787e-09
x2_n4__t28                         2.66787e-09
x2_n5__t761                                  5
x2_n5__t734                                  5
x2_n4__t27                         2.66787e-09
x2_n4__t42                         2.66787e-09
x2_n5__t767                                  5
x2_n5__t733                                  5
x2_n4__t24                         2.66787e-09
x1_ncb__t0                         2.64231e-09
vdd_logic__t2                              3.3
x1_nb__t0                          2.03029e-09
x2_n4__t43                         2.66787e-09
x2_n5__t768                                  5
x2_n5__t721                                  5
x2_n4__t1                          2.66787e-09
x2_n4__t2                          2.66787e-09
x2_n5__t748                                  5
x2_n5__t730                                  5
x2_n4__t20                         2.66787e-09
x2_n4__t9                          2.66787e-09
x2_n5__t751                                  5
x2_n5__t725                                  5
x2_n4__t8                          2.66787e-09
x2_n4__t37                         2.66787e-09
x2_n5__t765                                  5
x2_n5__t739                                  5
x2_n4__t36                         2.66787e-09
x2_n4__t35                         2.66787e-09
x2_n5__t764                                  5
x2_n5__t736                                  5
x2_n4__t32                         2.66787e-09
x1_nbuf1__t3                                 5
x1_ncb__t3                         3.72309e-09
x2_n4__t17                         2.66787e-09
x2_n5__t755                                  5
x2_n5__t729                                  5
x2_n4__t16                         2.66787e-09
x2_n4__t15                         2.66787e-09
x2_n5__t754                                  5
x2_n5__t728                                  5
x2_n4__t14                         2.66787e-09
x2_n4__t13                         2.66787e-09
x2_n5__t753                                  5
x2_n5__t727                                  5
x2_n4__t12                         2.66787e-09
x2_n4__t11                         2.66787e-09
x2_n5__t752                                  5
x2_n5__t726                                  5
x2_n4__t10                         2.66787e-09
x2_n4__t18                         2.66787e-09
x2_n5__t756                                  5
x2_n5__t724                                  5
x2_n4__t7                          2.66787e-09
in_drv__t3                         7.60582e-10
x1_nbuf1__t1                                 5
x2_n4__t6                          2.66787e-09
x2_n5__t750                                  5
x2_n5__t723                                  5
x2_n4__t5                          2.66787e-09
x2_n4__t4                          2.66787e-09
x2_n5__t749                                  5
x2_n5__t722                                  5
x2_n4__t3                          2.66787e-09
x2_n4__t19                         2.66787e-09
x2_n5__t757                                  5
x2_n5__t732                                  5
x2_n4__t23                         2.66787e-09
x2_n4__t22                         2.66787e-09
x2_n5__t758                                  5
x2_n5__t731                                  5
x2_n4__t21                         2.66787e-09
x2_n4__t53                         2.66787e-09
x2_n5__t774                                  5
x2_n5__t0                                    5
x2_n4__t0                          2.66787e-09
x2_n1__t3                                    5
in_drv__t1                         9.90361e-10
x2_n5__t89                                   5
out__t152                          2.38036e-09
out__t42                           2.38057e-09
x2_n5__t82                                   5
x2_n5__t84                                   5
out__t150                          2.38077e-09
out__t43                           2.38097e-09
x2_n5__t83                                   5
x2_n5__t79                                   5
out__t148                          2.38116e-09
out__t40                           2.38136e-09
x2_n5__t78                                   5
x2_n5__t104                                  5
out__t160                          2.38154e-09
out__t56                           2.38172e-09
x2_n5__t111                                  5
x2_n5__t110                                  5
out__t164                           2.3819e-09
out__t41                           2.38207e-09
x2_n5__t81                                   5
x2_n2__t0                          1.49569e-09
x2_n1__t0                                    5
x2_n5__t112                                  5
out__t165                          2.38222e-09
out__t48                           2.38237e-09
x2_n5__t91                                   5
x2_n5__t130                                  5
out__t173                          2.38251e-09
out__t66                           2.38263e-09
x2_n5__t129                                  5
x2_n5__t128                                  5
out__t172                          2.38273e-09
out__t65                           2.38282e-09
x2_n5__t127                                  5
x2_n5__t126                                  5
out__t171                          2.38289e-09
out__t64                           2.38294e-09
x2_n5__t125                                  5
x2_n5__t124                                  5
out__t170                          2.38296e-09
out__t63                           2.38296e-09
x2_n5__t123                                  5
x1_inb__t0                                 3.3
in__t0                                       0
vdd_logic__t0                              3.3
vdd_logic                                  3.3
x1_nca__t0                                   5
x1_ncb__t1                         3.72309e-09
vdd_drv__t0                                  5
vdd_drv                                      5
x1_ncb__t4                         3.76714e-09
x1_nca__t1                                   5
vdd_drv__t671                                5
x1_nbuf1__t2                                 5
x1_ncb__t2                         3.72309e-09
vdd_drv__t6                                  5
in_drv__t2                         2.32544e-09
x1_nbuf1__t0                                 5
vdd_drv__t8                                  5
x2_n1__t2                                    5
in_drv__t0                         9.90361e-10
vdd_drv__t10                                 5
x2_n2__t3                          3.20862e-09
x2_n1__t1                                    5
vdd_drv__t12                                 5
x2_n3__t0                                    5
x2_n2__t1                          2.17247e-09
vdd_drv__t2                                  5
x2_n4__t207                        2.94825e-09
x2_n3__t2                                    5
vdd_drv__t4                                  5
vdd_drv__t1214                               5
x2_n3__t3                                    5
x2_n4__t206                        2.94402e-09
x2_n4__t196                        2.93982e-09
x2_n3__t30                                   5
vdd_drv__t1213                               5
vdd_drv__t894                                5
x2_n3__t29                                   5
x2_n4__t213                        2.93565e-09
x2_n4__t195                        2.93152e-09
x2_n3__t28                                   5
vdd_drv__t1212                               5
vdd_drv__t893                                5
x2_n3__t27                                   5
x2_n4__t212                        2.92744e-09
x2_n4__t194                        2.92339e-09
x2_n3__t26                                   5
vdd_drv__t1211                               5
vdd_drv__t911                                5
x2_n3__t44                                   5
x2_n4__t220                        2.91939e-09
x2_n4__t204                        2.91543e-09
x2_n3__t43                                   5
vdd_drv__t1233                               5
vdd_drv__t910                                5
x2_n3__t42                                   5
x2_n4__t219                        2.91152e-09
x2_n4__t205                        2.90766e-09
x2_n3__t45                                   5
vdd_drv__t1237                               5
vdd_drv__t909                                5
x2_n3__t41                                   5
x2_n4__t218                        2.90386e-09
x2_n4__t203                        2.90011e-09
x2_n3__t40                                   5
vdd_drv__t1231                               5
vdd_drv__t880                                5
x2_n3__t19                                   5
x2_n4__t208                        2.89642e-09
x2_n4__t199                        2.89278e-09
x2_n3__t36                                   5
vdd_drv__t1228                               5
vdd_drv__t907                                5
x2_n3__t35                                   5
x2_n4__t216                        2.88922e-09
x2_n4__t198                        2.88572e-09
x2_n3__t34                                   5
vdd_drv__t1227                               5
vdd_drv__t906                                5
x2_n3__t33                                   5
x2_n4__t215                        2.88229e-09
x2_n4__t197                        2.87893e-09
x2_n3__t32                                   5
vdd_drv__t1221                               5
vdd_drv__t885                                5
x2_n3__t25                                   5
x2_n4__t211                        2.87565e-09
x2_n4__t193                        2.87245e-09
x2_n3__t24                                   5
vdd_drv__t1205                               5
vdd_drv__t884                                5
x2_n3__t23                                   5
x2_n4__t210                        2.86934e-09
x2_n4__t192                        2.86632e-09
x2_n3__t22                                   5
vdd_drv__t1204                               5
vdd_drv__t883                                5
x2_n3__t21                                   5
x2_n4__t209                        2.86339e-09
x2_n4__t191                        2.86055e-09
x2_n3__t20                                   5
vdd_drv__t1203                               5
vdd_drv__t895                                5
x2_n3__t31                                   5
x2_n4__t214                        2.85782e-09
x2_n4__t202                        2.85519e-09
x2_n3__t39                                   5
vdd_drv__t1230                               5
vdd_drv__t908                                5
x2_n3__t38                                   5
x2_n4__t217                        2.85268e-09
x2_n4__t200                        2.85028e-09
x2_n3__t37                                   5
vdd_drv__t1229                               5
vdd_drv__t15                                 5
x2_n3__t4                                    5
x2_n4__t201                          2.848e-09
vdd_drv__t913                                5
x2_n4__t135                        2.66787e-09
x2_n5__t876                                  5
x2_n5__t776                                  5
x2_n4__t56                         2.66787e-09
vdd_drv__t1031                               5
vdd_drv__t939                                5
x2_n4__t148                        2.66787e-09
x2_n5__t883                                  5
x2_n5__t784                                  5
x2_n4__t73                         2.66787e-09
vdd_drv__t1052                               5
vdd_drv__t943                                5
x2_n4__t155                        2.66787e-09
x2_n5__t887                                  5
x2_n5__t824                                  5
x2_n4__t154                        2.66787e-09
vdd_drv__t1266                               5
vdd_drv__t941                                5
x2_n4__t150                        2.66787e-09
x2_n5__t885                                  5
x2_n5__t816                                  5
x2_n4__t136                        2.66787e-09
vdd_drv__t1242                               5
vdd_drv__t731                                5
x2_n4__t74                         2.66787e-09
x2_n5__t846                                  5
x2_n5__t783                                  5
x2_n4__t72                         2.66787e-09
vdd_drv__t1051                               5
vdd_drv__t730                                5
x2_n4__t71                         2.66787e-09
x2_n5__t845                                  5
x2_n5__t782                                  5
x2_n4__t70                         2.66787e-09
vdd_drv__t1050                               5
vdd_drv__t729                                5
x2_n4__t69                         2.66787e-09
x2_n5__t844                                  5
x2_n5__t781                                  5
x2_n4__t68                         2.66787e-09
vdd_drv__t1049                               5
vdd_drv__t728                                5
x2_n4__t67                         2.66787e-09
x2_n5__t843                                  5
x2_n5__t785                                  5
x2_n4__t75                         2.66787e-09
vdd_drv__t1054                               5
vdd_drv__t727                                5
x2_n4__t66                         2.66787e-09
x2_n5__t842                                  5
x2_n5__t780                                  5
x2_n4__t65                         2.66787e-09
vdd_drv__t1047                               5
vdd_drv__t726                                5
x2_n4__t64                         2.66787e-09
x2_n5__t841                                  5
x2_n5__t779                                  5
x2_n4__t63                         2.66787e-09
vdd_drv__t1046                               5
vdd_drv__t725                                5
x2_n4__t62                         2.66787e-09
x2_n5__t840                                  5
x2_n5__t778                                  5
x2_n4__t61                         2.66787e-09
vdd_drv__t1045                               5
vdd_drv__t724                                5
x2_n4__t60                         2.66787e-09
x2_n5__t839                                  5
x2_n5__t777                                  5
x2_n4__t59                         2.66787e-09
vdd_drv__t1044                               5
vdd_drv__t723                                5
x2_n4__t58                         2.66787e-09
x2_n5__t838                                  5
x2_n5__t786                                  5
x2_n4__t76                         2.66787e-09
vdd_drv__t1125                               5
vdd_drv__t965                                5
x2_n4__t175                        2.66787e-09
x2_n5__t896                                  5
x2_n5__t819                                  5
x2_n4__t141                        2.66787e-09
vdd_drv__t1261                               5
vdd_drv__t940                                5
x2_n4__t149                        2.66787e-09
x2_n5__t884                                  5
x2_n5__t822                                  5
x2_n4__t151                        2.66787e-09
vdd_drv__t1264                               5
vdd_drv__t942                                5
x2_n4__t152                        2.66787e-09
x2_n5__t886                                  5
x2_n5__t823                                  5
x2_n4__t153                        2.66787e-09
vdd_drv__t1265                               5
vdd_drv__t712                                5
x2_n4__t57                         2.66787e-09
x2_n5__t837                                  5
x2_n5__t827                                  5
x2_n4__t160                        2.66787e-09
vdd_drv__t1270                               5
vdd_drv__t945                                5
x2_n4__t158                        2.66787e-09
x2_n5__t888                                  5
x2_n5__t821                                  5
x2_n4__t147                        2.66787e-09
vdd_drv__t1263                               5
vdd_drv__t936                                5
x2_n4__t144                        2.66787e-09
x2_n5__t880                                  5
x2_n5__t820                                  5
x2_n4__t143                        2.66787e-09
vdd_drv__t1262                               5
vdd_drv__t935                                5
x2_n4__t142                        2.66787e-09
x2_n5__t879                                  5
x2_n5__t829                                  5
x2_n4__t163                        2.66787e-09
vdd_drv__t1272                               5
vdd_drv__t947                                5
x2_n4__t162                        2.66787e-09
x2_n5__t890                                  5
x2_n5__t828                                  5
x2_n4__t161                        2.66787e-09
vdd_drv__t1271                               5
vdd_drv__t946                                5
x2_n4__t159                        2.66787e-09
x2_n5__t889                                  5
x2_n5__t825                                  5
x2_n4__t156                        2.66787e-09
vdd_drv__t1267                               5
vdd_drv__t937                                5
x2_n4__t145                        2.66787e-09
x2_n5__t881                                  5
x2_n5__t818                                  5
x2_n4__t140                        2.66787e-09
vdd_drv__t1260                               5
vdd_drv__t934                                5
x2_n4__t139                        2.66787e-09
x2_n5__t878                                  5
x2_n5__t817                                  5
x2_n4__t138                        2.66787e-09
vdd_drv__t1259                               5
vdd_drv__t933                                5
x2_n4__t137                        2.66787e-09
x2_n5__t877                                  5
x2_n5__t830                                  5
x2_n4__t164                        2.66787e-09
vdd_drv__t1273                               5
vdd_drv__t952                                5
x2_n4__t173                        2.66787e-09
x2_n5__t895                                  5
x2_n5__t834                                  5
x2_n4__t172                        2.66787e-09
vdd_drv__t1277                               5
vdd_drv__t951                                5
x2_n4__t171                        2.66787e-09
x2_n5__t894                                  5
x2_n5__t833                                  5
x2_n4__t170                        2.66787e-09
vdd_drv__t1276                               5
vdd_drv__t950                                5
x2_n4__t169                        2.66787e-09
x2_n5__t893                                  5
x2_n5__t832                                  5
x2_n4__t168                        2.66787e-09
vdd_drv__t1275                               5
vdd_drv__t949                                5
x2_n4__t167                        2.66787e-09
x2_n5__t892                                  5
x2_n5__t831                                  5
x2_n4__t166                        2.66787e-09
vdd_drv__t1274                               5
vdd_drv__t948                                5
x2_n4__t165                        2.66787e-09
x2_n5__t891                                  5
x2_n5__t835                                  5
x2_n4__t174                        2.66787e-09
vdd_drv__t1278                               5
vdd_drv__t20                                 5
x2_n4__t55                         2.66787e-09
x2_n5__t775                                  5
x2_n5__t836                                  5
x2_n4__t176                        2.66787e-09
vdd_drv__t669                                5
vdd_drv__t841                                5
x2_n4__t84                         2.66787e-09
x2_n5__t851                                  5
x2_n5__t806                                  5
x2_n4__t115                        2.66787e-09
vdd_drv__t1186                               5
vdd_drv__t864                                5
x2_n4__t114                        2.66787e-09
x2_n5__t865                                  5
x2_n5__t805                                  5
x2_n4__t113                        2.66787e-09
vdd_drv__t1185                               5
vdd_drv__t863                                5
x2_n4__t112                        2.66787e-09
x2_n5__t864                                  5
x2_n5__t804                                  5
x2_n4__t111                        2.66787e-09
vdd_drv__t1184                               5
vdd_drv__t862                                5
x2_n4__t110                        2.66787e-09
x2_n5__t863                                  5
x2_n5__t803                                  5
x2_n4__t109                        2.66787e-09
vdd_drv__t1183                               5
vdd_drv__t861                                5
x2_n4__t108                        2.66787e-09
x2_n5__t862                                  5
x2_n5__t802                                  5
x2_n4__t107                        2.66787e-09
vdd_drv__t1182                               5
vdd_drv__t865                                5
x2_n4__t116                        2.66787e-09
x2_n5__t866                                  5
x2_n5__t801                                  5
x2_n4__t106                        2.66787e-09
vdd_drv__t1180                               5
vdd_drv__t860                                5
x2_n4__t105                        2.66787e-09
x2_n5__t861                                  5
x2_n5__t800                                  5
x2_n4__t104                        2.66787e-09
vdd_drv__t1179                               5
vdd_drv__t859                                5
x2_n4__t103                        2.66787e-09
x2_n5__t860                                  5
x2_n5__t799                                  5
x2_n4__t102                        2.66787e-09
vdd_drv__t1178                               5
vdd_drv__t858                                5
x2_n4__t101                        2.66787e-09
x2_n5__t859                                  5
x2_n5__t798                                  5
x2_n4__t100                        2.66787e-09
vdd_drv__t1177                               5
vdd_drv__t857                                5
x2_n4__t99                         2.66787e-09
x2_n5__t858                                  5
x2_n5__t797                                  5
x2_n4__t98                         2.66787e-09
vdd_drv__t1176                               5
vdd_drv__t870                                5
x2_n4__t117                        2.66787e-09
x2_n5__t867                                  5
x2_n5__t810                                  5
x2_n4__t125                        2.66787e-09
vdd_drv__t1196                               5
vdd_drv__t874                                5
x2_n4__t124                        2.66787e-09
x2_n5__t871                                  5
x2_n5__t809                                  5
x2_n4__t123                        2.66787e-09
vdd_drv__t1195                               5
vdd_drv__t873                                5
x2_n4__t122                        2.66787e-09
x2_n5__t870                                  5
x2_n5__t808                                  5
x2_n4__t121                        2.66787e-09
vdd_drv__t1194                               5
vdd_drv__t872                                5
x2_n4__t120                        2.66787e-09
x2_n5__t869                                  5
x2_n5__t807                                  5
x2_n4__t119                        2.66787e-09
vdd_drv__t1193                               5
vdd_drv__t871                                5
x2_n4__t118                        2.66787e-09
x2_n5__t868                                  5
x2_n5__t826                                  5
x2_n4__t157                        2.66787e-09
vdd_drv__t1268                               5
vdd_drv__t938                                5
x2_n4__t146                        2.66787e-09
x2_n5__t882                                  5
x2_n5__t813                                  5
x2_n4__t130                        2.66787e-09
vdd_drv__t1223                               5
vdd_drv__t901                                5
x2_n4__t129                        2.66787e-09
x2_n5__t873                                  5
x2_n5__t812                                  5
x2_n4__t128                        2.66787e-09
vdd_drv__t1222                               5
vdd_drv__t905                                5
x2_n4__t131                        2.66787e-09
x2_n5__t874                                  5
x2_n5__t811                                  5
x2_n4__t127                        2.66787e-09
vdd_drv__t1220                               5
vdd_drv__t900                                5
x2_n4__t126                        2.66787e-09
x2_n5__t872                                  5
x2_n5__t815                                  5
x2_n4__t134                        2.66787e-09
vdd_drv__t1235                               5
vdd_drv__t912                                5
x2_n4__t133                        2.66787e-09
x2_n5__t875                                  5
x2_n5__t814                                  5
x2_n4__t132                        2.66787e-09
vdd_drv__t1234                               5
vdd_drv__t839                                5
x2_n4__t83                         2.66787e-09
x2_n5__t850                                  5
x2_n5__t789                                  5
x2_n4__t82                         2.66787e-09
vdd_drv__t1160                               5
vdd_drv__t838                                5
x2_n4__t81                         2.66787e-09
x2_n5__t849                                  5
x2_n5__t788                                  5
x2_n4__t80                         2.66787e-09
vdd_drv__t1159                               5
vdd_drv__t837                                5
x2_n4__t79                         2.66787e-09
x2_n5__t848                                  5
x2_n5__t787                                  5
x2_n4__t78                         2.66787e-09
vdd_drv__t1157                               5
vdd_drv__t836                                5
x2_n4__t77                         2.66787e-09
x2_n5__t847                                  5
x2_n5__t791                                  5
x2_n4__t87                         2.66787e-09
vdd_drv__t1170                               5
vdd_drv__t856                                5
x2_n4__t96                         2.66787e-09
x2_n5__t857                                  5
x2_n5__t795                                  5
x2_n4__t95                         2.66787e-09
vdd_drv__t1174                               5
vdd_drv__t855                                5
x2_n4__t94                         2.66787e-09
x2_n5__t856                                  5
x2_n5__t794                                  5
x2_n4__t93                         2.66787e-09
vdd_drv__t1173                               5
vdd_drv__t854                                5
x2_n4__t92                         2.66787e-09
x2_n5__t855                                  5
x2_n5__t793                                  5
x2_n4__t91                         2.66787e-09
vdd_drv__t1172                               5
vdd_drv__t853                                5
x2_n4__t90                         2.66787e-09
x2_n5__t854                                  5
x2_n5__t792                                  5
x2_n4__t89                         2.66787e-09
vdd_drv__t1171                               5
vdd_drv__t852                                5
x2_n4__t88                         2.66787e-09
x2_n5__t853                                  5
x2_n5__t796                                  5
x2_n4__t97                         2.66787e-09
vdd_drv__t1175                               5
vdd_drv__t851                                5
x2_n4__t86                         2.66787e-09
x2_n5__t852                                  5
x2_n5__t790                                  5
x2_n4__t85                         2.66787e-09
vdd_drv__t1169                               5
vdd_drv__t888                                5
x2_n5__t576                                  5
out__t648                          2.40525e-09
out__t384                          2.40534e-09
x2_n5__t551                                  5
vdd_drv__t1188                               5
vdd_drv__t867                                5
x2_n5__t550                                  5
out__t636                          2.40543e-09
out__t398                          2.40551e-09
x2_n5__t577                                  5
vdd_drv__t1209                               5
vdd_drv__t889                                5
x2_n5__t578                                  5
out__t649                           2.4056e-09
out__t399                          2.40569e-09
x2_n5__t579                                  5
vdd_drv__t1210                               5
vdd_drv__t890                                5
x2_n5__t580                                  5
out__t650                          2.40578e-09
out__t401                          2.40587e-09
x2_n5__t584                                  5
vdd_drv__t1216                               5
vdd_drv__t892                                5
x2_n5__t582                                  5
out__t652                          2.40596e-09
out__t400                          2.40605e-09
x2_n5__t583                                  5
vdd_drv__t1215                               5
vdd_drv__t891                                5
x2_n5__t581                                  5
out__t651                          2.40614e-09
out__t389                          2.40622e-09
x2_n5__t559                                  5
vdd_drv__t1197                               5
vdd_drv__t876                                5
x2_n5__t560                                  5
out__t640                          2.40631e-09
out__t390                           2.4064e-09
x2_n5__t561                                  5
vdd_drv__t1198                               5
vdd_drv__t877                                5
x2_n5__t562                                  5
out__t641                          2.40649e-09
out__t391                          2.40658e-09
x2_n5__t563                                  5
vdd_drv__t1199                               5
vdd_drv__t878                                5
x2_n5__t564                                  5
out__t642                          2.40667e-09
out__t392                          2.40676e-09
x2_n5__t565                                  5
vdd_drv__t1200                               5
vdd_drv__t879                                5
x2_n5__t566                                  5
out__t643                          2.40685e-09
out__t395                          2.40693e-09
x2_n5__t571                                  5
vdd_drv__t1206                               5
vdd_drv__t881                                5
x2_n5__t568                                  5
out__t644                          2.40702e-09
out__t394                          2.40711e-09
x2_n5__t569                                  5
vdd_drv__t1202                               5
vdd_drv__t882                                5
x2_n5__t570                                  5
out__t645                           2.4072e-09
out__t409                          2.40729e-09
x2_n5__t599                                  5
vdd_drv__t1236                               5
vdd_drv__t914                                5
x2_n5__t600                                  5
out__t660                          2.40738e-09
out__t408                          2.40747e-09
x2_n5__t598                                  5
vdd_drv__t1232                               5
vdd_drv__t896                                5
x2_n5__t585                                  5
out__t653                          2.40756e-09
out__t402                          2.40764e-09
x2_n5__t586                                  5
vdd_drv__t1217                               5
vdd_drv__t897                                5
x2_n5__t587                                  5
out__t654                          2.40773e-09
out__t403                          2.40782e-09
x2_n5__t588                                  5
vdd_drv__t1218                               5
vdd_drv__t898                                5
x2_n5__t589                                  5
out__t655                          2.40791e-09
out__t404                            2.408e-09
x2_n5__t590                                  5
vdd_drv__t1219                               5
vdd_drv__t899                                5
x2_n5__t591                                  5
out__t656                          2.40809e-09
out__t405                          2.40818e-09
x2_n5__t592                                  5
vdd_drv__t1224                               5
vdd_drv__t902                                5
x2_n5__t593                                  5
out__t657                          2.40827e-09
out__t406                          2.40835e-09
x2_n5__t594                                  5
vdd_drv__t1225                               5
vdd_drv__t903                                5
x2_n5__t595                                  5
out__t658                          2.40844e-09
out__t407                          2.40853e-09
x2_n5__t596                                  5
vdd_drv__t1226                               5
vdd_drv__t904                                5
x2_n5__t597                                  5
out__t659                          2.40862e-09
out__t393                          2.40871e-09
x2_n5__t567                                  5
vdd_drv__t1201                               5
vdd_drv__t847                                5
x2_n5__t540                                  5
out__t631                           2.4088e-09
out__t379                          2.40889e-09
x2_n5__t541                                  5
vdd_drv__t1166                               5
vdd_drv__t848                                5
x2_n5__t542                                  5
out__t632                          2.40898e-09
out__t380                          2.40906e-09
x2_n5__t543                                  5
vdd_drv__t1167                               5
vdd_drv__t849                                5
x2_n5__t544                                  5
out__t633                          2.40915e-09
out__t381                          2.40924e-09
x2_n5__t545                                  5
vdd_drv__t1168                               5
vdd_drv__t850                                5
x2_n5__t546                                  5
out__t634                          2.40933e-09
out__t373                          2.40942e-09
x2_n5__t528                                  5
vdd_drv__t1158                               5
vdd_drv__t840                                5
x2_n5__t529                                  5
out__t625                          2.40951e-09
out__t378                           2.4096e-09
x2_n5__t539                                  5
vdd_drv__t1165                               5
vdd_drv__t842                                5
x2_n5__t530                                  5
out__t626                          2.40969e-09
out__t374                          2.40977e-09
x2_n5__t531                                  5
vdd_drv__t1161                               5
vdd_drv__t843                                5
x2_n5__t532                                  5
out__t627                          2.40986e-09
out__t375                          2.40995e-09
x2_n5__t533                                  5
vdd_drv__t1162                               5
vdd_drv__t844                                5
x2_n5__t534                                  5
out__t628                          2.41004e-09
out__t376                          2.41013e-09
x2_n5__t535                                  5
vdd_drv__t1163                               5
vdd_drv__t845                                5
x2_n5__t536                                  5
out__t629                          2.41022e-09
out__t377                          2.41031e-09
x2_n5__t537                                  5
vdd_drv__t1164                               5
vdd_drv__t846                                5
x2_n5__t538                                  5
out__t630                           2.4104e-09
out__t382                          2.41049e-09
x2_n5__t547                                  5
vdd_drv__t1181                               5
vdd_drv__t866                                5
x2_n5__t548                                  5
out__t635                          2.41057e-09
out__t383                          2.41066e-09
x2_n5__t549                                  5
vdd_drv__t1187                               5
vdd_drv__t19                                 5
x2_n5__t221                                  5
out__t220                          2.41075e-09
out__t416                          2.39983e-09
x2_n5__t613                                  5
vdd_drv__t1245                               5
vdd_drv__t922                                5
x2_n5__t616                                  5
out__t668                          2.39992e-09
out__t385                          2.40001e-09
x2_n5__t552                                  5
vdd_drv__t1189                               5
vdd_drv__t868                                5
x2_n5__t553                                  5
out__t637                           2.4001e-09
out__t386                          2.40019e-09
x2_n5__t554                                  5
vdd_drv__t1190                               5
vdd_drv__t869                                5
x2_n5__t555                                  5
out__t638                          2.40028e-09
out__t387                          2.40037e-09
x2_n5__t556                                  5
vdd_drv__t1191                               5
vdd_drv__t875                                5
x2_n5__t558                                  5
out__t639                          2.40046e-09
out__t388                          2.40054e-09
x2_n5__t557                                  5
vdd_drv__t1192                               5
vdd_drv__t964                                5
x2_n5__t662                                  5
out__t691                          2.40063e-09
out__t441                          2.40072e-09
x2_n5__t663                                  5
vdd_drv__t1289                               5
vdd_drv__t968                                5
x2_n5__t670                                  5
out__t694                          2.40081e-09
out__t446                           2.4009e-09
x2_n5__t671                                  5
vdd_drv__t1294                               5
vdd_drv__t969                                5
x2_n5__t672                                  5
out__t695                          2.40099e-09
out__t447                          2.40108e-09
x2_n5__t673                                  5
vdd_drv__t1295                               5
vdd_drv__t970                                5
x2_n5__t674                                  5
out__t696                          2.40117e-09
out__t448                          2.40125e-09
x2_n5__t675                                  5
vdd_drv__t1296                               5
vdd_drv__t971                                5
x2_n5__t676                                  5
out__t697                          2.40134e-09
out__t449                          2.40143e-09
x2_n5__t677                                  5
vdd_drv__t1297                               5
vdd_drv__t972                                5
x2_n5__t678                                  5
out__t698                          2.40152e-09
out__t445                          2.40161e-09
x2_n5__t669                                  5
vdd_drv__t1293                               5
vdd_drv__t953                                5
x2_n5__t641                                  5
out__t680                           2.4017e-09
out__t431                          2.40179e-09
x2_n5__t642                                  5
vdd_drv__t1279                               5
vdd_drv__t954                                5
x2_n5__t643                                  5
out__t681                          2.40188e-09
out__t432                          2.40196e-09
x2_n5__t644                                  5
vdd_drv__t1280                               5
vdd_drv__t955                                5
x2_n5__t645                                  5
out__t682                          2.40205e-09
out__t433                          2.40214e-09
x2_n5__t646                                  5
vdd_drv__t1281                               5
vdd_drv__t956                                5
x2_n5__t647                                  5
out__t683                          2.40223e-09
out__t434                          2.40232e-09
x2_n5__t648                                  5
vdd_drv__t1282                               5
vdd_drv__t957                                5
x2_n5__t649                                  5
out__t684                          2.40241e-09
out__t439                           2.4025e-09
x2_n5__t660                                  5
vdd_drv__t1287                               5
vdd_drv__t959                                5
x2_n5__t651                                  5
out__t686                          2.40259e-09
out__t435                          2.40267e-09
x2_n5__t652                                  5
vdd_drv__t1283                               5
vdd_drv__t960                                5
x2_n5__t653                                  5
out__t687                          2.40276e-09
out__t436                          2.40285e-09
x2_n5__t654                                  5
vdd_drv__t1284                               5
vdd_drv__t961                                5
x2_n5__t655                                  5
out__t688                          2.40294e-09
out__t437                          2.40303e-09
x2_n5__t656                                  5
vdd_drv__t1285                               5
vdd_drv__t932                                5
x2_n5__t638                                  5
out__t678                          2.40312e-09
out__t425                          2.40321e-09
x2_n5__t629                                  5
vdd_drv__t1254                               5
vdd_drv__t928                                5
x2_n5__t630                                  5
out__t674                           2.4033e-09
out__t426                          2.40338e-09
x2_n5__t631                                  5
vdd_drv__t1255                               5
vdd_drv__t929                                5
x2_n5__t632                                  5
out__t675                          2.40347e-09
out__t427                          2.40356e-09
x2_n5__t633                                  5
vdd_drv__t1256                               5
vdd_drv__t930                                5
x2_n5__t634                                  5
out__t676                          2.40365e-09
out__t428                          2.40374e-09
x2_n5__t635                                  5
vdd_drv__t1257                               5
vdd_drv__t931                                5
x2_n5__t636                                  5
out__t677                          2.40383e-09
out__t429                          2.40392e-09
x2_n5__t637                                  5
vdd_drv__t1258                               5
vdd_drv__t927                                5
x2_n5__t628                                  5
out__t673                          2.40401e-09
out__t410                          2.40409e-09
x2_n5__t601                                  5
vdd_drv__t1238                               5
vdd_drv__t915                                5
x2_n5__t602                                  5
out__t661                          2.40418e-09
out__t411                          2.40427e-09
x2_n5__t603                                  5
vdd_drv__t1239                               5
vdd_drv__t916                                5
x2_n5__t604                                  5
out__t662                          2.40436e-09
out__t412                          2.40445e-09
x2_n5__t605                                  5
vdd_drv__t1240                               5
vdd_drv__t917                                5
x2_n5__t606                                  5
out__t663                          2.40454e-09
out__t413                          2.40463e-09
x2_n5__t607                                  5
vdd_drv__t1241                               5
vdd_drv__t918                                5
x2_n5__t608                                  5
out__t664                          2.40472e-09
out__t419                           2.4048e-09
x2_n5__t618                                  5
vdd_drv__t1248                               5
vdd_drv__t919                                5
x2_n5__t609                                  5
out__t665                          2.40489e-09
out__t414                          2.40498e-09
x2_n5__t610                                  5
vdd_drv__t1243                               5
vdd_drv__t920                                5
x2_n5__t611                                  5
out__t666                          2.40507e-09
out__t415                          2.40516e-09
x2_n5__t612                                  5
vdd_drv__t1244                               5
vdd_drv__t887                                5
x2_n5__t574                                  5
out__t647                          2.39975e-09
out__t418                          2.39416e-09
x2_n5__t617                                  5
vdd_drv__t1247                               5
vdd_drv__t944                                5
x2_n5__t639                                  5
out__t679                          2.39425e-09
out__t430                          2.39433e-09
x2_n5__t640                                  5
vdd_drv__t1269                               5
vdd_drv__t715                                5
x2_n5__t304                                  5
out__t513                          2.39442e-09
out__t261                          2.39451e-09
x2_n5__t305                                  5
vdd_drv__t1035                               5
vdd_drv__t716                                5
x2_n5__t306                                  5
out__t514                           2.3946e-09
out__t262                          2.39469e-09
x2_n5__t307                                  5
vdd_drv__t1036                               5
vdd_drv__t717                                5
x2_n5__t308                                  5
out__t515                          2.39478e-09
out__t263                          2.39487e-09
x2_n5__t309                                  5
vdd_drv__t1037                               5
vdd_drv__t722                                5
x2_n5__t320                                  5
out__t520                          2.39496e-09
out__t265                          2.39504e-09
x2_n5__t311                                  5
vdd_drv__t1039                               5
vdd_drv__t718                                5
x2_n5__t312                                  5
out__t516                          2.39513e-09
out__t266                          2.39522e-09
x2_n5__t313                                  5
vdd_drv__t1040                               5
vdd_drv__t719                                5
x2_n5__t314                                  5
out__t517                          2.39531e-09
out__t267                           2.3954e-09
x2_n5__t315                                  5
vdd_drv__t1041                               5
vdd_drv__t720                                5
x2_n5__t316                                  5
out__t518                          2.39549e-09
out__t268                          2.39558e-09
x2_n5__t317                                  5
vdd_drv__t1042                               5
vdd_drv__t721                                5
x2_n5__t318                                  5
out__t519                          2.39566e-09
out__t269                          2.39575e-09
x2_n5__t319                                  5
vdd_drv__t1043                               5
vdd_drv__t738                                5
x2_n5__t333                                  5
out__t527                          2.39584e-09
out__t281                          2.39593e-09
x2_n5__t344                                  5
vdd_drv__t1064                               5
vdd_drv__t744                                5
x2_n5__t345                                  5
out__t533                          2.39602e-09
out__t282                          2.39611e-09
x2_n5__t346                                  5
vdd_drv__t1065                               5
vdd_drv__t745                                5
x2_n5__t347                                  5
out__t534                           2.3962e-09
out__t283                          2.39629e-09
x2_n5__t348                                  5
vdd_drv__t1066                               5
vdd_drv__t746                                5
x2_n5__t349                                  5
out__t535                          2.39637e-09
out__t284                          2.39646e-09
x2_n5__t350                                  5
vdd_drv__t1067                               5
vdd_drv__t747                                5
x2_n5__t351                                  5
out__t536                          2.39655e-09
out__t235                          2.39664e-09
x2_n5__t250                                  5
vdd_drv__t1008                               5
vdd_drv__t672                                5
x2_n5__t222                                  5
out__t471                          2.39673e-09
out__t221                          2.39682e-09
x2_n5__t223                                  5
vdd_drv__t994                                5
vdd_drv__t673                                5
x2_n5__t224                                  5
out__t472                          2.39691e-09
out__t222                            2.397e-09
x2_n5__t225                                  5
vdd_drv__t995                                5
vdd_drv__t674                                5
x2_n5__t226                                  5
out__t473                          2.39708e-09
out__t223                          2.39717e-09
x2_n5__t227                                  5
vdd_drv__t996                                5
vdd_drv__t675                                5
x2_n5__t228                                  5
out__t474                          2.39726e-09
out__t224                          2.39735e-09
x2_n5__t229                                  5
vdd_drv__t997                                5
vdd_drv__t676                                5
x2_n5__t230                                  5
out__t475                          2.39744e-09
out__t229                          2.39753e-09
x2_n5__t239                                  5
vdd_drv__t1002                               5
vdd_drv__t677                                5
x2_n5__t232                                  5
out__t476                          2.39762e-09
out__t226                          2.39771e-09
x2_n5__t233                                  5
vdd_drv__t999                                5
vdd_drv__t678                                5
x2_n5__t234                                  5
out__t477                          2.39779e-09
out__t227                          2.39788e-09
x2_n5__t235                                  5
vdd_drv__t1000                               5
vdd_drv__t679                                5
x2_n5__t236                                  5
out__t478                          2.39797e-09
out__t228                          2.39806e-09
x2_n5__t237                                  5
vdd_drv__t1001                               5
vdd_drv__t680                                5
x2_n5__t238                                  5
out__t479                          2.39815e-09
out__t225                          2.39824e-09
x2_n5__t231                                  5
vdd_drv__t998                                5
vdd_drv__t696                                5
x2_n5__t271                                  5
out__t495                          2.39833e-09
out__t251                          2.39841e-09
x2_n5__t283                                  5
vdd_drv__t1024                               5
vdd_drv__t703                                5
x2_n5__t284                                  5
out__t502                           2.3985e-09
out__t252                          2.39859e-09
x2_n5__t285                                  5
vdd_drv__t1025                               5
vdd_drv__t704                                5
x2_n5__t286                                  5
out__t503                          2.39868e-09
out__t253                          2.39877e-09
x2_n5__t287                                  5
vdd_drv__t1026                               5
vdd_drv__t706                                5
x2_n5__t289                                  5
out__t505                          2.39886e-09
out__t254                          2.39895e-09
x2_n5__t290                                  5
vdd_drv__t1027                               5
vdd_drv__t708                                5
x2_n5__t293                                  5
out__t507                          2.39904e-09
out__t256                          2.39912e-09
x2_n5__t294                                  5
vdd_drv__t1029                               5
vdd_drv__t709                                5
x2_n5__t295                                  5
out__t508                          2.39921e-09
out__t257                           2.3993e-09
x2_n5__t296                                  5
vdd_drv__t1030                               5
vdd_drv__t710                                5
x2_n5__t297                                  5
out__t509                          2.39939e-09
out__t258                          2.39948e-09
x2_n5__t298                                  5
vdd_drv__t1032                               5
vdd_drv__t693                                5
x2_n5__t267                                  5
out__t492                          2.39957e-09
out__t397                          2.39966e-09
x2_n5__t575                                  5
vdd_drv__t1208                               5
vdd_drv__t694                                5
x2_n5__t268                                  5
out__t493                          2.38876e-09
out__t245                          2.38885e-09
x2_n5__t269                                  5
vdd_drv__t1018                               5
vdd_drv__t695                                5
x2_n5__t270                                  5
out__t494                          2.38894e-09
out__t250                          2.38902e-09
x2_n5__t281                                  5
vdd_drv__t1023                               5
vdd_drv__t697                                5
x2_n5__t272                                  5
out__t496                          2.38911e-09
out__t246                           2.3892e-09
x2_n5__t273                                  5
vdd_drv__t1019                               5
vdd_drv__t698                                5
x2_n5__t274                                  5
out__t497                          2.38929e-09
out__t247                          2.38938e-09
x2_n5__t275                                  5
vdd_drv__t1020                               5
vdd_drv__t699                                5
x2_n5__t276                                  5
out__t498                          2.38946e-09
out__t248                          2.38955e-09
x2_n5__t277                                  5
vdd_drv__t1021                               5
vdd_drv__t700                                5
x2_n5__t278                                  5
out__t499                          2.38964e-09
out__t249                          2.38973e-09
x2_n5__t279                                  5
vdd_drv__t1022                               5
vdd_drv__t701                                5
x2_n5__t280                                  5
out__t500                          2.38982e-09
out__t279                          2.38991e-09
x2_n5__t342                                  5
vdd_drv__t1062                               5
vdd_drv__t759                                5
x2_n5__t374                                  5
out__t548                          2.38999e-09
out__t342                          2.39008e-09
x2_n5__t467                                  5
vdd_drv__t1126                               5
vdd_drv__t806                                5
x2_n5__t468                                  5
out__t595                          2.39017e-09
out__t343                          2.39026e-09
x2_n5__t469                                  5
vdd_drv__t1127                               5
vdd_drv__t807                                5
x2_n5__t470                                  5
out__t596                          2.39035e-09
out__t344                          2.39044e-09
x2_n5__t471                                  5
vdd_drv__t1128                               5
vdd_drv__t808                                5
x2_n5__t472                                  5
out__t597                          2.39053e-09
out__t345                          2.39061e-09
x2_n5__t473                                  5
vdd_drv__t1129                               5
vdd_drv__t809                                5
x2_n5__t474                                  5
out__t598                           2.3907e-09
out__t371                          2.39079e-09
x2_n5__t526                                  5
vdd_drv__t1155                               5
vdd_drv__t830                                5
x2_n5__t516                                  5
out__t619                          2.39088e-09
out__t352                          2.39097e-09
x2_n5__t487                                  5
vdd_drv__t1136                               5
vdd_drv__t816                                5
x2_n5__t488                                  5
out__t605                          2.39106e-09
out__t353                          2.39114e-09
x2_n5__t489                                  5
vdd_drv__t1137                               5
vdd_drv__t817                                5
x2_n5__t490                                  5
out__t606                          2.39123e-09
out__t354                          2.39132e-09
x2_n5__t491                                  5
vdd_drv__t1138                               5
vdd_drv__t818                                5
x2_n5__t492                                  5
out__t607                          2.39141e-09
out__t355                           2.3915e-09
x2_n5__t493                                  5
vdd_drv__t1139                               5
vdd_drv__t819                                5
x2_n5__t494                                  5
out__t608                          2.39159e-09
out__t356                          2.39168e-09
x2_n5__t495                                  5
vdd_drv__t1140                               5
vdd_drv__t824                                5
x2_n5__t506                                  5
out__t613                          2.39176e-09
out__t358                          2.39185e-09
x2_n5__t497                                  5
vdd_drv__t1142                               5
vdd_drv__t820                                5
x2_n5__t498                                  5
out__t609                          2.39194e-09
out__t359                          2.39203e-09
x2_n5__t499                                  5
vdd_drv__t1143                               5
vdd_drv__t821                                5
x2_n5__t500                                  5
out__t610                          2.39212e-09
out__t360                          2.39221e-09
x2_n5__t501                                  5
vdd_drv__t1144                               5
vdd_drv__t822                                5
x2_n5__t502                                  5
out__t611                           2.3923e-09
out__t361                          2.39238e-09
x2_n5__t503                                  5
vdd_drv__t1145                               5
vdd_drv__t823                                5
x2_n5__t504                                  5
out__t612                          2.39247e-09
out__t362                          2.39256e-09
x2_n5__t505                                  5
vdd_drv__t1146                               5
vdd_drv__t800                                5
x2_n5__t456                                  5
out__t589                          2.39265e-09
out__t301                          2.39274e-09
x2_n5__t385                                  5
vdd_drv__t1084                               5
vdd_drv__t765                                5
x2_n5__t386                                  5
out__t554                          2.39283e-09
out__t302                          2.39292e-09
x2_n5__t387                                  5
vdd_drv__t1085                               5
vdd_drv__t766                                5
x2_n5__t388                                  5
out__t555                            2.393e-09
out__t304                          2.39309e-09
x2_n5__t391                                  5
vdd_drv__t1087                               5
vdd_drv__t768                                5
x2_n5__t392                                  5
out__t557                          2.39318e-09
out__t305                          2.39327e-09
x2_n5__t393                                  5
vdd_drv__t1088                               5
vdd_drv__t773                                5
x2_n5__t401                                  5
out__t562                          2.39336e-09
out__t309                          2.39345e-09
x2_n5__t402                                  5
vdd_drv__t1092                               5
vdd_drv__t774                                5
x2_n5__t403                                  5
out__t563                          2.39354e-09
out__t310                          2.39363e-09
x2_n5__t404                                  5
vdd_drv__t1093                               5
vdd_drv__t769                                5
x2_n5__t394                                  5
out__t558                          2.39371e-09
out__t292                           2.3938e-09
x2_n5__t365                                  5
vdd_drv__t1075                               5
vdd_drv__t754                                5
x2_n5__t366                                  5
out__t543                          2.39389e-09
out__t293                          2.39398e-09
x2_n5__t367                                  5
vdd_drv__t1076                               5
vdd_drv__t755                                5
x2_n5__t368                                  5
out__t544                          2.39407e-09
out__t396                          2.38867e-09
x2_n5__t572                                  5
vdd_drv__t1207                               5
vdd_drv__t757                                5
x2_n5__t371                                  5
out__t546                          2.38752e-09
out__t308                          2.38743e-09
x2_n5__t400                                  5
vdd_drv__t1091                               5
vdd_drv__t772                                5
x2_n5__t399                                  5
out__t561                          2.38734e-09
out__t307                          2.38726e-09
x2_n5__t398                                  5
vdd_drv__t1090                               5
vdd_drv__t771                                5
x2_n5__t397                                  5
out__t560                          2.38717e-09
out__t306                          2.38708e-09
x2_n5__t396                                  5
vdd_drv__t1089                               5
vdd_drv__t770                                5
x2_n5__t395                                  5
out__t559                            2.387e-09
out__t311                          2.38691e-09
x2_n5__t405                                  5
vdd_drv__t1094                               5
vdd_drv__t775                                5
x2_n5__t406                                  5
out__t564                          2.38683e-09
out__t326                          2.38674e-09
x2_n5__t435                                  5
vdd_drv__t1109                               5
vdd_drv__t794                                5
x2_n5__t445                                  5
out__t583                          2.38666e-09
out__t331                          2.38657e-09
x2_n5__t444                                  5
vdd_drv__t1114                               5
vdd_drv__t793                                5
x2_n5__t443                                  5
out__t582                          2.38649e-09
out__t330                          2.38641e-09
x2_n5__t442                                  5
vdd_drv__t1113                               5
vdd_drv__t792                                5
x2_n5__t441                                  5
out__t581                          2.38633e-09
out__t329                          2.38625e-09
x2_n5__t440                                  5
vdd_drv__t1112                               5
vdd_drv__t791                                5
x2_n5__t439                                  5
out__t580                          2.38617e-09
out__t328                          2.38609e-09
x2_n5__t438                                  5
vdd_drv__t1111                               5
vdd_drv__t790                                5
x2_n5__t437                                  5
out__t579                          2.38602e-09
out__t327                          2.38595e-09
x2_n5__t436                                  5
vdd_drv__t1110                               5
vdd_drv__t795                                5
x2_n5__t446                                  5
out__t584                          2.38588e-09
out__t325                          2.38582e-09
x2_n5__t434                                  5
vdd_drv__t1108                               5
vdd_drv__t789                                5
x2_n5__t433                                  5
out__t578                          2.38577e-09
out__t324                          2.38574e-09
x2_n5__t432                                  5
vdd_drv__t1107                               5
vdd_drv__t788                                5
x2_n5__t431                                  5
out__t577                          2.38571e-09
out__t323                           2.3857e-09
x2_n5__t430                                  5
vdd_drv__t1106                               5
vdd_drv__t787                                5
x2_n5__t429                                  5
out__t576                          2.38571e-09
out__t322                          2.38574e-09
x2_n5__t428                                  5
vdd_drv__t1105                               5
vdd_drv__t786                                5
x2_n5__t427                                  5
out__t575                          2.38578e-09
out__t321                          2.38583e-09
x2_n5__t426                                  5
vdd_drv__t1104                               5
vdd_drv__t780                                5
x2_n5__t415                                  5
out__t569                          2.38589e-09
out__t295                          2.38596e-09
x2_n5__t372                                  5
vdd_drv__t1078                               5
vdd_drv__t758                                5
x2_n5__t373                                  5
out__t547                          2.38603e-09
out__t300                           2.3861e-09
x2_n5__t384                                  5
vdd_drv__t1083                               5
vdd_drv__t760                                5
x2_n5__t375                                  5
out__t549                          2.38618e-09
out__t296                          2.38626e-09
x2_n5__t376                                  5
vdd_drv__t1079                               5
vdd_drv__t761                                5
x2_n5__t377                                  5
out__t550                          2.38634e-09
out__t297                          2.38642e-09
x2_n5__t378                                  5
vdd_drv__t1080                               5
vdd_drv__t762                                5
x2_n5__t379                                  5
out__t551                           2.3865e-09
out__t298                          2.38659e-09
x2_n5__t380                                  5
vdd_drv__t1081                               5
vdd_drv__t763                                5
x2_n5__t381                                  5
out__t552                          2.38667e-09
out__t299                          2.38676e-09
x2_n5__t382                                  5
vdd_drv__t1082                               5
vdd_drv__t764                                5
x2_n5__t383                                  5
out__t553                          2.38684e-09
out__t440                          2.38693e-09
x2_n5__t661                                  5
vdd_drv__t1288                               5
vdd_drv__t785                                5
x2_n5__t424                                  5
out__t574                          2.38701e-09
out__t319                           2.3871e-09
x2_n5__t423                                  5
vdd_drv__t1102                               5
vdd_drv__t784                                5
x2_n5__t422                                  5
out__t573                          2.38718e-09
out__t318                          2.38727e-09
x2_n5__t421                                  5
vdd_drv__t1101                               5
vdd_drv__t783                                5
x2_n5__t420                                  5
out__t572                          2.38736e-09
out__t317                          2.38744e-09
x2_n5__t419                                  5
vdd_drv__t1100                               5
vdd_drv__t782                                5
x2_n5__t418                                  5
out__t571                          2.38753e-09
out__t316                          2.38762e-09
x2_n5__t417                                  5
vdd_drv__t1099                               5
vdd_drv__t781                                5
x2_n5__t416                                  5
out__t570                          2.38771e-09
out__t320                          2.38779e-09
x2_n5__t425                                  5
vdd_drv__t1103                               5
vdd_drv__t779                                5
x2_n5__t414                                  5
out__t568                          2.38788e-09
out__t315                          2.38797e-09
x2_n5__t413                                  5
vdd_drv__t1098                               5
vdd_drv__t778                                5
x2_n5__t412                                  5
out__t567                          2.38806e-09
out__t314                          2.38814e-09
x2_n5__t411                                  5
vdd_drv__t1097                               5
vdd_drv__t777                                5
x2_n5__t410                                  5
out__t566                          2.38823e-09
out__t313                          2.38832e-09
x2_n5__t409                                  5
vdd_drv__t1096                               5
vdd_drv__t776                                5
x2_n5__t408                                  5
out__t565                          2.38841e-09
out__t312                           2.3885e-09
x2_n5__t407                                  5
vdd_drv__t1095                               5
vdd_drv__t886                                5
x2_n5__t573                                  5
out__t646                          2.38858e-09
out__t244                           2.3929e-09
x2_n5__t266                                  5
vdd_drv__t1017                               5
vdd_drv__t692                                5
x2_n5__t265                                  5
out__t491                          2.39281e-09
out__t243                          2.39272e-09
x2_n5__t264                                  5
vdd_drv__t1016                               5
vdd_drv__t691                                5
x2_n5__t263                                  5
out__t490                          2.39264e-09
out__t242                          2.39255e-09
x2_n5__t262                                  5
vdd_drv__t1015                               5
vdd_drv__t707                                5
x2_n5__t291                                  5
out__t506                          2.39246e-09
out__t259                          2.39237e-09
x2_n5__t300                                  5
vdd_drv__t1033                               5
vdd_drv__t711                                5
x2_n5__t299                                  5
out__t510                          2.39228e-09
out__t336                          2.39219e-09
x2_n5__t455                                  5
vdd_drv__t1119                               5
vdd_drv__t799                                5
x2_n5__t454                                  5
out__t588                           2.3921e-09
out__t335                          2.39202e-09
x2_n5__t453                                  5
vdd_drv__t1118                               5
vdd_drv__t798                                5
x2_n5__t452                                  5
out__t587                          2.39193e-09
out__t334                          2.39184e-09
x2_n5__t451                                  5
vdd_drv__t1117                               5
vdd_drv__t797                                5
x2_n5__t450                                  5
out__t586                          2.39175e-09
out__t333                          2.39166e-09
x2_n5__t449                                  5
vdd_drv__t1116                               5
vdd_drv__t796                                5
x2_n5__t448                                  5
out__t585                          2.39157e-09
out__t332                          2.39148e-09
x2_n5__t447                                  5
vdd_drv__t1115                               5
vdd_drv__t810                                5
x2_n5__t475                                  5
out__t599                           2.3914e-09
out__t350                          2.39131e-09
x2_n5__t485                                  5
vdd_drv__t1134                               5
vdd_drv__t815                                5
x2_n5__t484                                  5
out__t604                          2.39122e-09
out__t349                          2.39113e-09
x2_n5__t483                                  5
vdd_drv__t1133                               5
vdd_drv__t814                                5
x2_n5__t482                                  5
out__t603                          2.39104e-09
out__t348                          2.39095e-09
x2_n5__t481                                  5
vdd_drv__t1132                               5
vdd_drv__t813                                5
x2_n5__t480                                  5
out__t602                          2.39086e-09
out__t347                          2.39078e-09
x2_n5__t479                                  5
vdd_drv__t1131                               5
vdd_drv__t812                                5
x2_n5__t478                                  5
out__t601                          2.39069e-09
out__t346                           2.3906e-09
x2_n5__t477                                  5
vdd_drv__t1130                               5
vdd_drv__t811                                5
x2_n5__t476                                  5
out__t600                          2.39051e-09
out__t351                          2.39042e-09
x2_n5__t486                                  5
vdd_drv__t1135                               5
vdd_drv__t767                                5
x2_n5__t390                                  5
out__t556                          2.39033e-09
out__t303                          2.39025e-09
x2_n5__t389                                  5
vdd_drv__t1086                               5
vdd_drv__t835                                5
x2_n5__t525                                  5
out__t624                          2.39016e-09
out__t370                          2.39007e-09
x2_n5__t524                                  5
vdd_drv__t1154                               5
vdd_drv__t834                                5
x2_n5__t523                                  5
out__t623                          2.38998e-09
out__t369                          2.38989e-09
x2_n5__t522                                  5
vdd_drv__t1153                               5
vdd_drv__t833                                5
x2_n5__t521                                  5
out__t622                           2.3898e-09
out__t368                          2.38972e-09
x2_n5__t520                                  5
vdd_drv__t1152                               5
vdd_drv__t832                                5
x2_n5__t519                                  5
out__t621                          2.38963e-09
out__t367                          2.38954e-09
x2_n5__t518                                  5
vdd_drv__t1151                               5
vdd_drv__t831                                5
x2_n5__t517                                  5
out__t620                          2.38945e-09
out__t372                          2.38936e-09
x2_n5__t527                                  5
vdd_drv__t1156                               5
vdd_drv__t829                                5
x2_n5__t515                                  5
out__t618                          2.38927e-09
out__t366                          2.38919e-09
x2_n5__t514                                  5
vdd_drv__t1150                               5
vdd_drv__t828                                5
x2_n5__t513                                  5
out__t617                           2.3891e-09
out__t365                          2.38901e-09
x2_n5__t512                                  5
vdd_drv__t1149                               5
vdd_drv__t827                                5
x2_n5__t511                                  5
out__t616                          2.38892e-09
out__t364                          2.38883e-09
x2_n5__t510                                  5
vdd_drv__t1148                               5
vdd_drv__t826                                5
x2_n5__t509                                  5
out__t615                          2.38874e-09
out__t363                          2.38866e-09
x2_n5__t508                                  5
vdd_drv__t1147                               5
vdd_drv__t825                                5
x2_n5__t507                                  5
out__t614                          2.38857e-09
out__t357                          2.38848e-09
x2_n5__t496                                  5
vdd_drv__t1141                               5
vdd_drv__t805                                5
x2_n5__t465                                  5
out__t594                          2.38839e-09
out__t340                          2.38831e-09
x2_n5__t464                                  5
vdd_drv__t1123                               5
vdd_drv__t804                                5
x2_n5__t463                                  5
out__t593                          2.38822e-09
out__t339                          2.38813e-09
x2_n5__t462                                  5
vdd_drv__t1122                               5
vdd_drv__t803                                5
x2_n5__t461                                  5
out__t592                          2.38804e-09
out__t338                          2.38795e-09
x2_n5__t460                                  5
vdd_drv__t1121                               5
vdd_drv__t802                                5
x2_n5__t459                                  5
out__t591                          2.38787e-09
out__t337                          2.38778e-09
x2_n5__t458                                  5
vdd_drv__t1120                               5
vdd_drv__t801                                5
x2_n5__t457                                  5
out__t590                          2.38769e-09
out__t341                           2.3876e-09
x2_n5__t466                                  5
vdd_drv__t1124                               5
vdd_drv__t756                                5
x2_n5__t369                                  5
out__t545                          2.39299e-09
out__t255                          2.39858e-09
x2_n5__t292                                  5
vdd_drv__t1028                               5
vdd_drv__t714                                5
x2_n5__t303                                  5
out__t512                          2.39849e-09
out__t260                           2.3984e-09
x2_n5__t302                                  5
vdd_drv__t1034                               5
vdd_drv__t713                                5
x2_n5__t301                                  5
out__t511                          2.39831e-09
out__t270                          2.39822e-09
x2_n5__t321                                  5
vdd_drv__t1048                               5
vdd_drv__t732                                5
x2_n5__t323                                  5
out__t521                          2.39813e-09
out__t271                          2.39805e-09
x2_n5__t322                                  5
vdd_drv__t1053                               5
vdd_drv__t739                                5
x2_n5__t334                                  5
out__t528                          2.39796e-09
out__t280                          2.39787e-09
x2_n5__t343                                  5
vdd_drv__t1063                               5
vdd_drv__t737                                5
x2_n5__t332                                  5
out__t526                          2.39778e-09
out__t275                          2.39769e-09
x2_n5__t331                                  5
vdd_drv__t1058                               5
vdd_drv__t736                                5
x2_n5__t330                                  5
out__t525                           2.3976e-09
out__t274                          2.39751e-09
x2_n5__t329                                  5
vdd_drv__t1057                               5
vdd_drv__t735                                5
x2_n5__t328                                  5
out__t524                          2.39742e-09
out__t273                          2.39734e-09
x2_n5__t327                                  5
vdd_drv__t1056                               5
vdd_drv__t734                                5
x2_n5__t326                                  5
out__t523                          2.39725e-09
out__t272                          2.39716e-09
x2_n5__t325                                  5
vdd_drv__t1055                               5
vdd_drv__t733                                5
x2_n5__t324                                  5
out__t522                          2.39707e-09
out__t286                          2.39698e-09
x2_n5__t353                                  5
vdd_drv__t1069                               5
vdd_drv__t752                                5
x2_n5__t363                                  5
out__t541                          2.39689e-09
out__t291                           2.3968e-09
x2_n5__t362                                  5
vdd_drv__t1074                               5
vdd_drv__t751                                5
x2_n5__t361                                  5
out__t540                          2.39672e-09
out__t290                          2.39663e-09
x2_n5__t360                                  5
vdd_drv__t1073                               5
vdd_drv__t750                                5
x2_n5__t359                                  5
out__t539                          2.39654e-09
out__t289                          2.39645e-09
x2_n5__t358                                  5
vdd_drv__t1072                               5
vdd_drv__t749                                5
x2_n5__t357                                  5
out__t538                          2.39636e-09
out__t288                          2.39627e-09
x2_n5__t356                                  5
vdd_drv__t1071                               5
vdd_drv__t748                                5
x2_n5__t355                                  5
out__t537                          2.39618e-09
out__t287                          2.39609e-09
x2_n5__t354                                  5
vdd_drv__t1070                               5
vdd_drv__t753                                5
x2_n5__t364                                  5
out__t542                          2.39601e-09
out__t285                          2.39592e-09
x2_n5__t352                                  5
vdd_drv__t1068                               5
vdd_drv__t705                                5
x2_n5__t288                                  5
out__t504                          2.39583e-09
out__t240                          2.39574e-09
x2_n5__t260                                  5
vdd_drv__t1013                               5
vdd_drv__t690                                5
x2_n5__t259                                  5
out__t489                          2.39565e-09
out__t239                          2.39556e-09
x2_n5__t258                                  5
vdd_drv__t1012                               5
vdd_drv__t689                                5
x2_n5__t257                                  5
out__t488                          2.39547e-09
out__t238                          2.39538e-09
x2_n5__t256                                  5
vdd_drv__t1011                               5
vdd_drv__t688                                5
x2_n5__t255                                  5
out__t487                           2.3953e-09
out__t237                          2.39521e-09
x2_n5__t254                                  5
vdd_drv__t1010                               5
vdd_drv__t687                                5
x2_n5__t253                                  5
out__t486                          2.39512e-09
out__t236                          2.39503e-09
x2_n5__t252                                  5
vdd_drv__t1009                               5
vdd_drv__t686                                5
x2_n5__t251                                  5
out__t485                          2.39494e-09
out__t241                          2.39485e-09
x2_n5__t261                                  5
vdd_drv__t1014                               5
vdd_drv__t685                                5
x2_n5__t249                                  5
out__t484                          2.39476e-09
out__t234                          2.39468e-09
x2_n5__t248                                  5
vdd_drv__t1007                               5
vdd_drv__t684                                5
x2_n5__t247                                  5
out__t483                          2.39459e-09
out__t233                           2.3945e-09
x2_n5__t246                                  5
vdd_drv__t1006                               5
vdd_drv__t683                                5
x2_n5__t245                                  5
out__t482                          2.39441e-09
out__t232                          2.39432e-09
x2_n5__t244                                  5
vdd_drv__t1005                               5
vdd_drv__t682                                5
x2_n5__t243                                  5
out__t481                          2.39423e-09
out__t231                          2.39414e-09
x2_n5__t242                                  5
vdd_drv__t1004                               5
vdd_drv__t681                                5
x2_n5__t241                                  5
out__t480                          2.39405e-09
out__t230                          2.39397e-09
x2_n5__t240                                  5
vdd_drv__t1003                               5
vdd_drv__t702                                5
x2_n5__t282                                  5
out__t501                          2.39388e-09
out__t264                          2.39379e-09
x2_n5__t310                                  5
vdd_drv__t1038                               5
vdd_drv__t743                                5
x2_n5__t341                                  5
out__t532                           2.3937e-09
out__t278                          2.39361e-09
x2_n5__t340                                  5
vdd_drv__t1061                               5
vdd_drv__t742                                5
x2_n5__t339                                  5
out__t531                          2.39352e-09
out__t277                          2.39343e-09
x2_n5__t338                                  5
vdd_drv__t1060                               5
vdd_drv__t741                                5
x2_n5__t337                                  5
out__t530                          2.39335e-09
out__t276                          2.39326e-09
x2_n5__t336                                  5
vdd_drv__t1059                               5
vdd_drv__t740                                5
x2_n5__t335                                  5
out__t529                          2.39317e-09
out__t294                          2.39308e-09
x2_n5__t370                                  5
vdd_drv__t1077                               5
vdd_drv__t973                                5
x2_n5__t679                                  5
out__t699                          2.40399e-09
out__t444                           2.4039e-09
x2_n5__t668                                  5
vdd_drv__t1292                               5
vdd_drv__t967                                5
x2_n5__t667                                  5
out__t693                          2.40381e-09
out__t443                          2.40373e-09
x2_n5__t666                                  5
vdd_drv__t1291                               5
vdd_drv__t966                                5
x2_n5__t665                                  5
out__t692                          2.40364e-09
out__t442                          2.40355e-09
x2_n5__t664                                  5
vdd_drv__t1290                               5
vdd_drv__t993                                5
x2_n5__t718                                  5
out__t719                          2.40346e-09
out__t468                          2.40337e-09
x2_n5__t717                                  5
vdd_drv__t1316                               5
vdd_drv__t992                                5
x2_n5__t716                                  5
out__t718                          2.40328e-09
out__t467                          2.40319e-09
x2_n5__t715                                  5
vdd_drv__t1315                               5
vdd_drv__t991                                5
x2_n5__t714                                  5
out__t717                           2.4031e-09
out__t466                          2.40302e-09
x2_n5__t713                                  5
vdd_drv__t1314                               5
vdd_drv__t990                                5
x2_n5__t712                                  5
out__t716                          2.40293e-09
out__t465                          2.40284e-09
x2_n5__t711                                  5
vdd_drv__t1313                               5
vdd_drv__t989                                5
x2_n5__t710                                  5
out__t715                          2.40275e-09
out__t469                          2.40266e-09
x2_n5__t719                                  5
vdd_drv__t1317                               5
vdd_drv__t987                                5
x2_n5__t708                                  5
out__t713                          2.40257e-09
out__t464                          2.40248e-09
x2_n5__t707                                  5
vdd_drv__t1312                               5
vdd_drv__t986                                5
x2_n5__t706                                  5
out__t712                          2.40239e-09
out__t463                           2.4023e-09
x2_n5__t705                                  5
vdd_drv__t1311                               5
vdd_drv__t985                                5
x2_n5__t704                                  5
out__t711                          2.40222e-09
out__t462                          2.40213e-09
x2_n5__t703                                  5
vdd_drv__t1310                               5
vdd_drv__t984                                5
x2_n5__t702                                  5
out__t710                          2.40204e-09
out__t461                          2.40195e-09
x2_n5__t701                                  5
vdd_drv__t1309                               5
vdd_drv__t983                                5
x2_n5__t700                                  5
out__t709                          2.40186e-09
out__t455                          2.40177e-09
x2_n5__t689                                  5
vdd_drv__t1303                               5
vdd_drv__t963                                5
x2_n5__t659                                  5
out__t690                          2.40168e-09
out__t438                           2.4016e-09
x2_n5__t658                                  5
vdd_drv__t1286                               5
vdd_drv__t962                                5
x2_n5__t657                                  5
out__t689                          2.40151e-09
out__t417                          2.40142e-09
x2_n5__t615                                  5
vdd_drv__t1246                               5
vdd_drv__t921                                5
x2_n5__t614                                  5
out__t667                          2.40133e-09
out__t424                          2.40124e-09
x2_n5__t627                                  5
vdd_drv__t1253                               5
vdd_drv__t926                                5
x2_n5__t626                                  5
out__t672                          2.40115e-09
out__t423                          2.40106e-09
x2_n5__t625                                  5
vdd_drv__t1252                               5
vdd_drv__t925                                5
x2_n5__t624                                  5
out__t671                          2.40097e-09
out__t422                          2.40089e-09
x2_n5__t623                                  5
vdd_drv__t1251                               5
vdd_drv__t924                                5
x2_n5__t622                                  5
out__t670                           2.4008e-09
out__t421                          2.40071e-09
x2_n5__t621                                  5
vdd_drv__t1250                               5
vdd_drv__t923                                5
x2_n5__t620                                  5
out__t669                          2.40062e-09
out__t420                          2.40053e-09
x2_n5__t619                                  5
vdd_drv__t1249                               5
vdd_drv__t958                                5
x2_n5__t650                                  5
out__t685                          2.40044e-09
out__t460                          2.40035e-09
x2_n5__t698                                  5
vdd_drv__t1308                               5
vdd_drv__t981                                5
x2_n5__t697                                  5
out__t707                          2.40026e-09
out__t459                          2.40018e-09
x2_n5__t696                                  5
vdd_drv__t1307                               5
vdd_drv__t980                                5
x2_n5__t695                                  5
out__t706                          2.40009e-09
out__t458                              2.4e-09
x2_n5__t694                                  5
vdd_drv__t1306                               5
vdd_drv__t979                                5
x2_n5__t693                                  5
out__t705                          2.39991e-09
out__t457                          2.39982e-09
x2_n5__t692                                  5
vdd_drv__t1305                               5
vdd_drv__t978                                5
x2_n5__t691                                  5
out__t704                          2.39973e-09
out__t456                          2.39964e-09
x2_n5__t690                                  5
vdd_drv__t1304                               5
vdd_drv__t982                                5
x2_n5__t699                                  5
out__t708                          2.39955e-09
out__t454                          2.39947e-09
x2_n5__t688                                  5
vdd_drv__t1302                               5
vdd_drv__t977                                5
x2_n5__t687                                  5
out__t703                          2.39938e-09
out__t453                          2.39929e-09
x2_n5__t686                                  5
vdd_drv__t1301                               5
vdd_drv__t976                                5
x2_n5__t685                                  5
out__t702                           2.3992e-09
out__t452                          2.39911e-09
x2_n5__t684                                  5
vdd_drv__t1300                               5
vdd_drv__t975                                5
x2_n5__t683                                  5
out__t701                          2.39902e-09
out__t451                          2.39893e-09
x2_n5__t682                                  5
vdd_drv__t1299                               5
vdd_drv__t974                                5
x2_n5__t681                                  5
out__t700                          2.39884e-09
out__t450                          2.39876e-09
x2_n5__t680                                  5
vdd_drv__t1298                               5
vdd_drv__t988                                5
x2_n5__t709                                  5
out__t714                          2.39867e-09
out__t470                          2.40408e-09
x2_n5__t720                                  5
vdd_drv__t668                                5
in                                           0
in_drv                             9.90361e-10
out                                2.38526e-09
x1_inb                                     3.3
x1_na                                  2.33096
x1_nb                              1.19064e-09
x1_nbuf1                                     5
x1_nca                                       5
x1_ncb                             3.72309e-09
x2_n1                                        5
x2_n2                              2.17247e-09
x2_n3                                        5
x2_n4                              2.66787e-09
x2_n5                                        5
outcap                             2.38526e-09
vimeas#branch                                0
vin#branch                                   0
vgnd_logic#branch                   3.6653e-09
vsup_drv#branch                   -3.64246e-09
vsup_logic#branch                 -3.30685e-12

 Reference value :  0.00000e+00
 Reference value :  4.72800e-09
 Reference value :  1.07280e-08
 Reference value :  1.66280e-08
 Reference value :  2.03399e-08
 Reference value :  2.13960e-08
 Reference value :  2.38858e-08
 Reference value :  2.52735e-08
 Reference value :  2.58946e-08
 Reference value :  2.85269e-08
 Reference value :  3.44269e-08
 Reference value :  4.03269e-08
 Reference value :  4.57269e-08
 Reference value :  5.02269e-08
 Reference value :  5.44269e-08
 Reference value :  5.86269e-08
 Reference value :  6.28269e-08
 Reference value :  6.69269e-08
 Reference value :  7.11269e-08
 Reference value :  7.53269e-08
 Reference value :  7.95269e-08
 Reference value :  8.37269e-08
 Reference value :  8.79269e-08
 Reference value :  9.21269e-08
 Reference value :  9.62269e-08
 Reference value :  1.00427e-07
 Reference value :  1.04627e-07
 Reference value :  1.08827e-07
 Reference value :  1.12927e-07
 Reference value :  1.17127e-07
 Reference value :  1.21327e-07
 Reference value :  1.25527e-07
 Reference value :  1.29727e-07
 Reference value :  1.33827e-07
 Reference value :  1.38027e-07
 Reference value :  1.42227e-07
 Reference value :  1.46427e-07
 Reference value :  1.50627e-07
 Reference value :  1.54827e-07
 Reference value :  1.59027e-07
 Reference value :  1.63227e-07
 Reference value :  1.67427e-07
 Reference value :  1.71627e-07
 Reference value :  1.75827e-07
 Reference value :  1.80027e-07
 Reference value :  1.84227e-07
 Reference value :  1.88427e-07
 Reference value :  1.92627e-07
 Reference value :  1.96727e-07
 Reference value :  2.00927e-07
 Reference value :  2.05127e-07
 Reference value :  2.09327e-07
 Reference value :  2.13427e-07
 Reference value :  2.17627e-07
 Reference value :  2.23627e-07
 Reference value :  2.29627e-07
 Reference value :  2.35627e-07
 Reference value :  2.41727e-07
 Reference value :  2.47827e-07
 Reference value :  2.54027e-07
 Reference value :  2.60027e-07
 Reference value :  2.66227e-07
 Reference value :  2.72427e-07
 Reference value :  2.78427e-07
 Reference value :  2.84427e-07
 Reference value :  2.90427e-07
 Reference value :  2.96527e-07
 Reference value :  3.02627e-07
 Reference value :  3.08727e-07
 Reference value :  3.14827e-07
 Reference value :  3.21000e-07
 Reference value :  3.21976e-07
 Reference value :  3.23451e-07
 Reference value :  3.24572e-07
 Reference value :  3.25517e-07
 Reference value :  3.27725e-07
 Reference value :  3.33625e-07
 Reference value :  3.39625e-07
 Reference value :  3.45525e-07
 Reference value :  3.51125e-07
 Reference value :  3.57025e-07
 Reference value :  3.62925e-07
 Reference value :  3.68625e-07
 Reference value :  3.74525e-07
 Reference value :  3.80525e-07
 Reference value :  3.86425e-07
 Reference value :  3.92325e-07
 Reference value :  3.98325e-07
 Reference value :  4.04325e-07
 Reference value :  4.10325e-07
 Reference value :  4.16225e-07
 Reference value :  4.22025e-07
 Reference value :  4.28025e-07
 Reference value :  4.33925e-07
 Reference value :  4.39925e-07
 Reference value :  4.46025e-07
 Reference value :  4.51925e-07
 Reference value :  4.57825e-07
 Reference value :  4.63725e-07
 Reference value :  4.69625e-07
 Reference value :  4.75525e-07
 Reference value :  4.81425e-07
 Reference value :  4.87325e-07
 Reference value :  4.93425e-07
 Reference value :  4.99525e-07
 Reference value :  5.05525e-07
 Reference value :  5.11525e-07
 Reference value :  5.17525e-07
 Reference value :  5.23425e-07
 Reference value :  5.29325e-07
 Reference value :  5.35225e-07
 Reference value :  5.41125e-07
 Reference value :  5.47025e-07
 Reference value :  5.53025e-07
 Reference value :  5.59025e-07
 Reference value :  5.65125e-07
 Reference value :  5.71125e-07
 Reference value :  5.77225e-07
 Reference value :  5.83125e-07
 Reference value :  5.89225e-07
 Reference value :  5.95125e-07
 Reference value :  6.01125e-07
 Reference value :  6.07125e-07
 Reference value :  6.13225e-07
 Reference value :  6.19125e-07
 Reference value :  6.25025e-07
 Reference value :  6.31025e-07
 Reference value :  6.37125e-07
 Reference value :  6.43225e-07
 Reference value :  6.49125e-07
 Reference value :  6.55125e-07
 Reference value :  6.61025e-07
 Reference value :  6.66925e-07
 Reference value :  6.72825e-07
 Reference value :  6.78825e-07
 Reference value :  6.84725e-07
 Reference value :  6.90225e-07
 Reference value :  6.96125e-07
No. of Data Rows : 7200
trise10_90          =  4.21233e-09 targ=  3.05094e-08 trig=  2.62971e-08
tfall10_90          =  4.13366e-09 targ=  3.30152e-07 trig=  3.26018e-07
tpdlh               =  7.49835e-09 targ=  2.79983e-08 trig=  2.05000e-08
tpdhl               =  6.40992e-09 targ=  3.27910e-07 trig=  3.21500e-07
m_trise_s = 4.2123320000e-09
m_tfall_s = 4.1336610000e-09
m_tpdlh_s = 7.4983450000e-09
m_tpdhl_s = 6.4099190000e-09
m_ipeak_source_a = 1.2096890456e+00
m_ipeak_sink_a = 1.0791767168e+00
m_vout_max_v = 5.0044586084e+00
m_vout_min_v = -2.971133453e-03
m_vin_max_v = 3.3000000000e+00
m_vin_min_v = 0.0000000000e+00
m_indrv_max_v = 5.0116931960e+00
m_indrv_min_v = -4.107033067e-03
m_n1_max_v = 5.0084418470e+00
m_n1_min_v = -5.447253401e-03
m_n2_max_v = 5.0132584009e+00
m_n2_min_v = -7.076087224e-03
m_n3_max_v = 5.0110188925e+00
m_n3_min_v = -8.656521905e-03
m_n4_max_v = 5.0214401410e+00
m_n4_min_v = -1.219321698e-02
m_n5_max_v = 5.0357629007e+00
m_n5_min_v = -1.511508132e-02
Note: Simulation executed from .control section 

Note: vimeas: has no value, DC 0 assumed
