
Note: No compatibility mode selected!


Circuit: * gate-driver-core-drive-with-uvlo-postlayout @ fs_125c_vlogic2p97v-vdrv4p50v -- generated by sim/harness, do not edit

Doing analysis at TEMP = 125.000000 and TNOM = 27.000000

Using SPARSE 1.3 as Direct Linear Solver

Initial Transient Solution
--------------------------

Node                                   Voltage
----                                   -------
x1_inb__t0                             2.96999
in__t0                             4.54077e-08
gnd_logic__t1376                   4.02804e-09
gnd_logic                                    0
x2_n2__t2                         -1.22135e-06
x2_n1__t3                                  4.5
gnd_drv__t4                       -1.02646e-06
gnd_drv                           -1.20872e-06
out__t356                         -5.28178e-06
x2_n5__t164                            4.50004
gnd_drv__t937                     -5.88384e-06
out__t55                          -1.08931e-06
x3_lockout__t110                  -1.07257e-06
gnd_drv__t611                     -1.20819e-06
gnd_drv__t63                      -1.20819e-06
x3_lockout__t96                   -1.07204e-06
out__t557                         -1.08942e-06
out__t511                         -1.06097e-06
x3_lockout__t802                  -1.13083e-06
gnd_drv__t12                       -1.2078e-06
gnd_drv__t447                     -1.20799e-06
x3_lockout__t588                  -1.13076e-06
out__t914                         -1.06113e-06
out__t402                          -1.0613e-06
x3_lockout__t589                  -1.13062e-06
gnd_drv__t983                     -1.20799e-06
gnd_drv__t441                     -1.20798e-06
x3_lockout__t577                  -1.13048e-06
out__t908                         -1.06147e-06
out__t397                         -1.06163e-06
x3_lockout__t578                  -1.13034e-06
gnd_drv__t978                     -1.20798e-06
gnd_drv__t442                     -1.20798e-06
x3_lockout__t579                  -1.13019e-06
out__t909                          -1.0618e-06
out__t398                         -1.06196e-06
x3_lockout__t580                  -1.13005e-06
gnd_drv__t979                     -1.20798e-06
gnd_drv__t443                     -1.20798e-06
x3_lockout__t581                   -1.1299e-06
out__t910                         -1.06213e-06
gnd_drv__t401                     -5.83685e-06
x2_n5__t165                            4.50004
out__t868                         -5.23719e-06
out__t399                         -1.06229e-06
x3_lockout__t582                  -1.12975e-06
gnd_drv__t980                     -1.20797e-06
gnd_drv__t444                     -1.20797e-06
x3_lockout__t583                   -1.1296e-06
out__t911                         -1.06246e-06
out__t400                         -1.06262e-06
x3_lockout__t584                  -1.12946e-06
gnd_drv__t981                     -1.20797e-06
gnd_drv__t440                     -1.20797e-06
x3_lockout__t576                  -1.12931e-06
out__t907                         -1.06279e-06
out__t386                         -1.06295e-06
x3_lockout__t552                  -1.12916e-06
gnd_drv__t967                     -1.20797e-06
gnd_drv__t427                     -1.20796e-06
x3_lockout__t553                    -1.129e-06
out__t894                         -1.06312e-06
out__t387                         -1.06328e-06
x3_lockout__t554                  -1.12885e-06
gnd_drv__t968                     -1.20796e-06
gnd_drv__t428                     -1.20796e-06
x3_lockout__t555                   -1.1287e-06
out__t895                         -1.06345e-06
out__t388                         -1.06361e-06
x3_lockout__t556                  -1.12854e-06
gnd_drv__t969                     -1.20796e-06
gnd_drv__t429                     -1.20796e-06
x3_lockout__t557                  -1.12839e-06
out__t896                         -1.06377e-06
out__t357                         -5.19318e-06
x2_n5__t166                            4.50004
gnd_drv__t938                     -5.79004e-06
out__t389                         -1.06394e-06
x3_lockout__t558                  -1.12823e-06
gnd_drv__t970                     -1.20796e-06
gnd_drv__t435                     -1.20795e-06
x3_lockout__t568                  -1.12807e-06
out__t902                          -1.0641e-06
out__t390                         -1.06426e-06
x3_lockout__t560                  -1.12792e-06
gnd_drv__t971                     -1.20795e-06
gnd_drv__t431                     -1.20795e-06
x3_lockout__t561                  -1.12776e-06
out__t898                         -1.06443e-06
out__t391                         -1.06459e-06
x3_lockout__t562                   -1.1276e-06
gnd_drv__t972                     -1.20795e-06
gnd_drv__t432                     -1.20795e-06
x3_lockout__t563                  -1.12743e-06
out__t899                         -1.06475e-06
out__t392                         -1.06491e-06
x3_lockout__t564                  -1.12727e-06
gnd_drv__t973                     -1.20795e-06
gnd_drv__t433                     -1.20794e-06
x3_lockout__t565                  -1.12711e-06
out__t900                         -1.06508e-06
out__t393                         -1.06524e-06
x3_lockout__t566                  -1.12694e-06
gnd_drv__t974                     -1.20794e-06
gnd_drv__t434                     -1.20794e-06
x3_lockout__t567                  -1.12678e-06
out__t901                          -1.0654e-06
gnd_drv__t402                     -5.74342e-06
x2_n5__t167                            4.50004
out__t869                         -5.14938e-06
out__t404                         -1.06556e-06
x3_lockout__t593                  -1.12661e-06
gnd_drv__t985                     -1.20794e-06
gnd_drv__t454                     -1.20794e-06
x3_lockout__t602                  -1.12644e-06
out__t921                         -1.06572e-06
out__t409                         -1.06588e-06
x3_lockout__t603                  -1.12627e-06
gnd_drv__t991                     -1.20794e-06
gnd_drv__t455                     -1.20793e-06
x3_lockout__t604                   -1.1261e-06
out__t922                         -1.06604e-06
out__t410                          -1.0662e-06
x3_lockout__t605                  -1.12593e-06
gnd_drv__t992                     -1.20793e-06
gnd_drv__t456                     -1.20793e-06
x3_lockout__t606                  -1.12576e-06
out__t923                         -1.06636e-06
out__t411                         -1.06652e-06
x3_lockout__t607                  -1.12558e-06
gnd_drv__t993                     -1.20793e-06
gnd_drv__t457                     -1.20793e-06
x3_lockout__t608                  -1.12541e-06
out__t924                         -1.06669e-06
out__t416                         -1.06684e-06
x3_lockout__t618                  -1.12523e-06
gnd_drv__t998                     -1.20793e-06
gnd_drv__t459                     -1.20793e-06
x3_lockout__t610                  -1.12506e-06
out__t926                           -1.067e-06
out__t372                         -5.10583e-06
x2_n5__t193                            4.50004
gnd_drv__t953                     -5.69702e-06
out__t412                         -1.06716e-06
x3_lockout__t611                  -1.12488e-06
gnd_drv__t994                     -1.20792e-06
gnd_drv__t460                     -1.20792e-06
x3_lockout__t612                   -1.1247e-06
out__t927                         -1.06732e-06
out__t413                         -1.06748e-06
x3_lockout__t613                  -1.12452e-06
gnd_drv__t995                     -1.20792e-06
gnd_drv__t461                     -1.20792e-06
x3_lockout__t614                  -1.12434e-06
out__t928                         -1.06764e-06
out__t414                          -1.0678e-06
x3_lockout__t615                  -1.12415e-06
gnd_drv__t996                     -1.20792e-06
gnd_drv__t462                     -1.20792e-06
x3_lockout__t616                  -1.12397e-06
out__t929                         -1.06796e-06
out__t415                         -1.06812e-06
x3_lockout__t617                  -1.12378e-06
gnd_drv__t997                     -1.20792e-06
gnd_drv__t458                     -1.20792e-06
x3_lockout__t609                   -1.1236e-06
out__t925                         -1.06827e-06
out__t310                         -1.06843e-06
x3_lockout__t551                  -1.12341e-06
gnd_drv__t875                     -1.20791e-06
gnd_drv__t446                     -1.20791e-06
x3_lockout__t586                  -1.12322e-06
out__t913                         -1.06859e-06
gnd_drv__t418                     -5.65117e-06
x2_n5__t203                            4.50004
out__t885                         -5.06288e-06
out__t401                         -1.06875e-06
x3_lockout__t587                  -1.12303e-06
gnd_drv__t982                     -1.20791e-06
gnd_drv__t532                     -1.20791e-06
x3_lockout__t750                  -1.12284e-06
out__t994                          -1.0689e-06
out__t484                         -1.06906e-06
x3_lockout__t751                  -1.12264e-06
gnd_drv__t1073                    -1.20791e-06
gnd_drv__t531                     -1.20791e-06
x3_lockout__t749                  -1.12245e-06
out__t993                         -1.06922e-06
out__t483                         -1.06937e-06
x3_lockout__t748                  -1.12225e-06
gnd_drv__t1072                    -1.20791e-06
gnd_drv__t448                     -1.20791e-06
x3_lockout__t590                  -1.12206e-06
out__t915                         -1.06953e-06
out__t403                         -1.06969e-06
x3_lockout__t591                  -1.12186e-06
gnd_drv__t984                     -1.20791e-06
gnd_drv__t449                      -1.2079e-06
x3_lockout__t592                  -1.12166e-06
out__t916                         -1.06984e-06
out__t408                            -1.07e-06
x3_lockout__t601                  -1.12146e-06
gnd_drv__t990                      -1.2079e-06
gnd_drv__t450                      -1.2079e-06
x3_lockout__t594                  -1.12126e-06
out__t917                         -1.07015e-06
out__t366                         -5.01985e-06
x2_n5__t182                            4.50005
gnd_drv__t947                     -5.60558e-06
out__t405                         -1.07031e-06
x3_lockout__t595                  -1.12105e-06
gnd_drv__t986                      -1.2079e-06
gnd_drv__t451                      -1.2079e-06
x3_lockout__t596                  -1.12085e-06
out__t918                         -1.07046e-06
out__t462                         -1.07062e-06
x3_lockout__t707                  -1.12064e-06
gnd_drv__t1044                     -1.2079e-06
gnd_drv__t452                      -1.2079e-06
x3_lockout__t597                  -1.12043e-06
out__t919                         -1.07077e-06
out__t406                         -1.07093e-06
x3_lockout__t598                  -1.12022e-06
gnd_drv__t988                      -1.2079e-06
gnd_drv__t453                      -1.2079e-06
x3_lockout__t599                  -1.12001e-06
out__t920                         -1.07108e-06
out__t407                         -1.07124e-06
x3_lockout__t600                   -1.1198e-06
gnd_drv__t989                      -1.2079e-06
gnd_drv__t430                      -1.2079e-06
x3_lockout__t559                  -1.11959e-06
out__t897                         -1.07139e-06
out__t487                         -1.07154e-06
x3_lockout__t758                  -1.11937e-06
gnd_drv__t1076                     -1.2079e-06
gnd_drv__t537                      -1.2079e-06
x3_lockout__t759                  -1.11915e-06
out__t999                          -1.0717e-06
gnd_drv__t409                     -5.56026e-06
x2_n5__t183                            4.50005
out__t876                         -4.97744e-06
out__t488                         -1.07185e-06
x3_lockout__t760                  -1.11893e-06
gnd_drv__t1077                    -1.20789e-06
gnd_drv__t538                     -1.20789e-06
x3_lockout__t761                  -1.11871e-06
out__t1000                          -1.072e-06
out__t489                         -1.07215e-06
x3_lockout__t762                  -1.11849e-06
gnd_drv__t1078                    -1.20789e-06
gnd_drv__t539                     -1.20789e-06
x3_lockout__t763                  -1.11827e-06
out__t1001                        -1.07231e-06
out__t490                         -1.07246e-06
x3_lockout__t764                  -1.11805e-06
gnd_drv__t1079                    -1.20789e-06
gnd_drv__t544                     -1.20789e-06
x3_lockout__t774                  -1.11782e-06
out__t1006                        -1.07261e-06
out__t492                         -1.07276e-06
x3_lockout__t766                  -1.11759e-06
gnd_drv__t1081                    -1.20789e-06
gnd_drv__t540                     -1.20789e-06
x3_lockout__t767                  -1.11736e-06
out__t1002                        -1.07291e-06
out__t493                         -1.07307e-06
x3_lockout__t768                  -1.11713e-06
gnd_drv__t1082                    -1.20789e-06
gnd_drv__t541                     -1.20789e-06
x3_lockout__t769                   -1.1169e-06
out__t1003                        -1.07322e-06
out__t367                         -4.93532e-06
x2_n5__t184                            4.50005
gnd_drv__t948                     -5.51522e-06
out__t494                         -1.07337e-06
x3_lockout__t770                  -1.11667e-06
gnd_drv__t1083                    -1.20789e-06
gnd_drv__t542                     -1.20789e-06
x3_lockout__t771                  -1.11643e-06
out__t1004                        -1.07352e-06
out__t495                         -1.07367e-06
x3_lockout__t772                  -1.11619e-06
gnd_drv__t1084                    -1.20789e-06
gnd_drv__t543                     -1.20789e-06
x3_lockout__t773                  -1.11595e-06
out__t1005                        -1.07382e-06
out__t491                         -1.07397e-06
x3_lockout__t765                  -1.11571e-06
gnd_drv__t1080                    -1.20789e-06
gnd_drv__t535                     -1.20789e-06
x3_lockout__t756                  -1.11547e-06
out__t997                         -1.07412e-06
out__t486                         -1.07427e-06
x3_lockout__t755                  -1.11523e-06
gnd_drv__t1075                    -1.20789e-06
gnd_drv__t534                     -1.20789e-06
x3_lockout__t754                  -1.11498e-06
out__t996                         -1.07442e-06
out__t485                         -1.07456e-06
x3_lockout__t753                  -1.11473e-06
gnd_drv__t1074                    -1.20789e-06
gnd_drv__t533                     -1.20789e-06
x3_lockout__t752                  -1.11448e-06
out__t995                         -1.07471e-06
gnd_drv__t406                     -5.47048e-06
x2_n5__t176                            4.50005
out__t873                          -4.8935e-06
out__t396                         -1.07486e-06
x3_lockout__t575                  -1.11423e-06
gnd_drv__t977                     -1.20789e-06
gnd_drv__t445                     -1.20789e-06
x3_lockout__t585                  -1.11398e-06
out__t912                         -1.07501e-06
out__t474                         -1.07516e-06
x3_lockout__t733                  -1.11373e-06
gnd_drv__t1063                    -1.20789e-06
gnd_drv__t525                     -1.20789e-06
x3_lockout__t735                  -1.11347e-06
out__t987                          -1.0753e-06
out__t478                         -1.07545e-06
x3_lockout__t740                  -1.11321e-06
gnd_drv__t1067                    -1.20789e-06
gnd_drv__t524                     -1.20789e-06
x3_lockout__t732                  -1.11295e-06
out__t986                          -1.0756e-06
out__t475                         -1.07575e-06
x3_lockout__t734                  -1.11269e-06
gnd_drv__t1064                    -1.20789e-06
gnd_drv__t526                     -1.20789e-06
x3_lockout__t736                  -1.11243e-06
out__t988                         -1.07589e-06
out__t476                         -1.07604e-06
x3_lockout__t737                  -1.11216e-06
gnd_drv__t1065                    -1.20789e-06
gnd_drv__t527                     -1.20789e-06
x3_lockout__t738                  -1.11189e-06
out__t989                         -1.07618e-06
x2_n3__t1                                  4.5
x2_n2__t0                         -1.52788e-06
gnd_drv__t0                       -2.17879e-06
out__t351                         -4.85232e-06
x2_n5__t152                            4.50005
gnd_drv__t932                     -5.42637e-06
out__t477                         -1.07633e-06
x3_lockout__t739                  -1.11162e-06
gnd_drv__t1066                    -1.20789e-06
gnd_drv__t520                     -1.20789e-06
x3_lockout__t725                  -1.11135e-06
out__t982                         -1.07648e-06
x3_uvlo_ok__t1                         4.49983
x3_lockout__t2                    -9.31935e-07
gnd_drv__t8                       -1.18898e-06
x3_nref__t0                           0.556021
x3_nref__t1                           0.556399
gnd_drv__t7                        1.09688e-05
x3_ntail__t2                          0.253448
x3_nref__t3                           0.556399
gnd_drv__t15                        1.9094e-05
x3_ncompn__t1                          4.49947
x3_nref__t2                           0.556399
x3_ntail__t0                           0.25564
x3_ncompp__t0                          3.53977
x3_ndiv__t0                           0.870179
x3_ntail__t1                          0.255719
gnd_drv__t394                     -5.38257e-06
x2_n5__t153                            4.50005
out__t861                         -4.81145e-06
out__t352                         -4.77091e-06
x2_n5__t154                            4.50005
gnd_drv__t933                     -5.33911e-06
gnd_drv__t395                     -5.29598e-06
x2_n5__t155                            4.50005
out__t862                         -4.73068e-06
out__t353                         -4.69111e-06
x2_n5__t156                            4.50005
gnd_drv__t934                      -5.2535e-06
gnd_drv__t398                     -5.21107e-06
x2_n5__t160                            4.50005
out__t865                         -4.65154e-06
out__t354                         -4.61262e-06
x2_n5__t157                            4.50005
gnd_drv__t935                      -5.1693e-06
gnd_drv__t424                     -5.12818e-06
x2_n5__t214                            4.50005
out__t891                         -4.57437e-06
out__t383                         -4.53613e-06
x2_n5__t215                            4.50005
gnd_drv__t964                     -5.08714e-06
gnd_drv__t425                     -5.04676e-06
x2_n5__t216                            4.50006
out__t892                         -4.49855e-06
x2_n4__t185                        7.86175e-06
x2_n3__t5                                  4.5
gnd_drv__t5                       -1.68803e-06
out__t380                         -4.46131e-06
x2_n5__t209                            4.50006
gnd_drv__t961                     -5.00674e-06
gnd_drv__t423                     -4.96709e-06
x2_n5__t212                            4.50006
out__t890                         -4.42472e-06
out__t382                         -4.38847e-06
x2_n5__t213                            4.50006
gnd_drv__t963                     -4.92782e-06
gnd_drv__t426                     -4.88921e-06
x2_n5__t217                            4.50006
out__t893                         -4.35255e-06
out__t381                         -4.31696e-06
x2_n5__t210                            4.50006
gnd_drv__t962                     -4.85098e-06
gnd_drv__t411                     -4.81312e-06
x2_n5__t186                            4.50006
out__t878                         -4.28202e-06
out__t368                         -4.24742e-06
x2_n5__t187                            4.50006
gnd_drv__t949                     -4.77563e-06
gnd_drv__t419                      -4.7388e-06
x2_n5__t204                            4.50006
out__t886                         -4.21313e-06
out__t378                          -4.1795e-06
x2_n5__t205                            4.50006
gnd_drv__t959                     -4.70235e-06
gnd_drv__t420                     -4.66625e-06
x2_n5__t206                            4.50006
out__t887                         -4.14618e-06
gnd_drv__t1052                    -1.74456e-06
x2_n3__t6                                  4.5
x2_n4__t184                        7.94866e-06
out__t379                         -4.11318e-06
x2_n5__t207                            4.50006
gnd_drv__t960                     -4.63081e-06
gnd_drv__t421                     -4.59573e-06
x2_n5__t208                            4.50006
out__t888                          -4.0808e-06
out__t385                         -4.04844e-06
x2_n5__t219                            4.50006
gnd_drv__t966                     -4.56101e-06
gnd_drv__t422                     -4.52667e-06
x2_n5__t211                            4.50006
out__t889                         -4.01701e-06
out__t384                         -3.98587e-06
x2_n5__t218                            4.50006
gnd_drv__t965                     -4.49294e-06
gnd_drv__t9                       -4.42079e-06
x2_n5__t1                              4.50006
out__t0                           -3.95508e-06
out__t314                         -6.53451e-06
x2_n5__t79                             4.50005
gnd_drv__t886                     -6.65263e-06
gnd_drv__t294                     -6.67058e-06
x2_n5__t8                              4.50005
out__t788                         -6.54057e-06
out__t278                          -6.5469e-06
x2_n5__t7                              4.50005
gnd_drv__t834                     -6.68851e-06
gnd_drv__t293                      -6.7067e-06
x2_n5__t6                              4.50005
out__t787                         -6.55317e-06
x2_n4__t177                        8.03525e-06
x2_n3__t8                                  4.5
gnd_drv__t1051                    -1.74979e-06
out__t277                         -6.55903e-06
x2_n5__t5                              4.50005
gnd_drv__t833                     -6.72454e-06
gnd_drv__t292                     -6.74261e-06
x2_n5__t4                              4.50005
out__t786                         -6.56512e-06
out__t276                         -6.57112e-06
x2_n5__t3                              4.50005
gnd_drv__t832                     -6.76061e-06
gnd_drv__t291                     -6.77853e-06
x2_n5__t2                              4.50005
out__t785                         -6.57702e-06
out__t290                         -6.58278e-06
x2_n5__t31                             4.50005
gnd_drv__t846                     -6.79632e-06
gnd_drv__t305                     -6.81401e-06
x2_n5__t30                             4.50005
out__t799                         -6.58841e-06
out__t289                         -6.59423e-06
x2_n5__t29                             4.50005
gnd_drv__t845                     -6.83155e-06
gnd_drv__t304                     -6.84894e-06
x2_n5__t28                             4.50005
out__t798                         -6.59955e-06
out__t302                         -6.60468e-06
x2_n5__t54                             4.50005
gnd_drv__t858                     -6.86615e-06
gnd_drv__t316                     -6.88315e-06
x2_n5__t53                             4.50004
out__t810                         -6.60995e-06
gnd_drv__t512                     -1.75489e-06
x2_n3__t9                                  4.5
x2_n4__t186                        8.11224e-06
out__t301                         -6.61466e-06
x2_n5__t52                             4.50004
gnd_drv__t857                     -6.90024e-06
gnd_drv__t310                     -6.91677e-06
x2_n5__t42                             4.50004
out__t804                         -6.61948e-06
out__t282                          -6.6237e-06
x2_n5__t16                             4.50004
gnd_drv__t838                     -6.93335e-06
gnd_drv__t298                     -6.94961e-06
x2_n5__t15                             4.50004
out__t792                         -6.62797e-06
out__t281                         -6.63194e-06
x2_n5__t14                             4.50004
gnd_drv__t837                     -6.96556e-06
gnd_drv__t297                     -6.98079e-06
x2_n5__t13                             4.50004
out__t791                         -6.63558e-06
out__t280                         -6.63886e-06
x2_n5__t12                             4.50004
gnd_drv__t836                     -6.99595e-06
gnd_drv__t296                     -7.01101e-06
x2_n5__t11                             4.50004
out__t790                         -6.64175e-06
out__t279                         -6.64421e-06
x2_n5__t10                             4.50004
gnd_drv__t835                     -7.02525e-06
gnd_drv__t295                     -7.03896e-06
x2_n5__t9                              4.50004
out__t789                         -6.64657e-06
x2_n4__t178                        8.17643e-06
x2_n3__t10                             4.49999
gnd_drv__t1053                    -1.76008e-06
out__t283                         -6.64807e-06
x2_n5__t17                             4.50003
gnd_drv__t839                     -7.05244e-06
gnd_drv__t302                     -7.06494e-06
x2_n5__t25                             4.50003
out__t796                         -6.64903e-06
out__t292                         -6.64976e-06
x2_n5__t33                             4.50003
gnd_drv__t848                      -7.0771e-06
gnd_drv__t322                     -7.08851e-06
x2_n5__t65                             4.50003
out__t816                         -6.64987e-06
out__t291                         -6.64892e-06
x2_n5__t32                             4.50003
gnd_drv__t847                     -7.09876e-06
gnd_drv__t299                     -7.10847e-06
x2_n5__t19                             4.50003
out__t793                         -6.64759e-06
out__t284                         -6.64545e-06
x2_n5__t18                             4.50003
gnd_drv__t840                      -7.1172e-06
gnd_drv__t328                     -7.12525e-06
x2_n5__t69                             4.50003
out__t819                         -6.64244e-06
out__t316                         -6.63848e-06
x2_n5__t82                             4.50003
gnd_drv__t888                     -7.13178e-06
gnd_drv__t350                     -7.13708e-06
x2_n5__t81                             4.50003
out__t825                         -6.63387e-06
gnd_drv__t513                     -1.76559e-06
x2_n3__t11                             4.49999
x2_n4__t187                          8.224e-06
out__t315                         -6.62776e-06
x2_n5__t80                             4.50003
gnd_drv__t887                     -7.14137e-06
gnd_drv__t349                      -7.1442e-06
x2_n5__t78                             4.50003
out__t824                         -6.62084e-06
out__t286                         -6.61224e-06
x2_n5__t22                             4.50002
gnd_drv__t842                     -7.14508e-06
gnd_drv__t300                      -7.1446e-06
x2_n5__t21                             4.50002
out__t794                         -6.60263e-06
out__t285                         -6.59153e-06
x2_n5__t20                             4.50002
gnd_drv__t841                      -7.1423e-06
gnd_drv__t303                     -7.13838e-06
x2_n5__t27                             4.50002
out__t797                         -6.57883e-06
out__t288                         -6.56445e-06
x2_n5__t26                             4.50002
gnd_drv__t844                     -7.13202e-06
gnd_drv__t323                     -7.12342e-06
x2_n5__t67                             4.50002
out__t817                         -6.54827e-06
out__t308                         -6.53022e-06
x2_n5__t66                             4.50002
gnd_drv__t864                     -7.11286e-06
gnd_drv__t306                     -7.09952e-06
x2_n5__t34                             4.50002
out__t800                         -6.51064e-06
x2_n4__t179                        8.25074e-06
x2_n3__t12                             4.49999
gnd_drv__t1054                    -1.77167e-06
out__t287                         -6.48866e-06
x2_n5__t24                             4.50002
gnd_drv__t843                     -7.08406e-06
gnd_drv__t301                     -7.06605e-06
x2_n5__t23                             4.50002
out__t795                         -6.46505e-06
out__t361                         -6.43943e-06
x2_n5__t174                            4.50002
gnd_drv__t942                     -7.04549e-06
gnd_drv__t405                     -7.02237e-06
x2_n5__t173                            4.50002
out__t872                         -6.41138e-06
out__t360                         -6.38176e-06
x2_n5__t172                            4.50002
gnd_drv__t941                     -6.99712e-06
gnd_drv__t404                     -6.96906e-06
x2_n5__t171                            4.50002
out__t871                         -6.35062e-06
out__t359                         -6.31728e-06
x2_n5__t170                            4.50002
gnd_drv__t940                     -6.93907e-06
gnd_drv__t403                     -6.90685e-06
x2_n5__t169                            4.50002
out__t870                         -6.28221e-06
out__t322                         -6.24595e-06
x2_n5__t91                             4.50002
gnd_drv__t903                     -6.87257e-06
gnd_drv__t314                     -6.83639e-06
x2_n5__t50                             4.50002
out__t808                         -6.20823e-06
gnd_drv__t514                      -1.7786e-06
x2_n3__t13                             4.49999
x2_n4__t188                        8.25229e-06
out__t300                         -6.16918e-06
x2_n5__t49                             4.50002
gnd_drv__t856                     -6.79846e-06
gnd_drv__t380                     -5.80555e-06
x2_n5__t129                            4.50007
out__t847                         -6.26308e-06
out__t342                         -6.26566e-06
x2_n5__t130                            4.50007
gnd_drv__t923                      -5.8175e-06
gnd_drv__t381                     -5.82957e-06
x2_n5__t131                            4.50007
out__t848                         -6.26855e-06
out__t343                         -6.27152e-06
x2_n5__t132                            4.50007
gnd_drv__t924                     -5.84176e-06
gnd_drv__t382                     -5.85408e-06
x2_n5__t133                            4.50007
out__t849                         -6.27457e-06
out__t365                          -6.2777e-06
x2_n5__t181                            4.50007
gnd_drv__t946                     -5.86653e-06
gnd_drv__t408                     -5.87909e-06
x2_n5__t180                            4.50007
out__t875                         -6.28091e-06
out__t364                          -6.2842e-06
x2_n5__t179                            4.50007
gnd_drv__t945                     -5.89177e-06
gnd_drv__t407                      -5.9048e-06
x2_n5__t178                            4.50007
out__t874                         -6.28782e-06
x1_na__t0                              2.16819
in__t2                             1.03586e-09
gnd_logic__t1377                    9.7682e-09
x2_n4__t180                        8.22457e-06
x2_n3__t14                             4.49999
gnd_drv__t1055                    -1.78669e-06
out__t362                         -6.29126e-06
x2_n5__t175                            4.50007
gnd_drv__t943                     -5.91773e-06
gnd_drv__t389                      -5.9308e-06
x2_n5__t143                            4.50007
out__t856                         -6.29478e-06
out__t347                         -6.29839e-06
x2_n5__t144                            4.50007
gnd_drv__t928                     -5.94419e-06
gnd_drv__t390                      -5.9575e-06
x2_n5__t145                            4.50007
out__t857                         -6.30207e-06
out__t348                         -6.30608e-06
x2_n5__t146                            4.50007
gnd_drv__t929                     -5.97116e-06
gnd_drv__t391                     -5.98473e-06
x2_n5__t147                            4.50007
out__t858                         -6.30993e-06
out__t349                         -6.31383e-06
x2_n5__t148                            4.50007
gnd_drv__t930                     -5.99862e-06
gnd_drv__t392                     -6.01244e-06
x2_n5__t149                            4.50007
out__t859                         -6.31809e-06
out__t350                         -6.32216e-06
x2_n5__t150                            4.50007
gnd_drv__t931                     -6.02659e-06
gnd_drv__t388                     -6.04088e-06
x2_n5__t142                            4.50007
out__t855                         -6.32656e-06
gnd_drv__t515                     -1.79619e-06
x2_n3__t15                             4.49999
x2_n4__t189                        8.16414e-06
out__t336                         -6.33104e-06
x2_n5__t118                            4.50007
gnd_drv__t917                     -6.05528e-06
gnd_drv__t375                     -6.06982e-06
x2_n5__t119                            4.50007
out__t842                         -6.33534e-06
out__t337                         -6.33998e-06
x2_n5__t120                            4.50007
gnd_drv__t918                     -6.08426e-06
gnd_drv__t376                     -6.09904e-06
x2_n5__t121                            4.50007
out__t843                         -6.34442e-06
out__t338                         -6.34921e-06
x2_n5__t122                            4.50007
gnd_drv__t919                     -6.11395e-06
gnd_drv__t377                      -6.1292e-06
x2_n5__t123                            4.50007
out__t844                         -6.35406e-06
out__t339                         -6.35899e-06
x2_n5__t124                            4.50007
gnd_drv__t920                     -6.14436e-06
gnd_drv__t383                     -6.15961e-06
x2_n5__t134                            4.50007
out__t850                         -6.36398e-06
out__t363                         -6.36905e-06
x2_n5__t177                            4.50007
gnd_drv__t944                     -6.17501e-06
gnd_drv__t410                     -6.19074e-06
x2_n5__t185                            4.50006
out__t877                         -6.37418e-06
x2_n4__t181                        8.06872e-06
x2_n3__t16                             4.49999
gnd_drv__t1056                     -1.8073e-06
out__t344                         -6.37938e-06
x2_n5__t136                            4.50006
gnd_drv__t925                     -6.20637e-06
gnd_drv__t385                      -6.2221e-06
x2_n5__t137                            4.50006
out__t852                         -6.38464e-06
out__t345                         -6.38996e-06
x2_n5__t138                            4.50006
gnd_drv__t926                     -6.23819e-06
gnd_drv__t386                     -6.25415e-06
x2_n5__t139                            4.50006
out__t853                         -6.39535e-06
out__t369                          -6.4008e-06
x2_n5__t188                            4.50006
gnd_drv__t950                     -6.27047e-06
gnd_drv__t412                     -6.28688e-06
x2_n5__t189                            4.50006
out__t879                         -6.40629e-06
out__t307                         -6.41213e-06
x2_n5__t64                             4.50006
gnd_drv__t863                     -6.30341e-06
gnd_drv__t321                     -6.31979e-06
x2_n5__t63                             4.50006
out__t815                         -6.41774e-06
out__t306                         -6.42368e-06
x2_n5__t62                             4.50006
gnd_drv__t862                     -6.33652e-06
gnd_drv__t320                     -6.35334e-06
x2_n5__t61                             4.50006
out__t814                         -6.42938e-06
gnd_drv__t516                     -1.82017e-06
x2_n3__t17                             4.49999
x2_n4__t190                        7.93734e-06
out__t305                          -6.4354e-06
x2_n5__t60                             4.50006
gnd_drv__t861                     -6.37025e-06
gnd_drv__t324                     -6.38726e-06
x2_n5__t68                             4.50006
out__t818                         -6.44119e-06
out__t304                          -6.4473e-06
x2_n5__t58                             4.50006
gnd_drv__t860                     -6.40461e-06
gnd_drv__t318                     -6.42178e-06
x2_n5__t57                             4.50006
out__t812                         -6.45314e-06
out__t303                         -6.45932e-06
x2_n5__t56                             4.50006
gnd_drv__t859                     -6.43903e-06
gnd_drv__t319                     -6.45661e-06
x2_n5__t59                             4.50006
out__t813                         -6.46551e-06
out__t293                         -6.47173e-06
x2_n5__t35                             4.50006
gnd_drv__t849                       -6.474e-06
gnd_drv__t348                     -6.49171e-06
x2_n5__t77                             4.50006
out__t823                         -6.47797e-06
out__t313                         -6.48422e-06
x2_n5__t76                             4.50006
gnd_drv__t885                     -6.50922e-06
gnd_drv__t347                     -6.52704e-06
x2_n5__t75                             4.50006
out__t822                         -6.49046e-06
x2_n4__t182                        7.77056e-06
x2_n3__t18                             4.49999
gnd_drv__t1057                    -1.83482e-06
out__t317                         -6.49672e-06
x2_n5__t83                             4.50006
gnd_drv__t889                     -6.54491e-06
gnd_drv__t345                     -6.56254e-06
x2_n5__t74                             4.50006
out__t821                         -6.50296e-06
out__t312                         -6.50919e-06
x2_n5__t73                             4.50006
gnd_drv__t884                     -6.58047e-06
gnd_drv__t344                     -6.59843e-06
x2_n5__t72                             4.50006
out__t820                         -6.51572e-06
out__t311                         -6.52192e-06
x2_n5__t71                             4.50005
gnd_drv__t883                      -6.6164e-06
gnd_drv__t317                     -6.63466e-06
x2_n5__t55                             4.50005
out__t811                         -6.52808e-06
out__t510                         -6.22786e-06
x2_n5__t220                            4.50006
gnd_drv__t11                      -5.17603e-06
gnd_drv__t368                     -5.32979e-06
x2_n5__t105                            4.50006
out__t835                         -6.22694e-06
out__t330                         -6.22595e-06
x2_n5__t106                            4.50006
gnd_drv__t911                     -5.33607e-06
gnd_drv__t369                     -5.34244e-06
x2_n5__t107                            4.50006
out__t836                         -6.22483e-06
gnd_drv__t6                        -1.8018e-06
x2_n3__t7                              4.49999
x2_n4__t183                        7.57489e-06
out__t335                         -6.22395e-06
x2_n5__t117                            4.50006
gnd_drv__t916                     -5.34887e-06
gnd_drv__t371                     -5.35539e-06
x2_n5__t109                            4.50006
out__t838                         -6.22293e-06
out__t331                         -6.22215e-06
x2_n5__t110                            4.50006
gnd_drv__t912                     -5.36198e-06
gnd_drv__t372                     -5.36865e-06
x2_n5__t111                            4.50006
out__t839                         -6.22124e-06
out__t332                         -6.22058e-06
x2_n5__t112                            4.50006
gnd_drv__t913                      -5.3754e-06
gnd_drv__t373                     -5.38223e-06
x2_n5__t113                            4.50006
out__t840                         -6.21978e-06
out__t333                         -6.21923e-06
x2_n5__t114                            4.50006
gnd_drv__t914                     -5.38915e-06
gnd_drv__t374                     -5.39614e-06
x2_n5__t115                            4.50006
out__t841                         -6.21874e-06
out__t334                          -6.2181e-06
x2_n5__t116                            4.50006
gnd_drv__t915                     -5.40336e-06
gnd_drv__t370                     -5.41053e-06
x2_n5__t108                            4.50006
out__t837                         -6.21772e-06
x2_n5__t747                            4.49986
x2_n4__t54                          2.1198e-05
gnd_drv__t13                       4.73579e-06
out__t318                          -6.2174e-06
x2_n5__t84                             4.50006
gnd_drv__t899                     -5.41777e-06
gnd_drv__t359                      -5.4251e-06
x2_n5__t85                             4.50006
out__t826                         -6.21694e-06
out__t319                         -6.21673e-06
x2_n5__t86                             4.50006
gnd_drv__t900                     -5.43267e-06
gnd_drv__t360                     -5.44017e-06
x2_n5__t87                             4.50006
out__t827                         -6.21659e-06
out__t320                         -6.21651e-06
x2_n5__t88                             4.50006
gnd_drv__t901                     -5.44777e-06
gnd_drv__t361                      -5.4556e-06
x2_n5__t89                             4.50007
out__t828                         -6.21628e-06
out__t321                         -6.21632e-06
x2_n5__t90                             4.50007
gnd_drv__t902                     -5.46337e-06
gnd_drv__t365                     -5.47139e-06
x2_n5__t100                            4.50007
out__t832                         -6.21643e-06
out__t323                         -6.21659e-06
x2_n5__t92                             4.50007
gnd_drv__t904                     -5.47934e-06
gnd_drv__t362                     -5.48754e-06
x2_n5__t93                             4.50007
out__t829                         -6.21681e-06
gnd_drv__t327                      4.82741e-06
x2_n4__t6                           2.1223e-05
x2_n5__t750                            4.49987
out__t324                          -6.2171e-06
x2_n5__t94                             4.50007
gnd_drv__t905                     -5.49583e-06
gnd_drv__t363                     -5.50407e-06
x2_n5__t95                             4.50007
out__t830                         -6.21746e-06
out__t325                         -6.21788e-06
x2_n5__t96                             4.50007
gnd_drv__t906                     -5.51256e-06
gnd_drv__t378                     -5.52114e-06
x2_n5__t125                            4.50007
out__t845                         -6.21836e-06
out__t371                         -6.21891e-06
x2_n5__t191                            4.50007
gnd_drv__t952                     -5.52965e-06
gnd_drv__t413                     -5.53843e-06
x2_n5__t192                            4.50007
out__t880                         -6.21953e-06
out__t377                         -6.22021e-06
x2_n5__t202                            4.50007
gnd_drv__t958                     -5.54731e-06
gnd_drv__t414                     -5.55629e-06
x2_n5__t194                            4.50007
out__t881                         -6.22096e-06
out__t373                         -6.22178e-06
x2_n5__t195                            4.50007
gnd_drv__t954                     -5.56537e-06
gnd_drv__t415                     -5.57455e-06
x2_n5__t196                            4.50007
out__t882                         -6.22266e-06
x2_n5__t723                            4.49987
x2_n4__t5                          2.12196e-05
gnd_drv__t867                      4.79929e-06
out__t374                         -6.22383e-06
x2_n5__t197                            4.50007
gnd_drv__t955                     -5.58383e-06
gnd_drv__t416                     -5.59322e-06
x2_n5__t198                            4.50007
out__t883                         -6.22485e-06
out__t375                         -6.22595e-06
x2_n5__t199                            4.50007
gnd_drv__t956                     -5.60272e-06
gnd_drv__t417                     -5.61231e-06
x2_n5__t200                            4.50007
out__t884                         -6.22711e-06
out__t376                         -6.22857e-06
x2_n5__t201                            4.50007
gnd_drv__t957                     -5.62202e-06
gnd_drv__t397                     -5.63183e-06
x2_n5__t159                            4.50007
out__t864                         -6.22987e-06
out__t328                         -6.23124e-06
x2_n5__t101                            4.50007
gnd_drv__t909                     -5.64174e-06
gnd_drv__t366                     -5.65177e-06
x2_n5__t102                            4.50007
out__t833                         -6.23292e-06
out__t329                         -6.23443e-06
x2_n5__t103                            4.50007
gnd_drv__t910                     -5.66209e-06
gnd_drv__t367                     -5.67234e-06
x2_n5__t104                            4.50007
out__t834                         -6.23625e-06
gnd_drv__t326                      4.77095e-06
x2_n4__t4                          2.11944e-05
x2_n5__t749                            4.49987
out__t327                         -6.23792e-06
x2_n5__t99                             4.50007
gnd_drv__t908                      -5.6827e-06
gnd_drv__t384                     -5.69335e-06
x2_n5__t135                            4.50007
out__t851                         -6.23989e-06
out__t370                         -6.24171e-06
x2_n5__t190                            4.50007
gnd_drv__t951                     -5.70394e-06
gnd_drv__t364                     -5.71482e-06
x2_n5__t97                             4.50007
out__t831                         -6.24383e-06
out__t326                         -6.24579e-06
x2_n5__t98                             4.50007
gnd_drv__t907                     -5.72564e-06
gnd_drv__t387                     -5.73675e-06
x2_n5__t141                            4.50007
out__t854                         -6.24806e-06
out__t346                         -6.25041e-06
x2_n5__t140                            4.50007
gnd_drv__t927                     -5.74779e-06
gnd_drv__t379                     -5.75914e-06
x2_n5__t127                            4.50007
out__t846                          -6.2526e-06
out__t341                          -6.2551e-06
x2_n5__t128                            4.50007
gnd_drv__t922                     -5.77061e-06
gnd_drv__t393                     -5.78221e-06
x2_n5__t151                            4.50007
out__t860                         -6.25769e-06
x1_nb__t1                          1.33458e-09
x1_inb__t2                                2.97
gnd_logic__t1378                   8.48832e-09
x2_n5__t722                            4.49987
x2_n4__t3                          2.11471e-05
gnd_drv__t866                      4.74261e-06
out__t340                         -6.26034e-06
x2_n5__t126                            4.50007
gnd_drv__t921                     -5.79371e-06
x3_lockout__t803                  -8.07367e-07
x3_ncompn__t3                          4.49949
gnd_drv__t14                      -1.18589e-06
out__t259                         -1.04212e-06
x3_lockout__t517                  -1.10887e-06
gnd_drv__t815                      -1.2076e-06
gnd_drv__t289                      -1.2076e-06
x3_lockout__t548                  -1.10912e-06
out__t783                         -1.04193e-06
out__t273                         -1.04175e-06
x3_lockout__t544                  -1.10936e-06
gnd_drv__t829                     -1.20761e-06
gnd_drv__t287                     -1.20761e-06
x3_lockout__t546                   -1.1096e-06
out__t781                         -1.04156e-06
out__t274                         -1.04138e-06
x3_lockout__t545                  -1.10984e-06
gnd_drv__t830                     -1.20761e-06
gnd_drv__t288                     -1.20761e-06
x3_lockout__t547                  -1.11008e-06
out__t782                         -1.04119e-06
out__t271                         -1.04101e-06
x3_lockout__t540                  -1.11032e-06
gnd_drv__t827                     -1.20761e-06
gnd_drv__t290                     -1.20762e-06
x3_lockout__t549                  -1.11055e-06
out__t784                         -1.04082e-06
gnd_drv__t325                      4.71381e-06
x2_n4__t2                          2.10776e-05
x2_n5__t748                            4.49987
out__t258                         -1.04063e-06
x3_lockout__t514                  -1.11079e-06
gnd_drv__t814                     -1.20762e-06
gnd_drv__t272                     -1.20762e-06
x3_lockout__t515                  -1.11102e-06
out__t766                         -1.04045e-06
out__t260                         -1.04026e-06
x3_lockout__t518                  -1.11125e-06
gnd_drv__t816                     -1.20762e-06
gnd_drv__t286                     -1.20763e-06
x3_lockout__t543                  -1.11148e-06
out__t780                         -1.04008e-06
out__t236                         -1.03989e-06
x3_lockout__t470                  -1.11171e-06
gnd_drv__t792                     -1.20763e-06
gnd_drv__t191                     -1.20763e-06
x3_lockout__t352                  -1.11193e-06
out__t685                          -1.0397e-06
out__t177                         -1.03952e-06
x3_lockout__t353                  -1.11216e-06
gnd_drv__t733                     -1.20763e-06
gnd_drv__t192                     -1.20763e-06
x3_lockout__t354                  -1.11238e-06
out__t686                         -1.03933e-06
out__t178                         -1.03914e-06
x3_lockout__t355                   -1.1126e-06
gnd_drv__t734                     -1.20764e-06
gnd_drv__t193                     -1.20764e-06
x3_lockout__t356                  -1.11282e-06
out__t687                         -1.03896e-06
x2_n5__t721                            4.49987
x2_n4__t1                          2.09857e-05
gnd_drv__t865                      4.68478e-06
out__t179                         -1.03877e-06
x3_lockout__t357                  -1.11304e-06
gnd_drv__t735                     -1.20764e-06
gnd_drv__t194                     -1.20764e-06
x3_lockout__t358                  -1.11325e-06
out__t688                         -1.03858e-06
out__t180                          -1.0384e-06
x3_lockout__t359                  -1.11347e-06
gnd_drv__t736                     -1.20765e-06
gnd_drv__t199                     -1.20765e-06
x3_lockout__t369                  -1.11368e-06
out__t693                         -1.03821e-06
out__t182                         -1.03802e-06
x3_lockout__t361                  -1.11389e-06
gnd_drv__t738                     -1.20765e-06
gnd_drv__t195                     -1.20765e-06
x3_lockout__t362                   -1.1141e-06
out__t689                         -1.03783e-06
out__t183                         -1.03764e-06
x3_lockout__t363                  -1.11431e-06
gnd_drv__t739                     -1.20766e-06
gnd_drv__t196                     -1.20766e-06
x3_lockout__t364                  -1.11452e-06
out__t690                         -1.03746e-06
out__t184                         -1.03727e-06
x3_lockout__t365                  -1.11473e-06
gnd_drv__t740                     -1.20766e-06
gnd_drv__t197                     -1.20766e-06
x3_lockout__t366                  -1.11493e-06
out__t691                         -1.03708e-06
gnd_drv__t337                      4.65552e-06
x2_n4__t22                         2.08713e-05
x2_n5__t759                            4.49987
out__t185                         -1.03689e-06
x3_lockout__t367                  -1.11513e-06
gnd_drv__t741                     -1.20767e-06
gnd_drv__t198                     -1.20767e-06
x3_lockout__t368                  -1.11534e-06
out__t692                          -1.0367e-06
out__t181                         -1.03652e-06
x3_lockout__t360                  -1.11554e-06
gnd_drv__t737                     -1.20767e-06
gnd_drv__t182                     -1.20767e-06
x3_lockout__t334                  -1.11573e-06
out__t676                         -1.03633e-06
out__t168                         -1.03614e-06
x3_lockout__t335                  -1.11593e-06
gnd_drv__t724                     -1.20768e-06
gnd_drv__t183                     -1.20768e-06
x3_lockout__t336                  -1.11613e-06
out__t677                         -1.03595e-06
out__t169                         -1.03576e-06
x3_lockout__t337                  -1.11632e-06
gnd_drv__t725                     -1.20768e-06
gnd_drv__t184                     -1.20769e-06
x3_lockout__t338                  -1.11652e-06
out__t678                         -1.03557e-06
out__t170                         -1.03538e-06
x3_lockout__t339                  -1.11671e-06
gnd_drv__t726                     -1.20769e-06
gnd_drv__t185                     -1.20769e-06
x3_lockout__t340                   -1.1169e-06
out__t679                         -1.03519e-06
x2_n5__t735                            4.49987
x2_n4__t30                         2.07343e-05
gnd_drv__t881                      4.62623e-06
out__t171                           -1.035e-06
x3_lockout__t341                  -1.11709e-06
gnd_drv__t727                     -1.20769e-06
gnd_drv__t190                      -1.2077e-06
x3_lockout__t351                  -1.11728e-06
out__t684                         -1.03481e-06
out__t173                         -1.03463e-06
x3_lockout__t343                  -1.11746e-06
gnd_drv__t729                      -1.2077e-06
gnd_drv__t186                      -1.2077e-06
x3_lockout__t344                  -1.11765e-06
out__t680                         -1.03444e-06
out__t174                         -1.03425e-06
x3_lockout__t345                  -1.11783e-06
gnd_drv__t730                     -1.20771e-06
gnd_drv__t187                     -1.20771e-06
x3_lockout__t346                  -1.11801e-06
out__t681                         -1.03406e-06
out__t175                         -1.03387e-06
x3_lockout__t347                   -1.1182e-06
gnd_drv__t731                     -1.20771e-06
gnd_drv__t188                     -1.20771e-06
x3_lockout__t348                  -1.11838e-06
out__t682                         -1.03368e-06
out__t176                         -1.03349e-06
x3_lockout__t349                  -1.11856e-06
gnd_drv__t732                     -1.20772e-06
gnd_drv__t189                     -1.20772e-06
x3_lockout__t350                  -1.11873e-06
out__t683                          -1.0333e-06
gnd_drv__t340                      4.59649e-06
x2_n4__t29                         2.05746e-05
x2_n5__t762                            4.49987
out__t190                         -1.03311e-06
x3_lockout__t378                  -1.11891e-06
gnd_drv__t746                     -1.20772e-06
gnd_drv__t209                     -1.20773e-06
x3_lockout__t388                  -1.11909e-06
out__t703                         -1.03292e-06
out__t195                         -1.03272e-06
x3_lockout__t389                  -1.11926e-06
gnd_drv__t751                     -1.20773e-06
gnd_drv__t210                     -1.20773e-06
x3_lockout__t390                  -1.11943e-06
out__t704                         -1.03253e-06
out__t196                         -1.03234e-06
x3_lockout__t391                  -1.11961e-06
gnd_drv__t752                     -1.20773e-06
gnd_drv__t211                     -1.20774e-06
x3_lockout__t392                  -1.11978e-06
out__t705                         -1.03215e-06
out__t197                         -1.03196e-06
x3_lockout__t393                  -1.11995e-06
gnd_drv__t753                     -1.20774e-06
gnd_drv__t212                     -1.20774e-06
x3_lockout__t394                  -1.12011e-06
out__t706                         -1.03177e-06
out__t198                         -1.03158e-06
x3_lockout__t395                  -1.12028e-06
gnd_drv__t754                     -1.20775e-06
gnd_drv__t217                     -1.20775e-06
x3_lockout__t405                  -1.12045e-06
out__t711                         -1.03139e-06
x2_n5__t734                            4.49987
x2_n4__t28                         2.03923e-05
gnd_drv__t880                      4.56673e-06
out__t200                          -1.0312e-06
x3_lockout__t397                  -1.12061e-06
gnd_drv__t756                     -1.20775e-06
gnd_drv__t213                     -1.20776e-06
x3_lockout__t398                  -1.12078e-06
out__t707                           -1.031e-06
out__t201                         -1.03081e-06
x3_lockout__t399                  -1.12094e-06
gnd_drv__t757                     -1.20776e-06
gnd_drv__t214                     -1.20776e-06
x3_lockout__t400                   -1.1211e-06
out__t708                         -1.03062e-06
out__t202                         -1.03043e-06
x3_lockout__t401                  -1.12126e-06
gnd_drv__t758                     -1.20777e-06
gnd_drv__t215                     -1.20777e-06
x3_lockout__t402                  -1.12142e-06
out__t709                         -1.03024e-06
out__t203                         -1.03005e-06
x3_lockout__t403                  -1.12158e-06
gnd_drv__t759                     -1.20777e-06
gnd_drv__t216                     -1.20777e-06
x3_lockout__t404                  -1.12174e-06
out__t710                         -1.02985e-06
out__t199                         -1.02966e-06
x3_lockout__t396                  -1.12189e-06
gnd_drv__t755                     -1.20778e-06
gnd_drv__t200                     -1.20778e-06
x3_lockout__t370                  -1.12205e-06
out__t694                         -1.02947e-06
gnd_drv__t339                      4.53652e-06
x2_n4__t27                         2.01875e-05
x2_n5__t761                            4.49987
out__t186                         -1.02928e-06
x3_lockout__t371                   -1.1222e-06
gnd_drv__t742                     -1.20778e-06
gnd_drv__t201                     -1.20779e-06
x3_lockout__t372                  -1.12236e-06
out__t695                         -1.02908e-06
out__t187                         -1.02889e-06
x3_lockout__t373                  -1.12251e-06
gnd_drv__t743                     -1.20779e-06
gnd_drv__t202                     -1.20779e-06
x3_lockout__t374                  -1.12266e-06
out__t696                          -1.0287e-06
out__t188                         -1.02851e-06
x3_lockout__t375                  -1.12281e-06
gnd_drv__t744                      -1.2078e-06
gnd_drv__t203                      -1.2078e-06
x3_lockout__t376                  -1.12296e-06
out__t697                         -1.02831e-06
out__t189                         -1.02812e-06
x3_lockout__t377                  -1.12311e-06
gnd_drv__t745                      -1.2078e-06
gnd_drv__t208                     -1.20781e-06
x3_lockout__t387                  -1.12325e-06
out__t702                         -1.02793e-06
out__t191                         -1.02773e-06
x3_lockout__t379                   -1.1234e-06
gnd_drv__t747                     -1.20781e-06
gnd_drv__t204                     -1.20781e-06
x3_lockout__t380                  -1.12355e-06
out__t698                         -1.02754e-06
x2_n5__t733                            4.49987
x2_n4__t26                         1.99603e-05
gnd_drv__t879                      4.50632e-06
out__t192                         -1.02735e-06
x3_lockout__t381                  -1.12369e-06
gnd_drv__t748                     -1.20782e-06
gnd_drv__t205                     -1.20782e-06
x3_lockout__t382                  -1.12383e-06
out__t699                         -1.02715e-06
out__t193                         -1.02696e-06
x3_lockout__t383                  -1.12398e-06
gnd_drv__t749                     -1.20782e-06
gnd_drv__t206                     -1.20783e-06
x3_lockout__t384                  -1.12412e-06
out__t700                         -1.02677e-06
out__t194                         -1.02657e-06
x3_lockout__t385                  -1.12426e-06
gnd_drv__t750                     -1.20783e-06
gnd_drv__t207                     -1.20783e-06
x3_lockout__t386                   -1.1244e-06
out__t701                         -1.02638e-06
out__t172                         -1.02618e-06
x3_lockout__t342                  -1.12454e-06
gnd_drv__t728                     -1.20783e-06
gnd_drv__t157                     -1.20784e-06
x3_lockout__t280                  -1.12467e-06
out__t651                         -1.02599e-06
out__t139                          -1.0258e-06
x3_lockout__t281                  -1.12481e-06
gnd_drv__t695                     -1.20784e-06
gnd_drv__t158                     -1.20784e-06
x3_lockout__t282                  -1.12495e-06
out__t652                          -1.0256e-06
gnd_drv__t338                       4.4757e-06
x2_n4__t25                         1.97108e-05
x2_n5__t760                            4.49988
out__t140                         -1.02541e-06
x3_lockout__t283                  -1.12508e-06
gnd_drv__t696                     -1.20785e-06
gnd_drv__t159                     -1.20785e-06
x3_lockout__t284                  -1.12522e-06
out__t653                         -1.02521e-06
out__t141                         -1.02502e-06
x3_lockout__t285                  -1.12535e-06
gnd_drv__t697                     -1.20785e-06
gnd_drv__t160                     -1.20786e-06
x3_lockout__t286                  -1.12548e-06
out__t654                         -1.02482e-06
out__t142                         -1.02463e-06
x3_lockout__t287                  -1.12562e-06
gnd_drv__t698                     -1.20786e-06
gnd_drv__t164                     -1.20786e-06
x3_lockout__t297                  -1.12575e-06
out__t658                         -1.02443e-06
out__t144                         -1.02424e-06
x3_lockout__t289                  -1.12588e-06
gnd_drv__t700                     -1.20787e-06
gnd_drv__t161                     -1.20787e-06
x3_lockout__t290                  -1.12601e-06
out__t655                         -1.02404e-06
out__t145                         -1.02384e-06
x3_lockout__t291                  -1.12613e-06
gnd_drv__t701                     -1.20787e-06
gnd_drv__t162                     -1.20788e-06
x3_lockout__t292                  -1.12626e-06
out__t656                         -1.02365e-06
x2_n5__t731                            4.49988
x2_n4__t23                         1.94396e-05
gnd_drv__t877                       4.4451e-06
out__t146                         -1.02345e-06
x3_lockout__t293                  -1.12639e-06
gnd_drv__t702                     -1.20788e-06
gnd_drv__t10                      -1.20739e-06
x3_lockout__t3                    -1.12631e-06
out__t1                           -1.02326e-06
out__t160                         -1.06012e-06
x3_lockout__t320                  -1.07308e-06
gnd_drv__t716                     -1.20773e-06
gnd_drv__t154                     -1.20773e-06
x3_lockout__t276                  -1.07357e-06
out__t648                         -1.05995e-06
out__t138                         -1.05977e-06
x3_lockout__t277                  -1.07405e-06
gnd_drv__t694                     -1.20772e-06
gnd_drv__t155                     -1.20771e-06
x3_lockout__t278                  -1.07453e-06
out__t649                          -1.0596e-06
out__t153                         -1.05942e-06
x3_lockout__t306                  -1.07501e-06
gnd_drv__t709                     -1.20771e-06
gnd_drv__t174                      -1.2077e-06
x3_lockout__t316                  -1.07549e-06
out__t668                         -1.05924e-06
out__t158                         -1.05907e-06
x3_lockout__t317                  -1.07596e-06
gnd_drv__t714                      -1.2077e-06
gnd_drv__t175                     -1.20769e-06
x3_lockout__t318                  -1.07643e-06
out__t669                         -1.05889e-06
gnd_drv__t341                      4.41435e-06
x2_n4__t31                         1.91468e-05
x2_n5__t763                            4.49988
out__t159                         -1.05872e-06
x3_lockout__t319                   -1.0769e-06
gnd_drv__t715                     -1.20769e-06
gnd_drv__t153                     -1.20768e-06
x3_lockout__t275                  -1.07736e-06
out__t647                         -1.05854e-06
out__t143                         -1.05836e-06
x3_lockout__t288                  -1.07783e-06
gnd_drv__t699                     -1.20768e-06
gnd_drv__t147                     -1.20767e-06
x3_lockout__t262                  -1.07828e-06
out__t641                         -1.05819e-06
out__t131                         -1.05801e-06
x3_lockout__t263                  -1.07874e-06
gnd_drv__t687                     -1.20767e-06
gnd_drv__t148                     -1.20766e-06
x3_lockout__t264                  -1.07919e-06
out__t642                         -1.05784e-06
out__t132                         -1.05766e-06
x3_lockout__t265                  -1.07964e-06
gnd_drv__t688                     -1.20766e-06
gnd_drv__t149                     -1.20766e-06
x3_lockout__t266                  -1.08009e-06
out__t643                         -1.05748e-06
out__t133                         -1.05731e-06
x3_lockout__t267                  -1.08054e-06
gnd_drv__t689                     -1.20765e-06
gnd_drv__t150                     -1.20765e-06
x3_lockout__t268                  -1.08098e-06
out__t644                         -1.05713e-06
x2_n5__t730                            4.49988
x2_n4__t21                          1.8833e-05
gnd_drv__t876                      4.38327e-06
out__t134                         -1.05695e-06
x3_lockout__t269                  -1.08142e-06
gnd_drv__t690                     -1.20764e-06
gnd_drv__t156                     -1.20764e-06
x3_lockout__t279                  -1.08185e-06
out__t650                         -1.05678e-06
out__t136                          -1.0566e-06
x3_lockout__t271                  -1.08229e-06
gnd_drv__t692                     -1.20764e-06
gnd_drv__t151                     -1.20763e-06
x3_lockout__t272                  -1.08272e-06
out__t645                         -1.05642e-06
out__t137                         -1.05625e-06
x3_lockout__t273                  -1.08315e-06
gnd_drv__t693                     -1.20763e-06
gnd_drv__t152                     -1.20762e-06
x3_lockout__t274                  -1.08357e-06
out__t646                         -1.05607e-06
out__t148                         -1.05589e-06
x3_lockout__t296                  -1.08399e-06
gnd_drv__t704                     -1.20762e-06
gnd_drv__t274                     -1.20762e-06
x3_lockout__t519                  -1.08441e-06
out__t768                         -1.05571e-06
out__t261                         -1.05553e-06
x3_lockout__t520                  -1.08483e-06
gnd_drv__t817                     -1.20762e-06
gnd_drv__t275                     -1.20761e-06
x3_lockout__t521                  -1.08524e-06
out__t769                         -1.05536e-06
gnd_drv__t336                      4.35231e-06
x2_n4__t20                          1.8499e-05
x2_n5__t758                            4.49988
out__t266                         -1.05518e-06
x3_lockout__t531                  -1.08565e-06
gnd_drv__t822                     -1.20761e-06
gnd_drv__t277                     -1.20761e-06
x3_lockout__t523                  -1.08606e-06
out__t771                           -1.055e-06
out__t262                         -1.05482e-06
x3_lockout__t524                  -1.08647e-06
gnd_drv__t818                      -1.2076e-06
gnd_drv__t278                      -1.2076e-06
x3_lockout__t525                  -1.08687e-06
out__t772                         -1.05465e-06
out__t263                         -1.05447e-06
x3_lockout__t526                  -1.08727e-06
gnd_drv__t819                      -1.2076e-06
gnd_drv__t279                      -1.2076e-06
x3_lockout__t527                  -1.08767e-06
out__t773                         -1.05429e-06
out__t264                         -1.05411e-06
x3_lockout__t528                  -1.08807e-06
gnd_drv__t820                     -1.20759e-06
gnd_drv__t280                     -1.20759e-06
x3_lockout__t529                  -1.08846e-06
out__t774                         -1.05393e-06
out__t265                         -1.05375e-06
x3_lockout__t530                  -1.08885e-06
gnd_drv__t821                     -1.20759e-06
gnd_drv__t257                     -1.20759e-06
x3_lockout__t486                  -1.08924e-06
out__t751                         -1.05358e-06
x2_n5__t740                            4.49988
x2_n4__t42                         1.81455e-05
gnd_drv__t893                      4.32133e-06
out__t214                          -1.0534e-06
x3_lockout__t424                  -1.08962e-06
gnd_drv__t770                     -1.20759e-06
gnd_drv__t226                     -1.20758e-06
x3_lockout__t425                     -1.09e-06
out__t720                         -1.05322e-06
out__t215                         -1.05304e-06
x3_lockout__t426                  -1.09038e-06
gnd_drv__t771                     -1.20758e-06
gnd_drv__t227                     -1.20758e-06
x3_lockout__t427                  -1.09076e-06
out__t721                         -1.05286e-06
out__t216                         -1.05268e-06
x3_lockout__t428                  -1.09113e-06
gnd_drv__t772                     -1.20758e-06
gnd_drv__t228                     -1.20758e-06
x3_lockout__t429                   -1.0915e-06
out__t722                          -1.0525e-06
out__t217                         -1.05232e-06
x3_lockout__t430                  -1.09187e-06
gnd_drv__t773                     -1.20758e-06
gnd_drv__t229                     -1.20758e-06
x3_lockout__t431                  -1.09224e-06
out__t723                         -1.05214e-06
out__t222                         -1.05196e-06
x3_lockout__t441                   -1.0926e-06
gnd_drv__t778                     -1.20757e-06
gnd_drv__t231                     -1.20757e-06
x3_lockout__t433                  -1.09296e-06
out__t725                         -1.05178e-06
gnd_drv__t353                      4.29039e-06
x2_n4__t41                         1.77735e-05
x2_n5__t769                            4.49988
out__t218                          -1.0516e-06
x3_lockout__t434                  -1.09332e-06
gnd_drv__t774                     -1.20757e-06
gnd_drv__t232                     -1.20757e-06
x3_lockout__t435                  -1.09368e-06
out__t726                         -1.05142e-06
out__t219                         -1.05125e-06
x3_lockout__t436                  -1.09403e-06
gnd_drv__t775                     -1.20757e-06
gnd_drv__t233                     -1.20757e-06
x3_lockout__t437                  -1.09438e-06
out__t727                         -1.05106e-06
out__t220                         -1.05089e-06
x3_lockout__t438                  -1.09473e-06
gnd_drv__t776                     -1.20757e-06
gnd_drv__t234                     -1.20757e-06
x3_lockout__t439                  -1.09508e-06
out__t728                          -1.0507e-06
out__t221                         -1.05053e-06
x3_lockout__t440                  -1.09542e-06
gnd_drv__t777                     -1.20757e-06
gnd_drv__t230                     -1.20757e-06
x3_lockout__t432                  -1.09576e-06
out__t724                         -1.05034e-06
out__t204                         -1.05016e-06
x3_lockout__t406                   -1.0961e-06
gnd_drv__t760                     -1.20757e-06
gnd_drv__t218                     -1.20757e-06
x3_lockout__t407                  -1.09644e-06
out__t712                         -1.04998e-06
x2_n5__t739                            4.49988
x2_n4__t40                         1.73844e-05
gnd_drv__t892                      4.25956e-06
out__t205                          -1.0498e-06
x3_lockout__t408                  -1.09678e-06
gnd_drv__t761                     -1.20757e-06
gnd_drv__t219                     -1.20756e-06
x3_lockout__t409                  -1.09711e-06
out__t713                         -1.04962e-06
out__t206                         -1.04944e-06
x3_lockout__t410                  -1.09744e-06
gnd_drv__t762                     -1.20756e-06
gnd_drv__t220                     -1.20756e-06
x3_lockout__t411                  -1.09776e-06
out__t714                         -1.04926e-06
out__t207                         -1.04908e-06
x3_lockout__t412                  -1.09809e-06
gnd_drv__t763                     -1.20756e-06
gnd_drv__t221                     -1.20756e-06
x3_lockout__t413                  -1.09841e-06
out__t715                          -1.0489e-06
out__t213                         -1.04872e-06
x3_lockout__t423                  -1.09873e-06
gnd_drv__t769                     -1.20756e-06
gnd_drv__t222                     -1.20756e-06
x3_lockout__t415                  -1.09905e-06
out__t716                         -1.04854e-06
out__t209                         -1.04835e-06
x3_lockout__t416                  -1.09937e-06
gnd_drv__t765                     -1.20756e-06
gnd_drv__t223                     -1.20757e-06
x3_lockout__t417                  -1.09968e-06
out__t717                         -1.04817e-06
gnd_drv__t352                      4.22893e-06
x2_n4__t39                         1.69796e-05
x2_n5__t768                            4.49988
out__t210                         -1.04799e-06
x3_lockout__t418                  -1.09999e-06
gnd_drv__t766                     -1.20757e-06
gnd_drv__t224                     -1.20757e-06
x3_lockout__t419                   -1.1003e-06
out__t718                         -1.04781e-06
out__t211                         -1.04763e-06
x3_lockout__t420                  -1.10061e-06
gnd_drv__t767                     -1.20757e-06
gnd_drv__t225                     -1.20757e-06
x3_lockout__t421                  -1.10091e-06
out__t719                         -1.04744e-06
out__t212                         -1.04726e-06
x3_lockout__t422                  -1.10122e-06
gnd_drv__t768                     -1.20757e-06
gnd_drv__t239                     -1.20757e-06
x3_lockout__t450                  -1.10152e-06
out__t733                         -1.04708e-06
out__t231                          -1.0469e-06
x3_lockout__t460                  -1.10182e-06
gnd_drv__t787                     -1.20757e-06
gnd_drv__t245                     -1.20757e-06
x3_lockout__t461                  -1.10211e-06
out__t739                         -1.04672e-06
out__t232                         -1.04653e-06
x3_lockout__t462                  -1.10241e-06
gnd_drv__t788                     -1.20757e-06
gnd_drv__t246                     -1.20757e-06
x3_lockout__t463                   -1.1027e-06
out__t740                         -1.04635e-06
x2_n5__t738                            4.49988
x2_n4__t38                         1.65609e-05
gnd_drv__t891                      4.19861e-06
out__t233                         -1.04617e-06
x3_lockout__t464                  -1.10299e-06
gnd_drv__t789                     -1.20757e-06
gnd_drv__t247                     -1.20757e-06
x3_lockout__t465                  -1.10328e-06
out__t741                         -1.04598e-06
out__t234                          -1.0458e-06
x3_lockout__t466                  -1.10356e-06
gnd_drv__t790                     -1.20757e-06
gnd_drv__t248                     -1.20757e-06
x3_lockout__t467                  -1.10385e-06
out__t742                         -1.04562e-06
out__t240                         -1.04544e-06
x3_lockout__t477                  -1.10413e-06
gnd_drv__t796                     -1.20758e-06
gnd_drv__t249                     -1.20758e-06
x3_lockout__t469                  -1.10441e-06
out__t743                         -1.04525e-06
out__t237                         -1.04507e-06
x3_lockout__t471                  -1.10469e-06
gnd_drv__t793                     -1.20758e-06
gnd_drv__t261                     -1.20758e-06
x3_lockout__t493                  -1.10496e-06
out__t755                         -1.04488e-06
out__t248                          -1.0447e-06
x3_lockout__t494                  -1.10524e-06
gnd_drv__t804                     -1.20758e-06
gnd_drv__t276                     -1.20758e-06
x3_lockout__t522                  -1.10551e-06
out__t770                         -1.04452e-06
gnd_drv__t351                      4.16873e-06
x2_n4__t37                         1.61305e-05
x2_n5__t767                            4.49988
out__t267                         -1.04433e-06
x3_lockout__t532                  -1.10578e-06
gnd_drv__t823                     -1.20758e-06
gnd_drv__t281                     -1.20758e-06
x3_lockout__t533                  -1.10605e-06
out__t775                         -1.04415e-06
out__t268                         -1.04397e-06
x3_lockout__t534                  -1.10631e-06
gnd_drv__t824                     -1.20759e-06
gnd_drv__t282                     -1.20759e-06
x3_lockout__t535                  -1.10658e-06
out__t776                         -1.04378e-06
out__t269                          -1.0436e-06
x3_lockout__t536                  -1.10684e-06
gnd_drv__t825                     -1.20759e-06
gnd_drv__t283                     -1.20759e-06
x3_lockout__t537                   -1.1071e-06
out__t777                         -1.04341e-06
out__t270                         -1.04323e-06
x3_lockout__t538                  -1.10736e-06
gnd_drv__t826                     -1.20759e-06
gnd_drv__t284                     -1.20759e-06
x3_lockout__t539                  -1.10761e-06
out__t778                         -1.04304e-06
out__t275                         -1.04286e-06
x3_lockout__t550                  -1.10787e-06
gnd_drv__t831                      -1.2076e-06
gnd_drv__t285                      -1.2076e-06
x3_lockout__t541                  -1.10812e-06
out__t779                         -1.04267e-06
x1_nca__t0                             4.49995
vdd_logic__t2                             2.97
x1_na__t1                               2.1682
x2_n5__t737                            4.49988
x2_n4__t36                          1.5691e-05
gnd_drv__t890                      4.13941e-06
out__t272                         -1.04249e-06
x3_lockout__t542                  -1.10837e-06
gnd_drv__t828                      -1.2076e-06
gnd_drv__t273                      -1.2076e-06
x3_lockout__t516                  -1.10862e-06
out__t767                          -1.0423e-06
out__t104                         -1.07734e-06
x3_lockout__t209                  -1.01504e-06
gnd_drv__t660                     -1.20925e-06
gnd_drv__t126                     -1.20922e-06
x3_lockout__t217                  -1.01559e-06
out__t620                         -1.07717e-06
out__t108                           -1.077e-06
x3_lockout__t219                  -1.01614e-06
gnd_drv__t664                     -1.20919e-06
gnd_drv__t125                     -1.20917e-06
x3_lockout__t216                   -1.0167e-06
out__t619                         -1.07683e-06
out__t107                         -1.07666e-06
x3_lockout__t218                  -1.01726e-06
gnd_drv__t663                     -1.20914e-06
gnd_drv__t128                     -1.20912e-06
x3_lockout__t222                  -1.01783e-06
out__t622                         -1.07649e-06
out__t109                         -1.07632e-06
x3_lockout__t220                   -1.0184e-06
gnd_drv__t665                     -1.20909e-06
gnd_drv__t127                     -1.20907e-06
x3_lockout__t221                  -1.01897e-06
out__t621                         -1.07615e-06
gnd_drv__t346                      4.11081e-06
x2_n4__t35                         1.52454e-05
x2_n5__t766                            4.49988
out__t110                         -1.07599e-06
x3_lockout__t223                  -1.01955e-06
gnd_drv__t666                     -1.20905e-06
gnd_drv__t121                     -1.20902e-06
x3_lockout__t210                  -1.02014e-06
out__t615                         -1.07581e-06
out__t105                         -1.07564e-06
x3_lockout__t211                  -1.02072e-06
gnd_drv__t661                       -1.209e-06
gnd_drv__t122                     -1.20897e-06
x3_lockout__t212                  -1.02131e-06
out__t616                         -1.07547e-06
out__t106                          -1.0753e-06
x3_lockout__t213                  -1.02191e-06
gnd_drv__t662                     -1.20895e-06
gnd_drv__t123                     -1.20893e-06
x3_lockout__t214                   -1.0225e-06
out__t617                         -1.07513e-06
out__t114                         -1.07496e-06
x3_lockout__t230                   -1.0231e-06
gnd_drv__t670                      -1.2089e-06
gnd_drv__t116                     -1.20888e-06
x3_lockout__t201                   -1.0237e-06
out__t610                         -1.07479e-06
out__t34                          -1.07462e-06
x3_lockout__t66                   -1.02431e-06
gnd_drv__t590                     -1.20886e-06
gnd_drv__t129                     -1.20884e-06
x3_lockout__t224                  -1.02491e-06
out__t623                         -1.07445e-06
x2_n5__t728                            4.49989
x2_n4__t15                         1.47973e-05
gnd_drv__t872                      4.08311e-06
out__t111                         -1.07428e-06
x3_lockout__t225                  -1.02552e-06
gnd_drv__t667                     -1.20882e-06
gnd_drv__t130                     -1.20879e-06
x3_lockout__t226                  -1.02613e-06
out__t624                         -1.07411e-06
out__t112                         -1.07394e-06
x3_lockout__t227                  -1.02675e-06
gnd_drv__t668                     -1.20877e-06
gnd_drv__t131                     -1.20875e-06
x3_lockout__t228                  -1.02736e-06
out__t625                         -1.07377e-06
out__t113                          -1.0736e-06
x3_lockout__t229                  -1.02798e-06
gnd_drv__t669                     -1.20873e-06
gnd_drv__t144                     -1.20871e-06
x3_lockout__t256                  -1.02859e-06
out__t638                         -1.07343e-06
out__t128                         -1.07326e-06
x3_lockout__t257                  -1.02921e-06
gnd_drv__t684                     -1.20869e-06
gnd_drv__t145                     -1.20867e-06
x3_lockout__t258                  -1.02983e-06
out__t639                         -1.07309e-06
out__t129                         -1.07292e-06
x3_lockout__t259                  -1.03045e-06
gnd_drv__t685                     -1.20865e-06
gnd_drv__t146                     -1.20863e-06
x3_lockout__t260                  -1.03107e-06
out__t640                         -1.07275e-06
gnd_drv__t332                      4.05648e-06
x2_n4__t14                         1.43507e-05
x2_n5__t754                            4.49989
out__t122                         -1.07257e-06
x3_lockout__t245                   -1.0317e-06
gnd_drv__t678                     -1.20861e-06
gnd_drv__t117                     -1.20859e-06
x3_lockout__t202                  -1.03232e-06
out__t611                          -1.0724e-06
out__t101                         -1.07223e-06
x3_lockout__t203                  -1.03294e-06
gnd_drv__t657                     -1.20857e-06
gnd_drv__t118                     -1.20855e-06
x3_lockout__t204                  -1.03357e-06
out__t612                         -1.07206e-06
out__t102                         -1.07189e-06
x3_lockout__t205                  -1.03419e-06
gnd_drv__t658                     -1.20853e-06
gnd_drv__t119                     -1.20852e-06
x3_lockout__t206                  -1.03481e-06
out__t613                         -1.07172e-06
out__t103                         -1.07155e-06
x3_lockout__t207                  -1.03544e-06
gnd_drv__t659                      -1.2085e-06
gnd_drv__t163                     -1.20848e-06
x3_lockout__t295                  -1.03606e-06
out__t657                         -1.07138e-06
out__t161                          -1.0712e-06
x3_lockout__t321                  -1.03668e-06
gnd_drv__t717                     -1.20846e-06
gnd_drv__t176                     -1.20844e-06
x3_lockout__t322                  -1.03731e-06
out__t670                         -1.07103e-06
x2_n5__t732                            4.49989
x2_n4__t24                         1.39102e-05
gnd_drv__t878                      4.03133e-06
out__t162                         -1.07086e-06
x3_lockout__t323                  -1.03793e-06
gnd_drv__t718                     -1.20843e-06
gnd_drv__t181                     -1.20841e-06
x3_lockout__t333                  -1.03855e-06
out__t675                         -1.07069e-06
out__t164                         -1.07052e-06
x3_lockout__t325                  -1.03917e-06
gnd_drv__t720                     -1.20839e-06
gnd_drv__t177                     -1.20838e-06
x3_lockout__t326                  -1.03979e-06
out__t671                         -1.07035e-06
out__t165                         -1.07018e-06
x3_lockout__t327                  -1.04041e-06
gnd_drv__t721                     -1.20836e-06
gnd_drv__t178                     -1.20834e-06
x3_lockout__t328                  -1.04103e-06
out__t672                            -1.07e-06
out__t166                         -1.06983e-06
x3_lockout__t329                  -1.04165e-06
gnd_drv__t722                     -1.20833e-06
gnd_drv__t179                     -1.20831e-06
x3_lockout__t330                  -1.04227e-06
out__t673                         -1.06966e-06
out__t167                         -1.06949e-06
x3_lockout__t331                  -1.04288e-06
gnd_drv__t723                      -1.2083e-06
gnd_drv__t180                     -1.20828e-06
x3_lockout__t332                   -1.0435e-06
out__t674                         -1.06932e-06
gnd_drv__t334                      4.00743e-06
x2_n4__t18                         1.34808e-05
x2_n5__t756                            4.49989
out__t163                         -1.06915e-06
x3_lockout__t324                  -1.04411e-06
gnd_drv__t719                     -1.20827e-06
gnd_drv__t165                     -1.20825e-06
x3_lockout__t298                  -1.04472e-06
out__t659                         -1.06897e-06
out__t149                          -1.0688e-06
x3_lockout__t299                  -1.04533e-06
gnd_drv__t705                     -1.20824e-06
gnd_drv__t166                     -1.20822e-06
x3_lockout__t300                  -1.04594e-06
out__t660                         -1.06863e-06
out__t150                         -1.06846e-06
x3_lockout__t301                  -1.04655e-06
gnd_drv__t706                     -1.20821e-06
gnd_drv__t167                     -1.20819e-06
x3_lockout__t302                  -1.04716e-06
out__t661                         -1.06829e-06
out__t151                         -1.06811e-06
x3_lockout__t303                  -1.04776e-06
gnd_drv__t707                     -1.20818e-06
gnd_drv__t168                     -1.20817e-06
x3_lockout__t304                  -1.04836e-06
out__t662                         -1.06794e-06
out__t152                         -1.06777e-06
x3_lockout__t305                  -1.04896e-06
gnd_drv__t708                     -1.20815e-06
gnd_drv__t173                     -1.20814e-06
x3_lockout__t315                  -1.04956e-06
out__t667                          -1.0676e-06
x2_n5__t746                            4.49989
x2_n4__t53                          1.3068e-05
gnd_drv__t987                      3.98519e-06
out__t154                         -1.06742e-06
x3_lockout__t307                  -1.05016e-06
gnd_drv__t710                     -1.20813e-06
gnd_drv__t169                     -1.20811e-06
x3_lockout__t308                  -1.05076e-06
out__t663                         -1.06725e-06
out__t155                         -1.06708e-06
x3_lockout__t309                  -1.05135e-06
gnd_drv__t711                      -1.2081e-06
gnd_drv__t170                     -1.20809e-06
x3_lockout__t310                  -1.05194e-06
out__t664                         -1.06691e-06
out__t156                         -1.06673e-06
x3_lockout__t311                  -1.05253e-06
gnd_drv__t712                     -1.20808e-06
gnd_drv__t171                     -1.20806e-06
x3_lockout__t312                  -1.05312e-06
out__t665                         -1.06656e-06
out__t157                         -1.06639e-06
x3_lockout__t313                   -1.0537e-06
gnd_drv__t713                     -1.20805e-06
gnd_drv__t172                     -1.20804e-06
x3_lockout__t314                  -1.05428e-06
out__t666                         -1.06622e-06
out__t208                         -1.06604e-06
x3_lockout__t414                  -1.05486e-06
gnd_drv__t764                     -1.20803e-06
gnd_drv__t263                     -1.20802e-06
x3_lockout__t496                  -1.05544e-06
out__t757                         -1.06587e-06
gnd_drv__t335                      3.96502e-06
x2_n4__t19                         1.26776e-05
x2_n5__t757                            4.49989
out__t249                          -1.0657e-06
x3_lockout__t497                  -1.05602e-06
gnd_drv__t805                       -1.208e-06
gnd_drv__t264                     -1.20799e-06
x3_lockout__t498                  -1.05659e-06
out__t758                         -1.06552e-06
out__t250                         -1.06535e-06
x3_lockout__t499                  -1.05716e-06
gnd_drv__t806                     -1.20798e-06
gnd_drv__t265                     -1.20797e-06
x3_lockout__t500                  -1.05773e-06
out__t759                         -1.06518e-06
out__t251                           -1.065e-06
x3_lockout__t501                   -1.0583e-06
gnd_drv__t807                     -1.20796e-06
gnd_drv__t266                     -1.20795e-06
x3_lockout__t502                  -1.05886e-06
out__t760                         -1.06483e-06
out__t252                         -1.06466e-06
x3_lockout__t503                  -1.05942e-06
gnd_drv__t808                     -1.20794e-06
gnd_drv__t271                     -1.20793e-06
x3_lockout__t513                  -1.05998e-06
out__t765                         -1.06448e-06
out__t254                         -1.06431e-06
x3_lockout__t505                  -1.06054e-06
gnd_drv__t810                     -1.20792e-06
gnd_drv__t267                     -1.20791e-06
x3_lockout__t506                  -1.06109e-06
out__t761                         -1.06414e-06
x2_n5__t729                            4.49989
x2_n4__t17                         1.23157e-05
gnd_drv__t874                      3.94668e-06
out__t255                         -1.06396e-06
x3_lockout__t507                  -1.06164e-06
gnd_drv__t811                      -1.2079e-06
gnd_drv__t268                     -1.20789e-06
x3_lockout__t508                  -1.06219e-06
out__t762                         -1.06379e-06
out__t256                         -1.06361e-06
x3_lockout__t509                  -1.06274e-06
gnd_drv__t812                     -1.20788e-06
gnd_drv__t269                     -1.20787e-06
x3_lockout__t510                  -1.06328e-06
out__t763                         -1.06344e-06
out__t257                         -1.06327e-06
x3_lockout__t511                  -1.06382e-06
gnd_drv__t813                     -1.20787e-06
gnd_drv__t270                     -1.20786e-06
x3_lockout__t512                  -1.06436e-06
out__t764                         -1.06309e-06
out__t253                         -1.06292e-06
x3_lockout__t504                   -1.0649e-06
gnd_drv__t809                     -1.20785e-06
gnd_drv__t253                     -1.20784e-06
x3_lockout__t478                  -1.06543e-06
out__t747                         -1.06275e-06
out__t241                         -1.06257e-06
x3_lockout__t479                  -1.06596e-06
gnd_drv__t797                     -1.20783e-06
gnd_drv__t254                     -1.20782e-06
x3_lockout__t480                  -1.06648e-06
out__t748                          -1.0624e-06
gnd_drv__t358                      3.93076e-06
x2_n4__t50                         1.19881e-05
x2_n5__t774                            4.49989
out__t242                         -1.06222e-06
x3_lockout__t481                  -1.06701e-06
gnd_drv__t798                     -1.20782e-06
gnd_drv__t255                     -1.20781e-06
x3_lockout__t482                  -1.06753e-06
out__t749                         -1.06205e-06
out__t243                         -1.06187e-06
x3_lockout__t483                  -1.06805e-06
gnd_drv__t799                      -1.2078e-06
gnd_drv__t256                     -1.20779e-06
x3_lockout__t484                  -1.06856e-06
out__t750                          -1.0617e-06
out__t244                         -1.06152e-06
x3_lockout__t485                  -1.06908e-06
gnd_drv__t800                     -1.20779e-06
gnd_drv__t262                     -1.20778e-06
x3_lockout__t495                  -1.06959e-06
out__t756                         -1.06135e-06
out__t245                         -1.06117e-06
x3_lockout__t487                   -1.0701e-06
gnd_drv__t801                     -1.20777e-06
gnd_drv__t258                     -1.20776e-06
x3_lockout__t488                   -1.0706e-06
out__t752                           -1.061e-06
out__t246                         -1.06082e-06
x3_lockout__t489                   -1.0711e-06
gnd_drv__t802                     -1.20776e-06
gnd_drv__t259                     -1.20775e-06
x3_lockout__t490                   -1.0716e-06
out__t753                         -1.06065e-06
x1_ncb__t5                        -1.29079e-06
vdd_logic__t3                             2.97
x1_nb__t0                         -1.24828e-06
x2_n5__t743                            4.49989
x2_n4__t49                         1.17004e-05
gnd_drv__t896                      3.91697e-06
out__t247                         -1.06047e-06
x3_lockout__t491                   -1.0721e-06
gnd_drv__t803                     -1.20774e-06
gnd_drv__t260                     -1.20774e-06
x3_lockout__t492                  -1.07259e-06
out__t754                          -1.0603e-06
out__t80                          -1.09386e-06
x3_lockout__t159                  -1.06364e-06
gnd_drv__t636                     -1.21275e-06
gnd_drv__t101                     -1.21271e-06
x3_lockout__t171                  -1.06096e-06
out__t595                         -1.09371e-06
out__t86                          -1.09355e-06
x3_lockout__t172                  -1.05835e-06
gnd_drv__t642                     -1.21268e-06
gnd_drv__t102                     -1.21264e-06
x3_lockout__t173                  -1.05582e-06
out__t596                         -1.09339e-06
out__t87                          -1.09324e-06
x3_lockout__t174                  -1.05337e-06
gnd_drv__t643                      -1.2126e-06
gnd_drv__t103                     -1.21256e-06
x3_lockout__t175                  -1.05099e-06
out__t597                         -1.09308e-06
out__t88                          -1.09292e-06
x3_lockout__t176                  -1.04869e-06
gnd_drv__t644                     -1.21253e-06
gnd_drv__t25                      -1.21249e-06
x3_lockout__t20                   -1.04646e-06
out__t519                         -1.09276e-06
gnd_drv__t357                      3.90583e-06
x2_n4__t48                         1.14578e-05
x2_n5__t773                            4.49989
out__t7                            -1.0926e-06
x3_lockout__t13                   -1.04429e-06
gnd_drv__t563                     -1.21245e-06
gnd_drv__t251                     -1.21241e-06
x3_lockout__t474                   -1.0422e-06
out__t745                         -1.09245e-06
out__t239                         -1.09229e-06
x3_lockout__t475                  -1.04018e-06
gnd_drv__t795                     -1.21237e-06
gnd_drv__t252                     -1.21233e-06
x3_lockout__t476                  -1.03822e-06
out__t746                         -1.09213e-06
out__t235                         -1.09197e-06
x3_lockout__t468                  -1.03633e-06
gnd_drv__t791                      -1.2123e-06
gnd_drv__t235                     -1.21226e-06
x3_lockout__t442                   -1.0345e-06
out__t729                         -1.09181e-06
out__t223                         -1.09165e-06
x3_lockout__t443                  -1.03274e-06
gnd_drv__t779                     -1.21222e-06
gnd_drv__t236                     -1.21218e-06
x3_lockout__t444                  -1.03104e-06
out__t730                         -1.09149e-06
out__t224                         -1.09133e-06
x3_lockout__t445                  -1.02939e-06
gnd_drv__t780                     -1.21214e-06
gnd_drv__t237                      -1.2121e-06
x3_lockout__t446                  -1.02781e-06
out__t731                         -1.09117e-06
x2_n5__t742                            4.49989
x2_n4__t47                         1.12642e-05
gnd_drv__t895                      3.89721e-06
out__t225                         -1.09101e-06
x3_lockout__t447                  -1.02629e-06
gnd_drv__t781                     -1.21206e-06
gnd_drv__t238                     -1.21202e-06
x3_lockout__t448                  -1.02482e-06
out__t732                         -1.09085e-06
out__t226                         -1.09068e-06
x3_lockout__t449                   -1.0234e-06
gnd_drv__t782                     -1.21199e-06
gnd_drv__t244                     -1.21195e-06
x3_lockout__t459                  -1.02205e-06
out__t738                         -1.09052e-06
out__t227                         -1.09036e-06
x3_lockout__t451                  -1.02074e-06
gnd_drv__t783                     -1.21191e-06
gnd_drv__t240                     -1.21187e-06
x3_lockout__t452                  -1.01949e-06
out__t734                          -1.0902e-06
out__t228                         -1.09004e-06
x3_lockout__t453                  -1.01829e-06
gnd_drv__t784                     -1.21183e-06
gnd_drv__t241                     -1.21179e-06
x3_lockout__t454                  -1.01714e-06
out__t735                         -1.08987e-06
out__t229                         -1.08971e-06
x3_lockout__t455                  -1.01603e-06
gnd_drv__t785                     -1.21175e-06
gnd_drv__t242                     -1.21171e-06
x3_lockout__t456                  -1.01498e-06
out__t736                         -1.08955e-06
gnd_drv__t356                      3.89093e-06
x2_n4__t46                         1.11226e-05
x2_n5__t772                            4.49989
out__t230                         -1.08938e-06
x3_lockout__t457                  -1.01397e-06
gnd_drv__t786                     -1.21167e-06
gnd_drv__t243                     -1.21163e-06
x3_lockout__t458                  -1.01301e-06
out__t737                         -1.08922e-06
out__t10                          -1.08906e-06
x3_lockout__t19                   -1.01209e-06
gnd_drv__t566                      -1.2116e-06
gnd_drv__t24                      -1.21156e-06
x3_lockout__t18                   -1.01122e-06
out__t518                          -1.0889e-06
out__t9                           -1.08873e-06
x3_lockout__t17                   -1.01038e-06
gnd_drv__t565                     -1.21152e-06
gnd_drv__t23                      -1.21148e-06
x3_lockout__t16                    -1.0096e-06
out__t517                         -1.08857e-06
out__t8                            -1.0884e-06
x3_lockout__t15                   -1.00885e-06
gnd_drv__t564                     -1.21144e-06
gnd_drv__t22                       -1.2114e-06
x3_lockout__t14                   -1.00814e-06
out__t516                         -1.08824e-06
out__t6                           -1.08808e-06
x3_lockout__t12                   -1.00747e-06
gnd_drv__t562                     -1.21136e-06
gnd_drv__t21                      -1.21133e-06
x3_lockout__t11                   -1.00684e-06
out__t515                         -1.08791e-06
x2_n5__t741                             4.4999
x2_n4__t45                         1.10346e-05
gnd_drv__t894                      3.88737e-06
out__t2                           -1.08775e-06
x3_lockout__t4                    -1.00625e-06
gnd_drv__t558                     -1.21129e-06
gnd_drv__t18                      -1.21125e-06
x3_lockout__t5                    -1.00569e-06
out__t512                         -1.08758e-06
out__t3                           -1.08741e-06
x3_lockout__t6                    -1.00517e-06
gnd_drv__t559                     -1.21121e-06
gnd_drv__t19                      -1.21117e-06
x3_lockout__t7                    -1.00469e-06
out__t513                         -1.08725e-06
out__t4                           -1.08709e-06
x3_lockout__t8                    -1.00424e-06
gnd_drv__t560                     -1.21113e-06
gnd_drv__t20                       -1.2111e-06
x3_lockout__t9                    -1.00382e-06
out__t514                         -1.08692e-06
out__t5                           -1.08675e-06
x3_lockout__t10                   -1.00343e-06
gnd_drv__t561                     -1.21106e-06
gnd_drv__t250                     -1.21102e-06
x3_lockout__t472                  -1.00308e-06
out__t744                         -1.08659e-06
out__t238                         -1.08642e-06
x3_lockout__t473                  -1.00276e-06
gnd_drv__t794                     -1.21098e-06
gnd_drv__t93                      -1.21095e-06
x3_lockout__t155                  -1.00246e-06
out__t587                         -1.08626e-06
gnd_drv__t355                      3.88626e-06
x2_n4__t44                         1.10001e-05
x2_n5__t771                             4.4999
out__t26                          -1.08609e-06
x3_lockout__t51                    -1.0022e-06
gnd_drv__t582                     -1.21091e-06
gnd_drv__t41                      -1.21087e-06
x3_lockout__t52                   -1.00197e-06
out__t535                         -1.08592e-06
out__t27                          -1.08576e-06
x3_lockout__t53                   -1.00176e-06
gnd_drv__t583                     -1.21084e-06
gnd_drv__t42                       -1.2108e-06
x3_lockout__t54                   -1.00158e-06
out__t536                         -1.08559e-06
out__t28                          -1.08543e-06
x3_lockout__t55                   -1.00143e-06
gnd_drv__t584                     -1.21076e-06
gnd_drv__t43                      -1.21073e-06
x3_lockout__t56                   -1.00131e-06
out__t537                         -1.08526e-06
out__t29                          -1.08509e-06
x3_lockout__t57                   -1.00121e-06
gnd_drv__t585                     -1.21069e-06
gnd_drv__t44                      -1.21065e-06
x3_lockout__t58                   -1.00113e-06
out__t538                         -1.08493e-06
out__t30                          -1.08476e-06
x3_lockout__t59                   -1.00108e-06
gnd_drv__t586                     -1.21062e-06
gnd_drv__t45                      -1.21058e-06
x3_lockout__t60                   -1.00105e-06
out__t539                         -1.08459e-06
x2_n5__t745                             4.4999
x2_n4__t52                         1.10179e-05
gnd_drv__t898                      3.88751e-06
out__t31                          -1.08442e-06
x3_lockout__t61                   -1.00105e-06
gnd_drv__t587                     -1.21055e-06
gnd_drv__t46                      -1.21051e-06
x3_lockout__t62                   -1.00107e-06
out__t540                         -1.08426e-06
out__t32                          -1.08409e-06
x3_lockout__t63                   -1.00111e-06
gnd_drv__t588                     -1.21048e-06
gnd_drv__t47                      -1.21044e-06
x3_lockout__t64                   -1.00117e-06
out__t541                         -1.08392e-06
out__t41                          -1.08375e-06
x3_lockout__t80                   -1.00125e-06
gnd_drv__t597                     -1.21041e-06
gnd_drv__t95                      -1.21037e-06
x3_lockout__t160                  -1.00135e-06
out__t589                         -1.08359e-06
out__t81                          -1.08342e-06
x3_lockout__t161                  -1.00147e-06
gnd_drv__t637                     -1.21034e-06
gnd_drv__t96                       -1.2103e-06
x3_lockout__t162                  -1.00161e-06
out__t590                         -1.08325e-06
out__t82                          -1.08308e-06
x3_lockout__t163                  -1.00177e-06
gnd_drv__t638                     -1.21027e-06
gnd_drv__t97                      -1.21024e-06
x3_lockout__t164                  -1.00194e-06
out__t591                         -1.08292e-06
gnd_drv__t331                      3.89096e-06
x2_n4__t13                         1.10851e-05
x2_n5__t753                             4.4999
out__t83                          -1.08275e-06
x3_lockout__t165                  -1.00214e-06
gnd_drv__t639                      -1.2102e-06
gnd_drv__t98                      -1.21017e-06
x3_lockout__t166                  -1.00235e-06
out__t592                         -1.08258e-06
out__t84                          -1.08241e-06
x3_lockout__t167                  -1.00258e-06
gnd_drv__t640                     -1.21014e-06
gnd_drv__t99                       -1.2101e-06
x3_lockout__t168                  -1.00282e-06
out__t593                         -1.08224e-06
out__t85                          -1.08208e-06
x3_lockout__t169                  -1.00308e-06
gnd_drv__t641                     -1.21007e-06
gnd_drv__t124                     -1.21004e-06
x3_lockout__t215                  -1.00335e-06
out__t618                         -1.08191e-06
out__t115                         -1.08174e-06
x3_lockout__t231                  -1.00364e-06
gnd_drv__t671                        -1.21e-06
gnd_drv__t132                     -1.20997e-06
x3_lockout__t232                  -1.00394e-06
out__t626                         -1.08157e-06
out__t116                          -1.0814e-06
x3_lockout__t233                  -1.00426e-06
gnd_drv__t672                     -1.20994e-06
gnd_drv__t133                     -1.20991e-06
x3_lockout__t234                  -1.00459e-06
out__t627                         -1.08123e-06
x2_n5__t727                             4.4999
x2_n4__t12                          1.1198e-05
gnd_drv__t871                      3.89645e-06
out__t117                         -1.08107e-06
x3_lockout__t235                  -1.00494e-06
gnd_drv__t673                     -1.20988e-06
gnd_drv__t134                     -1.20985e-06
x3_lockout__t236                  -1.00529e-06
out__t628                          -1.0809e-06
out__t118                         -1.08073e-06
x3_lockout__t237                  -1.00566e-06
gnd_drv__t674                     -1.20982e-06
gnd_drv__t135                     -1.20979e-06
x3_lockout__t238                  -1.00604e-06
out__t629                         -1.08056e-06
out__t119                         -1.08039e-06
x3_lockout__t239                  -1.00643e-06
gnd_drv__t675                     -1.20975e-06
gnd_drv__t136                     -1.20972e-06
x3_lockout__t240                  -1.00683e-06
out__t630                         -1.08022e-06
out__t120                         -1.08005e-06
x3_lockout__t241                  -1.00725e-06
gnd_drv__t676                     -1.20969e-06
gnd_drv__t137                     -1.20966e-06
x3_lockout__t242                  -1.00767e-06
out__t631                         -1.07988e-06
out__t121                         -1.07971e-06
x3_lockout__t243                   -1.0081e-06
gnd_drv__t677                     -1.20963e-06
gnd_drv__t138                     -1.20961e-06
x3_lockout__t244                  -1.00855e-06
out__t632                         -1.07955e-06
gnd_drv__t330                      3.90376e-06
x2_n4__t11                         1.13518e-05
x2_n5__t752                             4.4999
out__t130                         -1.07938e-06
x3_lockout__t261                    -1.009e-06
gnd_drv__t686                     -1.20958e-06
gnd_drv__t139                     -1.20955e-06
x3_lockout__t246                  -1.00946e-06
out__t633                         -1.07921e-06
out__t123                         -1.07904e-06
x3_lockout__t247                  -1.00993e-06
gnd_drv__t679                     -1.20952e-06
gnd_drv__t140                     -1.20949e-06
x3_lockout__t248                  -1.01041e-06
out__t634                         -1.07887e-06
out__t124                          -1.0787e-06
x3_lockout__t249                  -1.01089e-06
gnd_drv__t680                     -1.20946e-06
gnd_drv__t141                     -1.20943e-06
x3_lockout__t250                  -1.01139e-06
out__t635                         -1.07853e-06
out__t125                         -1.07836e-06
x3_lockout__t251                  -1.01189e-06
gnd_drv__t681                     -1.20941e-06
gnd_drv__t142                     -1.20938e-06
x3_lockout__t252                   -1.0124e-06
out__t636                         -1.07819e-06
out__t126                         -1.07802e-06
x3_lockout__t253                  -1.01292e-06
gnd_drv__t682                     -1.20935e-06
gnd_drv__t143                     -1.20933e-06
x3_lockout__t254                  -1.01344e-06
out__t637                         -1.07785e-06
x1_nbuf1__t2                               4.5
x1_ncb__t2                        -4.33564e-07
gnd_drv__t3                       -1.18707e-06
x2_n5__t726                             4.4999
x2_n4__t10                         1.15409e-05
gnd_drv__t870                      3.91266e-06
out__t127                         -1.07768e-06
x3_lockout__t255                  -1.01397e-06
gnd_drv__t683                      -1.2093e-06
gnd_drv__t120                     -1.20927e-06
x3_lockout__t208                   -1.0145e-06
out__t614                         -1.07751e-06
out__t435                         -1.09606e-06
x3_lockout__t653                  -1.00998e-06
gnd_drv__t1017                    -1.20892e-06
gnd_drv__t494                     -1.20893e-06
x3_lockout__t683                  -1.00945e-06
out__t961                         -1.09606e-06
out__t450                         -1.09607e-06
x3_lockout__t684                  -1.00894e-06
gnd_drv__t1032                    -1.20894e-06
gnd_drv__t493                     -1.20895e-06
x3_lockout__t681                  -1.00843e-06
out__t960                         -1.09608e-06
out__t449                         -1.09608e-06
x3_lockout__t682                  -1.00794e-06
gnd_drv__t1031                    -1.20896e-06
gnd_drv__t481                     -1.20897e-06
x3_lockout__t659                  -1.00745e-06
out__t948                         -1.09609e-06
out__t443                         -1.09609e-06
x3_lockout__t669                  -1.00697e-06
gnd_drv__t1025                    -1.20898e-06
gnd_drv__t472                     -1.20899e-06
x3_lockout__t639                   -1.0065e-06
out__t939                         -1.09609e-06
gnd_drv__t329                      3.92292e-06
x2_n4__t9                          1.17601e-05
x2_n5__t751                             4.4999
out__t428                         -1.09609e-06
x3_lockout__t640                  -1.00604e-06
gnd_drv__t1010                    -1.20899e-06
gnd_drv__t473                       -1.209e-06
x3_lockout__t641                  -1.00559e-06
out__t940                         -1.09609e-06
out__t429                         -1.09609e-06
x3_lockout__t642                  -1.00515e-06
gnd_drv__t1011                    -1.20901e-06
gnd_drv__t478                     -1.20902e-06
x3_lockout__t652                  -1.00472e-06
out__t945                         -1.09608e-06
out__t431                         -1.09608e-06
x3_lockout__t644                  -1.00431e-06
gnd_drv__t1013                    -1.20904e-06
gnd_drv__t474                     -1.20905e-06
x3_lockout__t645                   -1.0039e-06
out__t941                         -1.09607e-06
out__t432                         -1.09607e-06
x3_lockout__t646                  -1.00351e-06
gnd_drv__t1014                    -1.20906e-06
gnd_drv__t475                     -1.20907e-06
x3_lockout__t647                  -1.00313e-06
out__t942                         -1.09606e-06
out__t433                         -1.09605e-06
x3_lockout__t648                  -1.00277e-06
gnd_drv__t1015                    -1.20908e-06
gnd_drv__t476                     -1.20909e-06
x3_lockout__t649                  -1.00241e-06
out__t943                         -1.09604e-06
x2_n5__t725                             4.4999
x2_n4__t8                          1.20037e-05
gnd_drv__t869                      3.93429e-06
out__t434                         -1.09603e-06
x3_lockout__t650                  -1.00207e-06
gnd_drv__t1016                     -1.2091e-06
gnd_drv__t477                     -1.20912e-06
x3_lockout__t651                  -1.00175e-06
out__t944                         -1.09602e-06
out__t430                         -1.09601e-06
x3_lockout__t643                  -1.00144e-06
gnd_drv__t1012                    -1.20913e-06
gnd_drv__t463                     -1.20914e-06
x3_lockout__t619                  -1.00114e-06
out__t930                         -1.09599e-06
out__t417                         -1.09598e-06
x3_lockout__t620                  -1.00086e-06
gnd_drv__t999                     -1.20916e-06
gnd_drv__t464                     -1.20917e-06
x3_lockout__t621                   -1.0006e-06
out__t931                         -1.09597e-06
out__t418                         -1.09595e-06
x3_lockout__t622                  -1.00035e-06
gnd_drv__t1000                    -1.20919e-06
gnd_drv__t465                      -1.2092e-06
x3_lockout__t623                  -1.00012e-06
out__t932                         -1.09593e-06
out__t419                         -1.09592e-06
x3_lockout__t624                  -9.99903e-07
gnd_drv__t1001                    -1.20922e-06
gnd_drv__t466                     -1.20923e-06
x3_lockout__t625                  -9.99707e-07
out__t933                          -1.0959e-06
gnd_drv__t333                      3.94674e-06
x2_n4__t16                         1.22665e-05
x2_n5__t755                             4.4999
out__t425                         -1.09588e-06
x3_lockout__t635                  -9.99529e-07
gnd_drv__t1007                    -1.20925e-06
gnd_drv__t467                     -1.20927e-06
x3_lockout__t627                  -9.99369e-07
out__t934                         -1.09586e-06
out__t421                         -1.09584e-06
x3_lockout__t628                  -9.99228e-07
gnd_drv__t1003                    -1.20929e-06
gnd_drv__t468                      -1.2093e-06
x3_lockout__t629                  -9.99108e-07
out__t935                         -1.09582e-06
out__t422                          -1.0958e-06
x3_lockout__t630                  -9.99007e-07
gnd_drv__t1004                    -1.20932e-06
gnd_drv__t469                     -1.20934e-06
x3_lockout__t631                  -9.98927e-07
out__t936                         -1.09577e-06
out__t423                         -1.09575e-06
x3_lockout__t632                  -9.98869e-07
gnd_drv__t1005                    -1.20936e-06
gnd_drv__t470                     -1.20938e-06
x3_lockout__t633                  -9.98832e-07
out__t937                         -1.09573e-06
out__t424                          -1.0957e-06
x3_lockout__t634                  -9.98817e-07
gnd_drv__t1006                     -1.2094e-06
gnd_drv__t482                     -1.20943e-06
x3_lockout__t660                  -9.98826e-07
out__t949                         -1.09568e-06
x2_n5__t724                             4.4999
x2_n4__t7                          1.25434e-05
gnd_drv__t868                      3.95961e-06
out__t451                         -1.09565e-06
x3_lockout__t685                  -9.98857e-07
gnd_drv__t1033                    -1.20945e-06
gnd_drv__t491                     -1.20947e-06
x3_lockout__t677                  -9.98913e-07
out__t958                         -1.09563e-06
out__t436                          -1.0956e-06
x3_lockout__t654                  -9.98994e-07
gnd_drv__t1018                     -1.2095e-06
gnd_drv__t479                     -1.20952e-06
x3_lockout__t655                  -9.99099e-07
out__t946                         -1.09558e-06
out__t437                         -1.09555e-06
x3_lockout__t656                  -9.99231e-07
gnd_drv__t1019                    -1.20955e-06
gnd_drv__t487                     -1.20958e-06
x3_lockout__t670                  -9.99389e-07
out__t954                         -1.09552e-06
out__t444                         -1.09549e-06
x3_lockout__t671                  -9.99574e-07
gnd_drv__t1026                     -1.2096e-06
gnd_drv__t480                     -1.20963e-06
x3_lockout__t657                  -9.99787e-07
out__t947                         -1.09547e-06
out__t438                         -1.09544e-06
x3_lockout__t658                  -1.00003e-06
gnd_drv__t1020                    -1.20966e-06
gnd_drv__t488                     -1.20969e-06
x3_lockout__t672                   -1.0003e-06
out__t955                         -1.09541e-06
gnd_drv__t343                      3.97288e-06
x2_n4__t34                         1.28301e-05
x2_n5__t765                             4.4999
out__t445                         -1.09538e-06
x3_lockout__t673                   -1.0006e-06
gnd_drv__t1027                    -1.20972e-06
gnd_drv__t490                     -1.20975e-06
x3_lockout__t675                  -1.00093e-06
out__t957                         -1.09535e-06
out__t446                         -1.09532e-06
x3_lockout__t676                  -1.00129e-06
gnd_drv__t1028                    -1.20979e-06
gnd_drv__t495                     -1.20982e-06
x3_lockout__t686                  -1.00168e-06
out__t962                         -1.09529e-06
out__t447                         -1.09526e-06
x3_lockout__t678                  -1.00211e-06
gnd_drv__t1029                    -1.20985e-06
gnd_drv__t492                     -1.20989e-06
x3_lockout__t679                  -1.00257e-06
out__t959                         -1.09523e-06
out__t448                          -1.0952e-06
x3_lockout__t680                  -1.00306e-06
gnd_drv__t1030                    -1.20993e-06
gnd_drv__t438                     -1.20996e-06
x3_lockout__t573                  -1.00359e-06
out__t905                         -1.09517e-06
out__t147                         -1.09514e-06
x3_lockout__t294                  -1.00415e-06
gnd_drv__t703                        -1.21e-06
gnd_drv__t105                     -1.21004e-06
x3_lockout__t178                  -1.00475e-06
out__t599                         -1.09511e-06
x2_n5__t736                            4.49991
x2_n4__t33                         1.31228e-05
gnd_drv__t882                      3.98658e-06
out__t89                          -1.09508e-06
x3_lockout__t179                  -1.00539e-06
gnd_drv__t645                     -1.21008e-06
gnd_drv__t106                     -1.21013e-06
x3_lockout__t180                  -1.00606e-06
out__t600                         -1.09505e-06
out__t90                          -1.09502e-06
x3_lockout__t181                  -1.00678e-06
gnd_drv__t646                     -1.21017e-06
gnd_drv__t107                     -1.21021e-06
x3_lockout__t182                  -1.00753e-06
out__t601                         -1.09499e-06
out__t91                          -1.09497e-06
x3_lockout__t183                  -1.00833e-06
gnd_drv__t647                     -1.21026e-06
gnd_drv__t33                      -1.21031e-06
x3_lockout__t35                   -1.00916e-06
out__t527                         -1.09494e-06
out__t92                          -1.09491e-06
x3_lockout__t184                  -1.01004e-06
gnd_drv__t648                     -1.21035e-06
gnd_drv__t115                      -1.2104e-06
x3_lockout__t200                  -1.01096e-06
out__t609                         -1.09488e-06
out__t94                          -1.09485e-06
x3_lockout__t186                  -1.01192e-06
gnd_drv__t650                     -1.21045e-06
gnd_drv__t108                     -1.21051e-06
x3_lockout__t187                  -1.01293e-06
out__t602                         -1.09482e-06
gnd_drv__t354                      4.00006e-06
x2_n4__t43                         1.34181e-05
x2_n5__t770                            4.49991
out__t95                          -1.09479e-06
x3_lockout__t188                  -1.01399e-06
gnd_drv__t651                     -1.21056e-06
gnd_drv__t109                     -1.21061e-06
x3_lockout__t189                  -1.01509e-06
out__t603                         -1.09476e-06
out__t96                          -1.09474e-06
x3_lockout__t190                  -1.01624e-06
gnd_drv__t652                     -1.21067e-06
gnd_drv__t110                     -1.21073e-06
x3_lockout__t191                  -1.01743e-06
out__t604                         -1.09471e-06
out__t97                          -1.09468e-06
x3_lockout__t192                  -1.01868e-06
gnd_drv__t653                     -1.21078e-06
gnd_drv__t111                     -1.21084e-06
x3_lockout__t193                  -1.01998e-06
out__t605                         -1.09466e-06
out__t98                          -1.09463e-06
x3_lockout__t194                  -1.02133e-06
gnd_drv__t654                     -1.21091e-06
gnd_drv__t112                     -1.21097e-06
x3_lockout__t195                  -1.02273e-06
out__t606                         -1.09461e-06
out__t99                          -1.09458e-06
x3_lockout__t196                  -1.02419e-06
gnd_drv__t655                     -1.21103e-06
gnd_drv__t113                      -1.2111e-06
x3_lockout__t197                   -1.0257e-06
out__t607                         -1.09456e-06
x2_n5__t744                            4.49991
x2_n4__t51                         1.37134e-05
gnd_drv__t897                      4.01362e-06
out__t100                         -1.09454e-06
x3_lockout__t198                  -1.02727e-06
gnd_drv__t656                     -1.21117e-06
gnd_drv__t114                     -1.21124e-06
x3_lockout__t199                  -1.02889e-06
out__t608                         -1.09451e-06
out__t93                          -1.09449e-06
x3_lockout__t185                  -1.03057e-06
gnd_drv__t649                     -1.21131e-06
gnd_drv__t86                      -1.21138e-06
x3_lockout__t141                  -1.03232e-06
out__t580                         -1.09447e-06
out__t71                          -1.09445e-06
x3_lockout__t142                  -1.03412e-06
gnd_drv__t627                     -1.21145e-06
gnd_drv__t87                      -1.21153e-06
x3_lockout__t143                  -1.03598e-06
out__t581                         -1.09443e-06
out__t72                          -1.09441e-06
x3_lockout__t144                  -1.03791e-06
gnd_drv__t628                     -1.21161e-06
gnd_drv__t88                      -1.21169e-06
x3_lockout__t145                   -1.0399e-06
out__t582                         -1.09439e-06
out__t73                          -1.09438e-06
x3_lockout__t146                  -1.04195e-06
gnd_drv__t629                     -1.21177e-06
gnd_drv__t89                      -1.21185e-06
x3_lockout__t147                  -1.04407e-06
out__t583                         -1.09436e-06
gnd_drv__t342                      4.02689e-06
x2_n4__t32                         1.40063e-05
x2_n5__t764                            4.49991
out__t74                          -1.09435e-06
x3_lockout__t148                  -1.04626e-06
gnd_drv__t630                     -1.21194e-06
gnd_drv__t90                      -1.21202e-06
x3_lockout__t149                  -1.04852e-06
out__t584                         -1.09433e-06
out__t75                          -1.09432e-06
x3_lockout__t150                  -1.05084e-06
gnd_drv__t631                     -1.21211e-06
gnd_drv__t91                       -1.2122e-06
x3_lockout__t151                  -1.05324e-06
out__t585                          -1.0943e-06
out__t76                          -1.09429e-06
x3_lockout__t152                  -1.05571e-06
gnd_drv__t632                      -1.2123e-06
gnd_drv__t92                      -1.21239e-06
x3_lockout__t153                  -1.05825e-06
out__t586                         -1.09428e-06
out__t77                          -1.09427e-06
x3_lockout__t154                  -1.06087e-06
gnd_drv__t633                     -1.21249e-06
gnd_drv__t100                     -1.21259e-06
x3_lockout__t170                  -1.06356e-06
out__t594                         -1.09426e-06
out__t78                          -1.09426e-06
x3_lockout__t156                  -1.06633e-06
gnd_drv__t634                     -1.21269e-06
gnd_drv__t94                      -1.21279e-06
x3_lockout__t157                  -1.06912e-06
out__t588                         -1.09425e-06
in_drv__t3                        -1.23993e-06
x1_nbuf1__t0                               4.5
gnd_drv__t2                       -1.05769e-06
x2_n5__t0                              4.49993
x2_n4__t0                          1.64814e-05
gnd_drv__t17                       4.02917e-06
out__t79                          -1.09417e-06
x3_lockout__t158                  -1.06919e-06
gnd_drv__t635                     -1.21282e-06
gnd_drv__t104                     -1.21279e-06
x3_lockout__t177                   -1.0664e-06
out__t598                         -1.09402e-06
out__t67                          -1.08953e-06
x3_lockout__t135                   -1.0715e-06
gnd_drv__t623                      -1.2082e-06
gnd_drv__t29                       -1.2082e-06
x3_lockout__t28                   -1.07096e-06
out__t523                         -1.08964e-06
out__t15                          -1.08974e-06
x3_lockout__t29                   -1.07042e-06
gnd_drv__t571                     -1.20821e-06
gnd_drv__t30                      -1.20821e-06
x3_lockout__t30                   -1.06988e-06
out__t524                         -1.08985e-06
out__t16                          -1.08996e-06
x3_lockout__t31                   -1.06933e-06
gnd_drv__t572                     -1.20822e-06
gnd_drv__t31                      -1.20823e-06
x3_lockout__t32                   -1.06878e-06
out__t525                         -1.09006e-06
out__t17                          -1.09017e-06
x3_lockout__t33                   -1.06823e-06
gnd_drv__t573                     -1.20823e-06
gnd_drv__t32                      -1.20824e-06
x3_lockout__t34                   -1.06767e-06
out__t526                         -1.09027e-06
gnd_drv__t313                     -6.75893e-06
x2_n5__t48                             4.50002
out__t807                         -6.12892e-06
out__t25                          -1.09037e-06
x3_lockout__t50                   -1.06711e-06
gnd_drv__t581                     -1.20825e-06
gnd_drv__t34                      -1.20825e-06
x3_lockout__t36                   -1.06655e-06
out__t528                         -1.09048e-06
out__t18                          -1.09058e-06
x3_lockout__t37                   -1.06598e-06
gnd_drv__t574                     -1.20826e-06
gnd_drv__t35                      -1.20826e-06
x3_lockout__t38                   -1.06542e-06
out__t529                         -1.09068e-06
out__t19                          -1.09078e-06
x3_lockout__t39                   -1.06484e-06
gnd_drv__t575                     -1.20827e-06
gnd_drv__t36                      -1.20828e-06
x3_lockout__t40                   -1.06427e-06
out__t530                         -1.09088e-06
out__t20                          -1.09098e-06
x3_lockout__t41                   -1.06369e-06
gnd_drv__t576                     -1.20828e-06
gnd_drv__t37                      -1.20829e-06
x3_lockout__t42                   -1.06311e-06
out__t531                         -1.09108e-06
out__t21                          -1.09118e-06
x3_lockout__t43                   -1.06253e-06
gnd_drv__t577                      -1.2083e-06
gnd_drv__t38                       -1.2083e-06
x3_lockout__t44                   -1.06195e-06
out__t532                         -1.09128e-06
out__t299                         -6.08759e-06
x2_n5__t47                             4.50002
gnd_drv__t855                     -6.71833e-06
out__t22                          -1.09137e-06
x3_lockout__t45                   -1.06136e-06
gnd_drv__t578                     -1.20831e-06
gnd_drv__t39                      -1.20832e-06
x3_lockout__t46                   -1.06077e-06
out__t533                         -1.09147e-06
out__t23                          -1.09157e-06
x3_lockout__t47                   -1.06018e-06
gnd_drv__t579                     -1.20832e-06
gnd_drv__t40                      -1.20833e-06
x3_lockout__t48                   -1.05958e-06
out__t534                         -1.09166e-06
out__t24                          -1.09176e-06
x3_lockout__t49                   -1.05898e-06
gnd_drv__t580                     -1.20834e-06
gnd_drv__t62                      -1.20834e-06
x3_lockout__t95                   -1.05838e-06
out__t556                         -1.09185e-06
out__t56                          -1.09194e-06
x3_lockout__t111                  -1.05778e-06
gnd_drv__t612                     -1.20835e-06
gnd_drv__t71                      -1.20836e-06
x3_lockout__t112                  -1.05717e-06
out__t565                         -1.09203e-06
out__t57                          -1.09212e-06
x3_lockout__t113                  -1.05656e-06
gnd_drv__t613                     -1.20837e-06
gnd_drv__t72                      -1.20837e-06
x3_lockout__t114                  -1.05595e-06
out__t566                         -1.09222e-06
gnd_drv__t312                      -6.6761e-06
x2_n5__t46                             4.50003
out__t806                         -6.04532e-06
out__t58                          -1.09231e-06
x3_lockout__t115                  -1.05534e-06
gnd_drv__t614                     -1.20838e-06
gnd_drv__t73                      -1.20839e-06
x3_lockout__t116                  -1.05472e-06
out__t567                         -1.09239e-06
out__t59                          -1.09248e-06
x3_lockout__t117                   -1.0541e-06
gnd_drv__t615                     -1.20839e-06
gnd_drv__t74                       -1.2084e-06
x3_lockout__t118                  -1.05348e-06
out__t568                         -1.09257e-06
out__t60                          -1.09265e-06
x3_lockout__t119                  -1.05286e-06
gnd_drv__t616                     -1.20841e-06
gnd_drv__t75                      -1.20842e-06
x3_lockout__t120                  -1.05223e-06
out__t569                         -1.09274e-06
out__t61                          -1.09283e-06
x3_lockout__t121                  -1.05161e-06
gnd_drv__t617                     -1.20842e-06
gnd_drv__t76                      -1.20843e-06
x3_lockout__t122                  -1.05098e-06
out__t570                         -1.09291e-06
out__t62                          -1.09299e-06
x3_lockout__t123                  -1.05035e-06
gnd_drv__t618                     -1.20844e-06
gnd_drv__t77                      -1.20844e-06
x3_lockout__t124                  -1.04971e-06
out__t571                         -1.09307e-06
out__t298                         -6.00261e-06
x2_n5__t45                             4.50003
gnd_drv__t854                     -6.63309e-06
out__t70                          -1.09316e-06
x3_lockout__t140                  -1.04908e-06
gnd_drv__t626                     -1.20845e-06
gnd_drv__t79                      -1.20846e-06
x3_lockout__t126                  -1.04844e-06
out__t573                         -1.09324e-06
out__t63                          -1.09331e-06
x3_lockout__t127                   -1.0478e-06
gnd_drv__t619                     -1.20847e-06
gnd_drv__t80                      -1.20847e-06
x3_lockout__t128                  -1.04716e-06
out__t574                         -1.09339e-06
out__t64                          -1.09347e-06
x3_lockout__t129                  -1.04652e-06
gnd_drv__t620                     -1.20848e-06
gnd_drv__t81                      -1.20849e-06
x3_lockout__t130                  -1.04587e-06
out__t575                         -1.09355e-06
out__t65                          -1.09362e-06
x3_lockout__t131                  -1.04523e-06
gnd_drv__t621                      -1.2085e-06
gnd_drv__t82                       -1.2085e-06
x3_lockout__t132                  -1.04458e-06
out__t576                          -1.0937e-06
out__t66                          -1.09377e-06
x3_lockout__t133                  -1.04393e-06
gnd_drv__t622                     -1.20851e-06
gnd_drv__t83                      -1.20852e-06
x3_lockout__t134                  -1.04328e-06
out__t577                         -1.09384e-06
gnd_drv__t311                      -6.5891e-06
x2_n5__t44                             4.50003
out__t805                         -5.95881e-06
out__t14                          -1.09392e-06
x3_lockout__t27                   -1.04263e-06
gnd_drv__t570                     -1.20853e-06
gnd_drv__t49                      -1.20853e-06
x3_lockout__t69                   -1.04198e-06
out__t543                         -1.09399e-06
out__t36                          -1.09406e-06
x3_lockout__t70                   -1.04132e-06
gnd_drv__t592                     -1.20854e-06
gnd_drv__t50                      -1.20855e-06
x3_lockout__t71                   -1.04067e-06
out__t544                         -1.09412e-06
out__t37                          -1.09419e-06
x3_lockout__t72                   -1.04001e-06
gnd_drv__t593                     -1.20856e-06
gnd_drv__t51                      -1.20856e-06
x3_lockout__t73                   -1.03936e-06
out__t545                         -1.09426e-06
out__t38                          -1.09433e-06
x3_lockout__t74                    -1.0387e-06
gnd_drv__t594                     -1.20857e-06
gnd_drv__t52                      -1.20858e-06
x3_lockout__t75                   -1.03804e-06
out__t546                         -1.09439e-06
out__t39                          -1.09445e-06
x3_lockout__t76                   -1.03738e-06
gnd_drv__t595                     -1.20859e-06
gnd_drv__t53                      -1.20859e-06
x3_lockout__t77                   -1.03672e-06
out__t547                         -1.09451e-06
out__t297                         -5.91479e-06
x2_n5__t43                             4.50003
gnd_drv__t853                     -6.54424e-06
out__t40                          -1.09458e-06
x3_lockout__t78                   -1.03607e-06
gnd_drv__t596                      -1.2086e-06
gnd_drv__t54                      -1.20861e-06
x3_lockout__t79                   -1.03541e-06
out__t548                         -1.09464e-06
out__t33                          -1.09469e-06
x3_lockout__t65                   -1.03475e-06
gnd_drv__t589                     -1.20862e-06
gnd_drv__t26                      -1.20863e-06
x3_lockout__t21                   -1.03409e-06
out__t520                         -1.09475e-06
out__t11                          -1.09481e-06
x3_lockout__t22                   -1.03343e-06
gnd_drv__t567                     -1.20863e-06
gnd_drv__t27                      -1.20864e-06
x3_lockout__t23                   -1.03277e-06
out__t521                         -1.09487e-06
out__t12                          -1.09492e-06
x3_lockout__t24                   -1.03211e-06
gnd_drv__t568                     -1.20865e-06
gnd_drv__t28                      -1.20866e-06
x3_lockout__t25                   -1.03145e-06
out__t522                         -1.09497e-06
out__t13                          -1.09502e-06
x3_lockout__t26                   -1.03079e-06
gnd_drv__t569                     -1.20866e-06
gnd_drv__t48                      -1.20867e-06
x3_lockout__t68                   -1.03014e-06
out__t542                         -1.09508e-06
gnd_drv__t315                       -6.499e-06
x2_n5__t51                             4.50003
out__t809                         -5.87026e-06
out__t439                         -1.09513e-06
x3_lockout__t661                  -1.02948e-06
gnd_drv__t1021                    -1.20868e-06
gnd_drv__t483                     -1.20869e-06
x3_lockout__t662                  -1.02882e-06
out__t950                         -1.09517e-06
out__t440                         -1.09522e-06
x3_lockout__t663                  -1.02817e-06
gnd_drv__t1022                    -1.20869e-06
gnd_drv__t484                      -1.2087e-06
x3_lockout__t664                  -1.02752e-06
out__t951                         -1.09527e-06
out__t441                         -1.09531e-06
x3_lockout__t665                  -1.02687e-06
gnd_drv__t1023                    -1.20871e-06
gnd_drv__t485                     -1.20872e-06
x3_lockout__t666                  -1.02622e-06
out__t952                         -1.09536e-06
out__t442                          -1.0954e-06
x3_lockout__t667                  -1.02557e-06
gnd_drv__t1024                    -1.20872e-06
gnd_drv__t486                     -1.20873e-06
x3_lockout__t668                  -1.02492e-06
out__t953                         -1.09544e-06
out__t420                         -1.09548e-06
x3_lockout__t626                  -1.02428e-06
gnd_drv__t1002                    -1.20874e-06
gnd_drv__t436                     -1.20875e-06
x3_lockout__t569                  -1.02364e-06
out__t903                         -1.09552e-06
out__t296                         -5.82531e-06
x2_n5__t41                             4.50003
gnd_drv__t852                     -6.45276e-06
out__t394                         -1.09556e-06
x3_lockout__t570                    -1.023e-06
gnd_drv__t975                     -1.20875e-06
gnd_drv__t437                     -1.20876e-06
x3_lockout__t571                  -1.02236e-06
out__t904                         -1.09559e-06
out__t395                         -1.09563e-06
x3_lockout__t572                  -1.02173e-06
gnd_drv__t976                     -1.20877e-06
gnd_drv__t439                     -1.20878e-06
x3_lockout__t574                   -1.0211e-06
out__t906                         -1.09566e-06
out__t49                          -1.09569e-06
x3_lockout__t97                   -1.02047e-06
gnd_drv__t605                     -1.20878e-06
gnd_drv__t64                      -1.20879e-06
x3_lockout__t98                   -1.01985e-06
out__t558                         -1.09572e-06
out__t50                          -1.09575e-06
x3_lockout__t99                   -1.01923e-06
gnd_drv__t606                      -1.2088e-06
gnd_drv__t65                      -1.20881e-06
x3_lockout__t100                  -1.01861e-06
out__t559                         -1.09578e-06
out__t51                          -1.09581e-06
x3_lockout__t101                    -1.018e-06
gnd_drv__t607                     -1.20881e-06
gnd_drv__t66                      -1.20882e-06
x3_lockout__t102                  -1.01739e-06
out__t560                         -1.09583e-06
gnd_drv__t309                     -6.40635e-06
x2_n5__t40                             4.50003
out__t803                         -5.78039e-06
out__t52                          -1.09586e-06
x3_lockout__t103                  -1.01678e-06
gnd_drv__t608                     -1.20883e-06
gnd_drv__t67                      -1.20884e-06
x3_lockout__t104                  -1.01619e-06
out__t561                         -1.09588e-06
out__t53                           -1.0959e-06
x3_lockout__t105                  -1.01559e-06
gnd_drv__t609                     -1.20884e-06
gnd_drv__t68                      -1.20885e-06
x3_lockout__t106                    -1.015e-06
out__t562                         -1.09592e-06
out__t54                          -1.09595e-06
x3_lockout__t107                  -1.01442e-06
gnd_drv__t610                     -1.20886e-06
gnd_drv__t69                      -1.20887e-06
x3_lockout__t108                  -1.01384e-06
out__t563                         -1.09596e-06
out__t135                         -1.09598e-06
x3_lockout__t270                  -1.01327e-06
gnd_drv__t691                     -1.20887e-06
gnd_drv__t70                      -1.20888e-06
x3_lockout__t109                   -1.0127e-06
out__t564                           -1.096e-06
out__t426                         -1.09601e-06
x3_lockout__t636                  -1.01214e-06
gnd_drv__t1008                    -1.20889e-06
gnd_drv__t471                      -1.2089e-06
x3_lockout__t637                  -1.01159e-06
out__t938                         -1.09602e-06
x2_n1__t1                                  4.5
in_drv__t0                        -4.45428e-07
gnd_drv__t1                       -1.20665e-06
out__t295                         -5.73483e-06
x2_n5__t39                             4.50003
gnd_drv__t851                     -6.35913e-06
out__t427                         -1.09604e-06
x3_lockout__t638                  -1.01105e-06
gnd_drv__t1009                    -1.20891e-06
gnd_drv__t489                     -1.20891e-06
x3_lockout__t674                  -1.01051e-06
out__t956                         -1.09605e-06
out__t471                         -1.07662e-06
x3_lockout__t726                  -1.11108e-06
gnd_drv__t1060                    -1.20789e-06
gnd_drv__t553                     -1.20789e-06
x3_lockout__t793                   -1.1108e-06
out__t1015                        -1.07677e-06
out__t506                         -1.07691e-06
x3_lockout__t794                  -1.11053e-06
gnd_drv__t1095                    -1.20789e-06
gnd_drv__t555                     -1.20789e-06
x3_lockout__t797                  -1.11025e-06
out__t1017                        -1.07706e-06
out__t508                          -1.0772e-06
x3_lockout__t798                  -1.10997e-06
gnd_drv__t1097                    -1.20789e-06
gnd_drv__t556                      -1.2079e-06
x3_lockout__t799                  -1.10968e-06
out__t1018                        -1.07734e-06
out__t509                         -1.07749e-06
x3_lockout__t800                   -1.1094e-06
gnd_drv__t1098                     -1.2079e-06
gnd_drv__t550                      -1.2079e-06
x3_lockout__t788                  -1.10911e-06
out__t1012                        -1.07763e-06
gnd_drv__t308                     -6.31192e-06
x2_n5__t38                             4.50003
out__t802                         -5.68945e-06
out__t503                         -1.07777e-06
x3_lockout__t787                  -1.10882e-06
gnd_drv__t1092                     -1.2079e-06
gnd_drv__t554                      -1.2079e-06
x3_lockout__t795                  -1.10853e-06
out__t1016                        -1.07792e-06
out__t502                         -1.07806e-06
x3_lockout__t786                  -1.10824e-06
gnd_drv__t1091                     -1.2079e-06
gnd_drv__t549                      -1.2079e-06
x3_lockout__t785                  -1.10794e-06
out__t1011                         -1.0782e-06
out__t501                         -1.07834e-06
x3_lockout__t784                  -1.10764e-06
gnd_drv__t1090                     -1.2079e-06
gnd_drv__t548                      -1.2079e-06
x3_lockout__t781                  -1.10734e-06
out__t1010                        -1.07849e-06
out__t496                         -1.07863e-06
x3_lockout__t775                  -1.10704e-06
gnd_drv__t1085                     -1.2079e-06
gnd_drv__t545                     -1.20791e-06
x3_lockout__t776                  -1.10674e-06
out__t1007                        -1.07877e-06
out__t497                         -1.07891e-06
x3_lockout__t777                  -1.10643e-06
gnd_drv__t1086                    -1.20791e-06
gnd_drv__t546                     -1.20791e-06
x3_lockout__t778                  -1.10612e-06
out__t1008                        -1.07905e-06
out__t294                         -5.64353e-06
x2_n5__t37                             4.50003
gnd_drv__t850                     -6.26476e-06
out__t498                         -1.07919e-06
x3_lockout__t779                  -1.10581e-06
gnd_drv__t1087                    -1.20791e-06
gnd_drv__t547                     -1.20791e-06
x3_lockout__t780                   -1.1055e-06
out__t1009                        -1.07933e-06
out__t500                         -1.07947e-06
x3_lockout__t783                  -1.10519e-06
gnd_drv__t1089                    -1.20791e-06
gnd_drv__t503                     -1.20791e-06
x3_lockout__t702                  -1.10487e-06
out__t970                         -1.07961e-06
out__t460                         -1.07975e-06
x3_lockout__t703                  -1.10455e-06
gnd_drv__t1042                    -1.20791e-06
gnd_drv__t504                     -1.20792e-06
x3_lockout__t704                  -1.10423e-06
out__t971                         -1.07989e-06
out__t461                         -1.08003e-06
x3_lockout__t705                   -1.1039e-06
gnd_drv__t1043                    -1.20792e-06
gnd_drv__t505                     -1.20792e-06
x3_lockout__t706                  -1.10358e-06
out__t972                         -1.08017e-06
out__t482                         -1.08031e-06
x3_lockout__t746                  -1.10325e-06
gnd_drv__t1071                    -1.20792e-06
gnd_drv__t506                     -1.20792e-06
x3_lockout__t708                  -1.10292e-06
out__t973                         -1.08044e-06
gnd_drv__t307                     -6.21704e-06
x2_n5__t36                             4.50003
out__t801                         -5.59792e-06
out__t463                         -1.08058e-06
x3_lockout__t709                  -1.10258e-06
gnd_drv__t1045                    -1.20792e-06
gnd_drv__t511                     -1.20793e-06
x3_lockout__t719                  -1.10225e-06
out__t978                         -1.08072e-06
out__t465                         -1.08085e-06
x3_lockout__t711                  -1.10191e-06
gnd_drv__t1047                    -1.20793e-06
gnd_drv__t507                     -1.20793e-06
x3_lockout__t712                  -1.10157e-06
out__t974                         -1.08099e-06
out__t466                         -1.08113e-06
x3_lockout__t713                  -1.10123e-06
gnd_drv__t1048                    -1.20793e-06
gnd_drv__t508                     -1.20793e-06
x3_lockout__t714                  -1.10088e-06
out__t975                         -1.08126e-06
out__t467                          -1.0814e-06
x3_lockout__t715                  -1.10053e-06
gnd_drv__t1049                    -1.20794e-06
gnd_drv__t509                     -1.20794e-06
x3_lockout__t716                  -1.10018e-06
out__t976                         -1.08154e-06
out__t468                         -1.08167e-06
x3_lockout__t717                  -1.09983e-06
gnd_drv__t1050                    -1.20794e-06
gnd_drv__t510                     -1.20794e-06
x3_lockout__t718                  -1.09947e-06
out__t977                         -1.08181e-06
out__t309                         -5.55262e-06
x2_n5__t70                             4.50004
gnd_drv__t873                     -6.16915e-06
out__t464                         -1.08194e-06
x3_lockout__t710                  -1.09912e-06
gnd_drv__t1046                    -1.20794e-06
gnd_drv__t502                     -1.20795e-06
x3_lockout__t701                  -1.09876e-06
out__t969                         -1.08207e-06
out__t459                         -1.08221e-06
x3_lockout__t700                  -1.09839e-06
gnd_drv__t1041                    -1.20795e-06
gnd_drv__t501                     -1.20795e-06
x3_lockout__t699                  -1.09803e-06
out__t968                         -1.08234e-06
out__t458                         -1.08247e-06
x3_lockout__t698                  -1.09766e-06
gnd_drv__t1040                    -1.20795e-06
gnd_drv__t557                     -1.20796e-06
x3_lockout__t801                  -1.09729e-06
out__t1019                        -1.08261e-06
out__t507                         -1.08274e-06
x3_lockout__t796                  -1.09692e-06
gnd_drv__t1096                    -1.20796e-06
gnd_drv__t500                     -1.20796e-06
x3_lockout__t697                  -1.09654e-06
out__t967                         -1.08287e-06
out__t457                           -1.083e-06
x3_lockout__t696                  -1.09616e-06
gnd_drv__t1039                    -1.20797e-06
gnd_drv__t499                     -1.20797e-06
x3_lockout__t695                  -1.09578e-06
out__t966                         -1.08314e-06
gnd_drv__t396                     -6.12153e-06
x2_n5__t158                            4.50004
out__t863                         -5.50697e-06
out__t456                         -1.08327e-06
x3_lockout__t694                   -1.0954e-06
gnd_drv__t1038                    -1.20797e-06
gnd_drv__t521                     -1.20797e-06
x3_lockout__t727                  -1.09501e-06
out__t983                          -1.0834e-06
out__t472                         -1.08353e-06
x3_lockout__t728                  -1.09462e-06
gnd_drv__t1061                    -1.20798e-06
gnd_drv__t522                     -1.20798e-06
x3_lockout__t729                  -1.09423e-06
out__t984                         -1.08366e-06
out__t473                         -1.08379e-06
x3_lockout__t730                  -1.09384e-06
gnd_drv__t1062                    -1.20798e-06
gnd_drv__t523                     -1.20799e-06
x3_lockout__t731                  -1.09344e-06
out__t985                         -1.08392e-06
out__t479                         -1.08404e-06
x3_lockout__t741                  -1.09304e-06
gnd_drv__t1068                    -1.20799e-06
gnd_drv__t518                     -1.20799e-06
x3_lockout__t723                  -1.09264e-06
out__t980                         -1.08417e-06
out__t470                          -1.0843e-06
x3_lockout__t722                  -1.09223e-06
gnd_drv__t1059                      -1.208e-06
gnd_drv__t530                       -1.208e-06
x3_lockout__t747                  -1.09182e-06
out__t992                         -1.08443e-06
out__t358                         -5.46172e-06
x2_n5__t168                            4.50004
gnd_drv__t939                     -6.07385e-06
out__t499                         -1.08456e-06
x3_lockout__t782                  -1.09141e-06
gnd_drv__t1088                      -1.208e-06
gnd_drv__t529                     -1.20801e-06
x3_lockout__t745                    -1.091e-06
out__t991                         -1.08468e-06
out__t481                         -1.08481e-06
x3_lockout__t744                  -1.09058e-06
gnd_drv__t1070                    -1.20801e-06
gnd_drv__t528                     -1.20801e-06
x3_lockout__t743                  -1.09016e-06
out__t990                         -1.08494e-06
out__t480                         -1.08506e-06
x3_lockout__t742                  -1.08974e-06
gnd_drv__t1069                    -1.20802e-06
gnd_drv__t536                     -1.20802e-06
x3_lockout__t757                  -1.08931e-06
out__t998                         -1.08519e-06
out__t504                         -1.08531e-06
x3_lockout__t789                  -1.08889e-06
gnd_drv__t1093                    -1.20802e-06
gnd_drv__t551                     -1.20803e-06
x3_lockout__t790                  -1.08845e-06
out__t1013                        -1.08544e-06
out__t505                         -1.08556e-06
x3_lockout__t791                  -1.08802e-06
gnd_drv__t1094                    -1.20803e-06
gnd_drv__t552                     -1.20804e-06
x3_lockout__t792                  -1.08758e-06
out__t1014                        -1.08569e-06
gnd_drv__t399                     -6.02617e-06
x2_n5__t161                            4.50004
out__t866                         -5.41618e-06
out__t469                         -1.08581e-06
x3_lockout__t721                  -1.08714e-06
gnd_drv__t1058                    -1.20804e-06
gnd_drv__t517                     -1.20804e-06
x3_lockout__t720                   -1.0867e-06
out__t979                         -1.08593e-06
out__t455                         -1.08606e-06
x3_lockout__t693                  -1.08626e-06
gnd_drv__t1037                    -1.20805e-06
gnd_drv__t498                     -1.20805e-06
x3_lockout__t692                  -1.08581e-06
out__t965                         -1.08618e-06
out__t454                          -1.0863e-06
x3_lockout__t691                  -1.08536e-06
gnd_drv__t1036                    -1.20806e-06
gnd_drv__t497                     -1.20806e-06
x3_lockout__t690                   -1.0849e-06
out__t964                         -1.08642e-06
out__t453                         -1.08654e-06
x3_lockout__t689                  -1.08445e-06
gnd_drv__t1035                    -1.20806e-06
gnd_drv__t496                     -1.20807e-06
x3_lockout__t688                  -1.08399e-06
out__t963                         -1.08666e-06
out__t452                         -1.08678e-06
x3_lockout__t687                  -1.08352e-06
gnd_drv__t1034                    -1.20807e-06
gnd_drv__t519                     -1.20808e-06
x3_lockout__t724                  -1.08306e-06
out__t981                          -1.0869e-06
out__t355                         -5.37111e-06
x2_n5__t162                            4.50004
gnd_drv__t936                     -5.97852e-06
out__t35                          -1.08702e-06
x3_lockout__t67                   -1.08259e-06
gnd_drv__t591                     -1.20808e-06
gnd_drv__t84                      -1.20809e-06
x3_lockout__t136                  -1.08212e-06
out__t578                         -1.08714e-06
out__t68                          -1.08726e-06
x3_lockout__t137                  -1.08164e-06
gnd_drv__t624                     -1.20809e-06
gnd_drv__t85                       -1.2081e-06
x3_lockout__t138                  -1.08116e-06
out__t579                         -1.08738e-06
out__t69                           -1.0875e-06
x3_lockout__t139                  -1.08068e-06
gnd_drv__t625                      -1.2081e-06
gnd_drv__t78                      -1.20811e-06
x3_lockout__t125                   -1.0802e-06
out__t572                         -1.08761e-06
out__t42                          -1.08773e-06
x3_lockout__t81                   -1.07971e-06
gnd_drv__t598                     -1.20811e-06
gnd_drv__t55                      -1.20812e-06
x3_lockout__t82                   -1.07922e-06
out__t549                         -1.08785e-06
out__t43                          -1.08796e-06
x3_lockout__t83                   -1.07873e-06
gnd_drv__t599                     -1.20812e-06
gnd_drv__t56                      -1.20813e-06
x3_lockout__t84                   -1.07823e-06
out__t550                         -1.08808e-06
gnd_drv__t400                     -5.93129e-06
x2_n5__t163                            4.50004
out__t867                         -5.32618e-06
out__t44                          -1.08819e-06
x3_lockout__t85                   -1.07773e-06
gnd_drv__t600                     -1.20813e-06
gnd_drv__t57                      -1.20814e-06
x3_lockout__t86                   -1.07723e-06
out__t551                         -1.08831e-06
out__t45                          -1.08842e-06
x3_lockout__t87                   -1.07672e-06
gnd_drv__t601                     -1.20814e-06
gnd_drv__t58                      -1.20815e-06
x3_lockout__t88                   -1.07621e-06
out__t552                         -1.08853e-06
out__t46                          -1.08865e-06
x3_lockout__t89                    -1.0757e-06
gnd_drv__t602                     -1.20815e-06
gnd_drv__t59                      -1.20816e-06
x3_lockout__t90                   -1.07519e-06
out__t553                         -1.08876e-06
out__t47                          -1.08887e-06
x3_lockout__t91                   -1.07467e-06
gnd_drv__t603                     -1.20816e-06
gnd_drv__t60                      -1.20817e-06
x3_lockout__t92                   -1.07415e-06
out__t554                         -1.08898e-06
out__t48                          -1.08909e-06
x3_lockout__t93                   -1.07363e-06
gnd_drv__t604                     -1.20817e-06
gnd_drv__t61                      -1.20818e-06
x3_lockout__t94                    -1.0731e-06
out__t555                          -1.0892e-06
x1_nca__t2                             4.49994
x1_ncb__t4                        -1.16211e-05
vdd_drv__t672                              4.5
vdd_drv                                    4.5
x1_ncb__t1                        -1.79824e-05
x1_nca__t1                             4.49995
vdd_drv__t13                               4.5
x1_nbuf1__t3                               4.5
x1_ncb__t0                        -5.44628e-06
vdd_drv__t11                               4.5
in_drv__t2                        -5.85379e-07
x1_nbuf1__t1                               4.5
vdd_drv__t9                                4.5
x2_n1__t2                                  4.5
in_drv__t1                        -5.54021e-06
vdd_drv__t15                               4.5
x2_n2__t3                          -5.7583e-08
x2_n1__t0                                  4.5
vdd_drv__t7                                4.5
x2_n3__t3                                  4.5
x2_n2__t1                         -4.20406e-06
vdd_drv__t5                            4.49999
x2_n4__t207                       -5.01458e-05
x2_n3__t0                              4.49999
vdd_drv__t3                                4.5
vdd_drv__t1322                             4.5
x2_n3__t2                              4.49999
x2_n4__t206                       -5.03672e-05
x2_n4__t204                       -5.05103e-05
x2_n3__t44                             4.49999
vdd_drv__t1321                             4.5
vdd_drv__t1000                             4.5
x2_n3__t43                             4.49999
x2_n4__t220                       -5.05498e-05
x2_n4__t203                       -5.04507e-05
x2_n3__t42                             4.49999
vdd_drv__t1320                             4.5
vdd_drv__t999                              4.5
x2_n3__t41                             4.49999
x2_n4__t219                       -5.01741e-05
x2_n4__t202                       -4.96828e-05
x2_n3__t40                             4.49999
vdd_drv__t1319                             4.5
vdd_drv__t998                              4.5
x2_n3__t39                             4.49999
x2_n4__t218                       -4.89521e-05
x2_n4__t201                       -4.79908e-05
x2_n3__t38                             4.49999
vdd_drv__t1318                             4.5
vdd_drv__t997                              4.5
x2_n3__t37                             4.49999
x2_n4__t217                       -4.68742e-05
x2_n4__t200                       -4.57827e-05
x2_n3__t36                             4.49999
vdd_drv__t1317                             4.5
vdd_drv__t991                              4.5
x2_n3__t31                                 4.5
x2_n4__t215                       -4.50041e-05
x2_n4__t196                       -4.48216e-05
x2_n3__t30                                 4.5
vdd_drv__t1307                             4.5
vdd_drv__t990                              4.5
x2_n3__t29                             4.49999
x2_n4__t214                       -4.53085e-05
x2_n4__t195                       -4.62699e-05
x2_n3__t28                             4.49999
vdd_drv__t1306                             4.5
vdd_drv__t989                              4.5
x2_n3__t27                             4.49999
x2_n4__t213                        -4.7412e-05
x2_n4__t199                       -4.85106e-05
x2_n3__t35                             4.49999
vdd_drv__t1313                             4.5
vdd_drv__t987                              4.5
x2_n3__t26                             4.49999
x2_n4__t212                        -4.9451e-05
x2_n4__t194                        -5.0198e-05
x2_n3__t25                             4.49999
vdd_drv__t1305                             4.5
vdd_drv__t986                              4.5
x2_n3__t24                             4.49999
x2_n4__t211                       -5.07598e-05
x2_n4__t193                        -5.1163e-05
x2_n3__t23                             4.49999
vdd_drv__t1304                             4.5
vdd_drv__t985                              4.5
x2_n3__t22                             4.49999
x2_n4__t210                       -5.14388e-05
x2_n4__t205                       -5.16169e-05
x2_n3__t45                             4.49999
vdd_drv__t1323                             4.5
vdd_drv__t984                              4.5
x2_n3__t21                             4.49999
x2_n4__t209                       -5.17221e-05
x2_n4__t198                       -5.17748e-05
x2_n3__t34                             4.49999
vdd_drv__t1309                             4.5
vdd_drv__t992                              4.5
x2_n3__t33                             4.49999
x2_n4__t216                       -5.17904e-05
x2_n4__t197                       -5.17807e-05
x2_n3__t32                             4.49999
vdd_drv__t1308                             4.5
vdd_drv__t983                              4.5
x2_n3__t20                             4.49999
x2_n4__t208                       -5.17544e-05
x2_n4__t191                       -5.17179e-05
x2_n3__t19                             4.49999
vdd_drv__t1303                             4.5
vdd_drv__t18                               4.5
x2_n3__t4                              4.49999
x2_n4__t192                       -5.16708e-05
vdd_drv__t905                              4.5
x2_n4__t91                        -1.10987e-05
x2_n5__t854                            4.49999
x2_n5__t793                            4.49999
x2_n4__t90                        -1.12952e-05
vdd_drv__t1227                             4.5
vdd_drv__t908                              4.5
x2_n4__t96                        -1.14812e-05
x2_n5__t857                            4.49999
x2_n5__t801                            4.49999
x2_n4__t108                       -1.16562e-05
vdd_drv__t1235                             4.5
vdd_drv__t914                              4.5
x2_n4__t107                       -1.18196e-05
x2_n5__t863                            4.49999
x2_n5__t798                            4.49999
x2_n4__t102                       -1.19714e-05
vdd_drv__t1232                             4.5
vdd_drv__t911                              4.5
x2_n4__t101                       -1.21117e-05
x2_n5__t860                            4.49999
x2_n5__t797                            4.49999
x2_n4__t100                       -1.22405e-05
vdd_drv__t1231                             4.5
vdd_drv__t909                              4.5
x2_n4__t98                        -1.23582e-05
x2_n5__t858                            4.49999
x2_n5__t796                            4.49999
x2_n4__t97                         -1.2465e-05
vdd_drv__t1230                             4.5
vdd_drv__t917                              4.5
x2_n4__t114                       -1.25615e-05
x2_n5__t866                            4.49999
x2_n5__t804                            4.49999
x2_n4__t113                        -1.2648e-05
vdd_drv__t1238                             4.5
vdd_drv__t907                              4.5
x2_n4__t95                         -1.2725e-05
x2_n5__t856                            4.49999
x2_n5__t795                            4.49999
x2_n4__t94                        -1.27929e-05
vdd_drv__t1229                             4.5
vdd_drv__t906                              4.5
x2_n4__t93                        -1.28524e-05
x2_n5__t855                            4.49999
x2_n5__t794                            4.49999
x2_n4__t92                        -1.29037e-05
vdd_drv__t1228                             4.5
vdd_drv__t904                              4.5
x2_n4__t89                        -1.29474e-05
x2_n5__t853                            4.49999
x2_n5__t792                            4.49999
x2_n4__t88                         -1.2984e-05
vdd_drv__t1226                             4.5
vdd_drv__t902                              4.5
x2_n4__t87                        -1.30139e-05
x2_n5__t852                            4.49999
x2_n5__t791                            4.49999
x2_n4__t86                        -1.30374e-05
vdd_drv__t1225                             4.5
vdd_drv__t893                              4.5
x2_n4__t70                         -1.3055e-05
x2_n5__t843                            4.49999
x2_n5__t835                            4.49999
x2_n4__t175                       -1.30671e-05
vdd_drv__t1314                             4.5
vdd_drv__t995                              4.5
x2_n4__t174                        -1.3074e-05
x2_n5__t896                            4.49999
x2_n5__t834                            4.49999
x2_n4__t173                        -1.3076e-05
vdd_drv__t1311                             4.5
vdd_drv__t994                              4.5
x2_n4__t172                       -1.30733e-05
x2_n5__t895                            4.49999
x2_n5__t833                            4.49999
x2_n4__t171                       -1.30664e-05
vdd_drv__t1310                             4.5
vdd_drv__t993                              4.5
x2_n4__t170                       -1.30554e-05
x2_n5__t894                            4.49999
x2_n5__t782                            4.49999
x2_n4__t68                        -1.30406e-05
vdd_drv__t1216                             4.5
vdd_drv__t892                              4.5
x2_n4__t67                        -1.30222e-05
x2_n5__t842                            4.49999
x2_n5__t781                            4.49999
x2_n4__t66                        -1.30003e-05
vdd_drv__t1215                             4.5
vdd_drv__t891                              4.5
x2_n4__t65                        -1.29753e-05
x2_n5__t841                            4.49999
x2_n5__t780                            4.49999
x2_n4__t64                        -1.29472e-05
vdd_drv__t1214                             4.5
vdd_drv__t890                              4.5
x2_n4__t63                        -1.29162e-05
x2_n5__t840                            4.49999
x2_n5__t779                            4.49999
x2_n4__t62                        -1.28824e-05
vdd_drv__t1213                             4.5
vdd_drv__t889                              4.5
x2_n4__t61                        -1.28459e-05
x2_n5__t839                            4.49999
x2_n5__t778                            4.49999
x2_n4__t60                         -1.2807e-05
vdd_drv__t1212                             4.5
vdd_drv__t888                              4.5
x2_n4__t59                        -1.27656e-05
x2_n5__t838                            4.49999
x2_n5__t777                            4.49999
x2_n4__t58                        -1.27218e-05
vdd_drv__t1211                             4.5
vdd_drv__t887                              4.5
x2_n4__t57                        -1.26759e-05
x2_n5__t837                            4.49999
x2_n5__t776                            4.49999
x2_n4__t56                        -1.26278e-05
vdd_drv__t1210                             4.5
vdd_drv__t910                              4.5
x2_n4__t99                        -1.25775e-05
x2_n5__t859                            4.49999
x2_n5__t808                            4.49999
x2_n4__t121                       -1.25253e-05
vdd_drv__t1242                             4.5
vdd_drv__t921                              4.5
x2_n4__t122                       -1.24712e-05
x2_n5__t870                            4.49999
x2_n5__t812                            4.49999
x2_n4__t129                       -1.24151e-05
vdd_drv__t1246                             4.5
vdd_drv__t933                              4.5
x2_n4__t140                       -1.23571e-05
x2_n5__t879                            4.49999
x2_n5__t813                            4.49999
x2_n4__t131                       -1.22975e-05
vdd_drv__t1247                             4.5
vdd_drv__t926                              4.5
x2_n4__t132                        -1.2236e-05
x2_n5__t875                            4.49999
x2_n5__t814                            4.49999
x2_n4__t133                       -1.21729e-05
vdd_drv__t1248                             4.5
vdd_drv__t927                              4.5
x2_n4__t134                       -1.21081e-05
x2_n5__t876                            4.49999
x2_n5__t815                            4.49999
x2_n4__t135                       -1.20417e-05
vdd_drv__t1249                             4.5
vdd_drv__t928                              4.5
x2_n4__t136                       -1.19738e-05
x2_n5__t877                            4.49999
x2_n5__t816                            4.49999
x2_n4__t137                       -1.19043e-05
vdd_drv__t1250                             4.5
vdd_drv__t929                              4.5
x2_n4__t138                       -1.18334e-05
x2_n5__t878                            4.49999
x2_n5__t817                            4.49999
x2_n4__t139                        -1.1761e-05
vdd_drv__t1251                             4.5
vdd_drv__t923                              4.5
x2_n4__t126                       -1.16872e-05
x2_n5__t872                            4.49999
x2_n5__t811                            4.49999
x2_n4__t127                        -1.1612e-05
vdd_drv__t1245                             4.5
vdd_drv__t924                              4.5
x2_n4__t128                       -1.15356e-05
x2_n5__t873                            4.49999
x2_n5__t809                            4.49999
x2_n4__t123                       -1.14578e-05
vdd_drv__t1243                             4.5
vdd_drv__t922                              4.5
x2_n4__t124                       -1.13788e-05
x2_n5__t871                            4.49999
x2_n5__t810                            4.49999
x2_n4__t125                       -1.12986e-05
vdd_drv__t1244                             4.5
vdd_drv__t23                               4.5
x2_n4__t55                        -1.12165e-05
x2_n5__t775                            4.49999
x2_n5__t836                            4.49999
x2_n4__t176                       -1.46182e-05
vdd_drv__t678                              4.5
vdd_drv__t937                              4.5
x2_n4__t150                        -1.4598e-05
x2_n5__t883                            4.49999
x2_n5__t823                            4.49999
x2_n4__t149                       -1.45664e-05
vdd_drv__t1260                             4.5
vdd_drv__t936                              4.5
x2_n4__t148                       -1.45297e-05
x2_n5__t882                            4.49999
x2_n5__t822                            4.49999
x2_n4__t147                       -1.44877e-05
vdd_drv__t1259                             4.5
vdd_drv__t919                              4.5
x2_n4__t119                       -1.44401e-05
x2_n5__t868                            4.49999
x2_n5__t807                            4.49999
x2_n4__t118                       -1.43868e-05
vdd_drv__t1241                             4.5
vdd_drv__t918                              4.5
x2_n4__t117                       -1.43272e-05
x2_n5__t867                            4.49999
x2_n5__t806                            4.49999
x2_n4__t116                       -1.42613e-05
vdd_drv__t1240                             4.5
vdd_drv__t940                              4.5
x2_n4__t154                       -1.41885e-05
x2_n5__t886                            4.49999
x2_n5__t831                            4.49999
x2_n4__t168                       -1.41085e-05
vdd_drv__t1268                             4.5
vdd_drv__t948                              4.5
x2_n4__t167                        -1.4021e-05
x2_n5__t893                            4.49999
x2_n5__t830                            4.49999
x2_n4__t166                       -1.39256e-05
vdd_drv__t1267                             4.5
vdd_drv__t947                              4.5
x2_n4__t165                       -1.38218e-05
x2_n5__t892                            4.49999
x2_n5__t829                            4.49999
x2_n4__t164                       -1.37094e-05
vdd_drv__t1266                             4.5
vdd_drv__t945                              4.5
x2_n4__t163                       -1.35878e-05
x2_n5__t891                            4.49999
x2_n5__t828                            4.49999
x2_n4__t162                       -1.34568e-05
vdd_drv__t1265                             4.5
vdd_drv__t944                              4.5
x2_n4__t161                       -1.33158e-05
x2_n5__t890                            4.49999
x2_n5__t827                            4.49999
x2_n4__t160                       -1.31646e-05
vdd_drv__t1264                             4.5
vdd_drv__t943                              4.5
x2_n4__t159                       -1.30029e-05
x2_n5__t889                            4.49999
x2_n5__t826                            4.49999
x2_n4__t158                       -1.28305e-05
vdd_drv__t1263                             4.5
vdd_drv__t942                              4.5
x2_n4__t157                        -1.2647e-05
x2_n5__t888                            4.49999
x2_n5__t825                            4.49999
x2_n4__t156                       -1.24526e-05
vdd_drv__t1262                             4.5
vdd_drv__t941                              4.5
x2_n4__t155                       -1.22472e-05
x2_n5__t887                            4.49999
x2_n5__t832                            4.49999
x2_n4__t169                       -1.20311e-05
vdd_drv__t1269                             4.5
vdd_drv__t939                              4.5
x2_n4__t153                       -1.18047e-05
x2_n5__t885                            4.49999
x2_n5__t824                            4.49999
x2_n4__t152                       -1.15688e-05
vdd_drv__t1261                             4.5
vdd_drv__t938                              4.5
x2_n4__t151                       -1.13242e-05
x2_n5__t884                            4.49999
x2_n5__t783                            4.49999
x2_n4__t69                        -1.10725e-05
vdd_drv__t1217                             4.5
vdd_drv__t898                              4.5
x2_n4__t80                        -1.08154e-05
x2_n5__t848                            4.49999
x2_n5__t788                            4.49999
x2_n4__t79                        -1.05553e-05
vdd_drv__t1222                             4.5
vdd_drv__t897                              4.5
x2_n4__t78                        -1.02954e-05
x2_n5__t847                            4.49999
x2_n5__t787                            4.49999
x2_n4__t77                        -1.00393e-05
vdd_drv__t1221                             4.5
vdd_drv__t896                              4.5
x2_n4__t76                        -9.79195e-06
x2_n5__t846                            4.49999
x2_n5__t786                            4.49999
x2_n4__t75                        -9.55901e-06
vdd_drv__t1220                             4.5
vdd_drv__t895                              4.5
x2_n4__t74                        -9.34753e-06
x2_n5__t845                            4.49999
x2_n5__t785                            4.49999
x2_n4__t73                         -9.1659e-06
vdd_drv__t1219                             4.5
vdd_drv__t901                              4.5
x2_n4__t85                        -9.02404e-06
x2_n5__t851                            4.49999
x2_n5__t819                            4.49999
x2_n4__t143                       -8.93339e-06
vdd_drv__t1256                             4.5
vdd_drv__t934                              4.5
x2_n4__t142                       -8.90668e-06
x2_n5__t880                            4.49999
x2_n5__t818                            4.49999
x2_n4__t141                       -8.95684e-06
vdd_drv__t1254                             4.5
vdd_drv__t925                              4.5
x2_n4__t130                       -9.09321e-06
x2_n5__t874                            4.49999
x2_n5__t790                            4.49999
x2_n4__t84                        -9.30852e-06
vdd_drv__t1224                             4.5
vdd_drv__t900                              4.5
x2_n4__t83                        -9.53214e-06
x2_n5__t850                            4.49999
x2_n5__t789                            4.49999
x2_n4__t82                        -9.56643e-06
vdd_drv__t1223                             4.5
vdd_drv__t899                              4.5
x2_n4__t81                        -9.36443e-06
x2_n5__t849                            4.49999
x2_n5__t784                            4.49999
x2_n4__t72                        -9.12974e-06
vdd_drv__t1218                             4.5
vdd_drv__t894                              4.5
x2_n4__t71                        -8.96253e-06
x2_n5__t844                            4.49999
x2_n5__t821                            4.49999
x2_n4__t146                       -8.87928e-06
vdd_drv__t1258                             4.5
vdd_drv__t935                              4.5
x2_n4__t145                         -8.873e-06
x2_n5__t881                            4.49999
x2_n5__t820                            4.49999
x2_n4__t144                       -8.93121e-06
vdd_drv__t1257                             4.5
vdd_drv__t920                              4.5
x2_n4__t120                       -9.04107e-06
x2_n5__t869                            4.49999
x2_n5__t800                            4.49999
x2_n4__t106                       -9.19085e-06
vdd_drv__t1234                             4.5
vdd_drv__t913                              4.5
x2_n4__t105                       -9.37039e-06
x2_n5__t862                            4.49999
x2_n5__t799                            4.49999
x2_n4__t104                       -9.57097e-06
vdd_drv__t1233                             4.5
vdd_drv__t912                              4.5
x2_n4__t103                       -9.78545e-06
x2_n5__t861                            4.49999
x2_n5__t805                            4.49999
x2_n4__t115                       -1.00078e-05
vdd_drv__t1239                             4.5
vdd_drv__t916                              4.5
x2_n4__t112                       -1.02332e-05
x2_n5__t865                            4.49999
x2_n5__t803                            4.49999
x2_n4__t111                       -1.04578e-05
vdd_drv__t1237                             4.5
vdd_drv__t915                              4.5
x2_n4__t110                       -1.06784e-05
x2_n5__t864                            4.49999
x2_n5__t802                            4.49999
x2_n4__t109                       -1.08926e-05
vdd_drv__t1236                             4.5
vdd_drv__t956                          4.50001
x2_n5__t655                            4.49993
out__t1488                        -2.06812e-06
out__t1239                        -2.07343e-06
x2_n5__t661                            4.49993
vdd_drv__t1279                         4.50001
vdd_drv__t959                          4.50001
x2_n5__t660                            4.49993
out__t1491                        -2.07874e-06
out__t1238                        -2.08416e-06
x2_n5__t659                            4.49993
vdd_drv__t1278                         4.50001
vdd_drv__t958                          4.50001
x2_n5__t658                            4.49993
out__t1490                         -2.0895e-06
out__t1237                        -2.09494e-06
x2_n5__t657                            4.49993
vdd_drv__t1277                         4.50001
vdd_drv__t957                          4.50001
x2_n5__t656                            4.49993
out__t1489                        -2.10039e-06
out__t1244                        -2.10585e-06
x2_n5__t670                            4.49993
vdd_drv__t1284                         4.50001
vdd_drv__t955                          4.50001
x2_n5__t654                            4.49993
out__t1487                        -2.11142e-06
out__t1236                          -2.117e-06
x2_n5__t653                            4.49993
vdd_drv__t1276                         4.50001
vdd_drv__t954                          4.50001
x2_n5__t652                            4.49993
out__t1486                        -2.12259e-06
out__t1269                        -2.12819e-06
x2_n5__t718                            4.49993
vdd_drv__t1327                         4.50001
vdd_drv__t963                          4.50001
x2_n5__t669                            4.49993
out__t1495                         -2.1339e-06
out__t1243                        -2.13962e-06
x2_n5__t668                            4.49993
vdd_drv__t1283                         4.50001
vdd_drv__t962                          4.50001
x2_n5__t667                            4.49993
out__t1494                        -2.14535e-06
out__t1242                        -2.15108e-06
x2_n5__t666                            4.49993
vdd_drv__t1282                         4.50001
vdd_drv__t961                          4.50001
x2_n5__t665                            4.49993
out__t1493                        -2.15683e-06
out__t1241                        -2.16269e-06
x2_n5__t664                            4.49993
vdd_drv__t1281                         4.50001
vdd_drv__t960                          4.50001
x2_n5__t663                            4.49993
out__t1492                        -2.16857e-06
out__t1240                        -2.17445e-06
x2_n5__t662                            4.49993
vdd_drv__t1280                         4.50001
vdd_drv__t949                          4.50001
x2_n5__t642                            4.49993
out__t1481                        -2.18044e-06
out__t1230                        -2.18634e-06
x2_n5__t641                            4.49993
vdd_drv__t1270                         4.50001
vdd_drv__t971                          4.50001
x2_n5__t685                            4.49993
out__t1503                        -2.19236e-06
out__t1259                        -2.19838e-06
x2_n5__t700                            4.49993
vdd_drv__t1299                         4.50001
vdd_drv__t977                          4.50001
x2_n5__t698                            4.49993
out__t1509                        -2.20452e-06
out__t1258                        -2.21057e-06
x2_n5__t697                            4.49993
vdd_drv__t1298                         4.50001
vdd_drv__t978                          4.50001
x2_n5__t699                            4.49993
out__t1510                        -2.21673e-06
out__t1257                         -2.2229e-06
x2_n5__t696                            4.49993
vdd_drv__t1297                         4.50001
vdd_drv__t976                          4.50001
x2_n5__t695                            4.49993
out__t1508                        -2.22908e-06
out__t1256                        -2.23527e-06
x2_n5__t694                            4.49993
vdd_drv__t1296                         4.50001
vdd_drv__t975                          4.50001
x2_n5__t693                            4.49993
out__t1507                        -2.24147e-06
out__t1255                        -2.24779e-06
x2_n5__t692                            4.49993
vdd_drv__t1295                         4.50001
vdd_drv__t974                          4.50001
x2_n5__t691                            4.49993
out__t1506                        -2.25411e-06
out__t1254                        -2.26045e-06
x2_n5__t690                            4.49993
vdd_drv__t1294                         4.50001
vdd_drv__t973                          4.50001
x2_n5__t689                            4.49993
out__t1505                         -2.2668e-06
out__t1253                        -2.27316e-06
x2_n5__t688                            4.49993
vdd_drv__t1293                         4.50001
vdd_drv__t972                          4.50001
x2_n5__t687                            4.49993
out__t1504                        -2.27964e-06
out__t1252                        -2.28613e-06
x2_n5__t686                            4.49993
vdd_drv__t1292                         4.50001
vdd_drv__t979                          4.50001
x2_n5__t701                            4.49993
out__t1511                        -2.29252e-06
out__t1251                        -2.29913e-06
x2_n5__t684                            4.49993
vdd_drv__t1291                         4.50001
vdd_drv__t970                          4.50001
x2_n5__t683                            4.49993
out__t1502                        -2.30565e-06
out__t1250                        -2.31218e-06
x2_n5__t682                            4.49993
vdd_drv__t1290                         4.50001
vdd_drv__t969                          4.50001
x2_n5__t681                            4.49993
out__t1501                        -2.31883e-06
out__t1249                        -2.32538e-06
x2_n5__t680                            4.49993
vdd_drv__t1289                         4.50001
vdd_drv__t968                          4.50001
x2_n5__t679                            4.49993
out__t1500                        -2.33206e-06
out__t1248                        -2.33874e-06
x2_n5__t678                            4.49993
vdd_drv__t1288                         4.50001
vdd_drv__t967                          4.50001
x2_n5__t677                            4.49993
out__t1499                        -2.34554e-06
out__t1247                        -2.35224e-06
x2_n5__t676                            4.49993
vdd_drv__t1287                         4.50001
vdd_drv__t966                          4.50001
x2_n5__t675                            4.49993
out__t1498                        -2.35896e-06
out__t1246                        -2.36579e-06
x2_n5__t674                            4.49993
vdd_drv__t1286                         4.50001
vdd_drv__t965                          4.50001
x2_n5__t673                            4.49993
out__t1497                        -2.37264e-06
out__t1245                        -2.37949e-06
x2_n5__t672                            4.49993
vdd_drv__t1285                         4.50001
vdd_drv__t964                          4.50001
x2_n5__t671                            4.49993
out__t1496                        -2.38636e-06
out__t1263                        -2.39324e-06
x2_n5__t709                            4.49993
vdd_drv__t1312                         4.50001
vdd_drv__t932                          4.50001
x2_n5__t638                            4.49993
out__t1479                        -2.40024e-06
out__t1235                        -2.40714e-06
x2_n5__t651                            4.49993
vdd_drv__t1275                         4.50001
vdd_drv__t953                          4.50001
x2_n5__t650                            4.49993
out__t1485                        -2.41417e-06
out__t1234                         -2.4212e-06
x2_n5__t649                            4.49993
vdd_drv__t1274                         4.50001
vdd_drv__t952                          4.50001
x2_n5__t648                            4.49993
out__t1484                        -2.42825e-06
out__t1233                        -2.43531e-06
x2_n5__t647                            4.49993
vdd_drv__t1273                         4.50001
vdd_drv__t951                          4.50001
x2_n5__t646                            4.49992
out__t1483                        -2.44237e-06
out__t1232                        -2.44946e-06
x2_n5__t645                            4.49992
vdd_drv__t1272                         4.50001
vdd_drv__t24                           4.50001
x2_n5__t221                            4.49992
out__t1020                        -2.45582e-06
out__t1060                        -1.82551e-06
x2_n5__t298                            4.49994
vdd_drv__t1043                         4.50001
vdd_drv__t718                          4.50001
x2_n5__t297                            4.49994
out__t1307                        -1.82815e-06
out__t1087                        -1.83071e-06
x2_n5__t350                            4.49994
vdd_drv__t1070                         4.50001
vdd_drv__t723                          4.50001
x2_n5__t308                            4.49994
out__t1312                        -1.83336e-06
out__t1072                         -1.8361e-06
x2_n5__t321                            4.49994
vdd_drv__t1055                         4.50001
vdd_drv__t729                          4.50001
x2_n5__t320                            4.49994
out__t1318                        -1.83885e-06
out__t1071                        -1.84169e-06
x2_n5__t319                            4.49994
vdd_drv__t1054                         4.50001
vdd_drv__t728                          4.50001
x2_n5__t318                            4.49994
out__t1317                        -1.84463e-06
out__t1070                        -1.84748e-06
x2_n5__t317                            4.49994
vdd_drv__t1053                         4.50001
vdd_drv__t727                          4.50001
x2_n5__t316                            4.49994
out__t1316                        -1.85051e-06
out__t1069                        -1.85346e-06
x2_n5__t315                            4.49994
vdd_drv__t1052                         4.50001
vdd_drv__t726                          4.50001
x2_n5__t314                            4.49994
out__t1315                         -1.8566e-06
out__t1068                        -1.85974e-06
x2_n5__t313                            4.49994
vdd_drv__t1051                         4.50001
vdd_drv__t725                          4.50001
x2_n5__t312                            4.49994
out__t1314                        -1.86289e-06
out__t1067                        -1.86613e-06
x2_n5__t311                            4.49994
vdd_drv__t1050                         4.50001
vdd_drv__t724                          4.50001
x2_n5__t310                            4.49994
out__t1313                        -1.86938e-06
out__t1066                        -1.87263e-06
x2_n5__t309                            4.49994
vdd_drv__t1049                         4.50001
vdd_drv__t730                          4.50001
x2_n5__t322                            4.49994
out__t1319                        -1.87607e-06
out__t1065                        -1.87943e-06
x2_n5__t307                            4.49994
vdd_drv__t1048                         4.50001
vdd_drv__t722                          4.50001
x2_n5__t306                            4.49994
out__t1311                        -1.88288e-06
out__t1064                        -1.88643e-06
x2_n5__t305                            4.49994
vdd_drv__t1047                         4.50001
vdd_drv__t721                          4.50001
x2_n5__t304                            4.49994
out__t1310                        -1.88999e-06
out__t1063                        -1.89355e-06
x2_n5__t303                            4.49994
vdd_drv__t1046                         4.50001
vdd_drv__t720                          4.50001
x2_n5__t302                            4.49994
out__t1309                        -1.89721e-06
out__t1062                        -1.90097e-06
x2_n5__t301                            4.49994
vdd_drv__t1045                         4.50001
vdd_drv__t719                          4.50001
x2_n5__t300                            4.49994
out__t1308                        -1.90465e-06
out__t1061                        -1.90842e-06
x2_n5__t299                            4.49994
vdd_drv__t1044                         4.50001
vdd_drv__t744                          4.50001
x2_n5__t351                            4.49994
out__t1333                        -1.91229e-06
out__t1131                        -1.91617e-06
x2_n5__t438                            4.49994
vdd_drv__t1114                         4.50001
vdd_drv__t702                          4.50001
x2_n5__t265                            4.49994
out__t1291                        -1.92015e-06
out__t1043                        -1.92405e-06
x2_n5__t264                            4.49994
vdd_drv__t1026                         4.50001
vdd_drv__t701                          4.50001
x2_n5__t263                            4.49994
out__t1290                        -1.92813e-06
out__t1042                        -1.93213e-06
x2_n5__t262                            4.49994
vdd_drv__t1025                         4.50001
vdd_drv__t700                          4.50001
x2_n5__t261                            4.49994
out__t1289                        -1.93623e-06
out__t1041                        -1.94044e-06
x2_n5__t260                            4.49994
vdd_drv__t1024                         4.50001
vdd_drv__t821                          4.50001
x2_n5__t502                            4.49994
out__t1410                        -1.94465e-06
out__t1161                        -1.94887e-06
x2_n5__t501                            4.49993
vdd_drv__t1144                         4.50001
vdd_drv__t950                          4.50001
x2_n5__t644                            4.49993
out__t1482                        -1.95309e-06
out__t1231                        -1.95742e-06
x2_n5__t643                            4.49993
vdd_drv__t1271                         4.50001
vdd_drv__t1001                         4.50001
x2_n5__t713                            4.49993
out__t1517                        -1.96185e-06
out__t1267                        -1.96619e-06
x2_n5__t715                            4.49993
vdd_drv__t1325                         4.50001
vdd_drv__t1002                         4.50001
x2_n5__t716                            4.49993
out__t1518                        -1.97063e-06
out__t1268                        -1.97518e-06
x2_n5__t717                            4.49993
vdd_drv__t1326                         4.50001
vdd_drv__t1003                         4.50001
x2_n5__t719                            4.49993
out__t1519                        -1.97974e-06
out__t1266                         -1.9843e-06
x2_n5__t714                            4.49993
vdd_drv__t1324                         4.50001
vdd_drv__t988                          4.50001
x2_n5__t708                            4.49993
out__t1515                        -1.98888e-06
out__t1260                        -1.99355e-06
x2_n5__t702                            4.49993
vdd_drv__t1300                         4.50001
vdd_drv__t980                          4.50001
x2_n5__t703                            4.49993
out__t1512                        -1.99824e-06
out__t1261                        -2.00303e-06
x2_n5__t704                            4.49993
vdd_drv__t1301                         4.50001
vdd_drv__t981                          4.50001
x2_n5__t705                            4.49993
out__t1513                        -2.00783e-06
out__t1262                        -2.01263e-06
x2_n5__t706                            4.49993
vdd_drv__t1302                         4.50001
vdd_drv__t982                          4.50001
x2_n5__t707                            4.49993
out__t1514                        -2.01745e-06
out__t1229                        -2.02237e-06
x2_n5__t639                            4.49993
vdd_drv__t1255                         4.50001
vdd_drv__t946                          4.50001
x2_n5__t640                            4.49993
out__t1480                         -2.0273e-06
out__t1227                        -2.03223e-06
x2_n5__t634                            4.49993
vdd_drv__t1252                         4.50001
vdd_drv__t930                          4.50001
x2_n5__t635                            4.49993
out__t1477                        -2.03728e-06
out__t1228                        -2.04233e-06
x2_n5__t636                            4.49993
vdd_drv__t1253                         4.50001
vdd_drv__t931                          4.50001
x2_n5__t637                            4.49993
out__t1478                        -2.04739e-06
out__t1265                        -2.05256e-06
x2_n5__t712                            4.49993
vdd_drv__t1316                         4.50001
vdd_drv__t996                          4.50001
x2_n5__t711                            4.49993
out__t1516                        -2.05774e-06
out__t1264                        -2.06293e-06
x2_n5__t710                            4.49993
vdd_drv__t1315                         4.50001
vdd_drv__t717                          4.50001
x2_n5__t296                            4.49994
out__t1306                        -1.82305e-06
out__t1091                        -1.76582e-06
x2_n5__t358                            4.49995
vdd_drv__t1074                             4.5
vdd_drv__t747                              4.5
x2_n5__t357                            4.49995
out__t1336                        -1.76531e-06
out__t1090                        -1.76487e-06
x2_n5__t356                            4.49995
vdd_drv__t1073                             4.5
vdd_drv__t746                              4.5
x2_n5__t355                            4.49995
out__t1335                        -1.76442e-06
out__t1089                        -1.76405e-06
x2_n5__t354                            4.49995
vdd_drv__t1072                             4.5
vdd_drv__t745                              4.5
x2_n5__t353                            4.49995
out__t1334                        -1.76367e-06
out__t1116                        -1.76337e-06
x2_n5__t409                            4.49995
vdd_drv__t1099                             4.5
vdd_drv__t773                              4.5
x2_n5__t408                            4.49995
out__t1362                        -1.76314e-06
out__t1115                        -1.76291e-06
x2_n5__t407                            4.49995
vdd_drv__t1098                             4.5
vdd_drv__t772                              4.5
x2_n5__t406                            4.49995
out__t1361                        -1.76275e-06
out__t1114                        -1.76259e-06
x2_n5__t405                            4.49995
vdd_drv__t1097                             4.5
vdd_drv__t771                              4.5
x2_n5__t404                            4.49995
out__t1360                         -1.7625e-06
out__t1113                        -1.76241e-06
x2_n5__t403                            4.49995
vdd_drv__t1096                             4.5
vdd_drv__t770                              4.5
x2_n5__t402                            4.49995
out__t1359                         -1.7624e-06
out__t1112                        -1.76238e-06
x2_n5__t401                            4.49995
vdd_drv__t1095                             4.5
vdd_drv__t763                              4.5
x2_n5__t387                            4.49995
out__t1352                        -1.76244e-06
out__t1085                        -1.76258e-06
x2_n5__t347                            4.49995
vdd_drv__t1068                             4.5
vdd_drv__t742                              4.5
x2_n5__t346                            4.49995
out__t1331                        -1.76271e-06
out__t1084                        -1.76293e-06
x2_n5__t345                            4.49995
vdd_drv__t1067                             4.5
vdd_drv__t741                              4.5
x2_n5__t344                            4.49995
out__t1330                        -1.76322e-06
out__t1083                        -1.76351e-06
x2_n5__t343                            4.49995
vdd_drv__t1066                             4.5
vdd_drv__t740                              4.5
x2_n5__t342                            4.49995
out__t1329                         -1.7638e-06
out__t1082                        -1.76425e-06
x2_n5__t341                            4.49995
vdd_drv__t1065                             4.5
vdd_drv__t739                              4.5
x2_n5__t340                            4.49995
out__t1328                        -1.76461e-06
out__t1081                        -1.76514e-06
x2_n5__t339                            4.49995
vdd_drv__t1064                         4.50001
vdd_drv__t738                          4.50001
x2_n5__t338                            4.49995
out__t1327                        -1.76567e-06
out__t1080                         -1.7662e-06
x2_n5__t337                            4.49995
vdd_drv__t1063                         4.50001
vdd_drv__t737                          4.50001
x2_n5__t336                            4.49995
out__t1326                         -1.7668e-06
out__t1086                        -1.76749e-06
x2_n5__t348                            4.49995
vdd_drv__t1069                         4.50001
vdd_drv__t736                          4.50001
x2_n5__t334                            4.49995
out__t1325                        -1.76827e-06
out__t1078                        -1.76904e-06
x2_n5__t333                            4.49995
vdd_drv__t1061                         4.50001
vdd_drv__t735                          4.50001
x2_n5__t332                            4.49995
out__t1324                         -1.7698e-06
out__t1077                        -1.77066e-06
x2_n5__t331                            4.49995
vdd_drv__t1060                         4.50001
vdd_drv__t748                          4.50001
x2_n5__t359                            4.49995
out__t1337                        -1.77159e-06
out__t1088                        -1.77262e-06
x2_n5__t352                            4.49995
vdd_drv__t1071                         4.50001
vdd_drv__t694                          4.50001
x2_n5__t245                            4.49995
out__t1283                        -1.77364e-06
out__t1037                        -1.77465e-06
x2_n5__t256                            4.49995
vdd_drv__t1020                         4.50001
vdd_drv__t693                          4.50001
x2_n5__t243                            4.49995
out__t1282                        -1.77576e-06
out__t1030                        -1.77695e-06
x2_n5__t241                            4.49994
vdd_drv__t1013                         4.50001
vdd_drv__t691                          4.50001
x2_n5__t240                            4.49994
out__t1280                        -1.77814e-06
out__t1029                        -1.77941e-06
x2_n5__t239                            4.49994
vdd_drv__t1012                         4.50001
vdd_drv__t690                          4.50001
x2_n5__t238                            4.49994
out__t1279                        -1.78078e-06
out__t1028                        -1.78214e-06
x2_n5__t237                            4.49994
vdd_drv__t1011                         4.50001
vdd_drv__t689                          4.50001
x2_n5__t236                            4.49994
out__t1278                        -1.78359e-06
out__t1027                        -1.78504e-06
x2_n5__t235                            4.49994
vdd_drv__t1010                         4.50001
vdd_drv__t688                          4.50001
x2_n5__t234                            4.49994
out__t1277                        -1.78658e-06
out__t1026                         -1.7882e-06
x2_n5__t233                            4.49994
vdd_drv__t1009                         4.50001
vdd_drv__t687                          4.50001
x2_n5__t232                            4.49994
out__t1276                        -1.78983e-06
out__t1025                        -1.79146e-06
x2_n5__t231                            4.49994
vdd_drv__t1008                         4.50001
vdd_drv__t686                          4.50001
x2_n5__t230                            4.49994
out__t1275                        -1.79326e-06
out__t1024                        -1.79498e-06
x2_n5__t229                            4.49994
vdd_drv__t1007                         4.50001
vdd_drv__t685                          4.50001
x2_n5__t228                            4.49994
out__t1274                        -1.79687e-06
out__t1023                        -1.79877e-06
x2_n5__t227                            4.49994
vdd_drv__t1006                         4.50001
vdd_drv__t684                          4.50001
x2_n5__t226                            4.49994
out__t1273                        -1.80067e-06
out__t1022                        -1.80265e-06
x2_n5__t225                            4.49994
vdd_drv__t1005                         4.50001
vdd_drv__t683                          4.50001
x2_n5__t224                            4.49994
out__t1272                        -1.80473e-06
out__t1021                        -1.80681e-06
x2_n5__t223                            4.49994
vdd_drv__t1004                         4.50001
vdd_drv__t682                          4.50001
x2_n5__t222                            4.49994
out__t1271                        -1.80898e-06
out__t1031                        -1.81125e-06
x2_n5__t244                            4.49994
vdd_drv__t1014                         4.50001
vdd_drv__t692                          4.50001
x2_n5__t242                            4.49994
out__t1281                        -1.81352e-06
out__t1045                        -1.81578e-06
x2_n5__t268                            4.49994
vdd_drv__t1028                         4.50001
vdd_drv__t703                          4.50001
x2_n5__t267                            4.49994
out__t1292                        -1.81814e-06
out__t1044                         -1.8206e-06
x2_n5__t266                            4.49994
vdd_drv__t1027                         4.50001
vdd_drv__t695                              4.5
x2_n5__t246                            4.49997
out__t1284                        -1.84244e-06
out__t1052                        -1.84075e-06
x2_n5__t282                            4.49997
vdd_drv__t1035                             4.5
vdd_drv__t716                              4.5
x2_n5__t294                            4.49997
out__t1305                        -1.83913e-06
out__t1110                        -1.83741e-06
x2_n5__t399                            4.49997
vdd_drv__t1093                             4.5
vdd_drv__t769                              4.5
x2_n5__t398                            4.49997
out__t1358                        -1.83576e-06
out__t1109                        -1.83409e-06
x2_n5__t397                            4.49997
vdd_drv__t1092                             4.5
vdd_drv__t768                              4.5
x2_n5__t396                            4.49997
out__t1357                        -1.83249e-06
out__t1108                        -1.83079e-06
x2_n5__t395                            4.49996
vdd_drv__t1091                             4.5
vdd_drv__t767                              4.5
x2_n5__t394                            4.49996
out__t1356                        -1.82924e-06
out__t1107                        -1.82759e-06
x2_n5__t393                            4.49996
vdd_drv__t1090                             4.5
vdd_drv__t766                              4.5
x2_n5__t392                            4.49996
out__t1355                          -1.826e-06
out__t1106                         -1.8244e-06
x2_n5__t391                            4.49996
vdd_drv__t1089                             4.5
vdd_drv__t765                              4.5
x2_n5__t390                            4.49996
out__t1354                        -1.82278e-06
out__t1105                        -1.82122e-06
x2_n5__t389                            4.49996
vdd_drv__t1088                             4.5
vdd_drv__t764                              4.5
x2_n5__t388                            4.49996
out__t1353                        -1.81965e-06
out__t1111                        -1.81806e-06
x2_n5__t400                            4.49996
vdd_drv__t1094                             4.5
vdd_drv__t762                              4.5
x2_n5__t386                            4.49996
out__t1351                        -1.81653e-06
out__t1104                        -1.81499e-06
x2_n5__t385                            4.49996
vdd_drv__t1087                             4.5
vdd_drv__t761                              4.5
x2_n5__t384                            4.49996
out__t1350                        -1.81351e-06
out__t1103                        -1.81193e-06
x2_n5__t383                            4.49996
vdd_drv__t1086                             4.5
vdd_drv__t760                              4.5
x2_n5__t382                            4.49996
out__t1349                        -1.81042e-06
out__t1102                        -1.80897e-06
x2_n5__t381                            4.49996
vdd_drv__t1085                             4.5
vdd_drv__t759                              4.5
x2_n5__t380                            4.49996
out__t1348                         -1.8075e-06
out__t1101                        -1.80601e-06
x2_n5__t379                            4.49996
vdd_drv__t1084                             4.5
vdd_drv__t758                              4.5
x2_n5__t378                            4.49996
out__t1347                        -1.80459e-06
out__t1100                        -1.80316e-06
x2_n5__t377                            4.49996
vdd_drv__t1083                             4.5
vdd_drv__t757                              4.5
x2_n5__t376                            4.49996
out__t1346                         -1.8017e-06
out__t1099                        -1.80031e-06
x2_n5__t375                            4.49996
vdd_drv__t1082                             4.5
vdd_drv__t776                              4.5
x2_n5__t413                            4.49996
out__t1365                        -1.79891e-06
out__t1123                        -1.79757e-06
x2_n5__t425                            4.49996
vdd_drv__t1106                             4.5
vdd_drv__t782                              4.5
x2_n5__t424                            4.49996
out__t1371                        -1.79621e-06
out__t1122                        -1.79484e-06
x2_n5__t423                            4.49996
vdd_drv__t1105                             4.5
vdd_drv__t781                              4.5
x2_n5__t422                            4.49996
out__t1370                        -1.79354e-06
out__t1121                        -1.79222e-06
x2_n5__t421                            4.49996
vdd_drv__t1104                             4.5
vdd_drv__t780                              4.5
x2_n5__t420                            4.49996
out__t1369                        -1.79096e-06
out__t1120                        -1.78969e-06
x2_n5__t419                            4.49996
vdd_drv__t1103                             4.5
vdd_drv__t779                              4.5
x2_n5__t418                            4.49996
out__t1368                        -1.78841e-06
out__t1039                        -1.78719e-06
x2_n5__t258                            4.49996
vdd_drv__t1022                             4.5
vdd_drv__t734                              4.5
x2_n5__t330                            4.49996
out__t1323                        -1.78605e-06
out__t1076                        -1.78488e-06
x2_n5__t329                            4.49996
vdd_drv__t1059                             4.5
vdd_drv__t733                              4.5
x2_n5__t328                            4.49996
out__t1322                         -1.7837e-06
out__t1075                         -1.7826e-06
x2_n5__t327                            4.49996
vdd_drv__t1058                             4.5
vdd_drv__t732                              4.5
x2_n5__t326                            4.49996
out__t1321                        -1.78147e-06
out__t1074                        -1.78034e-06
x2_n5__t325                            4.49996
vdd_drv__t1057                             4.5
vdd_drv__t731                              4.5
x2_n5__t324                            4.49996
out__t1320                        -1.77927e-06
out__t1073                        -1.77827e-06
x2_n5__t323                            4.49996
vdd_drv__t1056                             4.5
vdd_drv__t750                              4.5
x2_n5__t361                            4.49996
out__t1339                        -1.77726e-06
out__t1097                        -1.77633e-06
x2_n5__t373                            4.49995
vdd_drv__t1080                             4.5
vdd_drv__t756                              4.5
x2_n5__t372                            4.49995
out__t1345                        -1.77537e-06
out__t1096                        -1.77441e-06
x2_n5__t371                            4.49995
vdd_drv__t1079                             4.5
vdd_drv__t755                              4.5
x2_n5__t370                            4.49995
out__t1344                        -1.77352e-06
out__t1095                         -1.7727e-06
x2_n5__t369                            4.49995
vdd_drv__t1078                             4.5
vdd_drv__t754                              4.5
x2_n5__t368                            4.49995
out__t1343                        -1.77186e-06
out__t1094                        -1.77102e-06
x2_n5__t367                            4.49995
vdd_drv__t1077                             4.5
vdd_drv__t753                              4.5
x2_n5__t366                            4.49995
out__t1342                        -1.77025e-06
out__t1093                        -1.76955e-06
x2_n5__t365                            4.49995
vdd_drv__t1076                             4.5
vdd_drv__t752                              4.5
x2_n5__t364                            4.49995
out__t1341                        -1.76884e-06
out__t1092                        -1.76812e-06
x2_n5__t363                            4.49995
vdd_drv__t1075                             4.5
vdd_drv__t751                              4.5
x2_n5__t362                            4.49995
out__t1340                        -1.76748e-06
out__t1098                        -1.76691e-06
x2_n5__t374                            4.49995
vdd_drv__t1081                             4.5
vdd_drv__t749                              4.5
x2_n5__t360                            4.49995
out__t1338                        -1.76633e-06
out__t1119                        -1.84419e-06
x2_n5__t416                            4.49997
vdd_drv__t1102                             4.5
vdd_drv__t804                              4.5
x2_n5__t470                            4.49999
out__t1393                        -2.05655e-06
out__t1146                        -2.04828e-06
x2_n5__t469                            4.49999
vdd_drv__t1129                             4.5
vdd_drv__t803                              4.5
x2_n5__t468                            4.49999
out__t1392                        -2.04041e-06
out__t1145                        -2.03285e-06
x2_n5__t467                            4.49999
vdd_drv__t1128                             4.5
vdd_drv__t802                              4.5
x2_n5__t466                            4.49999
out__t1391                         -2.0256e-06
out__t1144                        -2.01863e-06
x2_n5__t465                            4.49999
vdd_drv__t1127                             4.5
vdd_drv__t808                              4.5
x2_n5__t477                            4.49999
out__t1397                        -2.01195e-06
out__t1212                        -2.00553e-06
x2_n5__t605                            4.49999
vdd_drv__t1195                             4.5
vdd_drv__t873                              4.5
x2_n5__t604                            4.49999
out__t1462                        -1.99944e-06
out__t1211                        -1.99352e-06
x2_n5__t603                            4.49999
vdd_drv__t1194                             4.5
vdd_drv__t872                              4.5
x2_n5__t602                            4.49999
out__t1461                         -1.9879e-06
out__t1210                         -1.9825e-06
x2_n5__t601                            4.49999
vdd_drv__t1193                             4.5
vdd_drv__t871                              4.5
x2_n5__t600                            4.49999
out__t1460                        -1.97731e-06
out__t1209                        -1.97232e-06
x2_n5__t599                            4.49999
vdd_drv__t1192                             4.5
vdd_drv__t870                              4.5
x2_n5__t598                            4.49999
out__t1459                        -1.96752e-06
out__t1208                        -1.96297e-06
x2_n5__t597                            4.49999
vdd_drv__t1191                             4.5
vdd_drv__t869                              4.5
x2_n5__t596                            4.49999
out__t1458                        -1.95852e-06
out__t1207                         -1.9543e-06
x2_n5__t595                            4.49999
vdd_drv__t1190                             4.5
vdd_drv__t868                              4.5
x2_n5__t594                            4.49999
out__t1457                        -1.95023e-06
out__t1213                         -1.9463e-06
x2_n5__t606                            4.49998
vdd_drv__t1196                             4.5
vdd_drv__t867                              4.5
x2_n5__t592                            4.49998
out__t1456                        -1.94251e-06
out__t1205                        -1.93884e-06
x2_n5__t591                            4.49998
vdd_drv__t1188                             4.5
vdd_drv__t788                              4.5
x2_n5__t440                            4.49998
out__t1377                        -1.93536e-06
out__t1132                        -1.93199e-06
x2_n5__t439                            4.49998
vdd_drv__t1115                             4.5
vdd_drv__t794                              4.5
x2_n5__t451                            4.49998
out__t1383                        -1.92865e-06
out__t1130                        -1.92555e-06
x2_n5__t437                            4.49998
vdd_drv__t1113                             4.5
vdd_drv__t787                              4.5
x2_n5__t436                            4.49998
out__t1376                        -1.92246e-06
out__t1129                        -1.91946e-06
x2_n5__t435                            4.49998
vdd_drv__t1112                             4.5
vdd_drv__t786                              4.5
x2_n5__t434                            4.49998
out__t1375                        -1.91661e-06
out__t1128                        -1.91375e-06
x2_n5__t433                            4.49998
vdd_drv__t1111                             4.5
vdd_drv__t785                              4.5
x2_n5__t432                            4.49998
out__t1374                        -1.91103e-06
out__t1127                        -1.90838e-06
x2_n5__t431                            4.49998
vdd_drv__t1110                             4.5
vdd_drv__t784                              4.5
x2_n5__t430                            4.49998
out__t1373                        -1.90585e-06
out__t1126                         -1.9033e-06
x2_n5__t429                            4.49998
vdd_drv__t1109                             4.5
vdd_drv__t783                              4.5
x2_n5__t428                            4.49998
out__t1372                        -1.90087e-06
out__t1125                        -1.89848e-06
x2_n5__t427                            4.49998
vdd_drv__t1108                             4.5
vdd_drv__t801                              4.5
x2_n5__t464                            4.49998
out__t1390                        -1.89613e-06
out__t1149                        -1.89382e-06
x2_n5__t476                            4.49998
vdd_drv__t1132                             4.5
vdd_drv__t807                              4.5
x2_n5__t475                            4.49998
out__t1396                        -1.89154e-06
out__t1148                        -1.88936e-06
x2_n5__t474                            4.49998
vdd_drv__t1131                             4.5
vdd_drv__t806                              4.5
x2_n5__t473                            4.49998
out__t1395                         -1.8872e-06
out__t1147                        -1.88507e-06
x2_n5__t472                            4.49998
vdd_drv__t1130                             4.5
vdd_drv__t805                              4.5
x2_n5__t471                            4.49997
out__t1394                        -1.88295e-06
out__t1040                        -1.88093e-06
x2_n5__t259                            4.49997
vdd_drv__t1023                             4.5
vdd_drv__t820                              4.5
x2_n5__t500                            4.49997
out__t1409                        -1.87893e-06
out__t1032                        -1.87693e-06
x2_n5__t248                            4.49997
vdd_drv__t1015                             4.5
vdd_drv__t696                              4.5
x2_n5__t247                            4.49997
out__t1285                        -1.87495e-06
out__t1118                        -1.87297e-06
x2_n5__t415                            4.49997
vdd_drv__t1101                             4.5
vdd_drv__t777                              4.5
x2_n5__t414                            4.49997
out__t1366                        -1.87107e-06
out__t1124                        -1.86918e-06
x2_n5__t426                            4.49997
vdd_drv__t1107                             4.5
vdd_drv__t775                              4.5
x2_n5__t412                            4.49997
out__t1364                        -1.86729e-06
out__t1035                         -1.8654e-06
x2_n5__t253                            4.49997
vdd_drv__t1018                             4.5
vdd_drv__t698                              4.5
x2_n5__t252                            4.49997
out__t1287                        -1.86359e-06
out__t1034                         -1.8617e-06
x2_n5__t251                            4.49997
vdd_drv__t1017                             4.5
vdd_drv__t697                              4.5
x2_n5__t250                            4.49997
out__t1286                        -1.85988e-06
out__t1033                        -1.85814e-06
x2_n5__t249                            4.49997
vdd_drv__t1016                             4.5
vdd_drv__t778                              4.5
x2_n5__t417                            4.49997
out__t1367                        -1.85631e-06
out__t1117                        -1.85455e-06
x2_n5__t411                            4.49997
vdd_drv__t1100                             4.5
vdd_drv__t774                              4.5
x2_n5__t410                            4.49997
out__t1363                        -1.85278e-06
out__t1038                        -1.85101e-06
x2_n5__t257                            4.49997
vdd_drv__t1021                             4.5
vdd_drv__t704                              4.5
x2_n5__t269                            4.49997
out__t1293                         -1.8493e-06
out__t1036                        -1.84758e-06
x2_n5__t255                            4.49997
vdd_drv__t1019                             4.5
vdd_drv__t699                              4.5
x2_n5__t254                            4.49997
out__t1288                        -1.84585e-06
out__t1164                        -2.35503e-06
x2_n5__t509                            4.49997
vdd_drv__t1147                             4.5
vdd_drv__t825                              4.5
x2_n5__t508                            4.49997
out__t1414                         -2.3474e-06
out__t1163                        -2.33981e-06
x2_n5__t506                            4.49997
vdd_drv__t1146                             4.5
vdd_drv__t790                              4.5
x2_n5__t444                            4.49997
out__t1379                        -2.33228e-06
out__t1134                        -2.32488e-06
x2_n5__t443                            4.49997
vdd_drv__t1117                             4.5
vdd_drv__t789                              4.5
x2_n5__t442                            4.49997
out__t1378                        -2.31746e-06
out__t1133                        -2.31009e-06
x2_n5__t441                            4.49997
vdd_drv__t1116                             4.5
vdd_drv__t817                              4.5
x2_n5__t496                            4.49998
out__t1406                        -2.30287e-06
out__t1159                        -2.29564e-06
x2_n5__t495                            4.49998
vdd_drv__t1142                             4.5
vdd_drv__t816                              4.5
x2_n5__t494                            4.49998
out__t1405                        -2.28855e-06
out__t1158                        -2.28146e-06
x2_n5__t493                            4.49998
vdd_drv__t1141                             4.5
vdd_drv__t815                              4.5
x2_n5__t492                            4.49998
out__t1404                        -2.27452e-06
out__t1157                        -2.26765e-06
x2_n5__t491                            4.49998
vdd_drv__t1140                             4.5
vdd_drv__t822                              4.5
x2_n5__t503                            4.49998
out__t1411                        -2.26087e-06
out__t1155                        -2.25418e-06
x2_n5__t489                            4.49998
vdd_drv__t1138                             4.5
vdd_drv__t814                              4.5
x2_n5__t488                            4.49998
out__t1403                        -2.24757e-06
out__t1154                        -2.24105e-06
x2_n5__t487                            4.49998
vdd_drv__t1137                             4.5
vdd_drv__t813                              4.5
x2_n5__t486                            4.49998
out__t1402                        -2.23463e-06
out__t1153                         -2.2283e-06
x2_n5__t485                            4.49998
vdd_drv__t1136                             4.5
vdd_drv__t812                              4.5
x2_n5__t484                            4.49998
out__t1401                        -2.22209e-06
out__t1152                        -2.21606e-06
x2_n5__t483                            4.49998
vdd_drv__t1135                             4.5
vdd_drv__t811                              4.5
x2_n5__t482                            4.49998
out__t1400                        -2.21006e-06
out__t1151                        -2.20427e-06
x2_n5__t481                            4.49998
vdd_drv__t1134                             4.5
vdd_drv__t810                              4.5
x2_n5__t480                            4.49998
out__t1399                        -2.19851e-06
out__t1150                        -2.19297e-06
x2_n5__t479                            4.49998
vdd_drv__t1133                             4.5
vdd_drv__t809                              4.5
x2_n5__t478                            4.49998
out__t1398                        -2.18755e-06
out__t1168                         -2.1822e-06
x2_n5__t516                            4.49998
vdd_drv__t1151                             4.5
vdd_drv__t834                              4.5
x2_n5__t528                            4.49998
out__t1423                        -2.17707e-06
out__t1174                        -2.17209e-06
x2_n5__t527                            4.49998
vdd_drv__t1157                             4.5
vdd_drv__t833                              4.5
x2_n5__t526                            4.49998
out__t1422                        -2.16726e-06
out__t1173                        -2.16268e-06
x2_n5__t525                            4.49999
vdd_drv__t1156                             4.5
vdd_drv__t832                              4.5
x2_n5__t524                            4.49999
out__t1421                        -2.15819e-06
out__t1172                        -2.15387e-06
x2_n5__t523                            4.49999
vdd_drv__t1155                             4.5
vdd_drv__t831                              4.5
x2_n5__t522                            4.49999
out__t1420                        -2.14982e-06
out__t1171                        -2.14588e-06
x2_n5__t521                            4.49999
vdd_drv__t1154                             4.5
vdd_drv__t830                              4.5
x2_n5__t520                            4.49999
out__t1419                        -2.14221e-06
out__t1170                        -2.13867e-06
x2_n5__t519                            4.49999
vdd_drv__t1153                             4.5
vdd_drv__t829                              4.5
x2_n5__t518                            4.49999
out__t1418                        -2.13542e-06
out__t1169                         -2.1324e-06
x2_n5__t517                            4.49999
vdd_drv__t1152                             4.5
vdd_drv__t835                              4.5
x2_n5__t529                            4.49999
out__t1424                         -2.1296e-06
out__t1167                        -2.12704e-06
x2_n5__t515                            4.49999
vdd_drv__t1150                             4.5
vdd_drv__t828                              4.5
x2_n5__t514                            4.49999
out__t1417                        -2.12472e-06
out__t1166                        -2.12274e-06
x2_n5__t513                            4.49999
vdd_drv__t1149                             4.5
vdd_drv__t827                              4.5
x2_n5__t512                            4.49999
out__t1416                        -2.12095e-06
out__t1165                        -2.11942e-06
x2_n5__t511                            4.49999
vdd_drv__t1148                             4.5
vdd_drv__t826                              4.5
x2_n5__t510                            4.49999
out__t1415                        -2.11825e-06
out__t1160                        -2.11737e-06
x2_n5__t498                            4.49999
vdd_drv__t1143                             4.5
vdd_drv__t818                              4.5
x2_n5__t497                            4.49999
out__t1407                         -2.1167e-06
out__t1143                         -2.1164e-06
x2_n5__t463                            4.49999
vdd_drv__t1126                             4.5
vdd_drv__t800                              4.5
x2_n5__t462                            4.49999
out__t1389                        -2.11639e-06
out__t1142                        -2.11663e-06
x2_n5__t461                            4.49999
vdd_drv__t1125                             4.5
vdd_drv__t799                              4.5
x2_n5__t460                            4.49999
out__t1388                        -2.11715e-06
out__t1141                        -2.11762e-06
x2_n5__t459                                4.5
vdd_drv__t1124                             4.5
vdd_drv__t798                              4.5
x2_n5__t458                                4.5
out__t1387                        -2.11766e-06
out__t1140                        -2.11595e-06
x2_n5__t457                                4.5
vdd_drv__t1123                             4.5
vdd_drv__t797                              4.5
x2_n5__t456                                4.5
out__t1386                        -2.11041e-06
out__t1139                        -2.10191e-06
x2_n5__t455                                4.5
vdd_drv__t1122                             4.5
vdd_drv__t796                              4.5
x2_n5__t454                            4.49999
out__t1385                        -2.09258e-06
out__t1138                        -2.08319e-06
x2_n5__t453                            4.49999
vdd_drv__t1121                             4.5
vdd_drv__t795                              4.5
x2_n5__t452                            4.49999
out__t1384                        -2.07399e-06
out__t1180                        -2.06515e-06
x2_n5__t541                            4.49999
vdd_drv__t1163                             4.5
vdd_drv__t824                              4.5
x2_n5__t507                            4.49997
out__t1413                        -2.36272e-06
out__t1053                        -2.89883e-06
x2_n5__t284                            4.49995
vdd_drv__t1036                         4.50001
vdd_drv__t711                          4.50001
x2_n5__t283                            4.49996
out__t1300                        -2.88991e-06
out__t1059                        -2.88101e-06
x2_n5__t295                            4.49996
vdd_drv__t1042                         4.50001
vdd_drv__t710                          4.50001
x2_n5__t281                            4.49996
out__t1299                         -2.8721e-06
out__t1051                         -2.8632e-06
x2_n5__t280                            4.49996
vdd_drv__t1034                         4.50001
vdd_drv__t709                          4.50001
x2_n5__t279                            4.49996
out__t1298                         -2.8544e-06
out__t1048                        -2.84551e-06
x2_n5__t274                            4.49996
vdd_drv__t1031                             4.5
vdd_drv__t706                              4.5
x2_n5__t273                            4.49996
out__t1295                        -2.83662e-06
out__t1047                        -2.82784e-06
x2_n5__t272                            4.49996
vdd_drv__t1030                             4.5
vdd_drv__t705                              4.5
x2_n5__t271                            4.49996
out__t1294                        -2.81896e-06
out__t1046                        -2.81009e-06
x2_n5__t270                            4.49996
vdd_drv__t1029                             4.5
vdd_drv__t837                              4.5
x2_n5__t533                            4.49996
out__t1426                        -2.80131e-06
out__t1176                        -2.79245e-06
x2_n5__t532                            4.49996
vdd_drv__t1159                             4.5
vdd_drv__t836                              4.5
x2_n5__t531                            4.49996
out__t1425                        -2.78369e-06
out__t1175                        -2.77493e-06
x2_n5__t530                            4.49996
vdd_drv__t1158                             4.5
vdd_drv__t855                              4.5
x2_n5__t567                            4.49996
out__t1444                        -2.76608e-06
out__t1198                        -2.75734e-06
x2_n5__t579                            4.49996
vdd_drv__t1181                             4.5
vdd_drv__t861                              4.5
x2_n5__t578                            4.49996
out__t1450                        -2.74859e-06
out__t1197                        -2.73976e-06
x2_n5__t577                            4.49996
vdd_drv__t1180                             4.5
vdd_drv__t860                              4.5
x2_n5__t576                            4.49996
out__t1449                        -2.73103e-06
out__t1196                        -2.72231e-06
x2_n5__t575                            4.49996
vdd_drv__t1179                             4.5
vdd_drv__t859                              4.5
x2_n5__t574                            4.49996
out__t1448                        -2.71359e-06
out__t1195                        -2.70488e-06
x2_n5__t573                            4.49996
vdd_drv__t1178                             4.5
vdd_drv__t858                              4.5
x2_n5__t572                            4.49996
out__t1447                        -2.69617e-06
out__t1194                        -2.68748e-06
x2_n5__t571                            4.49996
vdd_drv__t1177                             4.5
vdd_drv__t857                              4.5
x2_n5__t570                            4.49996
out__t1446                        -2.67879e-06
out__t1193                         -2.6701e-06
x2_n5__t569                            4.49996
vdd_drv__t1176                             4.5
vdd_drv__t856                              4.5
x2_n5__t568                            4.49996
out__t1445                        -2.66143e-06
out__t1199                        -2.65276e-06
x2_n5__t580                            4.49996
vdd_drv__t1182                             4.5
vdd_drv__t854                              4.5
x2_n5__t566                            4.49996
out__t1443                         -2.6441e-06
out__t1192                        -2.63546e-06
x2_n5__t565                            4.49996
vdd_drv__t1175                             4.5
vdd_drv__t853                              4.5
x2_n5__t564                            4.49996
out__t1442                        -2.62691e-06
out__t1191                        -2.61828e-06
x2_n5__t563                            4.49996
vdd_drv__t1174                             4.5
vdd_drv__t852                              4.5
x2_n5__t562                            4.49996
out__t1441                        -2.60966e-06
out__t1190                        -2.60114e-06
x2_n5__t561                            4.49996
vdd_drv__t1173                             4.5
vdd_drv__t851                              4.5
x2_n5__t560                            4.49996
out__t1440                        -2.59255e-06
out__t1189                        -2.58405e-06
x2_n5__t559                            4.49996
vdd_drv__t1172                             4.5
vdd_drv__t850                              4.5
x2_n5__t558                            4.49996
out__t1439                        -2.57548e-06
out__t1188                        -2.56701e-06
x2_n5__t557                            4.49996
vdd_drv__t1171                             4.5
vdd_drv__t849                              4.5
x2_n5__t556                            4.49996
out__t1438                        -2.55847e-06
out__t1187                        -2.55003e-06
x2_n5__t555                            4.49996
vdd_drv__t1170                             4.5
vdd_drv__t743                              4.5
x2_n5__t349                            4.49997
out__t1332                         -2.5416e-06
out__t1079                        -2.53319e-06
x2_n5__t335                            4.49997
vdd_drv__t1062                             4.5
vdd_drv__t715                              4.5
x2_n5__t293                            4.49997
out__t1304                        -2.52471e-06
out__t1058                        -2.51634e-06
x2_n5__t292                            4.49997
vdd_drv__t1041                             4.5
vdd_drv__t903                              4.5
x2_n5__t633                            4.49997
out__t1476                        -2.50798e-06
out__t1057                        -2.49964e-06
x2_n5__t291                            4.49997
vdd_drv__t1040                             4.5
vdd_drv__t714                              4.5
x2_n5__t290                            4.49997
out__t1303                        -2.49133e-06
out__t1056                        -2.48303e-06
x2_n5__t289                            4.49997
vdd_drv__t1039                             4.5
vdd_drv__t713                              4.5
x2_n5__t288                            4.49997
out__t1302                        -2.47476e-06
out__t1055                         -2.4666e-06
x2_n5__t287                            4.49997
vdd_drv__t1038                             4.5
vdd_drv__t712                              4.5
x2_n5__t286                            4.49997
out__t1301                        -2.45837e-06
out__t1054                        -2.45017e-06
x2_n5__t285                            4.49997
vdd_drv__t1037                             4.5
vdd_drv__t819                              4.5
x2_n5__t499                            4.49997
out__t1408                        -2.44209e-06
out__t1162                        -2.43395e-06
x2_n5__t505                            4.49997
vdd_drv__t1145                             4.5
vdd_drv__t823                              4.5
x2_n5__t504                            4.49997
out__t1412                        -2.42583e-06
out__t1156                        -2.41784e-06
x2_n5__t490                            4.49997
vdd_drv__t1139                             4.5
vdd_drv__t793                              4.5
x2_n5__t450                            4.49997
out__t1382                        -2.40979e-06
out__t1137                        -2.40186e-06
x2_n5__t449                            4.49997
vdd_drv__t1120                             4.5
vdd_drv__t792                              4.5
x2_n5__t448                            4.49997
out__t1381                        -2.39397e-06
out__t1136                        -2.38612e-06
x2_n5__t447                            4.49997
vdd_drv__t1119                             4.5
vdd_drv__t791                              4.5
x2_n5__t446                            4.49997
out__t1380                        -2.37822e-06
out__t1135                        -2.37045e-06
x2_n5__t445                            4.49997
vdd_drv__t1118                             4.5
vdd_drv__t841                          4.50001
x2_n5__t540                            4.49994
out__t1430                        -3.45737e-06
out__t1179                        -3.44797e-06
x2_n5__t539                            4.49994
vdd_drv__t1162                         4.50001
vdd_drv__t840                          4.50001
x2_n5__t538                            4.49994
out__t1429                        -3.43847e-06
out__t1178                        -3.42908e-06
x2_n5__t537                            4.49994
vdd_drv__t1161                         4.50001
vdd_drv__t839                          4.50001
x2_n5__t536                            4.49994
out__t1428                        -3.41971e-06
out__t1177                        -3.41024e-06
x2_n5__t535                            4.49994
vdd_drv__t1160                         4.50001
vdd_drv__t838                          4.50001
x2_n5__t534                            4.49994
out__t1427                        -3.40088e-06
out__t1216                        -3.39153e-06
x2_n5__t612                            4.49994
vdd_drv__t1199                         4.50001
vdd_drv__t876                          4.50001
x2_n5__t611                            4.49994
out__t1465                        -3.38208e-06
out__t1215                        -3.37275e-06
x2_n5__t610                            4.49994
vdd_drv__t1198                         4.50001
vdd_drv__t875                          4.50001
x2_n5__t609                            4.49994
out__t1464                        -3.36342e-06
out__t1214                        -3.35411e-06
x2_n5__t608                            4.49995
vdd_drv__t1197                         4.50001
vdd_drv__t874                          4.50001
x2_n5__t607                            4.49995
out__t1463                         -3.3448e-06
out__t1206                         -3.3354e-06
x2_n5__t593                            4.49995
vdd_drv__t1189                         4.50001
vdd_drv__t847                          4.50001
x2_n5__t553                            4.49995
out__t1436                         -3.3261e-06
out__t1186                        -3.31682e-06
x2_n5__t552                            4.49995
vdd_drv__t1169                         4.50001
vdd_drv__t846                          4.50001
x2_n5__t551                            4.49995
out__t1435                        -3.30754e-06
out__t1185                        -3.29827e-06
x2_n5__t550                            4.49995
vdd_drv__t1168                         4.50001
vdd_drv__t845                          4.50001
x2_n5__t549                            4.49995
out__t1434                        -3.28901e-06
out__t1184                        -3.27975e-06
x2_n5__t548                            4.49995
vdd_drv__t1167                         4.50001
vdd_drv__t844                          4.50001
x2_n5__t547                            4.49995
out__t1433                        -3.27051e-06
out__t1183                        -3.26127e-06
x2_n5__t546                            4.49995
vdd_drv__t1166                         4.50001
vdd_drv__t843                          4.50001
x2_n5__t545                            4.49995
out__t1432                        -3.25204e-06
out__t1182                        -3.24281e-06
x2_n5__t544                            4.49995
vdd_drv__t1165                         4.50001
vdd_drv__t842                          4.50001
x2_n5__t543                            4.49995
out__t1431                        -3.23359e-06
out__t1181                        -3.22438e-06
x2_n5__t542                            4.49995
vdd_drv__t1164                         4.50001
vdd_drv__t848                          4.50001
x2_n5__t554                            4.49995
out__t1437                        -3.21517e-06
out__t1204                        -3.20598e-06
x2_n5__t589                            4.49995
vdd_drv__t1187                         4.50001
vdd_drv__t879                          4.50001
x2_n5__t617                            4.49995
out__t1468                        -3.19689e-06
out__t1218                         -3.1877e-06
x2_n5__t616                            4.49995
vdd_drv__t1201                         4.50001
vdd_drv__t878                          4.50001
x2_n5__t615                            4.49995
out__t1467                        -3.17852e-06
out__t1217                        -3.16935e-06
x2_n5__t614                            4.49995
vdd_drv__t1200                         4.50001
vdd_drv__t877                          4.50001
x2_n5__t613                            4.49995
out__t1466                        -3.16029e-06
out__t1203                        -3.15113e-06
x2_n5__t588                            4.49995
vdd_drv__t1186                         4.50001
vdd_drv__t865                          4.50001
x2_n5__t587                            4.49995
out__t1454                        -3.14197e-06
out__t1202                        -3.13293e-06
x2_n5__t586                            4.49995
vdd_drv__t1185                         4.50001
vdd_drv__t864                          4.50001
x2_n5__t585                            4.49995
out__t1453                        -3.12378e-06
out__t1201                        -3.11465e-06
x2_n5__t584                            4.49995
vdd_drv__t1184                         4.50001
vdd_drv__t863                          4.50001
x2_n5__t583                            4.49995
out__t1452                        -3.10562e-06
out__t1200                         -3.0965e-06
x2_n5__t582                            4.49995
vdd_drv__t1183                         4.50001
vdd_drv__t862                          4.50001
x2_n5__t581                            4.49995
out__t1451                        -3.08748e-06
out__t1220                        -3.07836e-06
x2_n5__t619                            4.49995
vdd_drv__t1203                         4.50001
vdd_drv__t885                          4.50001
x2_n5__t631                            4.49995
out__t1474                        -3.06935e-06
out__t1226                        -3.06025e-06
x2_n5__t630                            4.49995
vdd_drv__t1209                         4.50001
vdd_drv__t884                          4.50001
x2_n5__t629                            4.49995
out__t1473                        -3.05125e-06
out__t1225                        -3.04226e-06
x2_n5__t628                            4.49995
vdd_drv__t1208                         4.50001
vdd_drv__t883                          4.50001
x2_n5__t627                            4.49995
out__t1472                        -3.03318e-06
out__t1224                        -3.02419e-06
x2_n5__t626                            4.49995
vdd_drv__t1207                         4.50001
vdd_drv__t882                          4.50001
x2_n5__t625                            4.49995
out__t1471                        -3.01522e-06
out__t1223                        -3.00614e-06
x2_n5__t624                            4.49995
vdd_drv__t1206                         4.50001
vdd_drv__t881                          4.50001
x2_n5__t623                            4.49995
out__t1470                        -2.99718e-06
out__t1222                        -2.98821e-06
x2_n5__t622                            4.49995
vdd_drv__t1205                         4.50001
vdd_drv__t880                          4.50001
x2_n5__t621                            4.49995
out__t1469                        -2.97925e-06
out__t1221                         -2.9703e-06
x2_n5__t620                            4.49995
vdd_drv__t1204                         4.50001
vdd_drv__t886                          4.50001
x2_n5__t632                            4.49995
out__t1475                        -2.96125e-06
out__t1219                        -2.95231e-06
x2_n5__t618                            4.49995
vdd_drv__t1202                         4.50001
vdd_drv__t866                          4.50001
x2_n5__t590                            4.49995
out__t1455                        -2.94337e-06
out__t1050                        -2.93443e-06
x2_n5__t278                            4.49995
vdd_drv__t1033                         4.50001
vdd_drv__t708                          4.50001
x2_n5__t277                            4.49995
out__t1297                         -2.9255e-06
out__t1049                        -2.91657e-06
x2_n5__t276                            4.49995
vdd_drv__t1032                         4.50001
vdd_drv__t707                          4.50001
x2_n5__t275                            4.49995
out__t1296                        -2.90765e-06
out__t1270                        -3.46597e-06
x2_n5__t720                            4.49994
vdd_drv__t679                          4.50001
x3_uvlo_ok__t0                         4.49987
x3_lockout__t0                    -7.06109e-08
vdd_drv__t20                               4.5
x3_ncompp__t1                          3.54338
x3_ncompp__t2                          3.54294
vdd_drv__t674                          4.49999
x3_ncompn__t2                          4.49948
x3_ncompp__t3                          3.54293
vdd_drv__t675                              4.5
x3_lockout__t1                    -9.04325e-06
x3_ncompn__t0                          4.49949
vdd_drv__t22                               4.5
x1_inb__t1                             2.96999
in__t1                            -7.99552e-06
vdd_logic__t0                             2.97
vdd_logic                                 2.97
x1_ncb__t3                        -2.04918e-07
anon293__t0                       -2.88193e-07
anon294__t1                       -3.16679e-07
anon293__t1                       -2.88659e-07
anon294__t0                       -3.16727e-07
anon295__t0                       -2.93736e-07
in_drv__t4                        -2.06182e-07
anon295__t1                       -2.93396e-07
vdd_drv__t0                            4.49997
anon22__t0                             4.17166
anon22__t1                             4.17145
anon23__t0                             3.84314
anon23__t1                             3.84293
anon26__t0                             3.51462
anon26__t1                             3.51441
anon27__t0                              3.1861
anon27__t1                             3.18589
anon30__t0                             2.85758
anon30__t1                             2.85737
anon31__t0                             2.52906
x3_nref__t4                           0.557967
anon21__t0                            0.886271
anon21__t1                            0.886482
anon24__t0                             1.21479
anon24__t1                               1.215
anon25__t0                              1.5433
anon25__t1                             1.54351
anon28__t0                             1.87182
anon28__t1                             1.87203
anon29__t0                             2.20034
anon29__t1                             2.20055
anon31__t1                             2.52885
vdd_drv__t1                            4.49997
anon32__t0                             4.27329
anon32__t1                             4.27311
anon33__t0                             4.04643
anon33__t1                             4.04626
anon34__t0                             3.81958
anon34__t1                              3.8194
anon35__t0                             3.59272
anon35__t1                             3.59254
anon36__t0                             3.36586
anon36__t1                             3.36569
anon37__t0                             3.13901
anon37__t1                             3.13883
anon38__t0                             2.91215
anon38__t1                             2.91198
anon39__t1                              2.6853
x3_ndiv__t1                           0.870476
anon40__t0                             1.09715
anon40__t1                             1.09733
anon42__t0                               1.324
anon42__t1                             1.32418
anon44__t0                             1.55086
anon44__t1                             1.55103
anon45__t0                             1.77771
anon45__t1                             1.77788
anon46__t0                             2.00456
anon46__t1                             2.00474
anon47__t0                             2.23141
anon47__t1                             2.23159
anon48__t0                             2.45827
anon48__t1                             2.45844
anon39__t0                             2.68512
x3_uvlo_ok__t2                         4.49975
anon49__t0                             4.48456
x3_ndiv__t3                           0.869865
anon41__t0                            0.580044
anon49__t1                             4.48455
anon50__t0                             4.46936
anon41__t1                            0.579858
anon43__t0                            0.290036
anon50__t1                             4.46935
anon51__t0                             4.45416
anon43__t1                             0.28985
gnd_drv__t16                       2.71451e-05
anon51__t1                             4.45415
anon52__t0                             4.43896
anon52__t1                             4.43895
anon53__t0                             4.42376
anon53__t1                             4.42375
anon54__t0                             4.40856
anon54__t1                             4.40855
anon55__t0                             4.39337
anon55__t1                             4.39336
anon56__t0                             4.37817
anon57__t1                             4.25664
anon59__t0                             4.27182
anon59__t1                             4.27183
anon60__t0                             4.28701
anon60__t1                             4.28702
anon63__t0                              4.3022
anon63__t1                             4.30221
anon65__t0                             4.31739
anon65__t1                              4.3174
anon66__t0                             4.33258
anon66__t1                             4.33259
anon69__t0                             4.34777
anon69__t1                             4.34778
anon71__t0                             4.36297
anon71__t1                             4.36298
anon56__t1                             4.37816
anon57__t0                             4.25663
anon58__t0                             4.24145
anon58__t1                             4.24144
anon61__t0                             4.22626
anon61__t1                             4.22625
anon62__t0                             4.21108
anon62__t1                             4.21107
anon64__t0                             4.19589
anon64__t1                             4.19588
anon67__t0                             4.18071
anon67__t1                              4.1807
anon68__t0                             4.16553
anon68__t1                             4.16552
anon70__t0                             4.15034
anon70__t1                             4.15033
anon72__t1                             4.13516
anon73__t0                             4.01374
anon74__t0                              4.0289
anon74__t1                             4.02891
anon76__t0                             4.04408
anon76__t1                             4.04409
anon78__t0                             4.05925
anon78__t1                             4.05926
anon81__t0                             4.07443
anon81__t1                             4.07444
anon82__t0                             4.08961
anon82__t1                             4.08962
anon84__t0                             4.10479
anon84__t1                              4.1048
anon86__t0                             4.11997
anon86__t1                             4.11998
anon72__t0                             4.13515
anon73__t1                             4.01373
anon75__t0                             3.99856
anon75__t1                             3.99855
anon77__t0                             3.98339
anon77__t1                             3.98338
anon79__t0                             3.96822
anon79__t1                             3.96821
anon80__t0                             3.95304
anon80__t1                             3.95303
anon83__t0                             3.93787
anon83__t1                             3.93786
anon85__t0                              3.9227
anon85__t1                             3.92269
anon87__t0                             3.90753
anon87__t1                             3.90752
anon88__t1                             3.89236
anon89__t0                             3.77104
anon90__t0                             3.78619
anon89__t1                             3.77103
anon91__t0                             3.75588
anon90__t1                              3.7862
anon93__t0                             3.80136
anon91__t1                             3.75587
anon94__t0                             3.74072
anon93__t1                             3.80137
anon96__t0                             3.81652
anon94__t1                             3.74071
anon97__t0                             3.72556
anon96__t1                             3.81653
anon100__t0                            3.83169
anon97__t1                             3.72555
anon99__t0                              3.7104
anon99__t1                             3.71039
anon102__t0                            3.69524
anon100__t1                            3.83169
anon103__t0                            3.84685
anon103__t1                            3.84686
anon105__t0                            3.86202
anon102__t1                            3.69523
anon106__t0                            3.68008
anon105__t1                            3.86203
anon108__t0                            3.87719
anon106__t1                            3.68007
anon109__t0                            3.66492
anon108__t1                            3.87719
anon88__t0                             3.89235
anon109__t1                            3.66491
anon111__t0                            3.64976
anon112__t0                            3.52853
anon113__t0                            3.51338
anon112__t1                            3.52854
anon92__t0                             3.54368
anon113__t1                            3.51338
anon115__t0                            3.49824
anon92__t1                             3.54369
anon95__t0                             3.55883
anon115__t1                            3.49823
anon117__t0                            3.48309
anon95__t1                             3.55884
anon98__t0                             3.57398
anon98__t1                             3.57399
anon101__t0                            3.58913
anon117__t1                            3.48308
anon119__t0                            3.46794
anon119__t1                            3.46793
anon121__t0                            3.45279
anon101__t1                            3.58914
anon104__t0                            3.60429
anon104__t1                             3.6043
anon107__t0                            3.61944
anon121__t1                            3.45278
anon123__t0                            3.43764
anon107__t1                            3.61945
anon110__t0                             3.6346
anon123__t1                            3.43763
anon125__t0                             3.4225
anon125__t1                            3.42249
anon127__t0                            3.40735
anon110__t1                            3.63461
anon111__t1                            3.64975
anon128__t0                            3.28621
anon114__t0                            3.30134
anon128__t1                             3.2862
anon129__t0                            3.27107
anon114__t1                            3.30135
anon116__t0                            3.31648
anon129__t1                            3.27106
anon131__t0                            3.25593
anon131__t1                            3.25592
anon133__t0                             3.2408
anon116__t1                            3.31649
anon118__t0                            3.33162
anon118__t1                            3.33163
anon120__t0                            3.34677
anon133__t1                            3.24079
anon135__t0                            3.22566
anon135__t1                            3.22565
anon137__t0                            3.21052
anon120__t1                            3.34678
anon122__t0                            3.36191
anon137__t1                            3.21051
anon139__t0                            3.19539
anon122__t1                            3.36192
anon124__t0                            3.37705
anon139__t1                            3.19538
anon141__t0                            3.18025
anon124__t1                            3.37706
anon126__t0                             3.3922
anon141__t1                            3.18024
anon143__t0                            3.16511
anon126__t1                            3.39221
anon127__t1                            3.40734
anon144__t1                            3.04406
anon130__t0                            3.05918
anon144__t0                            3.04405
anon145__t0                            3.02893
anon145__t1                            3.02892
anon147__t0                             3.0138
anon130__t1                            3.05919
anon132__t0                            3.07431
anon132__t1                            3.07432
anon134__t0                            3.08944
anon147__t1                            3.01379
anon149__t0                            2.99867
anon149__t1                            2.99866
anon151__t0                            2.98354
anon134__t1                            3.08945
anon136__t0                            3.10457
anon136__t1                            3.10458
anon138__t0                             3.1197
anon151__t1                            2.98353
anon153__t0                            2.96842
anon153__t1                            2.96841
anon155__t0                            2.95329
anon138__t1                            3.11971
anon140__t0                            3.13484
anon155__t1                            2.95328
anon157__t0                            2.93816
anon140__t1                            3.13485
anon142__t0                            3.14997
anon157__t1                            2.93815
anon159__t1                            2.92304
anon142__t1                            3.14998
anon143__t1                             3.1651
anon160__t0                            2.80206
anon146__t0                            2.81717
anon160__t1                            2.80205
anon161__t0                            2.78694
anon161__t1                            2.78693
anon163__t0                            2.77182
anon146__t1                            2.81718
anon148__t0                            2.83229
anon163__t1                            2.77181
anon165__t0                             2.7567
anon148__t1                             2.8323
anon150__t0                            2.84741
anon150__t1                            2.84742
anon152__t0                            2.86253
anon165__t1                            2.75669
anon167__t0                            2.74158
anon152__t1                            2.86254
anon154__t0                            2.87766
anon167__t1                            2.74157
anon169__t0                            2.72646
anon169__t1                            2.72645
anon171__t0                            2.71135
anon154__t1                            2.87767
anon156__t0                            2.89278
anon156__t1                            2.89279
anon158__t0                             2.9079
anon171__t1                            2.71134
anon173__t0                            2.69623
anon173__t1                            2.69622
anon175__t0                            2.68111
anon158__t1                            2.90791
anon159__t0                            2.92303
anon176__t0                             2.5602
anon162__t0                            2.57531
anon176__t1                            2.56019
anon177__t0                            2.54509
anon162__t1                            2.57532
anon164__t0                            2.59042
anon177__t1                            2.54508
anon179__t0                            2.52998
anon179__t1                            2.52997
anon181__t0                            2.51487
anon164__t1                            2.59043
anon166__t0                            2.60553
anon166__t1                            2.60554
anon168__t0                            2.62064
anon181__t1                            2.51486
anon183__t0                            2.49976
anon168__t1                            2.62065
anon170__t0                            2.63576
anon183__t1                            2.49975
anon185__t0                            2.48465
anon185__t1                            2.48464
anon187__t0                            2.46954
anon170__t1                            2.63577
anon172__t0                            2.65087
anon172__t1                            2.65088
anon174__t0                            2.66599
anon187__t1                            2.46953
anon189__t0                            2.45443
anon189__t1                            2.45442
anon191__t0                            2.43933
anon174__t1                              2.666
anon175__t1                             2.6811
anon192__t1                            2.31847
anon193__t0                            2.30338
anon192__t0                            2.31848
anon178__t0                            2.33357
anon193__t1                            2.30337
anon195__t0                            2.28827
anon178__t1                            2.33358
anon180__t0                            2.34868
anon180__t1                            2.34869
anon182__t0                            2.36378
anon195__t1                            2.28826
anon197__t0                            2.27317
anon182__t1                            2.36379
anon184__t0                            2.37889
anon197__t1                            2.27316
anon199__t0                            2.25807
anon199__t1                            2.25806
anon201__t0                            2.24297
anon184__t1                             2.3789
anon186__t0                            2.39399
anon186__t1                              2.394
anon188__t0                             2.4091
anon201__t1                            2.24296
anon203__t0                            2.22786
anon188__t1                            2.40911
anon190__t0                            2.42421
anon203__t1                            2.22785
anon205__t0                            2.21276
anon205__t1                            2.21275
anon207__t0                            2.19766
anon190__t1                            2.42422
anon191__t1                            2.43932
anon208__t1                            2.07686
anon209__t0                            2.06178
anon208__t0                            2.07687
anon194__t0                            2.09196
anon209__t1                            2.06177
anon211__t0                            2.04668
anon194__t1                            2.09197
anon196__t0                            2.10706
anon196__t1                            2.10707
anon198__t0                            2.12216
anon211__t1                            2.04667
anon213__t0                            2.03159
anon213__t1                            2.03158
anon215__t0                            2.01649
anon198__t1                            2.12217
anon200__t0                            2.13726
anon200__t1                            2.13726
anon202__t0                            2.15235
anon215__t1                            2.01648
anon217__t0                            2.00139
anon217__t1                            2.00138
anon219__t0                             1.9863
anon202__t1                            2.15236
anon204__t0                            2.16745
anon219__t1                            1.98629
anon221__t0                            1.97121
anon204__t1                            2.16746
anon206__t0                            2.18255
anon206__t1                            2.18256
anon207__t1                            2.19765
anon221__t1                             1.9712
anon223__t1                            1.95611
anon224__t1                            1.83537
anon210__t0                            1.85046
anon224__t0                            1.83537
anon225__t0                            1.82028
anon225__t1                            1.82027
anon227__t0                            1.80519
anon210__t1                            1.85047
anon212__t0                            1.86555
anon212__t1                            1.86556
anon214__t0                            1.88064
anon227__t1                            1.80518
anon229__t0                             1.7901
anon229__t1                             1.7901
anon231__t0                            1.77502
anon214__t1                            1.88065
anon216__t0                            1.89573
anon216__t1                            1.89574
anon218__t0                            1.91082
anon231__t1                            1.77501
anon233__t0                            1.75993
anon233__t1                            1.75992
anon235__t0                            1.74484
anon218__t1                            1.91083
anon220__t0                            1.92592
anon235__t1                            1.74483
anon237__t0                            1.72975
anon220__t1                            1.92593
anon222__t0                            1.94101
anon222__t1                            1.94102
anon223__t0                             1.9561
anon237__t1                            1.72974
anon239__t1                            1.71466
anon240__t1                            1.59396
anon241__t0                            1.57889
anon240__t0                            1.59397
anon226__t0                            1.60905
anon241__t1                            1.57888
anon243__t0                             1.5638
anon226__t1                            1.60906
anon228__t0                            1.62413
anon228__t1                            1.62414
anon230__t0                            1.63922
anon243__t1                            1.56379
anon245__t0                            1.54872
anon245__t1                            1.54871
anon247__t0                            1.53363
anon230__t1                            1.63923
anon232__t0                             1.6543
anon247__t1                            1.53362
anon249__t0                            1.51855
anon232__t1                            1.65431
anon234__t0                            1.66939
anon234__t1                             1.6694
anon236__t0                            1.68448
anon249__t1                            1.51854
anon251__t0                            1.50346
anon251__t1                            1.50346
anon253__t0                            1.48838
anon236__t1                            1.68449
anon238__t0                            1.69956
anon253__t1                            1.48837
anon255__t0                             1.4733
anon238__t1                            1.69957
anon239__t0                            1.71465
anon256__t0                            1.35265
anon242__t0                            1.36772
anon256__t1                            1.35264
anon257__t0                            1.33757
anon242__t1                            1.36773
anon244__t0                             1.3828
anon257__t1                            1.33756
anon259__t0                            1.32249
anon259__t1                            1.32248
anon261__t0                            1.30741
anon244__t1                            1.38281
anon246__t0                            1.39788
anon261__t1                             1.3074
anon263__t0                            1.29233
anon246__t1                            1.39789
anon248__t0                            1.41296
anon263__t1                            1.29232
anon265__t0                            1.27725
anon248__t1                            1.41297
anon250__t0                            1.42804
anon250__t1                            1.42805
anon252__t0                            1.44312
anon265__t1                            1.27724
anon267__t0                            1.26217
anon267__t1                            1.26216
anon269__t0                            1.24709
anon252__t1                            1.44313
anon254__t0                            1.45821
anon254__t1                            1.45822
anon255__t1                            1.47329
anon269__t1                            1.24708
anon271__t1                            1.23201
anon272__t1                            1.11138
anon273__t0                            1.09632
anon272__t0                            1.11139
anon258__t0                            1.12646
anon273__t1                            1.09631
anon275__t0                            1.08124
anon258__t1                            1.12647
anon260__t0                            1.14154
anon260__t1                            1.14155
anon262__t0                            1.15661
anon275__t1                            1.08123
anon277__t0                            1.06616
anon277__t1                            1.06615
anon279__t0                            1.05109
anon262__t1                            1.15662
anon264__t0                            1.17169
anon279__t1                            1.05108
anon281__t0                            1.03601
anon264__t1                             1.1717
anon266__t0                            1.18677
anon266__t1                            1.18678
anon268__t0                            1.20185
anon281__t1                              1.036
anon283__t0                            1.02094
anon283__t1                            1.02093
anon285__t0                            1.00586
anon268__t1                            1.20186
anon270__t0                            1.21692
anon285__t1                            1.00585
anon287__t1                           0.990788
anon270__t1                            1.21693
anon271__t0                              1.232
x3_ndiv__t2                           0.870196
anon274__t0                            0.88526
anon274__t1                           0.885269
anon276__t0                           0.900333
anon276__t1                           0.900343
anon278__t0                           0.915407
anon278__t1                           0.915417
anon280__t0                           0.930481
anon280__t1                           0.930491
anon282__t0                           0.945555
anon282__t1                           0.945565
anon284__t0                           0.960629
anon284__t1                           0.960639
anon286__t0                           0.975704
anon286__t1                           0.975713
anon287__t0                           0.990778
gnd_logic__t0                                0
gnd_logic__t1                                0
gnd_logic__t2                                0
gnd_logic__t3                                0
gnd_logic__t4                                0
gnd_logic__t5                                0
gnd_logic__t6                                0
gnd_logic__t7                                0
gnd_logic__t8                                0
gnd_logic__t9                                0
gnd_logic__t10                               0
gnd_logic__t11                               0
gnd_logic__t12                               0
gnd_logic__t13                               0
gnd_logic__t14                               0
gnd_logic__t15                               0
gnd_logic__t16                               0
gnd_logic__t17                               0
gnd_logic__t18                               0
gnd_logic__t19                               0
gnd_logic__t20                               0
gnd_logic__t21                               0
gnd_logic__t22                               0
gnd_logic__t23                               0
gnd_logic__t24                               0
gnd_logic__t25                               0
gnd_logic__t26                               0
gnd_logic__t27                               0
gnd_logic__t28                               0
gnd_logic__t29                               0
gnd_logic__t30                               0
gnd_logic__t31                               0
gnd_logic__t32                               0
gnd_logic__t33                               0
gnd_logic__t34                               0
gnd_logic__t35                               0
gnd_logic__t36                               0
gnd_logic__t37                               0
gnd_logic__t38                               0
gnd_logic__t39                               0
gnd_logic__t40                               0
gnd_logic__t41                               0
gnd_logic__t42                               0
gnd_logic__t43                               0
gnd_logic__t44                               0
gnd_logic__t45                               0
gnd_logic__t46                               0
gnd_logic__t47                               0
gnd_logic__t48                               0
gnd_logic__t49                               0
gnd_logic__t50                               0
gnd_logic__t51                               0
gnd_logic__t52                               0
gnd_logic__t53                               0
gnd_logic__t54                               0
gnd_logic__t55                               0
gnd_logic__t56                               0
gnd_logic__t57                               0
gnd_logic__t58                               0
gnd_logic__t59                               0
gnd_logic__t60                               0
gnd_logic__t61                               0
gnd_logic__t62                               0
gnd_logic__t63                               0
gnd_logic__t64                               0
gnd_logic__t65                               0
gnd_logic__t66                               0
gnd_logic__t67                               0
gnd_logic__t68                               0
gnd_logic__t69                               0
gnd_logic__t70                               0
gnd_logic__t71                               0
gnd_logic__t72                               0
gnd_logic__t73                               0
gnd_logic__t74                               0
gnd_logic__t75                               0
gnd_logic__t76                               0
gnd_logic__t77                               0
gnd_logic__t78                               0
gnd_logic__t79                               0
gnd_logic__t80                               0
gnd_logic__t81                               0
gnd_logic__t82                               0
gnd_logic__t83                               0
gnd_logic__t84                               0
gnd_logic__t85                               0
gnd_logic__t86                               0
gnd_logic__t87                               0
gnd_logic__t88                               0
gnd_logic__t89                               0
gnd_logic__t90                               0
gnd_logic__t91                               0
gnd_logic__t92                               0
gnd_logic__t93                               0
gnd_logic__t94                               0
gnd_logic__t95                               0
gnd_logic__t96                               0
gnd_logic__t97                               0
gnd_logic__t98                               0
gnd_logic__t99                               0
gnd_logic__t100                              0
gnd_logic__t101                              0
gnd_logic__t102                              0
gnd_logic__t103                              0
gnd_logic__t104                              0
gnd_logic__t105                              0
gnd_logic__t106                              0
gnd_logic__t107                              0
gnd_logic__t108                              0
gnd_logic__t109                              0
gnd_logic__t110                              0
gnd_logic__t111                              0
gnd_logic__t112                              0
gnd_logic__t113                              0
gnd_logic__t114                              0
gnd_logic__t115                              0
gnd_logic__t116                              0
gnd_logic__t117                              0
gnd_logic__t118                              0
gnd_logic__t119                              0
gnd_logic__t120                              0
gnd_logic__t121                              0
gnd_logic__t122                              0
gnd_logic__t123                              0
gnd_logic__t124                              0
gnd_logic__t125                              0
gnd_logic__t126                              0
gnd_logic__t127                              0
gnd_logic__t128                              0
gnd_logic__t129                              0
gnd_logic__t130                              0
gnd_logic__t131                              0
gnd_logic__t132                              0
gnd_logic__t133                              0
gnd_logic__t134                              0
gnd_logic__t135                              0
gnd_logic__t136                              0
gnd_logic__t137                              0
gnd_logic__t138                              0
gnd_logic__t139                              0
gnd_logic__t140                              0
gnd_logic__t141                              0
gnd_logic__t142                              0
gnd_logic__t143                              0
gnd_logic__t144                              0
gnd_logic__t145                              0
gnd_logic__t146                              0
gnd_logic__t147                              0
gnd_logic__t148                              0
gnd_logic__t149                              0
gnd_logic__t150                              0
gnd_logic__t151                              0
gnd_logic__t152                              0
gnd_logic__t153                              0
gnd_logic__t154                              0
gnd_logic__t155                              0
gnd_logic__t156                              0
gnd_logic__t157                              0
gnd_logic__t158                              0
gnd_logic__t159                              0
gnd_logic__t160                              0
gnd_logic__t161                              0
gnd_logic__t162                              0
gnd_logic__t163                              0
gnd_logic__t164                              0
gnd_logic__t165                              0
gnd_logic__t166                              0
gnd_logic__t167                              0
gnd_logic__t168                              0
gnd_logic__t169                              0
gnd_logic__t170                              0
gnd_logic__t171                              0
gnd_logic__t172                              0
gnd_logic__t173                              0
gnd_logic__t174                              0
gnd_logic__t175                              0
gnd_logic__t176                              0
gnd_logic__t177                              0
gnd_logic__t178                              0
gnd_logic__t179                              0
gnd_logic__t180                              0
gnd_logic__t181                              0
gnd_logic__t182                              0
gnd_logic__t183                              0
gnd_logic__t184                              0
gnd_logic__t185                              0
gnd_logic__t186                              0
gnd_logic__t187                              0
gnd_logic__t188                              0
gnd_logic__t189                              0
gnd_logic__t190                              0
gnd_logic__t191                              0
gnd_logic__t192                              0
gnd_logic__t193                              0
gnd_logic__t194                              0
gnd_logic__t195                              0
gnd_logic__t196                              0
gnd_logic__t197                              0
gnd_logic__t198                              0
gnd_logic__t199                              0
gnd_logic__t200                              0
gnd_logic__t201                              0
gnd_logic__t202                              0
gnd_logic__t203                              0
gnd_logic__t204                              0
gnd_logic__t205                              0
gnd_logic__t206                              0
gnd_logic__t207                              0
gnd_logic__t208                              0
gnd_logic__t209                              0
gnd_logic__t210                              0
gnd_logic__t211                              0
gnd_logic__t212                              0
gnd_logic__t213                              0
gnd_logic__t214                              0
gnd_logic__t215                              0
gnd_logic__t216                              0
gnd_logic__t217                              0
gnd_logic__t218                              0
gnd_logic__t219                              0
gnd_logic__t220                              0
gnd_logic__t221                              0
gnd_logic__t222                              0
gnd_logic__t223                              0
gnd_logic__t224                              0
gnd_logic__t225                              0
gnd_logic__t226                              0
gnd_logic__t227                              0
gnd_logic__t228                              0
gnd_logic__t229                              0
gnd_logic__t230                              0
gnd_logic__t231                              0
gnd_logic__t232                              0
gnd_logic__t233                              0
gnd_logic__t234                              0
gnd_logic__t235                              0
gnd_logic__t236                              0
gnd_logic__t237                              0
gnd_logic__t238                              0
gnd_logic__t239                              0
gnd_logic__t240                              0
gnd_logic__t241                              0
gnd_logic__t242                              0
gnd_logic__t243                              0
gnd_logic__t244                              0
gnd_logic__t245                              0
gnd_logic__t246                              0
gnd_logic__t247                              0
gnd_logic__t248                              0
gnd_logic__t249                              0
gnd_logic__t250                              0
gnd_logic__t251                              0
gnd_logic__t252                              0
gnd_logic__t253                              0
gnd_logic__t254                              0
gnd_logic__t255                              0
gnd_logic__t256                              0
gnd_logic__t257                              0
gnd_logic__t258                              0
gnd_logic__t259                              0
gnd_logic__t260                              0
gnd_logic__t261                              0
gnd_logic__t262                              0
gnd_logic__t263                              0
gnd_logic__t264                              0
gnd_logic__t265                              0
gnd_logic__t266                              0
gnd_logic__t267                              0
gnd_logic__t268                              0
gnd_logic__t269                              0
gnd_logic__t270                              0
in                                           0
in_drv                             1.14887e-07
out                               -1.10554e-06
anon100                                3.83169
anon101                                3.58914
anon102                                3.69523
anon103                                3.84686
anon104                                3.60429
anon105                                3.86202
anon106                                3.68007
anon107                                3.61945
anon108                                3.87719
anon109                                3.66492
anon110                                 3.6346
anon111                                3.64976
anon112                                3.52853
anon113                                3.51338
anon114                                3.30135
anon115                                3.49823
anon116                                3.31649
anon117                                3.48308
anon118                                3.33163
anon119                                3.46793
anon120                                3.34677
anon121                                3.45279
anon122                                3.36191
anon123                                3.43764
anon124                                3.37706
anon125                                3.42249
anon126                                 3.3922
anon127                                3.40735
anon128                                3.28621
anon129                                3.27107
anon130                                3.05918
anon131                                3.25593
anon132                                3.07431
anon133                                3.24079
anon134                                3.08944
anon135                                3.22565
anon136                                3.10458
anon137                                3.21052
anon138                                3.11971
anon139                                3.19538
anon140                                3.13484
anon141                                3.18024
anon142                                3.14998
anon143                                3.16511
anon144                                3.04405
anon145                                3.02892
anon146                                2.81717
anon147                                3.01379
anon148                                 2.8323
anon149                                2.99867
anon150                                2.84742
anon151                                2.98354
anon152                                2.86254
anon153                                2.96841
anon154                                2.87766
anon155                                2.95329
anon156                                2.89279
anon157                                2.93816
anon158                                2.90791
anon159                                2.92303
anon160                                2.80205
anon161                                2.78693
anon162                                2.57531
anon163                                2.77181
anon164                                2.59042
anon165                                 2.7567
anon166                                2.60554
anon167                                2.74158
anon168                                2.62065
anon169                                2.72646
anon170                                2.63576
anon171                                2.71134
anon172                                2.65088
anon173                                2.69623
anon174                                2.66599
anon175                                2.68111
anon176                                 2.5602
anon177                                2.54509
anon178                                2.33358
anon179                                2.52998
anon180                                2.34868
anon181                                2.51487
anon182                                2.36379
anon183                                2.49976
anon184                                2.37889
anon185                                2.48465
anon186                                  2.394
anon187                                2.46954
anon188                                2.40911
anon189                                2.45443
anon190                                2.42421
anon191                                2.43932
anon192                                2.31847
anon193                                2.30337
anon194                                2.09197
anon195                                2.28827
anon196                                2.10706
anon197                                2.27316
anon198                                2.12216
anon199                                2.25806
anon200                                2.13726
anon201                                2.24296
anon202                                2.15236
anon203                                2.22786
anon204                                2.16746
anon205                                2.21276
anon206                                2.18256
anon207                                2.19766
anon208                                2.07687
anon209                                2.06177
anon21                                0.886377
anon210                                1.85046
anon211                                2.04668
anon212                                1.86555
anon213                                2.03158
anon214                                1.88064
anon215                                2.01648
anon216                                1.89574
anon217                                2.00139
anon218                                1.91083
anon219                                 1.9863
anon22                                 4.17155
anon220                                1.92592
anon221                                 1.9712
anon222                                1.94101
anon223                                1.95611
anon224                                1.83537
anon225                                1.82028
anon226                                1.60905
anon227                                1.80519
anon228                                1.62414
anon229                                 1.7901
anon23                                 3.84303
anon230                                1.63922
anon231                                1.77501
anon232                                1.65431
anon233                                1.75992
anon234                                1.66939
anon235                                1.74483
anon236                                1.68448
anon237                                1.72974
anon238                                1.69957
anon239                                1.71466
anon24                                 1.21489
anon240                                1.59397
anon241                                1.57888
anon242                                1.36772
anon243                                 1.5638
anon244                                 1.3828
anon245                                1.54871
anon246                                1.39788
anon247                                1.53363
anon248                                1.41297
anon249                                1.51854
anon25                                 1.54341
anon250                                1.42805
anon251                                1.50346
anon252                                1.44313
anon253                                1.48838
anon254                                1.45821
anon255                                1.47329
anon256                                1.35264
anon257                                1.33756
anon258                                1.12646
anon259                                1.32248
anon26                                 3.51451
anon260                                1.14154
anon261                                 1.3074
anon262                                1.15662
anon263                                1.29232
anon264                                 1.1717
anon265                                1.27724
anon266                                1.18677
anon267                                1.26216
anon268                                1.20185
anon269                                1.24709
anon27                                 3.18599
anon270                                1.21693
anon271                                1.23201
anon272                                1.11139
anon273                                1.09631
anon274                               0.885264
anon275                                1.08124
anon276                               0.900338
anon277                                1.06616
anon278                               0.915412
anon279                                1.05108
anon28                                 1.87192
anon280                               0.930486
anon281                                1.03601
anon282                                0.94556
anon283                                1.02093
anon284                               0.960634
anon285                                1.00586
anon286                               0.975709
anon287                               0.990783
anon29                                 2.20044
anon293                           -2.88475e-07
anon294                           -3.16822e-07
anon295                           -2.93615e-07
anon30                                 2.85748
anon31                                 2.52896
anon32                                  4.2732
anon33                                 4.04634
anon34                                 3.81949
anon35                                 3.59263
anon36                                 3.36577
anon37                                 3.13892
anon38                                 2.91206
anon39                                 2.68521
anon40                                 1.09724
anon41                                0.579951
anon42                                 1.32409
anon43                                0.289943
anon44                                 1.55094
anon45                                  1.7778
anon46                                 2.00465
anon47                                  2.2315
anon48                                 2.45836
anon49                                 4.48455
anon50                                 4.46935
anon51                                 4.45415
anon52                                 4.43895
anon53                                 4.42376
anon54                                 4.40856
anon55                                 4.39336
anon56                                 4.37817
anon57                                 4.25663
anon58                                 4.24145
anon59                                 4.27182
anon60                                 4.28701
anon61                                 4.22626
anon62                                 4.21107
anon63                                  4.3022
anon64                                 4.19589
anon65                                 4.31739
anon66                                 4.33259
anon67                                  4.1807
anon68                                 4.16552
anon69                                 4.34778
anon70                                 4.15034
anon71                                 4.36297
anon72                                 4.13516
anon73                                 4.01373
anon74                                 4.02891
anon75                                 3.99856
anon76                                 4.04408
anon77                                 3.98338
anon78                                 4.05926
anon79                                 3.96821
anon80                                 3.95304
anon81                                 4.07444
anon82                                 4.08962
anon83                                 3.93787
anon84                                  4.1048
anon85                                  3.9227
anon86                                 4.11998
anon87                                 3.90753
anon88                                 3.89236
anon89                                 3.77103
anon90                                  3.7862
anon91                                 3.75587
anon92                                 3.54368
anon93                                 3.80136
anon94                                 3.74071
anon95                                 3.55883
anon96                                 3.81653
anon97                                 3.72555
anon98                                 3.57399
anon99                                 3.71039
x1_inb                                    2.97
x1_na                                   2.1682
x1_nb                              2.40498e-09
x1_nbuf1                                   4.5
x1_nca                                 4.49995
x1_ncb                             2.38587e-07
x2_n1                                      4.5
x2_n2                              7.08055e-08
x2_n3                                      4.5
x2_n4                             -1.03927e-05
x2_n5                                      4.5
x3_lockout                         -1.0707e-06
x3_ncompn                              4.49949
x3_ncompp                              3.54294
x3_ndiv                                0.87018
x3_nref                                 0.5564
x3_ntail                              0.255632
x3_uvlo_ok                             4.49983
outcap                            -1.10554e-06
vimeas#branch                      -0.00108875
vin#branch                        -2.77202e-07
vgnd_logic#branch                  -0.00125917
vsup_drv#branch                      0.0012589
vsup_logic#branch                  2.67371e-07

 Reference value :  0.00000e+00
 Reference value :  1.00000e-12
 Reference value :  1.48847e-09
 Reference value :  4.08847e-09
 Reference value :  6.58847e-09
 Reference value :  9.08847e-09
 Reference value :  1.15885e-08
 Reference value :  1.40885e-08
 Reference value :  1.65885e-08
 Reference value :  1.91885e-08
 Reference value :  2.02717e-08
 Reference value :  2.10062e-08
 Reference value :  2.25437e-08
 Reference value :  2.49437e-08
 Reference value :  2.71437e-08
 Reference value :  2.88306e-08
 Reference value :  3.02384e-08
 Reference value :  3.16762e-08
 Reference value :  3.22314e-08
 Reference value :  3.25882e-08
 Reference value :  3.29786e-08
 Reference value :  3.42489e-08
 Reference value :  3.67489e-08
 Reference value :  3.92489e-08
 Reference value :  4.16489e-08
 Reference value :  4.40489e-08
 Reference value :  4.65489e-08
 Reference value :  4.90489e-08
 Reference value :  5.15489e-08
 Reference value :  5.40489e-08
 Reference value :  5.66489e-08
 Reference value :  5.92489e-08
 Reference value :  6.18489e-08
 Reference value :  6.44489e-08
 Reference value :  6.68489e-08
 Reference value :  6.89489e-08
 Reference value :  7.09489e-08
 Reference value :  7.30489e-08
 Reference value :  7.49489e-08
 Reference value :  7.70489e-08
 Reference value :  7.91489e-08
 Reference value :  8.12489e-08
 Reference value :  8.32489e-08
 Reference value :  8.52489e-08
 Reference value :  8.72489e-08
 Reference value :  8.92489e-08
 Reference value :  9.12489e-08
 Reference value :  9.32489e-08
 Reference value :  9.52489e-08
 Reference value :  9.72489e-08
 Reference value :  9.92489e-08
 Reference value :  1.01249e-07
 Reference value :  1.03349e-07
 Reference value :  1.05349e-07
 Reference value :  1.07349e-07
 Reference value :  1.09449e-07
 Reference value :  1.11449e-07
 Reference value :  1.13449e-07
 Reference value :  1.15449e-07
 Reference value :  1.17449e-07
 Reference value :  1.19449e-07
 Reference value :  1.21549e-07
 Reference value :  1.23649e-07
 Reference value :  1.25649e-07
 Reference value :  1.27749e-07
 Reference value :  1.29849e-07
 Reference value :  1.31949e-07
 Reference value :  1.33949e-07
 Reference value :  1.35949e-07
 Reference value :  1.37949e-07
 Reference value :  1.39949e-07
 Reference value :  1.41849e-07
 Reference value :  1.43849e-07
 Reference value :  1.45849e-07
 Reference value :  1.47949e-07
 Reference value :  1.49849e-07
 Reference value :  1.51549e-07
 Reference value :  1.53449e-07
 Reference value :  1.55049e-07
 Reference value :  1.57049e-07
 Reference value :  1.59049e-07
 Reference value :  1.61049e-07
 Reference value :  1.63049e-07
 Reference value :  1.65049e-07
 Reference value :  1.67049e-07
 Reference value :  1.69049e-07
 Reference value :  1.71049e-07
 Reference value :  1.73049e-07
 Reference value :  1.75049e-07
 Reference value :  1.77049e-07
 Reference value :  1.79049e-07
 Reference value :  1.81049e-07
 Reference value :  1.83049e-07
 Reference value :  1.85049e-07
 Reference value :  1.86949e-07
 Reference value :  1.88849e-07
 Reference value :  1.90749e-07
 Reference value :  1.92649e-07
 Reference value :  1.94649e-07
 Reference value :  1.96649e-07
 Reference value :  1.98649e-07
 Reference value :  2.00649e-07
 Reference value :  2.02649e-07
 Reference value :  2.04649e-07
 Reference value :  2.06649e-07
 Reference value :  2.08549e-07
 Reference value :  2.10449e-07
 Reference value :  2.12449e-07
 Reference value :  2.14449e-07
 Reference value :  2.16449e-07
 Reference value :  2.18449e-07
 Reference value :  2.20449e-07
 Reference value :  2.22449e-07
 Reference value :  2.24449e-07
 Reference value :  2.26449e-07
 Reference value :  2.28449e-07
 Reference value :  2.30549e-07
 Reference value :  2.32649e-07
 Reference value :  2.34649e-07
 Reference value :  2.36649e-07
 Reference value :  2.39149e-07
 Reference value :  2.41749e-07
 Reference value :  2.44149e-07
 Reference value :  2.46549e-07
 Reference value :  2.49049e-07
 Reference value :  2.51449e-07
 Reference value :  2.53949e-07
 Reference value :  2.56449e-07
 Reference value :  2.58849e-07
 Reference value :  2.61249e-07
 Reference value :  2.63749e-07
 Reference value :  2.66249e-07
 Reference value :  2.68749e-07
 Reference value :  2.71249e-07
 Reference value :  2.73749e-07
 Reference value :  2.76249e-07
 Reference value :  2.78749e-07
 Reference value :  2.81249e-07
 Reference value :  2.83749e-07
 Reference value :  2.86149e-07
 Reference value :  2.88549e-07
 Reference value :  2.91049e-07
 Reference value :  2.93549e-07
 Reference value :  2.96049e-07
 Reference value :  2.98349e-07
 Reference value :  3.00749e-07
 Reference value :  3.03249e-07
 Reference value :  3.05749e-07
 Reference value :  3.08249e-07
 Reference value :  3.10649e-07
 Reference value :  3.13049e-07
 Reference value :  3.15449e-07
 Reference value :  3.17849e-07
 Reference value :  3.20349e-07
 Reference value :  3.21493e-07
 Reference value :  3.22036e-07
 Reference value :  3.22619e-07
 Reference value :  3.23997e-07
 Reference value :  3.25531e-07
 Reference value :  3.26561e-07
 Reference value :  3.27979e-07
 Reference value :  3.29288e-07
 Reference value :  3.29649e-07
 Reference value :  3.30145e-07
 Reference value :  3.30696e-07
 Reference value :  3.33121e-07
 Reference value :  3.35621e-07
 Reference value :  3.38121e-07
 Reference value :  3.40621e-07
 Reference value :  3.43121e-07
 Reference value :  3.45621e-07
 Reference value :  3.48121e-07
 Reference value :  3.50621e-07
 Reference value :  3.53121e-07
 Reference value :  3.55621e-07
 Reference value :  3.58121e-07
 Reference value :  3.60621e-07
 Reference value :  3.63121e-07
 Reference value :  3.65621e-07
 Reference value :  3.68021e-07
 Reference value :  3.70521e-07
 Reference value :  3.73021e-07
 Reference value :  3.75521e-07
 Reference value :  3.78021e-07
 Reference value :  3.80521e-07
 Reference value :  3.83021e-07
 Reference value :  3.85521e-07
 Reference value :  3.88021e-07
 Reference value :  3.90621e-07
 Reference value :  3.93121e-07
 Reference value :  3.95621e-07
 Reference value :  3.98221e-07
 Reference value :  4.00721e-07
 Reference value :  4.03221e-07
 Reference value :  4.05821e-07
 Reference value :  4.08321e-07
 Reference value :  4.10921e-07
 Reference value :  4.13421e-07
 Reference value :  4.15921e-07
 Reference value :  4.18421e-07
 Reference value :  4.20821e-07
 Reference value :  4.23321e-07
 Reference value :  4.25821e-07
 Reference value :  4.28221e-07
 Reference value :  4.30721e-07
 Reference value :  4.33121e-07
 Reference value :  4.35621e-07
 Reference value :  4.38021e-07
 Reference value :  4.40621e-07
 Reference value :  4.43121e-07
 Reference value :  4.45621e-07
 Reference value :  4.48121e-07
 Reference value :  4.50621e-07
 Reference value :  4.53121e-07
 Reference value :  4.55621e-07
 Reference value :  4.58221e-07
 Reference value :  4.60721e-07
 Reference value :  4.63221e-07
 Reference value :  4.65821e-07
 Reference value :  4.68321e-07
 Reference value :  4.70821e-07
 Reference value :  4.73321e-07
 Reference value :  4.75821e-07
 Reference value :  4.78321e-07
 Reference value :  4.80821e-07
 Reference value :  4.83321e-07
 Reference value :  4.85821e-07
 Reference value :  4.88421e-07
 Reference value :  4.90921e-07
 Reference value :  4.93421e-07
 Reference value :  4.95921e-07
 Reference value :  4.98321e-07
 Reference value :  5.00721e-07
 Reference value :  5.03221e-07
 Reference value :  5.05721e-07
 Reference value :  5.08221e-07
 Reference value :  5.10721e-07
 Reference value :  5.13121e-07
 Reference value :  5.15621e-07
 Reference value :  5.18121e-07
 Reference value :  5.20621e-07
 Reference value :  5.23121e-07
 Reference value :  5.25621e-07
 Reference value :  5.28121e-07
 Reference value :  5.30621e-07
 Reference value :  5.33121e-07
 Reference value :  5.35621e-07
 Reference value :  5.38121e-07
 Reference value :  5.40621e-07
 Reference value :  5.43121e-07
 Reference value :  5.45621e-07
 Reference value :  5.48121e-07
 Reference value :  5.50621e-07
 Reference value :  5.53121e-07
 Reference value :  5.55621e-07
 Reference value :  5.58121e-07
 Reference value :  5.60521e-07
 Reference value :  5.62921e-07
 Reference value :  5.65421e-07
 Reference value :  5.67921e-07
 Reference value :  5.70521e-07
 Reference value :  5.73021e-07
 Reference value :  5.75521e-07
 Reference value :  5.78121e-07
 Reference value :  5.80621e-07
 Reference value :  5.83121e-07
 Reference value :  5.85621e-07
 Reference value :  5.88021e-07
 Reference value :  5.90521e-07
 Reference value :  5.93021e-07
 Reference value :  5.95421e-07
 Reference value :  5.97821e-07
 Reference value :  6.00221e-07
 Reference value :  6.02521e-07
 Reference value :  6.04921e-07
 Reference value :  6.07321e-07
 Reference value :  6.09721e-07
 Reference value :  6.12121e-07
 Reference value :  6.14521e-07
 Reference value :  6.17021e-07
 Reference value :  6.19521e-07
 Reference value :  6.22021e-07
 Reference value :  6.24421e-07
 Reference value :  6.26821e-07
 Reference value :  6.29321e-07
 Reference value :  6.31821e-07
 Reference value :  6.34321e-07
 Reference value :  6.36721e-07
 Reference value :  6.39121e-07
 Reference value :  6.41621e-07
 Reference value :  6.44121e-07
 Reference value :  6.46521e-07
 Reference value :  6.48921e-07
 Reference value :  6.51421e-07
 Reference value :  6.53921e-07
 Reference value :  6.56521e-07
 Reference value :  6.59521e-07
 Reference value :  6.62521e-07
 Reference value :  6.65521e-07
 Reference value :  6.68121e-07
 Reference value :  6.70721e-07
 Reference value :  6.73321e-07
 Reference value :  6.75921e-07
 Reference value :  6.78521e-07
 Reference value :  6.81221e-07
 Reference value :  6.83821e-07
 Reference value :  6.86421e-07
 Reference value :  6.89121e-07
 Reference value :  6.91821e-07
 Reference value :  6.94421e-07
 Reference value :  6.97121e-07
 Reference value :  6.99821e-07
No. of Data Rows : 7118
trise10_90          =  7.77204e-09 targ=  4.12614e-08 trig=  3.34894e-08
tfall10_90          =  5.65311e-09 targ=  3.36276e-07 trig=  3.30623e-07
tpdlh               =  1.59425e-08 targ=  3.64425e-08 trig=  2.05000e-08
tpdhl               =  1.14883e-08 targ=  3.32988e-07 trig=  3.21500e-07
lockout_at_in_high  =  2.57421e-08
vout_at_in_high     =  4.50000e+00
vdrv_at_in_high     =  4.50000e+00
m_trise_s = 7.7720450000e-09
m_tfall_s = 5.6531150000e-09
m_tpdlh_s = 1.5942500000e-08
m_tpdhl_s = 1.1488350000e-08
m_ipeak_source_a = 6.3466961751e-01
m_ipeak_sink_a = 7.8279747969e-01
m_vout_max_v = 4.5031216470e+00
m_vout_min_v = -2.704564819e-03
m_vin_max_v = 2.9700000000e+00
m_vin_min_v = 0.0000000000e+00
m_indrv_max_v = 4.5003758054e+00
m_indrv_min_v = -5.238245388e-05
m_n1_max_v = 4.5033906014e+00
m_n1_min_v = -3.059198358e-03
m_n2_max_v = 4.5067755417e+00
m_n2_min_v = -4.842554979e-03
m_n3_max_v = 4.5061459798e+00
m_n3_min_v = -5.269359028e-03
m_n4_max_v = 4.5120976946e+00
m_n4_min_v = -8.611795144e-03
m_n5_max_v = 4.5253974086e+00
m_n5_min_v = -1.364634975e-02
m_uvlo_lockout_at_in_high = 2.5742080000e-08
m_uvlo_vout_at_in_high_v = 4.4999980000e+00
m_uvlo_vdrv_at_in_high_v = 4.5000000000e+00
Note: Simulation executed from .control section 

Note: vimeas: has no value, DC 0 assumed
Warning: singular matrix:  check node anon293

Note: Starting dynamic gmin stepping
Warning: singular matrix:  check node anon293

Warning: Dynamic gmin stepping failed
Note: Starting true gmin stepping
Warning: singular matrix:  check node anon293

Warning: singular matrix:  check node anon293

Warning: singular matrix:  check node anon293

Warning: singular matrix:  check node anon293

Warning: True gmin stepping failed
Note: Starting source stepping
Warning: source stepping failed
Note: Transient op started
Note: Transient op finished successfully
