
Note: No compatibility mode selected!


Circuit: * gate-driver-core-drive-with-uvlo-postlayout @ sf_27c_vlogic2p97v-vdrv4p50v -- generated by sim/harness, do not edit

Doing analysis at TEMP = 27.000000 and TNOM = 27.000000

Using SPARSE 1.3 as Direct Linear Solver

Initial Transient Solution
--------------------------

Node                                   Voltage
----                                   -------
x1_inb__t0                                2.97
in__t0                            -5.29399e-08
gnd_logic__t1376                  -6.25117e-11
gnd_logic                                    0
x2_n2__t2                         -1.34511e-06
x2_n1__t3                                  4.5
gnd_drv__t4                       -1.51422e-06
gnd_drv                           -1.41737e-06
out__t356                           1.3598e-06
x2_n5__t164                                4.5
gnd_drv__t937                      6.06751e-06
out__t55                          -1.43999e-06
x3_lockout__t110                  -1.34019e-06
gnd_drv__t611                     -1.41617e-06
gnd_drv__t63                      -1.41617e-06
x3_lockout__t96                   -1.34014e-06
out__t557                         -1.43996e-06
out__t511                          -1.4505e-06
x3_lockout__t802                  -1.36804e-06
gnd_drv__t12                      -1.41469e-06
gnd_drv__t447                     -1.41461e-06
x3_lockout__t588                  -1.36786e-06
out__t914                         -1.45042e-06
out__t402                         -1.45034e-06
x3_lockout__t589                  -1.36769e-06
gnd_drv__t983                     -1.41462e-06
gnd_drv__t441                     -1.41463e-06
x3_lockout__t577                  -1.36752e-06
out__t908                         -1.45027e-06
out__t397                         -1.45019e-06
x3_lockout__t578                  -1.36735e-06
gnd_drv__t978                     -1.41464e-06
gnd_drv__t442                     -1.41465e-06
x3_lockout__t579                  -1.36718e-06
out__t909                         -1.45011e-06
out__t398                         -1.45004e-06
x3_lockout__t580                  -1.36701e-06
gnd_drv__t979                     -1.41466e-06
gnd_drv__t443                     -1.41467e-06
x3_lockout__t581                  -1.36685e-06
out__t910                         -1.44996e-06
gnd_drv__t401                      6.02321e-06
x2_n5__t165                                4.5
out__t868                          1.33713e-06
out__t399                         -1.44988e-06
x3_lockout__t582                  -1.36668e-06
gnd_drv__t980                     -1.41468e-06
gnd_drv__t444                     -1.41469e-06
x3_lockout__t583                  -1.36651e-06
out__t911                         -1.44981e-06
out__t400                         -1.44973e-06
x3_lockout__t584                  -1.36634e-06
gnd_drv__t981                      -1.4147e-06
gnd_drv__t440                     -1.41471e-06
x3_lockout__t576                  -1.36617e-06
out__t907                         -1.44966e-06
out__t386                         -1.44958e-06
x3_lockout__t552                    -1.366e-06
gnd_drv__t967                     -1.41472e-06
gnd_drv__t427                     -1.41473e-06
x3_lockout__t553                  -1.36583e-06
out__t894                         -1.44951e-06
out__t387                         -1.44943e-06
x3_lockout__t554                  -1.36566e-06
gnd_drv__t968                     -1.41474e-06
gnd_drv__t428                     -1.41475e-06
x3_lockout__t555                  -1.36548e-06
out__t895                         -1.44936e-06
out__t388                         -1.44928e-06
x3_lockout__t556                  -1.36531e-06
gnd_drv__t969                     -1.41476e-06
gnd_drv__t429                     -1.41477e-06
x3_lockout__t557                  -1.36514e-06
out__t896                         -1.44921e-06
out__t357                          1.31503e-06
x2_n5__t166                                4.5
gnd_drv__t938                       5.9793e-06
out__t389                         -1.44913e-06
x3_lockout__t558                  -1.36497e-06
gnd_drv__t970                     -1.41478e-06
gnd_drv__t435                     -1.41479e-06
x3_lockout__t568                   -1.3648e-06
out__t902                         -1.44906e-06
out__t390                         -1.44899e-06
x3_lockout__t560                  -1.36463e-06
gnd_drv__t971                      -1.4148e-06
gnd_drv__t431                     -1.41481e-06
x3_lockout__t561                  -1.36446e-06
out__t898                         -1.44891e-06
out__t391                         -1.44884e-06
x3_lockout__t562                  -1.36428e-06
gnd_drv__t972                     -1.41482e-06
gnd_drv__t432                     -1.41483e-06
x3_lockout__t563                  -1.36411e-06
out__t899                         -1.44877e-06
out__t392                          -1.4487e-06
x3_lockout__t564                  -1.36394e-06
gnd_drv__t973                     -1.41484e-06
gnd_drv__t433                     -1.41485e-06
x3_lockout__t565                  -1.36377e-06
out__t900                         -1.44862e-06
out__t393                         -1.44855e-06
x3_lockout__t566                   -1.3636e-06
gnd_drv__t974                     -1.41486e-06
gnd_drv__t434                     -1.41487e-06
x3_lockout__t567                  -1.36342e-06
out__t901                         -1.44848e-06
gnd_drv__t402                      5.93579e-06
x2_n5__t167                                4.5
out__t869                          1.29327e-06
out__t404                         -1.44841e-06
x3_lockout__t593                  -1.36325e-06
gnd_drv__t985                     -1.41488e-06
gnd_drv__t454                     -1.41489e-06
x3_lockout__t602                  -1.36308e-06
out__t921                         -1.44834e-06
out__t409                         -1.44826e-06
x3_lockout__t603                  -1.36291e-06
gnd_drv__t991                      -1.4149e-06
gnd_drv__t455                     -1.41491e-06
x3_lockout__t604                  -1.36273e-06
out__t922                         -1.44819e-06
out__t410                         -1.44812e-06
x3_lockout__t605                  -1.36256e-06
gnd_drv__t992                     -1.41492e-06
gnd_drv__t456                     -1.41493e-06
x3_lockout__t606                  -1.36239e-06
out__t923                         -1.44805e-06
out__t411                         -1.44798e-06
x3_lockout__t607                  -1.36221e-06
gnd_drv__t993                     -1.41494e-06
gnd_drv__t457                     -1.41495e-06
x3_lockout__t608                  -1.36204e-06
out__t924                         -1.44791e-06
out__t416                         -1.44784e-06
x3_lockout__t618                  -1.36187e-06
gnd_drv__t998                     -1.41496e-06
gnd_drv__t459                     -1.41497e-06
x3_lockout__t610                   -1.3617e-06
out__t926                         -1.44777e-06
out__t372                          1.27184e-06
x2_n5__t193                                4.5
gnd_drv__t953                      5.89269e-06
out__t412                         -1.44771e-06
x3_lockout__t611                  -1.36152e-06
gnd_drv__t994                     -1.41498e-06
gnd_drv__t460                     -1.41499e-06
x3_lockout__t612                  -1.36135e-06
out__t927                         -1.44764e-06
out__t413                         -1.44757e-06
x3_lockout__t613                  -1.36118e-06
gnd_drv__t995                       -1.415e-06
gnd_drv__t461                     -1.41501e-06
x3_lockout__t614                    -1.361e-06
out__t928                          -1.4475e-06
out__t414                         -1.44743e-06
x3_lockout__t615                  -1.36083e-06
gnd_drv__t996                     -1.41502e-06
gnd_drv__t462                     -1.41503e-06
x3_lockout__t616                  -1.36066e-06
out__t929                         -1.44736e-06
out__t415                          -1.4473e-06
x3_lockout__t617                  -1.36048e-06
gnd_drv__t997                     -1.41504e-06
gnd_drv__t458                     -1.41505e-06
x3_lockout__t609                  -1.36031e-06
out__t925                         -1.44723e-06
out__t310                         -1.44716e-06
x3_lockout__t551                  -1.36014e-06
gnd_drv__t875                     -1.41506e-06
gnd_drv__t446                     -1.41507e-06
x3_lockout__t586                  -1.35996e-06
out__t913                         -1.44709e-06
gnd_drv__t418                      5.85051e-06
x2_n5__t203                                4.5
out__t885                          1.25098e-06
out__t401                         -1.44703e-06
x3_lockout__t587                  -1.35979e-06
gnd_drv__t982                     -1.41507e-06
gnd_drv__t532                     -1.41508e-06
x3_lockout__t750                  -1.35962e-06
out__t994                         -1.44696e-06
out__t484                          -1.4469e-06
x3_lockout__t751                  -1.35944e-06
gnd_drv__t1073                    -1.41509e-06
gnd_drv__t531                      -1.4151e-06
x3_lockout__t749                  -1.35927e-06
out__t993                         -1.44683e-06
out__t483                         -1.44676e-06
x3_lockout__t748                   -1.3591e-06
gnd_drv__t1072                    -1.41511e-06
gnd_drv__t448                     -1.41512e-06
x3_lockout__t590                  -1.35892e-06
out__t915                          -1.4467e-06
out__t403                         -1.44663e-06
x3_lockout__t591                  -1.35875e-06
gnd_drv__t984                     -1.41513e-06
gnd_drv__t449                     -1.41514e-06
x3_lockout__t592                  -1.35858e-06
out__t916                         -1.44657e-06
out__t408                          -1.4465e-06
x3_lockout__t601                   -1.3584e-06
gnd_drv__t990                     -1.41515e-06
gnd_drv__t450                     -1.41516e-06
x3_lockout__t594                  -1.35823e-06
out__t917                         -1.44644e-06
out__t366                          1.23024e-06
x2_n5__t182                                4.5
gnd_drv__t947                      5.80875e-06
out__t405                         -1.44637e-06
x3_lockout__t595                  -1.35806e-06
gnd_drv__t986                     -1.41517e-06
gnd_drv__t451                     -1.41518e-06
x3_lockout__t596                  -1.35789e-06
out__t918                         -1.44631e-06
out__t462                         -1.44625e-06
x3_lockout__t707                  -1.35771e-06
gnd_drv__t1044                    -1.41519e-06
gnd_drv__t452                      -1.4152e-06
x3_lockout__t597                  -1.35754e-06
out__t919                         -1.44618e-06
out__t406                         -1.44612e-06
x3_lockout__t598                  -1.35737e-06
gnd_drv__t988                     -1.41521e-06
gnd_drv__t453                     -1.41521e-06
x3_lockout__t599                   -1.3572e-06
out__t920                         -1.44606e-06
out__t407                         -1.44599e-06
x3_lockout__t600                  -1.35703e-06
gnd_drv__t989                     -1.41522e-06
gnd_drv__t430                     -1.41523e-06
x3_lockout__t559                  -1.35685e-06
out__t897                         -1.44593e-06
out__t487                         -1.44587e-06
x3_lockout__t758                  -1.35668e-06
gnd_drv__t1076                    -1.41524e-06
gnd_drv__t537                     -1.41525e-06
x3_lockout__t759                  -1.35651e-06
out__t999                         -1.44581e-06
gnd_drv__t409                      5.76742e-06
x2_n5__t183                                4.5
out__t876                          1.21006e-06
out__t488                         -1.44575e-06
x3_lockout__t760                  -1.35634e-06
gnd_drv__t1077                    -1.41526e-06
gnd_drv__t538                     -1.41527e-06
x3_lockout__t761                  -1.35617e-06
out__t1000                        -1.44568e-06
out__t489                         -1.44562e-06
x3_lockout__t762                    -1.356e-06
gnd_drv__t1078                    -1.41528e-06
gnd_drv__t539                     -1.41529e-06
x3_lockout__t763                  -1.35583e-06
out__t1001                        -1.44556e-06
out__t490                          -1.4455e-06
x3_lockout__t764                  -1.35566e-06
gnd_drv__t1079                     -1.4153e-06
gnd_drv__t544                      -1.4153e-06
x3_lockout__t774                  -1.35549e-06
out__t1006                        -1.44544e-06
out__t492                         -1.44538e-06
x3_lockout__t766                  -1.35532e-06
gnd_drv__t1081                    -1.41531e-06
gnd_drv__t540                     -1.41532e-06
x3_lockout__t767                  -1.35515e-06
out__t1002                        -1.44532e-06
out__t493                         -1.44526e-06
x3_lockout__t768                  -1.35498e-06
gnd_drv__t1082                    -1.41533e-06
gnd_drv__t541                     -1.41534e-06
x3_lockout__t769                  -1.35481e-06
out__t1003                         -1.4452e-06
out__t367                          1.19022e-06
x2_n5__t184                                4.5
gnd_drv__t948                      5.72652e-06
out__t494                         -1.44514e-06
x3_lockout__t770                  -1.35464e-06
gnd_drv__t1083                    -1.41535e-06
gnd_drv__t542                     -1.41536e-06
x3_lockout__t771                  -1.35447e-06
out__t1004                        -1.44509e-06
out__t495                         -1.44503e-06
x3_lockout__t772                  -1.35431e-06
gnd_drv__t1084                    -1.41537e-06
gnd_drv__t543                     -1.41538e-06
x3_lockout__t773                  -1.35414e-06
out__t1005                        -1.44497e-06
out__t491                         -1.44491e-06
x3_lockout__t765                  -1.35397e-06
gnd_drv__t1080                    -1.41538e-06
gnd_drv__t535                     -1.41539e-06
x3_lockout__t756                   -1.3538e-06
out__t997                         -1.44485e-06
out__t486                         -1.44479e-06
x3_lockout__t755                  -1.35364e-06
gnd_drv__t1075                     -1.4154e-06
gnd_drv__t534                     -1.41541e-06
x3_lockout__t754                  -1.35347e-06
out__t996                         -1.44474e-06
out__t485                         -1.44468e-06
x3_lockout__t753                   -1.3533e-06
gnd_drv__t1074                    -1.41542e-06
gnd_drv__t533                     -1.41543e-06
x3_lockout__t752                  -1.35314e-06
out__t995                         -1.44462e-06
gnd_drv__t406                      5.68605e-06
x2_n5__t176                                4.5
out__t873                          1.17072e-06
out__t396                         -1.44457e-06
x3_lockout__t575                  -1.35297e-06
gnd_drv__t977                     -1.41544e-06
gnd_drv__t445                     -1.41544e-06
x3_lockout__t585                  -1.35281e-06
out__t912                         -1.44451e-06
out__t474                         -1.44446e-06
x3_lockout__t733                  -1.35264e-06
gnd_drv__t1063                    -1.41545e-06
gnd_drv__t525                     -1.41546e-06
x3_lockout__t735                  -1.35248e-06
out__t987                          -1.4444e-06
out__t478                         -1.44434e-06
x3_lockout__t740                  -1.35232e-06
gnd_drv__t1067                    -1.41547e-06
gnd_drv__t524                     -1.41548e-06
x3_lockout__t732                  -1.35215e-06
out__t986                         -1.44429e-06
out__t475                         -1.44423e-06
x3_lockout__t734                  -1.35199e-06
gnd_drv__t1064                    -1.41549e-06
gnd_drv__t526                      -1.4155e-06
x3_lockout__t736                  -1.35183e-06
out__t988                         -1.44418e-06
out__t476                         -1.44412e-06
x3_lockout__t737                  -1.35167e-06
gnd_drv__t1065                     -1.4155e-06
gnd_drv__t527                     -1.41551e-06
x3_lockout__t738                  -1.35151e-06
out__t989                         -1.44407e-06
x2_n3__t1                                  4.5
x2_n2__t0                         -2.17054e-06
gnd_drv__t0                       -2.76535e-06
out__t351                          1.15178e-06
x2_n5__t152                                4.5
gnd_drv__t932                      5.64652e-06
out__t477                         -1.44402e-06
x3_lockout__t739                  -1.35135e-06
gnd_drv__t1066                    -1.41552e-06
gnd_drv__t520                     -1.41553e-06
x3_lockout__t725                  -1.35119e-06
out__t982                         -1.44396e-06
x3_uvlo_ok__t1                         4.49988
x3_lockout__t2                    -1.39755e-06
gnd_drv__t8                       -1.42498e-06
x3_nref__t0                           0.844108
x3_nref__t1                           0.844459
gnd_drv__t7                        9.86133e-06
x3_ntail__t2                         0.0721064
x3_nref__t3                           0.844459
gnd_drv__t15                       1.24629e-05
x3_ncompn__t1                          4.42659
x3_nref__t2                           0.844458
x3_ntail__t0                         0.0741865
x3_ncompp__t0                          3.69021
x3_ndiv__t0                            0.87018
x3_ntail__t1                         0.0736375
gnd_drv__t394                      5.60743e-06
x2_n5__t153                                4.5
out__t861                          1.13316e-06
out__t352                          1.11488e-06
x2_n5__t154                            4.50001
gnd_drv__t933                      5.56877e-06
gnd_drv__t395                      5.53054e-06
x2_n5__t155                            4.50001
out__t862                          1.09691e-06
out__t353                          1.07947e-06
x2_n5__t156                            4.50001
gnd_drv__t934                      5.49324e-06
gnd_drv__t398                      5.45586e-06
x2_n5__t160                            4.50001
out__t865                          1.06213e-06
out__t354                           1.0453e-06
x2_n5__t157                            4.50001
gnd_drv__t935                       5.4194e-06
gnd_drv__t424                      5.38385e-06
x2_n5__t214                            4.50001
out__t891                            1.029e-06
out__t383                          1.01276e-06
x2_n5__t215                            4.50001
gnd_drv__t964                      5.34822e-06
gnd_drv__t425                      5.31349e-06
x2_n5__t216                            4.50001
out__t892                          9.97018e-07
x2_n4__t185                        1.17293e-05
x2_n3__t5                              4.50001
gnd_drv__t5                       -1.06268e-06
out__t380                          9.81551e-07
x2_n5__t209                            4.50001
gnd_drv__t961                      5.27914e-06
gnd_drv__t423                       5.2452e-06
x2_n5__t212                            4.50001
out__t890                          9.66575e-07
out__t382                          9.51857e-07
x2_n5__t213                            4.50001
gnd_drv__t963                      5.21163e-06
gnd_drv__t426                      5.17893e-06
x2_n5__t217                            4.50001
out__t893                          9.37385e-07
out__t381                          9.23154e-07
x2_n5__t210                            4.50001
gnd_drv__t962                       5.1466e-06
gnd_drv__t411                      5.11463e-06
x2_n5__t186                            4.50001
out__t878                          9.09383e-07
out__t368                          8.95839e-07
x2_n5__t187                            4.50001
gnd_drv__t949                      5.08302e-06
gnd_drv__t419                      5.05224e-06
x2_n5__t204                            4.50001
out__t886                          8.82508e-07
out__t378                          8.69615e-07
x2_n5__t205                            4.50001
gnd_drv__t959                       5.0218e-06
gnd_drv__t420                      4.99169e-06
x2_n5__t206                            4.50001
out__t887                          8.56924e-07
gnd_drv__t1052                    -1.02772e-06
x2_n3__t6                              4.50001
x2_n4__t184                        1.19866e-05
out__t379                          8.44424e-07
x2_n5__t207                            4.50001
gnd_drv__t960                      4.96239e-06
gnd_drv__t421                       4.9334e-06
x2_n5__t208                            4.50001
out__t888                          8.32339e-07
out__t385                          8.20205e-07
x2_n5__t219                            4.50001
gnd_drv__t966                      4.90471e-06
gnd_drv__t422                      4.87633e-06
x2_n5__t211                            4.50001
out__t889                          8.08699e-07
out__t384                          7.97355e-07
x2_n5__t218                            4.50001
gnd_drv__t965                      4.84872e-06
gnd_drv__t9                        4.69067e-06
x2_n5__t1                              4.50001
out__t0                            7.86257e-07
out__t314                          2.33021e-06
x2_n5__t79                             4.50001
gnd_drv__t886                      7.91021e-06
gnd_drv__t294                      7.89352e-06
x2_n5__t8                              4.50001
out__t788                          2.31864e-06
out__t278                          2.30768e-06
x2_n5__t7                              4.50001
gnd_drv__t834                      7.87726e-06
gnd_drv__t293                      7.86189e-06
x2_n5__t6                              4.50001
out__t787                          2.29713e-06
x2_n4__t177                        1.22473e-05
x2_n3__t8                              4.50001
gnd_drv__t1051                    -1.04031e-06
out__t277                          2.28679e-06
x2_n5__t5                              4.50001
gnd_drv__t833                      7.84648e-06
gnd_drv__t292                      7.83194e-06
x2_n5__t4                              4.50001
out__t786                          2.27706e-06
out__t276                          2.26773e-06
x2_n5__t3                              4.50001
gnd_drv__t832                      7.81781e-06
gnd_drv__t291                      7.80409e-06
x2_n5__t2                              4.50001
out__t785                          2.25881e-06
out__t290                          2.25028e-06
x2_n5__t31                             4.50001
gnd_drv__t846                      7.79076e-06
gnd_drv__t305                      7.77783e-06
x2_n5__t30                             4.50001
out__t799                          2.24214e-06
out__t289                           2.2346e-06
x2_n5__t29                             4.50001
gnd_drv__t845                      7.76527e-06
gnd_drv__t304                       7.7531e-06
x2_n5__t28                                 4.5
out__t798                          2.22723e-06
out__t302                          2.22024e-06
x2_n5__t54                                 4.5
gnd_drv__t858                      7.74127e-06
gnd_drv__t316                      7.72979e-06
x2_n5__t53                                 4.5
out__t810                          2.21381e-06
gnd_drv__t512                     -1.05251e-06
x2_n3__t9                              4.50001
x2_n4__t186                        1.25232e-05
out__t301                          2.20752e-06
x2_n5__t52                                 4.5
gnd_drv__t857                      7.71912e-06
gnd_drv__t310                      7.70827e-06
x2_n5__t42                                 4.5
out__t804                          2.20179e-06
out__t282                          2.19616e-06
x2_n5__t16                                 4.5
gnd_drv__t838                      7.69821e-06
gnd_drv__t298                       7.6884e-06
x2_n5__t15                                 4.5
out__t792                          2.19106e-06
out__t281                          2.18626e-06
x2_n5__t14                                 4.5
gnd_drv__t837                      7.67886e-06
gnd_drv__t297                      7.66905e-06
x2_n5__t13                                 4.5
out__t791                          2.18174e-06
out__t280                          2.17747e-06
x2_n5__t12                                 4.5
gnd_drv__t836                       7.6599e-06
gnd_drv__t296                       7.6514e-06
x2_n5__t11                                 4.5
out__t790                          2.17342e-06
out__t279                          2.16959e-06
x2_n5__t10                                 4.5
gnd_drv__t835                      7.64254e-06
gnd_drv__t295                      7.63377e-06
x2_n5__t9                                  4.5
out__t789                          2.16616e-06
x2_n4__t178                        1.28193e-05
x2_n3__t10                             4.50001
gnd_drv__t1053                    -1.06408e-06
out__t283                          2.16264e-06
x2_n5__t17                                 4.5
gnd_drv__t839                      7.62551e-06
gnd_drv__t302                      7.61675e-06
x2_n5__t25                                 4.5
out__t796                          2.15925e-06
out__t292                          2.15615e-06
x2_n5__t33                                 4.5
gnd_drv__t848                      7.60841e-06
gnd_drv__t322                      7.59995e-06
x2_n5__t65                                 4.5
out__t816                          2.15308e-06
out__t291                          2.14979e-06
x2_n5__t32                                 4.5
gnd_drv__t847                       7.5908e-06
gnd_drv__t299                      7.58188e-06
x2_n5__t19                                 4.5
out__t793                          2.14665e-06
out__t284                          2.14339e-06
x2_n5__t18                                 4.5
gnd_drv__t840                      7.57261e-06
gnd_drv__t328                      7.56341e-06
x2_n5__t69                                 4.5
out__t819                          2.13995e-06
out__t316                          2.13628e-06
x2_n5__t82                                 4.5
gnd_drv__t888                      7.55318e-06
gnd_drv__t350                      7.54232e-06
x2_n5__t81                                 4.5
out__t825                          2.13253e-06
gnd_drv__t513                     -1.07476e-06
x2_n3__t11                             4.50001
x2_n4__t187                        1.31412e-05
out__t315                          2.12814e-06
x2_n5__t80                                 4.5
gnd_drv__t887                      7.53122e-06
gnd_drv__t349                      7.51926e-06
x2_n5__t78                                 4.5
out__t824                          2.12352e-06
out__t286                          2.11812e-06
x2_n5__t22                                 4.5
gnd_drv__t842                      7.50581e-06
gnd_drv__t300                      7.49174e-06
x2_n5__t21                                 4.5
out__t794                           2.1123e-06
out__t285                          2.10575e-06
x2_n5__t20                                 4.5
gnd_drv__t841                      7.47642e-06
gnd_drv__t303                      7.46021e-06
x2_n5__t27                                 4.5
out__t797                          2.09835e-06
out__t288                          2.09005e-06
x2_n5__t26                                 4.5
gnd_drv__t844                      7.44197e-06
gnd_drv__t323                      7.42205e-06
x2_n5__t67                                 4.5
out__t817                          2.08073e-06
out__t308                           2.0703e-06
x2_n5__t66                                 4.5
gnd_drv__t864                      7.40085e-06
gnd_drv__t306                      7.37726e-06
x2_n5__t34                                 4.5
out__t800                          2.05898e-06
x2_n4__t179                         1.3494e-05
x2_n3__t12                             4.50001
gnd_drv__t1054                    -1.08432e-06
out__t287                          2.04618e-06
x2_n5__t24                                 4.5
gnd_drv__t843                      7.35219e-06
gnd_drv__t301                      7.32508e-06
x2_n5__t23                                 4.5
out__t795                          2.03236e-06
out__t361                          2.01728e-06
x2_n5__t174                                4.5
gnd_drv__t942                      7.29592e-06
gnd_drv__t405                      7.26468e-06
x2_n5__t173                                4.5
out__t872                          2.00068e-06
out__t360                          1.98307e-06
x2_n5__t172                                4.5
gnd_drv__t941                      7.23191e-06
gnd_drv__t404                      7.19665e-06
x2_n5__t171                                4.5
out__t871                          1.96451e-06
out__t359                          1.94457e-06
x2_n5__t170                                4.5
gnd_drv__t940                      7.16005e-06
gnd_drv__t403                      7.12166e-06
x2_n5__t169                                4.5
out__t870                          1.92357e-06
out__t322                          1.90185e-06
x2_n5__t91                                 4.5
gnd_drv__t903                      7.08166e-06
gnd_drv__t314                      7.04017e-06
x2_n5__t50                                 4.5
out__t808                          1.87927e-06
gnd_drv__t514                     -1.09258e-06
x2_n3__t13                             4.50001
x2_n4__t188                        1.38825e-05
out__t300                          1.85593e-06
x2_n5__t49                                 4.5
gnd_drv__t856                      6.99736e-06
gnd_drv__t380                      9.42707e-06
x2_n5__t129                            4.50003
out__t847                          3.51257e-06
out__t342                          3.48372e-06
x2_n5__t130                            4.50003
gnd_drv__t923                      9.39165e-06
gnd_drv__t381                       9.3564e-06
x2_n5__t131                            4.50003
out__t848                          3.45526e-06
out__t343                          3.42696e-06
x2_n5__t132                            4.50003
gnd_drv__t924                      9.32131e-06
gnd_drv__t382                      9.28641e-06
x2_n5__t133                            4.50003
out__t849                          3.39884e-06
out__t365                          3.37089e-06
x2_n5__t181                            4.50003
gnd_drv__t946                      9.25169e-06
gnd_drv__t408                      9.21715e-06
x2_n5__t180                            4.50003
out__t875                          3.34313e-06
out__t364                          3.31556e-06
x2_n5__t179                            4.50003
gnd_drv__t945                      9.18281e-06
gnd_drv__t407                      9.14911e-06
x2_n5__t178                            4.50003
out__t874                          3.28839e-06
x1_na__t0                              1.94528
in__t2                             2.40141e-09
gnd_logic__t1377                  -4.15315e-10
x2_n4__t180                        1.43104e-05
x2_n3__t14                             4.50001
gnd_drv__t1055                    -1.09937e-06
out__t362                          3.26121e-06
x2_n5__t175                            4.50003
gnd_drv__t943                      9.11518e-06
gnd_drv__t389                      9.08145e-06
x2_n5__t143                            4.50003
out__t856                          3.23423e-06
out__t347                          3.20747e-06
x2_n5__t144                            4.50003
gnd_drv__t928                      9.04838e-06
gnd_drv__t390                      9.01509e-06
x2_n5__t145                            4.50003
out__t857                          3.18091e-06
out__t348                          3.15479e-06
x2_n5__t146                            4.50003
gnd_drv__t929                      8.98247e-06
gnd_drv__t391                      8.94964e-06
x2_n5__t147                            4.50003
out__t858                          3.12868e-06
out__t349                           3.1028e-06
x2_n5__t148                            4.50003
gnd_drv__t930                      8.91749e-06
gnd_drv__t392                      8.88516e-06
x2_n5__t149                            4.50003
out__t859                          3.07737e-06
out__t350                          3.05197e-06
x2_n5__t150                            4.50002
gnd_drv__t931                       8.8535e-06
gnd_drv__t388                      8.82211e-06
x2_n5__t142                            4.50002
out__t855                          3.02702e-06
gnd_drv__t515                     -1.10459e-06
x2_n3__t15                             4.50001
x2_n4__t189                        1.47802e-05
out__t336                          3.00233e-06
x2_n5__t118                            4.50002
gnd_drv__t917                      8.79098e-06
gnd_drv__t375                      8.76012e-06
x2_n5__t119                            4.50002
out__t842                          2.97768e-06
out__t337                          2.95351e-06
x2_n5__t120                            4.50002
gnd_drv__t918                       8.7291e-06
gnd_drv__t376                       8.6988e-06
x2_n5__t121                            4.50002
out__t843                           2.9294e-06
out__t338                          2.90577e-06
x2_n5__t122                            4.50002
gnd_drv__t919                      8.66878e-06
gnd_drv__t377                       8.6395e-06
x2_n5__t123                            4.50002
out__t844                          2.88242e-06
out__t339                          2.85936e-06
x2_n5__t124                            4.50002
gnd_drv__t920                      8.61008e-06
gnd_drv__t383                      8.58097e-06
x2_n5__t134                            4.50002
out__t850                          2.83659e-06
out__t363                          2.81412e-06
x2_n5__t177                            4.50002
gnd_drv__t944                      8.55217e-06
gnd_drv__t410                      8.52413e-06
x2_n5__t185                            4.50002
out__t877                          2.79195e-06
x2_n4__t181                        1.52922e-05
x2_n3__t16                             4.50001
gnd_drv__t1056                    -1.10815e-06
out__t344                          2.77009e-06
x2_n5__t136                            4.50002
gnd_drv__t925                      8.49597e-06
gnd_drv__t385                      8.46814e-06
x2_n5__t137                            4.50002
out__t852                          2.74854e-06
out__t345                          2.72731e-06
x2_n5__t138                            4.50002
gnd_drv__t926                      8.44109e-06
gnd_drv__t386                      8.41394e-06
x2_n5__t139                            4.50002
out__t853                          2.70641e-06
out__t369                          2.68583e-06
x2_n5__t188                            4.50002
gnd_drv__t950                      8.38758e-06
gnd_drv__t412                      8.36157e-06
x2_n5__t189                            4.50002
out__t879                          2.66559e-06
out__t307                           2.6459e-06
x2_n5__t64                             4.50002
gnd_drv__t863                      8.33593e-06
gnd_drv__t321                      8.31021e-06
x2_n5__t63                             4.50002
out__t815                          2.62635e-06
out__t306                          2.60736e-06
x2_n5__t62                             4.50002
gnd_drv__t862                       8.2853e-06
gnd_drv__t320                      8.26076e-06
x2_n5__t61                             4.50002
out__t814                          2.58851e-06
gnd_drv__t516                     -1.11002e-06
x2_n3__t17                             4.50001
x2_n4__t190                        1.58449e-05
out__t305                          2.57023e-06
x2_n5__t60                             4.50002
gnd_drv__t861                      8.23661e-06
gnd_drv__t324                      8.21284e-06
x2_n5__t68                             4.50002
out__t818                          2.55212e-06
out__t304                          2.53457e-06
x2_n5__t58                             4.50002
gnd_drv__t860                      8.18991e-06
gnd_drv__t318                      8.16692e-06
x2_n5__t57                             4.50002
out__t812                           2.5172e-06
out__t303                          2.50041e-06
x2_n5__t56                             4.50001
gnd_drv__t859                      8.14434e-06
gnd_drv__t319                      8.12261e-06
x2_n5__t59                             4.50001
out__t813                          2.48401e-06
out__t293                          2.46799e-06
x2_n5__t35                             4.50001
gnd_drv__t849                      8.10084e-06
gnd_drv__t348                      8.07992e-06
x2_n5__t77                             4.50001
out__t823                          2.45236e-06
out__t313                          2.43713e-06
x2_n5__t76                             4.50001
gnd_drv__t885                      8.05898e-06
gnd_drv__t347                      8.03889e-06
x2_n5__t75                             4.50001
out__t822                           2.4223e-06
x2_n4__t182                        1.64349e-05
x2_n3__t18                             4.50001
gnd_drv__t1057                    -1.11016e-06
out__t317                          2.40786e-06
x2_n5__t83                             4.50001
gnd_drv__t889                      8.01923e-06
gnd_drv__t345                      7.99955e-06
x2_n5__t74                             4.50001
out__t821                          2.39384e-06
out__t312                          2.38021e-06
x2_n5__t73                             4.50001
gnd_drv__t884                      7.98073e-06
gnd_drv__t344                      7.96235e-06
x2_n5__t72                             4.50001
out__t820                           2.3672e-06
out__t311                          2.35439e-06
x2_n5__t71                             4.50001
gnd_drv__t883                      7.94439e-06
gnd_drv__t317                      7.92731e-06
x2_n5__t55                             4.50001
out__t811                          2.34199e-06
out__t510                          5.23211e-06
x2_n5__t220                            4.50003
gnd_drv__t11                       1.10068e-05
gnd_drv__t368                       1.1497e-05
x2_n5__t105                            4.50003
out__t835                          5.20377e-06
out__t330                          5.17151e-06
x2_n5__t106                            4.50003
gnd_drv__t911                      1.14577e-05
gnd_drv__t369                      1.14183e-05
x2_n5__t107                            4.50003
out__t836                            5.139e-06
gnd_drv__t6                       -1.15447e-06
x2_n3__t7                              4.50001
x2_n4__t183                        1.70516e-05
out__t335                          5.10672e-06
x2_n5__t117                            4.50003
gnd_drv__t916                      1.13789e-05
gnd_drv__t371                      1.13395e-05
x2_n5__t109                            4.50003
out__t838                          5.07421e-06
out__t331                          5.04194e-06
x2_n5__t110                            4.50003
gnd_drv__t912                         1.13e-05
gnd_drv__t372                      1.12606e-05
x2_n5__t111                            4.50003
out__t839                          5.00942e-06
out__t332                          4.97715e-06
x2_n5__t112                            4.50003
gnd_drv__t913                      1.12211e-05
gnd_drv__t373                      1.11817e-05
x2_n5__t113                            4.50003
out__t840                          4.94464e-06
out__t333                          4.91238e-06
x2_n5__t114                            4.50003
gnd_drv__t914                      1.11422e-05
gnd_drv__t374                      1.11027e-05
x2_n5__t115                            4.50003
out__t841                          4.88013e-06
out__t334                          4.84766e-06
x2_n5__t116                            4.50003
gnd_drv__t915                      1.10637e-05
gnd_drv__t370                      1.10242e-05
x2_n5__t108                            4.50003
out__t837                          4.81543e-06
x2_n5__t747                            4.50004
x2_n4__t54                        -1.10433e-05
gnd_drv__t13                       4.15385e-07
out__t318                          4.78323e-06
x2_n5__t84                             4.50003
gnd_drv__t899                      1.09848e-05
gnd_drv__t359                      1.09453e-05
x2_n5__t85                             4.50003
out__t826                           4.7508e-06
out__t319                          4.71863e-06
x2_n5__t86                             4.50003
gnd_drv__t900                      1.09063e-05
gnd_drv__t360                      1.08669e-05
x2_n5__t87                             4.50003
out__t827                          4.68648e-06
out__t320                          4.65435e-06
x2_n5__t88                             4.50003
gnd_drv__t901                      1.08275e-05
gnd_drv__t361                      1.07885e-05
x2_n5__t89                             4.50003
out__t828                          4.62203e-06
out__t321                          4.58996e-06
x2_n5__t90                             4.50003
gnd_drv__t902                      1.07491e-05
gnd_drv__t365                      1.07102e-05
x2_n5__t100                            4.50003
out__t832                          4.55792e-06
out__t323                          4.52593e-06
x2_n5__t92                             4.50003
gnd_drv__t904                      1.06709e-05
gnd_drv__t362                      1.06321e-05
x2_n5__t93                             4.50003
out__t829                          4.49397e-06
gnd_drv__t327                      4.54997e-07
x2_n4__t6                         -1.05391e-05
x2_n5__t750                            4.50004
out__t324                          4.46204e-06
x2_n5__t94                             4.50003
gnd_drv__t905                      1.05932e-05
gnd_drv__t363                       1.0554e-05
x2_n5__t95                             4.50003
out__t830                          4.43016e-06
out__t325                          4.39833e-06
x2_n5__t96                             4.50003
gnd_drv__t906                      1.05152e-05
gnd_drv__t378                      1.04765e-05
x2_n5__t125                            4.50003
out__t845                          4.36654e-06
out__t371                          4.33481e-06
x2_n5__t191                            4.50003
gnd_drv__t952                      1.04374e-05
gnd_drv__t413                      1.03988e-05
x2_n5__t192                            4.50003
out__t880                          4.30313e-06
out__t377                          4.27151e-06
x2_n5__t202                            4.50003
gnd_drv__t958                      1.03602e-05
gnd_drv__t414                      1.03217e-05
x2_n5__t194                            4.50003
out__t881                          4.23995e-06
out__t373                          4.20845e-06
x2_n5__t195                            4.50003
gnd_drv__t954                      1.02832e-05
gnd_drv__t415                      1.02448e-05
x2_n5__t196                            4.50003
out__t882                          4.17702e-06
x2_n5__t723                            4.50004
x2_n4__t5                         -1.00163e-05
gnd_drv__t867                      4.35002e-07
out__t374                          4.14589e-06
x2_n5__t197                            4.50003
gnd_drv__t955                      1.02065e-05
gnd_drv__t416                      1.01682e-05
x2_n5__t198                            4.50003
out__t883                          4.11461e-06
out__t375                           4.0834e-06
x2_n5__t199                            4.50003
gnd_drv__t956                        1.013e-05
gnd_drv__t417                      1.00919e-05
x2_n5__t200                            4.50003
out__t884                          4.05227e-06
out__t376                          4.02145e-06
x2_n5__t201                            4.50003
gnd_drv__t957                      1.00539e-05
gnd_drv__t397                      1.00159e-05
x2_n5__t159                            4.50003
out__t864                           3.9905e-06
out__t328                          3.95963e-06
x2_n5__t101                            4.50003
gnd_drv__t909                      9.97808e-06
gnd_drv__t366                       9.9403e-06
x2_n5__t102                            4.50003
out__t833                          3.92909e-06
out__t329                          3.89842e-06
x2_n5__t103                            4.50003
gnd_drv__t910                      9.90306e-06
gnd_drv__t367                      9.86549e-06
x2_n5__t104                            4.50003
out__t834                          3.86808e-06
gnd_drv__t326                      4.14892e-07
x2_n4__t4                         -9.46418e-06
x2_n5__t749                            4.50004
out__t327                          3.83762e-06
x2_n5__t99                             4.50003
gnd_drv__t908                      9.82801e-06
gnd_drv__t384                      9.79109e-06
x2_n5__t135                            4.50003
out__t851                          3.80749e-06
out__t370                          3.77725e-06
x2_n5__t190                            4.50003
gnd_drv__t951                      9.75383e-06
gnd_drv__t364                      9.71714e-06
x2_n5__t97                             4.50003
out__t831                          3.74736e-06
out__t326                          3.71737e-06
x2_n5__t98                             4.50003
gnd_drv__t907                      9.68013e-06
gnd_drv__t387                      9.64368e-06
x2_n5__t141                            4.50003
out__t854                          3.68773e-06
out__t346                          3.65822e-06
x2_n5__t140                            4.50003
gnd_drv__t927                      9.60693e-06
gnd_drv__t379                      9.57075e-06
x2_n5__t127                            4.50003
out__t846                          3.62862e-06
out__t341                          3.59939e-06
x2_n5__t128                            4.50003
gnd_drv__t922                      9.53472e-06
gnd_drv__t393                      9.49883e-06
x2_n5__t151                            4.50003
out__t860                           3.5703e-06
x1_nb__t1                         -1.93584e-09
x1_inb__t2                                2.97
gnd_logic__t1378                  -1.57862e-08
x2_n5__t722                            4.50004
x2_n4__t3                           -8.883e-06
gnd_drv__t866                      3.94731e-07
out__t340                          3.54136e-06
x2_n5__t126                            4.50003
gnd_drv__t921                      9.46266e-06
x3_lockout__t803                  -1.63251e-06
x3_ncompn__t3                          4.42745
gnd_drv__t14                      -1.44095e-06
out__t259                         -1.45929e-06
x3_lockout__t517                   -1.3544e-06
gnd_drv__t815                      -1.4133e-06
gnd_drv__t289                     -1.41329e-06
x3_lockout__t548                  -1.35458e-06
out__t783                         -1.45939e-06
out__t273                         -1.45949e-06
x3_lockout__t544                  -1.35476e-06
gnd_drv__t829                     -1.41328e-06
gnd_drv__t287                     -1.41327e-06
x3_lockout__t546                  -1.35494e-06
out__t781                         -1.45959e-06
out__t274                          -1.4597e-06
x3_lockout__t545                  -1.35512e-06
gnd_drv__t830                     -1.41327e-06
gnd_drv__t288                     -1.41326e-06
x3_lockout__t547                   -1.3553e-06
out__t782                          -1.4598e-06
out__t271                          -1.4599e-06
x3_lockout__t540                  -1.35548e-06
gnd_drv__t827                     -1.41325e-06
gnd_drv__t290                     -1.41324e-06
x3_lockout__t549                  -1.35566e-06
out__t784                            -1.46e-06
gnd_drv__t325                      3.74381e-07
x2_n4__t2                         -8.27323e-06
x2_n5__t748                            4.50003
out__t258                         -1.46011e-06
x3_lockout__t514                  -1.35584e-06
gnd_drv__t814                     -1.41323e-06
gnd_drv__t272                     -1.41322e-06
x3_lockout__t515                  -1.35602e-06
out__t766                         -1.46021e-06
out__t260                         -1.46032e-06
x3_lockout__t518                   -1.3562e-06
gnd_drv__t816                     -1.41321e-06
gnd_drv__t286                      -1.4132e-06
x3_lockout__t543                  -1.35638e-06
out__t780                         -1.46042e-06
out__t236                         -1.46052e-06
x3_lockout__t470                  -1.35657e-06
gnd_drv__t792                     -1.41319e-06
gnd_drv__t191                     -1.41318e-06
x3_lockout__t352                  -1.35675e-06
out__t685                         -1.46063e-06
out__t177                         -1.46073e-06
x3_lockout__t353                  -1.35693e-06
gnd_drv__t733                     -1.41317e-06
gnd_drv__t192                     -1.41316e-06
x3_lockout__t354                  -1.35711e-06
out__t686                         -1.46084e-06
out__t178                         -1.46094e-06
x3_lockout__t355                   -1.3573e-06
gnd_drv__t734                     -1.41315e-06
gnd_drv__t193                     -1.41314e-06
x3_lockout__t356                  -1.35748e-06
out__t687                         -1.46105e-06
x2_n5__t721                            4.50003
x2_n4__t1                         -7.63549e-06
gnd_drv__t865                       3.5391e-07
out__t179                         -1.46115e-06
x3_lockout__t357                  -1.35766e-06
gnd_drv__t735                     -1.41313e-06
gnd_drv__t194                     -1.41312e-06
x3_lockout__t358                  -1.35785e-06
out__t688                         -1.46126e-06
out__t180                         -1.46136e-06
x3_lockout__t359                  -1.35803e-06
gnd_drv__t736                     -1.41311e-06
gnd_drv__t199                      -1.4131e-06
x3_lockout__t369                  -1.35822e-06
out__t693                         -1.46147e-06
out__t182                         -1.46157e-06
x3_lockout__t361                   -1.3584e-06
gnd_drv__t738                     -1.41309e-06
gnd_drv__t195                     -1.41308e-06
x3_lockout__t362                  -1.35858e-06
out__t689                         -1.46168e-06
out__t183                         -1.46178e-06
x3_lockout__t363                  -1.35877e-06
gnd_drv__t739                     -1.41307e-06
gnd_drv__t196                     -1.41306e-06
x3_lockout__t364                  -1.35895e-06
out__t690                         -1.46189e-06
out__t184                           -1.462e-06
x3_lockout__t365                  -1.35914e-06
gnd_drv__t740                     -1.41305e-06
gnd_drv__t197                     -1.41304e-06
x3_lockout__t366                  -1.35932e-06
out__t691                          -1.4621e-06
gnd_drv__t337                      3.33314e-07
x2_n4__t22                         -6.9705e-06
x2_n5__t759                            4.50003
out__t185                         -1.46221e-06
x3_lockout__t367                  -1.35951e-06
gnd_drv__t741                     -1.41303e-06
gnd_drv__t198                     -1.41302e-06
x3_lockout__t368                  -1.35969e-06
out__t692                         -1.46232e-06
out__t181                         -1.46242e-06
x3_lockout__t360                  -1.35988e-06
gnd_drv__t737                     -1.41301e-06
gnd_drv__t182                       -1.413e-06
x3_lockout__t334                  -1.36006e-06
out__t676                         -1.46253e-06
out__t168                         -1.46264e-06
x3_lockout__t335                  -1.36025e-06
gnd_drv__t724                     -1.41299e-06
gnd_drv__t183                     -1.41298e-06
x3_lockout__t336                  -1.36043e-06
out__t677                         -1.46275e-06
out__t169                         -1.46285e-06
x3_lockout__t337                  -1.36062e-06
gnd_drv__t725                     -1.41297e-06
gnd_drv__t184                     -1.41296e-06
x3_lockout__t338                  -1.36081e-06
out__t678                         -1.46296e-06
out__t170                         -1.46307e-06
x3_lockout__t339                  -1.36099e-06
gnd_drv__t726                     -1.41295e-06
gnd_drv__t185                     -1.41294e-06
x3_lockout__t340                  -1.36118e-06
out__t679                         -1.46318e-06
x2_n5__t735                            4.50003
x2_n4__t30                        -6.27908e-06
gnd_drv__t881                      3.12661e-07
out__t171                         -1.46329e-06
x3_lockout__t341                  -1.36136e-06
gnd_drv__t727                     -1.41293e-06
gnd_drv__t190                     -1.41292e-06
x3_lockout__t351                  -1.36155e-06
out__t684                          -1.4634e-06
out__t173                          -1.4635e-06
x3_lockout__t343                  -1.36173e-06
gnd_drv__t729                     -1.41291e-06
gnd_drv__t186                     -1.41289e-06
x3_lockout__t344                  -1.36192e-06
out__t680                         -1.46361e-06
out__t174                         -1.46372e-06
x3_lockout__t345                  -1.36211e-06
gnd_drv__t730                     -1.41288e-06
gnd_drv__t187                     -1.41287e-06
x3_lockout__t346                  -1.36229e-06
out__t681                         -1.46383e-06
out__t175                         -1.46394e-06
x3_lockout__t347                  -1.36248e-06
gnd_drv__t731                     -1.41286e-06
gnd_drv__t188                     -1.41285e-06
x3_lockout__t348                  -1.36266e-06
out__t682                         -1.46405e-06
out__t176                         -1.46416e-06
x3_lockout__t349                  -1.36285e-06
gnd_drv__t732                     -1.41284e-06
gnd_drv__t189                     -1.41283e-06
x3_lockout__t350                  -1.36304e-06
out__t683                         -1.46427e-06
gnd_drv__t340                      2.91822e-07
x2_n4__t29                        -5.56246e-06
x2_n5__t762                            4.50003
out__t190                         -1.46438e-06
x3_lockout__t378                  -1.36322e-06
gnd_drv__t746                     -1.41282e-06
gnd_drv__t209                     -1.41281e-06
x3_lockout__t388                  -1.36341e-06
out__t703                         -1.46449e-06
out__t195                          -1.4646e-06
x3_lockout__t389                  -1.36359e-06
gnd_drv__t751                      -1.4128e-06
gnd_drv__t210                     -1.41279e-06
x3_lockout__t390                  -1.36378e-06
out__t704                         -1.46471e-06
out__t196                         -1.46482e-06
x3_lockout__t391                  -1.36396e-06
gnd_drv__t752                     -1.41278e-06
gnd_drv__t211                     -1.41277e-06
x3_lockout__t392                  -1.36415e-06
out__t705                         -1.46493e-06
out__t197                         -1.46504e-06
x3_lockout__t393                  -1.36433e-06
gnd_drv__t753                     -1.41276e-06
gnd_drv__t212                     -1.41275e-06
x3_lockout__t394                  -1.36452e-06
out__t706                         -1.46515e-06
out__t198                         -1.46527e-06
x3_lockout__t395                  -1.36471e-06
gnd_drv__t754                     -1.41274e-06
gnd_drv__t217                     -1.41273e-06
x3_lockout__t405                  -1.36489e-06
out__t711                         -1.46538e-06
x2_n5__t734                            4.50003
x2_n4__t28                        -4.82177e-06
gnd_drv__t880                      2.70929e-07
out__t200                         -1.46549e-06
x3_lockout__t397                  -1.36508e-06
gnd_drv__t756                     -1.41272e-06
gnd_drv__t213                     -1.41271e-06
x3_lockout__t398                  -1.36526e-06
out__t707                          -1.4656e-06
out__t201                         -1.46571e-06
x3_lockout__t399                  -1.36544e-06
gnd_drv__t757                      -1.4127e-06
gnd_drv__t214                     -1.41269e-06
x3_lockout__t400                  -1.36563e-06
out__t708                         -1.46582e-06
out__t202                         -1.46594e-06
x3_lockout__t401                  -1.36581e-06
gnd_drv__t758                     -1.41268e-06
gnd_drv__t215                     -1.41267e-06
x3_lockout__t402                    -1.366e-06
out__t709                         -1.46605e-06
out__t203                         -1.46616e-06
x3_lockout__t403                  -1.36618e-06
gnd_drv__t759                     -1.41266e-06
gnd_drv__t216                     -1.41264e-06
x3_lockout__t404                  -1.36637e-06
out__t710                         -1.46627e-06
out__t199                         -1.46639e-06
x3_lockout__t396                  -1.36655e-06
gnd_drv__t755                     -1.41263e-06
gnd_drv__t200                     -1.41262e-06
x3_lockout__t370                  -1.36674e-06
out__t694                          -1.4665e-06
gnd_drv__t339                      2.49859e-07
x2_n4__t27                        -4.05854e-06
x2_n5__t761                            4.50003
out__t186                         -1.46661e-06
x3_lockout__t371                  -1.36692e-06
gnd_drv__t742                     -1.41261e-06
gnd_drv__t201                      -1.4126e-06
x3_lockout__t372                   -1.3671e-06
out__t695                         -1.46673e-06
out__t187                         -1.46684e-06
x3_lockout__t373                  -1.36729e-06
gnd_drv__t743                     -1.41259e-06
gnd_drv__t202                     -1.41258e-06
x3_lockout__t374                  -1.36747e-06
out__t696                         -1.46695e-06
out__t188                         -1.46707e-06
x3_lockout__t375                  -1.36765e-06
gnd_drv__t744                     -1.41257e-06
gnd_drv__t203                     -1.41256e-06
x3_lockout__t376                  -1.36783e-06
out__t697                         -1.46718e-06
out__t189                          -1.4673e-06
x3_lockout__t377                  -1.36802e-06
gnd_drv__t745                     -1.41255e-06
gnd_drv__t208                     -1.41254e-06
x3_lockout__t387                   -1.3682e-06
out__t702                         -1.46741e-06
out__t191                         -1.46753e-06
x3_lockout__t379                  -1.36838e-06
gnd_drv__t747                     -1.41253e-06
gnd_drv__t204                     -1.41252e-06
x3_lockout__t380                  -1.36856e-06
out__t698                         -1.46764e-06
x2_n5__t733                            4.50003
x2_n4__t26                        -3.27414e-06
gnd_drv__t879                      2.28737e-07
out__t192                         -1.46775e-06
x3_lockout__t381                  -1.36875e-06
gnd_drv__t748                     -1.41251e-06
gnd_drv__t205                      -1.4125e-06
x3_lockout__t382                  -1.36893e-06
out__t699                         -1.46787e-06
out__t193                         -1.46798e-06
x3_lockout__t383                  -1.36911e-06
gnd_drv__t749                     -1.41249e-06
gnd_drv__t206                     -1.41248e-06
x3_lockout__t384                  -1.36929e-06
out__t700                          -1.4681e-06
out__t194                         -1.46821e-06
x3_lockout__t385                  -1.36947e-06
gnd_drv__t750                     -1.41247e-06
gnd_drv__t207                     -1.41246e-06
x3_lockout__t386                  -1.36965e-06
out__t701                         -1.46833e-06
out__t172                         -1.46845e-06
x3_lockout__t342                  -1.36983e-06
gnd_drv__t728                     -1.41245e-06
gnd_drv__t157                     -1.41243e-06
x3_lockout__t280                  -1.37001e-06
out__t651                         -1.46856e-06
out__t139                         -1.46868e-06
x3_lockout__t281                  -1.37019e-06
gnd_drv__t695                     -1.41242e-06
gnd_drv__t158                     -1.41241e-06
x3_lockout__t282                  -1.37037e-06
out__t652                         -1.46879e-06
gnd_drv__t338                      2.07452e-07
x2_n4__t25                        -2.47065e-06
x2_n5__t760                            4.50003
out__t140                         -1.46891e-06
x3_lockout__t283                  -1.37055e-06
gnd_drv__t696                      -1.4124e-06
gnd_drv__t159                     -1.41239e-06
x3_lockout__t284                  -1.37073e-06
out__t653                         -1.46903e-06
out__t141                         -1.46914e-06
x3_lockout__t285                  -1.37091e-06
gnd_drv__t697                     -1.41238e-06
gnd_drv__t160                     -1.41237e-06
x3_lockout__t286                  -1.37109e-06
out__t654                         -1.46926e-06
out__t142                         -1.46938e-06
x3_lockout__t287                  -1.37127e-06
gnd_drv__t698                     -1.41236e-06
gnd_drv__t164                     -1.41235e-06
x3_lockout__t297                  -1.37145e-06
out__t658                         -1.46949e-06
out__t144                         -1.46961e-06
x3_lockout__t289                  -1.37163e-06
gnd_drv__t700                     -1.41234e-06
gnd_drv__t161                     -1.41233e-06
x3_lockout__t290                   -1.3718e-06
out__t655                         -1.46973e-06
out__t145                         -1.46985e-06
x3_lockout__t291                  -1.37198e-06
gnd_drv__t701                     -1.41232e-06
gnd_drv__t162                     -1.41231e-06
x3_lockout__t292                  -1.37216e-06
out__t656                         -1.46996e-06
x2_n5__t731                            4.50003
x2_n4__t23                        -1.64988e-06
gnd_drv__t877                      1.86129e-07
out__t146                         -1.47008e-06
x3_lockout__t293                  -1.37234e-06
gnd_drv__t702                      -1.4123e-06
gnd_drv__t10                      -1.41264e-06
x3_lockout__t3                     -1.3726e-06
out__t1                            -1.4702e-06
out__t160                         -1.44991e-06
x3_lockout__t320                  -1.34046e-06
gnd_drv__t716                     -1.41401e-06
gnd_drv__t154                     -1.41401e-06
x3_lockout__t276                  -1.34054e-06
out__t648                            -1.45e-06
out__t138                         -1.45008e-06
x3_lockout__t277                  -1.34062e-06
gnd_drv__t694                     -1.41401e-06
gnd_drv__t155                       -1.414e-06
x3_lockout__t278                  -1.34071e-06
out__t649                         -1.45017e-06
out__t153                         -1.45026e-06
x3_lockout__t306                  -1.34079e-06
gnd_drv__t709                       -1.414e-06
gnd_drv__t174                       -1.414e-06
x3_lockout__t316                  -1.34088e-06
out__t668                         -1.45034e-06
out__t158                         -1.45043e-06
x3_lockout__t317                  -1.34097e-06
gnd_drv__t714                     -1.41399e-06
gnd_drv__t175                     -1.41399e-06
x3_lockout__t318                  -1.34106e-06
out__t669                         -1.45052e-06
gnd_drv__t341                       1.6472e-07
x2_n4__t31                        -8.14083e-07
x2_n5__t763                            4.50003
out__t159                          -1.4506e-06
x3_lockout__t319                  -1.34115e-06
gnd_drv__t715                     -1.41398e-06
gnd_drv__t153                     -1.41398e-06
x3_lockout__t275                  -1.34125e-06
out__t647                         -1.45069e-06
out__t143                         -1.45078e-06
x3_lockout__t288                  -1.34134e-06
gnd_drv__t699                     -1.41398e-06
gnd_drv__t147                     -1.41397e-06
x3_lockout__t262                  -1.34144e-06
out__t641                         -1.45086e-06
out__t131                         -1.45095e-06
x3_lockout__t263                  -1.34154e-06
gnd_drv__t687                     -1.41397e-06
gnd_drv__t148                     -1.41396e-06
x3_lockout__t264                  -1.34164e-06
out__t642                         -1.45104e-06
out__t132                         -1.45113e-06
x3_lockout__t265                  -1.34174e-06
gnd_drv__t688                     -1.41396e-06
gnd_drv__t149                     -1.41395e-06
x3_lockout__t266                  -1.34184e-06
out__t643                         -1.45121e-06
out__t133                          -1.4513e-06
x3_lockout__t267                  -1.34194e-06
gnd_drv__t689                     -1.41395e-06
gnd_drv__t150                     -1.41394e-06
x3_lockout__t268                  -1.34205e-06
out__t644                         -1.45139e-06
x2_n5__t730                            4.50003
x2_n4__t21                         3.41592e-08
gnd_drv__t876                      1.43175e-07
out__t134                         -1.45148e-06
x3_lockout__t269                  -1.34215e-06
gnd_drv__t690                     -1.41394e-06
gnd_drv__t156                     -1.41393e-06
x3_lockout__t279                  -1.34226e-06
out__t650                         -1.45157e-06
out__t136                         -1.45166e-06
x3_lockout__t271                  -1.34237e-06
gnd_drv__t692                     -1.41393e-06
gnd_drv__t151                     -1.41392e-06
x3_lockout__t272                  -1.34248e-06
out__t645                         -1.45174e-06
out__t137                         -1.45183e-06
x3_lockout__t273                  -1.34259e-06
gnd_drv__t693                     -1.41392e-06
gnd_drv__t152                     -1.41391e-06
x3_lockout__t274                   -1.3427e-06
out__t646                         -1.45192e-06
out__t148                         -1.45201e-06
x3_lockout__t296                  -1.34281e-06
gnd_drv__t704                      -1.4139e-06
gnd_drv__t274                      -1.4139e-06
x3_lockout__t519                  -1.34293e-06
out__t768                          -1.4521e-06
out__t261                         -1.45219e-06
x3_lockout__t520                  -1.34305e-06
gnd_drv__t817                     -1.41389e-06
gnd_drv__t275                     -1.41389e-06
x3_lockout__t521                  -1.34316e-06
out__t769                         -1.45228e-06
gnd_drv__t336                      1.21631e-07
x2_n4__t20                         8.92266e-07
x2_n5__t758                            4.50003
out__t266                         -1.45237e-06
x3_lockout__t531                  -1.34328e-06
gnd_drv__t822                     -1.41388e-06
gnd_drv__t277                     -1.41388e-06
x3_lockout__t523                   -1.3434e-06
out__t771                         -1.45246e-06
out__t262                         -1.45255e-06
x3_lockout__t524                  -1.34352e-06
gnd_drv__t818                     -1.41387e-06
gnd_drv__t278                     -1.41386e-06
x3_lockout__t525                  -1.34365e-06
out__t772                         -1.45264e-06
out__t263                         -1.45273e-06
x3_lockout__t526                  -1.34377e-06
gnd_drv__t819                     -1.41386e-06
gnd_drv__t279                     -1.41385e-06
x3_lockout__t527                   -1.3439e-06
out__t773                         -1.45282e-06
out__t264                         -1.45291e-06
x3_lockout__t528                  -1.34402e-06
gnd_drv__t820                     -1.41384e-06
gnd_drv__t280                     -1.41384e-06
x3_lockout__t529                  -1.34415e-06
out__t774                           -1.453e-06
out__t265                          -1.4531e-06
x3_lockout__t530                  -1.34428e-06
gnd_drv__t821                     -1.41383e-06
gnd_drv__t257                     -1.41383e-06
x3_lockout__t486                  -1.34441e-06
out__t751                         -1.45319e-06
x2_n5__t740                            4.50003
x2_n4__t42                         1.75721e-06
gnd_drv__t893                      1.00048e-07
out__t214                         -1.45328e-06
x3_lockout__t424                  -1.34454e-06
gnd_drv__t770                     -1.41382e-06
gnd_drv__t226                     -1.41381e-06
x3_lockout__t425                  -1.34467e-06
out__t720                         -1.45337e-06
out__t215                         -1.45346e-06
x3_lockout__t426                   -1.3448e-06
gnd_drv__t771                     -1.41381e-06
gnd_drv__t227                      -1.4138e-06
x3_lockout__t427                  -1.34494e-06
out__t721                         -1.45356e-06
out__t216                         -1.45365e-06
x3_lockout__t428                  -1.34507e-06
gnd_drv__t772                     -1.41379e-06
gnd_drv__t228                     -1.41378e-06
x3_lockout__t429                  -1.34521e-06
out__t722                         -1.45374e-06
out__t217                         -1.45383e-06
x3_lockout__t430                  -1.34535e-06
gnd_drv__t773                     -1.41378e-06
gnd_drv__t229                     -1.41377e-06
x3_lockout__t431                  -1.34549e-06
out__t723                         -1.45392e-06
out__t222                         -1.45402e-06
x3_lockout__t441                  -1.34563e-06
gnd_drv__t778                     -1.41376e-06
gnd_drv__t231                     -1.41376e-06
x3_lockout__t433                  -1.34577e-06
out__t725                         -1.45411e-06
gnd_drv__t353                      7.84473e-08
x2_n4__t41                         2.62586e-06
x2_n5__t769                            4.50003
out__t218                         -1.45421e-06
x3_lockout__t434                  -1.34591e-06
gnd_drv__t774                     -1.41375e-06
gnd_drv__t232                     -1.41374e-06
x3_lockout__t435                  -1.34605e-06
out__t726                          -1.4543e-06
out__t219                         -1.45439e-06
x3_lockout__t436                   -1.3462e-06
gnd_drv__t775                     -1.41373e-06
gnd_drv__t233                     -1.41373e-06
x3_lockout__t437                  -1.34634e-06
out__t727                         -1.45449e-06
out__t220                         -1.45458e-06
x3_lockout__t438                  -1.34649e-06
gnd_drv__t776                     -1.41372e-06
gnd_drv__t234                     -1.41371e-06
x3_lockout__t439                  -1.34663e-06
out__t728                         -1.45467e-06
out__t221                         -1.45477e-06
x3_lockout__t440                  -1.34678e-06
gnd_drv__t777                      -1.4137e-06
gnd_drv__t230                      -1.4137e-06
x3_lockout__t432                  -1.34693e-06
out__t724                         -1.45486e-06
out__t204                         -1.45496e-06
x3_lockout__t406                  -1.34708e-06
gnd_drv__t760                     -1.41369e-06
gnd_drv__t218                     -1.41368e-06
x3_lockout__t407                  -1.34723e-06
out__t712                         -1.45505e-06
x2_n5__t739                            4.50003
x2_n4__t40                         3.49477e-06
gnd_drv__t892                      5.68563e-08
out__t205                         -1.45515e-06
x3_lockout__t408                  -1.34738e-06
gnd_drv__t761                     -1.41367e-06
gnd_drv__t219                     -1.41366e-06
x3_lockout__t409                  -1.34754e-06
out__t713                         -1.45524e-06
out__t206                         -1.45534e-06
x3_lockout__t410                  -1.34769e-06
gnd_drv__t762                     -1.41366e-06
gnd_drv__t220                     -1.41365e-06
x3_lockout__t411                  -1.34784e-06
out__t714                         -1.45543e-06
out__t207                         -1.45553e-06
x3_lockout__t412                    -1.348e-06
gnd_drv__t763                     -1.41364e-06
gnd_drv__t221                     -1.41363e-06
x3_lockout__t413                  -1.34815e-06
out__t715                         -1.45562e-06
out__t213                         -1.45572e-06
x3_lockout__t423                  -1.34831e-06
gnd_drv__t769                     -1.41362e-06
gnd_drv__t222                     -1.41362e-06
x3_lockout__t415                  -1.34847e-06
out__t716                         -1.45582e-06
out__t209                         -1.45591e-06
x3_lockout__t416                  -1.34863e-06
gnd_drv__t765                     -1.41361e-06
gnd_drv__t223                      -1.4136e-06
x3_lockout__t417                  -1.34879e-06
out__t717                         -1.45601e-06
gnd_drv__t352                      3.53153e-08
x2_n4__t39                         4.36021e-06
x2_n5__t768                            4.50002
out__t210                          -1.4561e-06
x3_lockout__t418                  -1.34895e-06
gnd_drv__t766                     -1.41359e-06
gnd_drv__t224                     -1.41358e-06
x3_lockout__t419                  -1.34911e-06
out__t718                          -1.4562e-06
out__t211                          -1.4563e-06
x3_lockout__t420                  -1.34927e-06
gnd_drv__t767                     -1.41357e-06
gnd_drv__t225                     -1.41357e-06
x3_lockout__t421                  -1.34943e-06
out__t719                          -1.4564e-06
out__t212                         -1.45649e-06
x3_lockout__t422                  -1.34959e-06
gnd_drv__t768                     -1.41356e-06
gnd_drv__t239                     -1.41355e-06
x3_lockout__t450                  -1.34976e-06
out__t733                         -1.45659e-06
out__t231                         -1.45669e-06
x3_lockout__t460                  -1.34992e-06
gnd_drv__t787                     -1.41354e-06
gnd_drv__t245                     -1.41353e-06
x3_lockout__t461                  -1.35009e-06
out__t739                         -1.45679e-06
out__t232                         -1.45688e-06
x3_lockout__t462                  -1.35025e-06
gnd_drv__t788                     -1.41352e-06
gnd_drv__t246                     -1.41351e-06
x3_lockout__t463                  -1.35042e-06
out__t740                         -1.45698e-06
x2_n5__t738                            4.50002
x2_n4__t38                         5.21811e-06
gnd_drv__t891                      1.38664e-08
out__t233                         -1.45708e-06
x3_lockout__t464                  -1.35059e-06
gnd_drv__t789                     -1.41351e-06
gnd_drv__t247                      -1.4135e-06
x3_lockout__t465                  -1.35075e-06
out__t741                         -1.45718e-06
out__t234                         -1.45728e-06
x3_lockout__t466                  -1.35092e-06
gnd_drv__t790                     -1.41349e-06
gnd_drv__t248                     -1.41348e-06
x3_lockout__t467                  -1.35109e-06
out__t742                         -1.45738e-06
out__t240                         -1.45747e-06
x3_lockout__t477                  -1.35126e-06
gnd_drv__t796                     -1.41347e-06
gnd_drv__t249                     -1.41346e-06
x3_lockout__t469                  -1.35143e-06
out__t743                         -1.45757e-06
out__t237                         -1.45767e-06
x3_lockout__t471                   -1.3516e-06
gnd_drv__t793                     -1.41345e-06
gnd_drv__t261                     -1.41344e-06
x3_lockout__t493                  -1.35177e-06
out__t755                         -1.45777e-06
out__t248                         -1.45787e-06
x3_lockout__t494                  -1.35194e-06
gnd_drv__t804                     -1.41343e-06
gnd_drv__t276                     -1.41342e-06
x3_lockout__t522                  -1.35212e-06
out__t770                         -1.45797e-06
gnd_drv__t351                     -7.43458e-09
x2_n4__t37                         6.06425e-06
x2_n5__t767                            4.50002
out__t267                         -1.45807e-06
x3_lockout__t532                  -1.35229e-06
gnd_drv__t823                     -1.41342e-06
gnd_drv__t281                     -1.41341e-06
x3_lockout__t533                  -1.35246e-06
out__t775                         -1.45817e-06
out__t268                         -1.45827e-06
x3_lockout__t534                  -1.35264e-06
gnd_drv__t824                      -1.4134e-06
gnd_drv__t282                     -1.41339e-06
x3_lockout__t535                  -1.35281e-06
out__t776                         -1.45837e-06
out__t269                         -1.45847e-06
x3_lockout__t536                  -1.35299e-06
gnd_drv__t825                     -1.41338e-06
gnd_drv__t283                     -1.41337e-06
x3_lockout__t537                  -1.35316e-06
out__t777                         -1.45857e-06
out__t270                         -1.45868e-06
x3_lockout__t538                  -1.35334e-06
gnd_drv__t826                     -1.41336e-06
gnd_drv__t284                     -1.41335e-06
x3_lockout__t539                  -1.35351e-06
out__t778                         -1.45878e-06
out__t275                         -1.45888e-06
x3_lockout__t550                  -1.35369e-06
gnd_drv__t831                     -1.41334e-06
gnd_drv__t285                     -1.41333e-06
x3_lockout__t541                  -1.35387e-06
out__t779                         -1.45898e-06
x1_nca__t0                                 4.5
vdd_logic__t2                             2.97
x1_na__t1                              1.94528
x2_n5__t737                            4.50002
x2_n4__t36                         6.89392e-06
gnd_drv__t890                     -2.85146e-08
out__t272                         -1.45908e-06
x3_lockout__t542                  -1.35404e-06
gnd_drv__t828                     -1.41332e-06
gnd_drv__t273                     -1.41331e-06
x3_lockout__t516                  -1.35422e-06
out__t767                         -1.45918e-06
out__t104                         -1.44203e-06
x3_lockout__t209                  -1.33443e-06
gnd_drv__t660                     -1.41367e-06
gnd_drv__t126                     -1.41368e-06
x3_lockout__t217                  -1.33459e-06
out__t620                          -1.4421e-06
out__t108                         -1.44217e-06
x3_lockout__t219                  -1.33475e-06
gnd_drv__t664                     -1.41369e-06
gnd_drv__t125                      -1.4137e-06
x3_lockout__t216                   -1.3349e-06
out__t619                         -1.44225e-06
out__t107                         -1.44232e-06
x3_lockout__t218                  -1.33504e-06
gnd_drv__t663                     -1.41371e-06
gnd_drv__t128                     -1.41372e-06
x3_lockout__t222                  -1.33518e-06
out__t622                         -1.44239e-06
out__t109                         -1.44247e-06
x3_lockout__t220                  -1.33531e-06
gnd_drv__t665                     -1.41373e-06
gnd_drv__t127                     -1.41374e-06
x3_lockout__t221                  -1.33544e-06
out__t621                         -1.44254e-06
gnd_drv__t346                     -4.92951e-08
x2_n4__t35                         7.70246e-06
x2_n5__t766                            4.50002
out__t110                         -1.44261e-06
x3_lockout__t223                  -1.33556e-06
gnd_drv__t666                     -1.41376e-06
gnd_drv__t121                     -1.41377e-06
x3_lockout__t210                  -1.33567e-06
out__t615                         -1.44269e-06
out__t105                         -1.44276e-06
x3_lockout__t211                  -1.33578e-06
gnd_drv__t661                     -1.41378e-06
gnd_drv__t122                     -1.41379e-06
x3_lockout__t212                  -1.33589e-06
out__t616                         -1.44284e-06
out__t106                         -1.44291e-06
x3_lockout__t213                  -1.33599e-06
gnd_drv__t662                      -1.4138e-06
gnd_drv__t123                      -1.4138e-06
x3_lockout__t214                  -1.33609e-06
out__t617                         -1.44299e-06
out__t114                         -1.44306e-06
x3_lockout__t230                  -1.33618e-06
gnd_drv__t670                     -1.41381e-06
gnd_drv__t116                     -1.41382e-06
x3_lockout__t201                  -1.33627e-06
out__t610                         -1.44313e-06
out__t34                          -1.44321e-06
x3_lockout__t66                   -1.33635e-06
gnd_drv__t590                     -1.41383e-06
gnd_drv__t129                     -1.41384e-06
x3_lockout__t224                  -1.33643e-06
out__t623                         -1.44328e-06
x2_n5__t728                            4.50002
x2_n4__t15                         8.48441e-06
gnd_drv__t872                     -6.96631e-08
out__t111                         -1.44336e-06
x3_lockout__t225                  -1.33651e-06
gnd_drv__t667                     -1.41385e-06
gnd_drv__t130                     -1.41386e-06
x3_lockout__t226                  -1.33658e-06
out__t624                         -1.44343e-06
out__t112                         -1.44351e-06
x3_lockout__t227                  -1.33665e-06
gnd_drv__t668                     -1.41387e-06
gnd_drv__t131                     -1.41387e-06
x3_lockout__t228                  -1.33672e-06
out__t625                         -1.44358e-06
out__t113                         -1.44366e-06
x3_lockout__t229                  -1.33678e-06
gnd_drv__t669                     -1.41388e-06
gnd_drv__t144                     -1.41389e-06
x3_lockout__t256                  -1.33684e-06
out__t638                         -1.44374e-06
out__t128                         -1.44381e-06
x3_lockout__t257                   -1.3369e-06
gnd_drv__t684                      -1.4139e-06
gnd_drv__t145                     -1.41391e-06
x3_lockout__t258                  -1.33695e-06
out__t639                         -1.44389e-06
out__t129                         -1.44396e-06
x3_lockout__t259                  -1.33701e-06
gnd_drv__t685                     -1.41391e-06
gnd_drv__t146                     -1.41392e-06
x3_lockout__t260                  -1.33706e-06
out__t640                         -1.44404e-06
gnd_drv__t332                        -8.95e-08
x2_n4__t14                         9.23454e-06
x2_n5__t754                            4.50002
out__t122                         -1.44411e-06
x3_lockout__t245                  -1.33711e-06
gnd_drv__t678                     -1.41393e-06
gnd_drv__t117                     -1.41393e-06
x3_lockout__t202                  -1.33716e-06
out__t611                         -1.44419e-06
out__t101                         -1.44427e-06
x3_lockout__t203                   -1.3372e-06
gnd_drv__t657                     -1.41394e-06
gnd_drv__t118                     -1.41395e-06
x3_lockout__t204                  -1.33725e-06
out__t612                         -1.44434e-06
out__t102                         -1.44442e-06
x3_lockout__t205                  -1.33729e-06
gnd_drv__t658                     -1.41395e-06
gnd_drv__t119                     -1.41396e-06
x3_lockout__t206                  -1.33733e-06
out__t613                          -1.4445e-06
out__t103                         -1.44457e-06
x3_lockout__t207                  -1.33737e-06
gnd_drv__t659                     -1.41396e-06
gnd_drv__t163                     -1.41397e-06
x3_lockout__t295                  -1.33741e-06
out__t657                         -1.44465e-06
out__t161                         -1.44473e-06
x3_lockout__t321                  -1.33745e-06
gnd_drv__t717                     -1.41397e-06
gnd_drv__t176                     -1.41398e-06
x3_lockout__t322                  -1.33748e-06
out__t670                          -1.4448e-06
x2_n5__t732                            4.50002
x2_n4__t24                         9.94708e-06
gnd_drv__t878                     -1.08595e-07
out__t162                         -1.44488e-06
x3_lockout__t323                  -1.33752e-06
gnd_drv__t718                     -1.41399e-06
gnd_drv__t181                     -1.41399e-06
x3_lockout__t333                  -1.33755e-06
out__t675                         -1.44496e-06
out__t164                         -1.44503e-06
x3_lockout__t325                  -1.33759e-06
gnd_drv__t720                       -1.414e-06
gnd_drv__t177                       -1.414e-06
x3_lockout__t326                  -1.33762e-06
out__t671                         -1.44511e-06
out__t165                         -1.44519e-06
x3_lockout__t327                  -1.33765e-06
gnd_drv__t721                       -1.414e-06
gnd_drv__t178                     -1.41401e-06
x3_lockout__t328                  -1.33768e-06
out__t672                         -1.44527e-06
out__t166                         -1.44534e-06
x3_lockout__t329                  -1.33771e-06
gnd_drv__t722                     -1.41401e-06
gnd_drv__t179                     -1.41402e-06
x3_lockout__t330                  -1.33775e-06
out__t673                         -1.44542e-06
out__t167                          -1.4455e-06
x3_lockout__t331                  -1.33778e-06
gnd_drv__t723                     -1.41402e-06
gnd_drv__t180                     -1.41402e-06
x3_lockout__t332                  -1.33781e-06
out__t674                         -1.44558e-06
gnd_drv__t334                     -1.26882e-07
x2_n4__t18                         1.06162e-05
x2_n5__t756                            4.50002
out__t163                         -1.44566e-06
x3_lockout__t324                  -1.33784e-06
gnd_drv__t719                     -1.41403e-06
gnd_drv__t165                     -1.41403e-06
x3_lockout__t298                  -1.33787e-06
out__t659                         -1.44574e-06
out__t149                         -1.44581e-06
x3_lockout__t299                   -1.3379e-06
gnd_drv__t705                     -1.41403e-06
gnd_drv__t166                     -1.41404e-06
x3_lockout__t300                  -1.33793e-06
out__t660                         -1.44589e-06
out__t150                         -1.44597e-06
x3_lockout__t301                  -1.33796e-06
gnd_drv__t706                     -1.41404e-06
gnd_drv__t167                     -1.41404e-06
x3_lockout__t302                  -1.33799e-06
out__t661                         -1.44605e-06
out__t151                         -1.44613e-06
x3_lockout__t303                  -1.33803e-06
gnd_drv__t707                     -1.41405e-06
gnd_drv__t168                     -1.41405e-06
x3_lockout__t304                  -1.33806e-06
out__t662                         -1.44621e-06
out__t152                         -1.44629e-06
x3_lockout__t305                  -1.33809e-06
gnd_drv__t708                     -1.41405e-06
gnd_drv__t173                     -1.41405e-06
x3_lockout__t315                  -1.33812e-06
out__t667                         -1.44637e-06
x2_n5__t746                            4.50002
x2_n4__t53                         1.12361e-05
gnd_drv__t987                     -1.44113e-07
out__t154                         -1.44645e-06
x3_lockout__t307                  -1.33816e-06
gnd_drv__t710                     -1.41405e-06
gnd_drv__t169                     -1.41406e-06
x3_lockout__t308                  -1.33819e-06
out__t663                         -1.44653e-06
out__t155                         -1.44661e-06
x3_lockout__t309                  -1.33822e-06
gnd_drv__t711                     -1.41406e-06
gnd_drv__t170                     -1.41406e-06
x3_lockout__t310                  -1.33826e-06
out__t664                         -1.44669e-06
out__t156                         -1.44677e-06
x3_lockout__t311                   -1.3383e-06
gnd_drv__t712                     -1.41406e-06
gnd_drv__t171                     -1.41406e-06
x3_lockout__t312                  -1.33833e-06
out__t665                         -1.44685e-06
out__t157                         -1.44693e-06
x3_lockout__t313                  -1.33837e-06
gnd_drv__t713                     -1.41406e-06
gnd_drv__t172                     -1.41406e-06
x3_lockout__t314                  -1.33841e-06
out__t666                         -1.44701e-06
out__t208                         -1.44709e-06
x3_lockout__t414                  -1.33845e-06
gnd_drv__t764                     -1.41406e-06
gnd_drv__t263                     -1.41406e-06
x3_lockout__t496                  -1.33849e-06
out__t757                         -1.44717e-06
gnd_drv__t335                     -1.60005e-07
x2_n4__t19                         1.18008e-05
x2_n5__t757                            4.50002
out__t249                         -1.44725e-06
x3_lockout__t497                  -1.33853e-06
gnd_drv__t805                     -1.41407e-06
gnd_drv__t264                     -1.41407e-06
x3_lockout__t498                  -1.33857e-06
out__t758                         -1.44733e-06
out__t250                         -1.44741e-06
x3_lockout__t499                  -1.33861e-06
gnd_drv__t806                     -1.41407e-06
gnd_drv__t265                     -1.41407e-06
x3_lockout__t500                  -1.33866e-06
out__t759                         -1.44749e-06
out__t251                         -1.44757e-06
x3_lockout__t501                   -1.3387e-06
gnd_drv__t807                     -1.41407e-06
gnd_drv__t266                     -1.41407e-06
x3_lockout__t502                  -1.33875e-06
out__t760                         -1.44766e-06
out__t252                         -1.44774e-06
x3_lockout__t503                  -1.33879e-06
gnd_drv__t808                     -1.41407e-06
gnd_drv__t271                     -1.41407e-06
x3_lockout__t513                  -1.33884e-06
out__t765                         -1.44782e-06
out__t254                          -1.4479e-06
x3_lockout__t505                  -1.33889e-06
gnd_drv__t810                     -1.41406e-06
gnd_drv__t267                     -1.41406e-06
x3_lockout__t506                  -1.33894e-06
out__t761                         -1.44798e-06
x2_n5__t729                            4.50002
x2_n4__t17                         1.23044e-05
gnd_drv__t874                     -1.74425e-07
out__t255                         -1.44807e-06
x3_lockout__t507                  -1.33899e-06
gnd_drv__t811                     -1.41406e-06
gnd_drv__t268                     -1.41406e-06
x3_lockout__t508                  -1.33905e-06
out__t762                         -1.44815e-06
out__t256                         -1.44823e-06
x3_lockout__t509                   -1.3391e-06
gnd_drv__t812                     -1.41406e-06
gnd_drv__t269                     -1.41406e-06
x3_lockout__t510                  -1.33915e-06
out__t763                         -1.44831e-06
out__t257                          -1.4484e-06
x3_lockout__t511                  -1.33921e-06
gnd_drv__t813                     -1.41406e-06
gnd_drv__t270                     -1.41406e-06
x3_lockout__t512                  -1.33927e-06
out__t764                         -1.44848e-06
out__t253                         -1.44856e-06
x3_lockout__t504                  -1.33933e-06
gnd_drv__t809                     -1.41406e-06
gnd_drv__t253                     -1.41405e-06
x3_lockout__t478                  -1.33939e-06
out__t747                         -1.44865e-06
out__t241                         -1.44873e-06
x3_lockout__t479                  -1.33945e-06
gnd_drv__t797                     -1.41405e-06
gnd_drv__t254                     -1.41405e-06
x3_lockout__t480                  -1.33951e-06
out__t748                         -1.44881e-06
gnd_drv__t358                     -1.87014e-07
x2_n4__t50                         1.27416e-05
x2_n5__t774                            4.50002
out__t242                          -1.4489e-06
x3_lockout__t481                  -1.33958e-06
gnd_drv__t798                     -1.41405e-06
gnd_drv__t255                     -1.41405e-06
x3_lockout__t482                  -1.33964e-06
out__t749                         -1.44898e-06
out__t243                         -1.44906e-06
x3_lockout__t483                  -1.33971e-06
gnd_drv__t799                     -1.41404e-06
gnd_drv__t256                     -1.41404e-06
x3_lockout__t484                  -1.33978e-06
out__t750                         -1.44915e-06
out__t244                         -1.44923e-06
x3_lockout__t485                  -1.33985e-06
gnd_drv__t800                     -1.41404e-06
gnd_drv__t262                     -1.41404e-06
x3_lockout__t495                  -1.33992e-06
out__t756                         -1.44932e-06
out__t245                          -1.4494e-06
x3_lockout__t487                  -1.33999e-06
gnd_drv__t801                     -1.41403e-06
gnd_drv__t258                     -1.41403e-06
x3_lockout__t488                  -1.34007e-06
out__t752                         -1.44949e-06
out__t246                         -1.44957e-06
x3_lockout__t489                  -1.34014e-06
gnd_drv__t802                     -1.41403e-06
gnd_drv__t259                     -1.41402e-06
x3_lockout__t490                  -1.34022e-06
out__t753                         -1.44966e-06
x1_ncb__t5                        -1.35204e-06
vdd_logic__t3                             2.97
x1_nb__t0                         -1.42299e-06
x2_n5__t743                            4.50002
x2_n4__t49                         1.31072e-05
gnd_drv__t896                     -1.97636e-07
out__t247                         -1.44974e-06
x3_lockout__t491                   -1.3403e-06
gnd_drv__t803                     -1.41402e-06
gnd_drv__t260                     -1.41402e-06
x3_lockout__t492                  -1.34038e-06
out__t754                         -1.44983e-06
out__t80                           -1.4351e-06
x3_lockout__t159                  -1.20109e-06
gnd_drv__t636                     -1.41181e-06
gnd_drv__t101                     -1.41183e-06
x3_lockout__t171                  -1.20487e-06
out__t595                         -1.43517e-06
out__t86                          -1.43524e-06
x3_lockout__t172                  -1.20856e-06
gnd_drv__t642                     -1.41185e-06
gnd_drv__t102                     -1.41187e-06
x3_lockout__t173                  -1.21217e-06
out__t596                          -1.4353e-06
out__t87                          -1.43537e-06
x3_lockout__t174                   -1.2157e-06
gnd_drv__t643                     -1.41189e-06
gnd_drv__t103                     -1.41191e-06
x3_lockout__t175                  -1.21914e-06
out__t597                         -1.43543e-06
out__t88                           -1.4355e-06
x3_lockout__t176                   -1.2225e-06
gnd_drv__t644                     -1.41193e-06
gnd_drv__t25                      -1.41196e-06
x3_lockout__t20                   -1.22578e-06
out__t519                         -1.43556e-06
gnd_drv__t357                     -2.05953e-07
x2_n4__t48                         1.33969e-05
x2_n5__t773                            4.50002
out__t7                           -1.43563e-06
x3_lockout__t13                   -1.22898e-06
gnd_drv__t563                     -1.41198e-06
gnd_drv__t251                       -1.412e-06
x3_lockout__t474                  -1.23211e-06
out__t745                          -1.4357e-06
out__t239                         -1.43576e-06
x3_lockout__t475                  -1.23515e-06
gnd_drv__t795                     -1.41202e-06
gnd_drv__t252                     -1.41204e-06
x3_lockout__t476                  -1.23813e-06
out__t746                         -1.43583e-06
out__t235                          -1.4359e-06
x3_lockout__t468                  -1.24103e-06
gnd_drv__t791                     -1.41206e-06
gnd_drv__t235                     -1.41208e-06
x3_lockout__t442                  -1.24386e-06
out__t729                         -1.43596e-06
out__t223                         -1.43603e-06
x3_lockout__t443                  -1.24662e-06
gnd_drv__t779                      -1.4121e-06
gnd_drv__t236                     -1.41212e-06
x3_lockout__t444                  -1.24931e-06
out__t730                         -1.43609e-06
out__t224                         -1.43616e-06
x3_lockout__t445                  -1.25193e-06
gnd_drv__t780                     -1.41214e-06
gnd_drv__t237                     -1.41216e-06
x3_lockout__t446                  -1.25449e-06
out__t731                         -1.43623e-06
x2_n5__t742                            4.50002
x2_n4__t47                         1.36071e-05
gnd_drv__t895                     -2.11815e-07
out__t225                          -1.4363e-06
x3_lockout__t447                  -1.25698e-06
gnd_drv__t781                     -1.41218e-06
gnd_drv__t238                     -1.41221e-06
x3_lockout__t448                  -1.25941e-06
out__t732                         -1.43636e-06
out__t226                         -1.43643e-06
x3_lockout__t449                  -1.26178e-06
gnd_drv__t782                     -1.41223e-06
gnd_drv__t244                     -1.41225e-06
x3_lockout__t459                  -1.26409e-06
out__t738                          -1.4365e-06
out__t227                         -1.43656e-06
x3_lockout__t451                  -1.26634e-06
gnd_drv__t783                     -1.41227e-06
gnd_drv__t240                     -1.41229e-06
x3_lockout__t452                  -1.26853e-06
out__t734                         -1.43663e-06
out__t228                          -1.4367e-06
x3_lockout__t453                  -1.27067e-06
gnd_drv__t784                     -1.41231e-06
gnd_drv__t241                     -1.41233e-06
x3_lockout__t454                  -1.27274e-06
out__t735                         -1.43676e-06
out__t229                         -1.43683e-06
x3_lockout__t455                  -1.27477e-06
gnd_drv__t785                     -1.41236e-06
gnd_drv__t242                     -1.41238e-06
x3_lockout__t456                  -1.27674e-06
out__t736                          -1.4369e-06
gnd_drv__t356                     -2.15129e-07
x2_n4__t46                         1.37351e-05
x2_n5__t772                            4.50002
out__t230                         -1.43697e-06
x3_lockout__t457                  -1.27866e-06
gnd_drv__t786                      -1.4124e-06
gnd_drv__t243                     -1.41242e-06
x3_lockout__t458                  -1.28053e-06
out__t737                         -1.43703e-06
out__t10                           -1.4371e-06
x3_lockout__t19                   -1.28235e-06
gnd_drv__t566                     -1.41244e-06
gnd_drv__t24                      -1.41246e-06
x3_lockout__t18                   -1.28412e-06
out__t518                         -1.43717e-06
out__t9                           -1.43724e-06
x3_lockout__t17                   -1.28584e-06
gnd_drv__t565                     -1.41248e-06
gnd_drv__t23                       -1.4125e-06
x3_lockout__t16                   -1.28751e-06
out__t517                         -1.43731e-06
out__t8                           -1.43737e-06
x3_lockout__t15                   -1.28914e-06
gnd_drv__t564                     -1.41253e-06
gnd_drv__t22                      -1.41255e-06
x3_lockout__t14                   -1.29073e-06
out__t516                         -1.43744e-06
out__t6                           -1.43751e-06
x3_lockout__t12                   -1.29227e-06
gnd_drv__t562                     -1.41257e-06
gnd_drv__t21                      -1.41259e-06
x3_lockout__t11                   -1.29377e-06
out__t515                         -1.43758e-06
x2_n5__t741                            4.50002
x2_n4__t45                         1.37794e-05
gnd_drv__t894                     -2.15695e-07
out__t2                           -1.43765e-06
x3_lockout__t4                    -1.29523e-06
gnd_drv__t558                     -1.41261e-06
gnd_drv__t18                      -1.41263e-06
x3_lockout__t5                    -1.29664e-06
out__t512                         -1.43771e-06
out__t3                           -1.43778e-06
x3_lockout__t6                    -1.29802e-06
gnd_drv__t559                     -1.41265e-06
gnd_drv__t19                      -1.41267e-06
x3_lockout__t7                    -1.29936e-06
out__t513                         -1.43785e-06
out__t4                           -1.43792e-06
x3_lockout__t8                    -1.30066e-06
gnd_drv__t560                     -1.41269e-06
gnd_drv__t20                      -1.41271e-06
x3_lockout__t9                    -1.30192e-06
out__t514                         -1.43799e-06
out__t5                           -1.43806e-06
x3_lockout__t10                   -1.30315e-06
gnd_drv__t561                     -1.41273e-06
gnd_drv__t250                     -1.41275e-06
x3_lockout__t472                  -1.30434e-06
out__t744                         -1.43813e-06
out__t238                         -1.43819e-06
x3_lockout__t473                   -1.3055e-06
gnd_drv__t794                     -1.41278e-06
gnd_drv__t93                       -1.4128e-06
x3_lockout__t155                  -1.30662e-06
out__t587                         -1.43826e-06
gnd_drv__t355                     -2.13547e-07
x2_n4__t44                         1.37398e-05
x2_n5__t771                            4.50002
out__t26                          -1.43833e-06
x3_lockout__t51                   -1.30771e-06
gnd_drv__t582                     -1.41282e-06
gnd_drv__t41                      -1.41284e-06
x3_lockout__t52                   -1.30877e-06
out__t535                          -1.4384e-06
out__t27                          -1.43847e-06
x3_lockout__t53                   -1.30979e-06
gnd_drv__t583                     -1.41286e-06
gnd_drv__t42                      -1.41288e-06
x3_lockout__t54                   -1.31079e-06
out__t536                         -1.43854e-06
out__t28                          -1.43861e-06
x3_lockout__t55                   -1.31176e-06
gnd_drv__t584                      -1.4129e-06
gnd_drv__t43                      -1.41291e-06
x3_lockout__t56                   -1.31269e-06
out__t537                         -1.43868e-06
out__t29                          -1.43875e-06
x3_lockout__t57                    -1.3136e-06
gnd_drv__t585                     -1.41293e-06
gnd_drv__t44                      -1.41295e-06
x3_lockout__t58                   -1.31448e-06
out__t538                         -1.43882e-06
out__t30                          -1.43889e-06
x3_lockout__t59                   -1.31534e-06
gnd_drv__t586                     -1.41297e-06
gnd_drv__t45                      -1.41299e-06
x3_lockout__t60                   -1.31616e-06
out__t539                         -1.43896e-06
x2_n5__t745                            4.50002
x2_n4__t52                         1.36166e-05
gnd_drv__t898                     -2.08721e-07
out__t31                          -1.43903e-06
x3_lockout__t61                   -1.31696e-06
gnd_drv__t587                     -1.41301e-06
gnd_drv__t46                      -1.41303e-06
x3_lockout__t62                   -1.31774e-06
out__t540                          -1.4391e-06
out__t32                          -1.43917e-06
x3_lockout__t63                   -1.31849e-06
gnd_drv__t588                     -1.41305e-06
gnd_drv__t47                      -1.41307e-06
x3_lockout__t64                   -1.31922e-06
out__t541                         -1.43924e-06
out__t41                          -1.43931e-06
x3_lockout__t80                   -1.31993e-06
gnd_drv__t597                     -1.41309e-06
gnd_drv__t95                       -1.4131e-06
x3_lockout__t160                  -1.32061e-06
out__t589                         -1.43938e-06
out__t81                          -1.43945e-06
x3_lockout__t161                  -1.32127e-06
gnd_drv__t637                     -1.41312e-06
gnd_drv__t96                      -1.41314e-06
x3_lockout__t162                  -1.32191e-06
out__t590                         -1.43952e-06
out__t82                          -1.43959e-06
x3_lockout__t163                  -1.32252e-06
gnd_drv__t638                     -1.41316e-06
gnd_drv__t97                      -1.41318e-06
x3_lockout__t164                  -1.32312e-06
out__t591                         -1.43966e-06
gnd_drv__t331                      -2.0133e-07
x2_n4__t13                         1.34121e-05
x2_n5__t753                            4.50001
out__t83                          -1.43973e-06
x3_lockout__t165                   -1.3237e-06
gnd_drv__t639                     -1.41319e-06
gnd_drv__t98                      -1.41321e-06
x3_lockout__t166                  -1.32426e-06
out__t592                          -1.4398e-06
out__t84                          -1.43987e-06
x3_lockout__t167                   -1.3248e-06
gnd_drv__t640                     -1.41323e-06
gnd_drv__t99                      -1.41325e-06
x3_lockout__t168                  -1.32532e-06
out__t593                         -1.43994e-06
out__t85                          -1.44001e-06
x3_lockout__t169                  -1.32582e-06
gnd_drv__t641                     -1.41326e-06
gnd_drv__t124                     -1.41328e-06
x3_lockout__t215                  -1.32631e-06
out__t618                         -1.44008e-06
out__t115                         -1.44015e-06
x3_lockout__t231                  -1.32678e-06
gnd_drv__t671                      -1.4133e-06
gnd_drv__t132                     -1.41331e-06
x3_lockout__t232                  -1.32723e-06
out__t626                         -1.44022e-06
out__t116                         -1.44029e-06
x3_lockout__t233                  -1.32767e-06
gnd_drv__t672                     -1.41333e-06
gnd_drv__t133                     -1.41334e-06
x3_lockout__t234                  -1.32809e-06
out__t627                         -1.44037e-06
x2_n5__t727                            4.50001
x2_n4__t12                         1.31286e-05
gnd_drv__t871                     -1.91527e-07
out__t117                         -1.44044e-06
x3_lockout__t235                   -1.3285e-06
gnd_drv__t673                     -1.41336e-06
gnd_drv__t134                     -1.41338e-06
x3_lockout__t236                  -1.32889e-06
out__t628                         -1.44051e-06
out__t118                         -1.44058e-06
x3_lockout__t237                  -1.32927e-06
gnd_drv__t674                     -1.41339e-06
gnd_drv__t135                     -1.41341e-06
x3_lockout__t238                  -1.32963e-06
out__t629                         -1.44065e-06
out__t119                         -1.44072e-06
x3_lockout__t239                  -1.32998e-06
gnd_drv__t675                     -1.41342e-06
gnd_drv__t136                     -1.41344e-06
x3_lockout__t240                  -1.33032e-06
out__t630                         -1.44079e-06
out__t120                         -1.44087e-06
x3_lockout__t241                  -1.33064e-06
gnd_drv__t676                     -1.41345e-06
gnd_drv__t137                     -1.41347e-06
x3_lockout__t242                  -1.33096e-06
out__t631                         -1.44094e-06
out__t121                         -1.44101e-06
x3_lockout__t243                  -1.33126e-06
gnd_drv__t677                     -1.41348e-06
gnd_drv__t138                      -1.4135e-06
x3_lockout__t244                  -1.33155e-06
out__t632                         -1.44108e-06
gnd_drv__t330                      -1.7952e-07
x2_n4__t11                           1.277e-05
x2_n5__t752                            4.50001
out__t130                         -1.44115e-06
x3_lockout__t261                  -1.33183e-06
gnd_drv__t686                     -1.41351e-06
gnd_drv__t139                     -1.41352e-06
x3_lockout__t246                   -1.3321e-06
out__t633                         -1.44123e-06
out__t123                          -1.4413e-06
x3_lockout__t247                  -1.33235e-06
gnd_drv__t679                     -1.41354e-06
gnd_drv__t140                     -1.41355e-06
x3_lockout__t248                   -1.3326e-06
out__t634                         -1.44137e-06
out__t124                         -1.44144e-06
x3_lockout__t249                  -1.33284e-06
gnd_drv__t680                     -1.41357e-06
gnd_drv__t141                     -1.41358e-06
x3_lockout__t250                  -1.33307e-06
out__t635                         -1.44152e-06
out__t125                         -1.44159e-06
x3_lockout__t251                  -1.33329e-06
gnd_drv__t681                     -1.41359e-06
gnd_drv__t142                      -1.4136e-06
x3_lockout__t252                   -1.3335e-06
out__t636                         -1.44166e-06
out__t126                         -1.44173e-06
x3_lockout__t253                   -1.3337e-06
gnd_drv__t682                     -1.41362e-06
gnd_drv__t143                     -1.41363e-06
x3_lockout__t254                   -1.3339e-06
out__t637                         -1.44181e-06
x1_nbuf1__t2                               4.5
x1_ncb__t2                        -8.26892e-07
gnd_drv__t3                       -1.41127e-06
x2_n5__t726                            4.50001
x2_n4__t10                         1.23405e-05
gnd_drv__t870                     -1.65527e-07
out__t127                         -1.44188e-06
x3_lockout__t255                  -1.33408e-06
gnd_drv__t683                     -1.41364e-06
gnd_drv__t120                     -1.41365e-06
x3_lockout__t208                  -1.33426e-06
out__t614                         -1.44195e-06
out__t435                         -1.43828e-06
x3_lockout__t653                  -1.33686e-06
gnd_drv__t1017                    -1.41636e-06
gnd_drv__t494                     -1.41636e-06
x3_lockout__t683                  -1.33666e-06
out__t961                         -1.43827e-06
out__t450                         -1.43825e-06
x3_lockout__t684                  -1.33645e-06
gnd_drv__t1032                    -1.41635e-06
gnd_drv__t493                     -1.41635e-06
x3_lockout__t681                  -1.33623e-06
out__t960                         -1.43824e-06
out__t449                         -1.43823e-06
x3_lockout__t682                  -1.33599e-06
gnd_drv__t1031                    -1.41634e-06
gnd_drv__t481                     -1.41633e-06
x3_lockout__t659                  -1.33575e-06
out__t948                         -1.43821e-06
out__t443                          -1.4382e-06
x3_lockout__t669                   -1.3355e-06
gnd_drv__t1025                    -1.41633e-06
gnd_drv__t472                     -1.41632e-06
x3_lockout__t639                  -1.33523e-06
out__t939                         -1.43819e-06
gnd_drv__t329                     -1.49784e-07
x2_n4__t9                          1.18448e-05
x2_n5__t751                            4.50001
out__t428                         -1.43817e-06
x3_lockout__t640                  -1.33496e-06
gnd_drv__t1010                    -1.41631e-06
gnd_drv__t473                      -1.4163e-06
x3_lockout__t641                  -1.33467e-06
out__t940                         -1.43816e-06
out__t429                         -1.43814e-06
x3_lockout__t642                  -1.33437e-06
gnd_drv__t1011                    -1.41629e-06
gnd_drv__t478                     -1.41628e-06
x3_lockout__t652                  -1.33405e-06
out__t945                         -1.43813e-06
out__t431                         -1.43811e-06
x3_lockout__t644                  -1.33372e-06
gnd_drv__t1013                    -1.41627e-06
gnd_drv__t474                     -1.41626e-06
x3_lockout__t645                  -1.33338e-06
out__t941                          -1.4381e-06
out__t432                         -1.43808e-06
x3_lockout__t646                  -1.33302e-06
gnd_drv__t1014                    -1.41625e-06
gnd_drv__t475                     -1.41624e-06
x3_lockout__t647                  -1.33265e-06
out__t942                         -1.43806e-06
out__t433                         -1.43805e-06
x3_lockout__t648                  -1.33227e-06
gnd_drv__t1015                    -1.41623e-06
gnd_drv__t476                     -1.41621e-06
x3_lockout__t649                  -1.33187e-06
out__t943                         -1.43803e-06
x2_n5__t725                            4.50001
x2_n4__t8                          1.12878e-05
gnd_drv__t869                      -1.3252e-07
out__t434                         -1.43802e-06
x3_lockout__t650                  -1.33145e-06
gnd_drv__t1016                     -1.4162e-06
gnd_drv__t477                     -1.41619e-06
x3_lockout__t651                  -1.33102e-06
out__t944                           -1.438e-06
out__t430                         -1.43798e-06
x3_lockout__t643                  -1.33057e-06
gnd_drv__t1012                    -1.41617e-06
gnd_drv__t463                     -1.41616e-06
x3_lockout__t619                   -1.3301e-06
out__t930                         -1.43796e-06
out__t417                         -1.43795e-06
x3_lockout__t620                  -1.32961e-06
gnd_drv__t999                     -1.41614e-06
gnd_drv__t464                     -1.41612e-06
x3_lockout__t621                  -1.32911e-06
out__t931                         -1.43793e-06
out__t418                         -1.43791e-06
x3_lockout__t622                  -1.32859e-06
gnd_drv__t1000                     -1.4161e-06
gnd_drv__t465                     -1.41609e-06
x3_lockout__t623                  -1.32805e-06
out__t932                         -1.43789e-06
out__t419                         -1.43787e-06
x3_lockout__t624                  -1.32748e-06
gnd_drv__t1001                    -1.41607e-06
gnd_drv__t466                     -1.41605e-06
x3_lockout__t625                   -1.3269e-06
out__t933                         -1.43785e-06
gnd_drv__t333                     -1.13899e-07
x2_n4__t16                         1.06747e-05
x2_n5__t755                            4.50001
out__t425                         -1.43783e-06
x3_lockout__t635                   -1.3263e-06
gnd_drv__t1007                    -1.41602e-06
gnd_drv__t467                       -1.416e-06
x3_lockout__t627                  -1.32568e-06
out__t934                         -1.43781e-06
out__t421                         -1.43779e-06
x3_lockout__t628                  -1.32503e-06
gnd_drv__t1003                    -1.41598e-06
gnd_drv__t468                     -1.41596e-06
x3_lockout__t629                  -1.32437e-06
out__t935                         -1.43777e-06
out__t422                         -1.43775e-06
x3_lockout__t630                  -1.32368e-06
gnd_drv__t1004                    -1.41593e-06
gnd_drv__t469                     -1.41591e-06
x3_lockout__t631                  -1.32296e-06
out__t936                         -1.43773e-06
out__t423                         -1.43771e-06
x3_lockout__t632                  -1.32223e-06
gnd_drv__t1005                    -1.41588e-06
gnd_drv__t470                     -1.41585e-06
x3_lockout__t633                  -1.32147e-06
out__t937                         -1.43769e-06
out__t424                         -1.43766e-06
x3_lockout__t634                  -1.32068e-06
gnd_drv__t1006                    -1.41583e-06
gnd_drv__t482                      -1.4158e-06
x3_lockout__t660                  -1.31987e-06
out__t949                         -1.43764e-06
x2_n5__t724                            4.50001
x2_n4__t7                          1.00108e-05
gnd_drv__t868                     -9.42379e-08
out__t451                         -1.43762e-06
x3_lockout__t685                  -1.31903e-06
gnd_drv__t1033                    -1.41577e-06
gnd_drv__t491                     -1.41574e-06
x3_lockout__t677                  -1.31816e-06
out__t958                         -1.43759e-06
out__t436                         -1.43757e-06
x3_lockout__t654                  -1.31727e-06
gnd_drv__t1018                     -1.4157e-06
gnd_drv__t479                     -1.41567e-06
x3_lockout__t655                  -1.31635e-06
out__t946                         -1.43754e-06
out__t437                         -1.43752e-06
x3_lockout__t656                   -1.3154e-06
gnd_drv__t1019                    -1.41564e-06
gnd_drv__t487                      -1.4156e-06
x3_lockout__t670                  -1.31442e-06
out__t954                         -1.43749e-06
out__t444                         -1.43746e-06
x3_lockout__t671                   -1.3134e-06
gnd_drv__t1026                    -1.41557e-06
gnd_drv__t480                     -1.41553e-06
x3_lockout__t657                  -1.31236e-06
out__t947                         -1.43744e-06
out__t438                         -1.43741e-06
x3_lockout__t658                  -1.31129e-06
gnd_drv__t1020                    -1.41549e-06
gnd_drv__t488                     -1.41545e-06
x3_lockout__t672                  -1.31018e-06
out__t955                         -1.43738e-06
gnd_drv__t343                     -7.36594e-08
x2_n4__t34                         9.30119e-06
x2_n5__t765                            4.50001
out__t445                         -1.43735e-06
x3_lockout__t673                  -1.30904e-06
gnd_drv__t1027                    -1.41542e-06
gnd_drv__t490                     -1.41537e-06
x3_lockout__t675                  -1.30787e-06
out__t957                         -1.43732e-06
out__t446                         -1.43729e-06
x3_lockout__t676                  -1.30666e-06
gnd_drv__t1028                    -1.41533e-06
gnd_drv__t495                     -1.41529e-06
x3_lockout__t686                  -1.30542e-06
out__t962                         -1.43726e-06
out__t447                         -1.43723e-06
x3_lockout__t678                  -1.30414e-06
gnd_drv__t1029                    -1.41524e-06
gnd_drv__t492                      -1.4152e-06
x3_lockout__t679                  -1.30282e-06
out__t959                          -1.4372e-06
out__t448                         -1.43717e-06
x3_lockout__t680                  -1.30147e-06
gnd_drv__t1030                    -1.41515e-06
gnd_drv__t438                     -1.41511e-06
x3_lockout__t573                  -1.30007e-06
out__t905                         -1.43714e-06
out__t147                          -1.4371e-06
x3_lockout__t294                  -1.29864e-06
gnd_drv__t703                     -1.41506e-06
gnd_drv__t105                     -1.41501e-06
x3_lockout__t178                  -1.29717e-06
out__t599                         -1.43707e-06
x2_n5__t736                            4.50001
x2_n4__t33                         8.55088e-06
gnd_drv__t882                     -5.22618e-08
out__t89                          -1.43703e-06
x3_lockout__t179                  -1.29565e-06
gnd_drv__t645                     -1.41496e-06
gnd_drv__t106                      -1.4149e-06
x3_lockout__t180                  -1.29409e-06
out__t600                           -1.437e-06
out__t90                          -1.43696e-06
x3_lockout__t181                  -1.29249e-06
gnd_drv__t646                     -1.41485e-06
gnd_drv__t107                     -1.41479e-06
x3_lockout__t182                  -1.29085e-06
out__t601                         -1.43693e-06
out__t91                          -1.43689e-06
x3_lockout__t183                  -1.28916e-06
gnd_drv__t647                     -1.41474e-06
gnd_drv__t33                      -1.41468e-06
x3_lockout__t35                   -1.28743e-06
out__t527                         -1.43685e-06
out__t92                          -1.43681e-06
x3_lockout__t184                  -1.28564e-06
gnd_drv__t648                     -1.41462e-06
gnd_drv__t115                     -1.41456e-06
x3_lockout__t200                  -1.28381e-06
out__t609                         -1.43677e-06
out__t94                          -1.43673e-06
x3_lockout__t186                  -1.28194e-06
gnd_drv__t650                      -1.4145e-06
gnd_drv__t108                     -1.41444e-06
x3_lockout__t187                  -1.28001e-06
out__t602                         -1.43669e-06
gnd_drv__t354                     -3.03014e-08
x2_n4__t43                         7.76457e-06
x2_n5__t770                            4.50001
out__t95                          -1.43665e-06
x3_lockout__t188                  -1.27803e-06
gnd_drv__t651                     -1.41437e-06
gnd_drv__t109                     -1.41431e-06
x3_lockout__t189                    -1.276e-06
out__t603                          -1.4366e-06
out__t96                          -1.43656e-06
x3_lockout__t190                  -1.27391e-06
gnd_drv__t652                     -1.41424e-06
gnd_drv__t110                     -1.41417e-06
x3_lockout__t191                  -1.27177e-06
out__t604                         -1.43651e-06
out__t97                          -1.43647e-06
x3_lockout__t192                  -1.26958e-06
gnd_drv__t653                      -1.4141e-06
gnd_drv__t111                     -1.41403e-06
x3_lockout__t193                  -1.26733e-06
out__t605                         -1.43642e-06
out__t98                          -1.43637e-06
x3_lockout__t194                  -1.26502e-06
gnd_drv__t654                     -1.41396e-06
gnd_drv__t112                     -1.41388e-06
x3_lockout__t195                  -1.26266e-06
out__t606                         -1.43632e-06
out__t99                          -1.43628e-06
x3_lockout__t196                  -1.26023e-06
gnd_drv__t655                     -1.41381e-06
gnd_drv__t113                     -1.41373e-06
x3_lockout__t197                  -1.25775e-06
out__t607                         -1.43622e-06
x2_n5__t744                            4.50001
x2_n4__t51                          6.9471e-06
gnd_drv__t897                     -7.77788e-09
out__t100                         -1.43617e-06
x3_lockout__t198                   -1.2552e-06
gnd_drv__t656                     -1.41365e-06
gnd_drv__t114                     -1.41357e-06
x3_lockout__t199                  -1.25259e-06
out__t608                         -1.43612e-06
out__t93                          -1.43607e-06
x3_lockout__t185                  -1.24992e-06
gnd_drv__t649                     -1.41349e-06
gnd_drv__t86                      -1.41341e-06
x3_lockout__t141                  -1.24717e-06
out__t580                         -1.43601e-06
out__t71                          -1.43596e-06
x3_lockout__t142                  -1.24437e-06
gnd_drv__t627                     -1.41332e-06
gnd_drv__t87                      -1.41323e-06
x3_lockout__t143                  -1.24149e-06
out__t581                          -1.4359e-06
out__t72                          -1.43584e-06
x3_lockout__t144                  -1.23855e-06
gnd_drv__t628                     -1.41315e-06
gnd_drv__t88                      -1.41305e-06
x3_lockout__t145                  -1.23553e-06
out__t582                         -1.43578e-06
out__t73                          -1.43572e-06
x3_lockout__t146                  -1.23244e-06
gnd_drv__t629                     -1.41296e-06
gnd_drv__t89                      -1.41287e-06
x3_lockout__t147                  -1.22928e-06
out__t583                         -1.43566e-06
gnd_drv__t342                      1.51499e-08
x2_n4__t32                         6.10271e-06
x2_n5__t764                            4.50001
out__t74                           -1.4356e-06
x3_lockout__t148                  -1.22605e-06
gnd_drv__t630                     -1.41277e-06
gnd_drv__t90                      -1.41267e-06
x3_lockout__t149                  -1.22273e-06
out__t584                         -1.43554e-06
out__t75                          -1.43547e-06
x3_lockout__t150                  -1.21934e-06
gnd_drv__t631                     -1.41258e-06
gnd_drv__t91                      -1.41247e-06
x3_lockout__t151                  -1.21588e-06
out__t585                          -1.4354e-06
out__t76                          -1.43534e-06
x3_lockout__t152                  -1.21233e-06
gnd_drv__t632                     -1.41237e-06
gnd_drv__t92                      -1.41227e-06
x3_lockout__t153                   -1.2087e-06
out__t586                         -1.43527e-06
out__t77                           -1.4352e-06
x3_lockout__t154                  -1.20499e-06
gnd_drv__t633                     -1.41216e-06
gnd_drv__t100                     -1.41205e-06
x3_lockout__t170                  -1.20119e-06
out__t594                         -1.43513e-06
out__t78                          -1.43505e-06
x3_lockout__t156                  -1.19733e-06
gnd_drv__t634                     -1.41194e-06
gnd_drv__t94                      -1.41183e-06
x3_lockout__t157                  -1.19343e-06
out__t588                         -1.43498e-06
in_drv__t3                        -1.36384e-06
x1_nbuf1__t0                               4.5
gnd_drv__t2                       -1.68652e-06
x2_n5__t0                              4.50004
x2_n4__t0                          9.40763e-06
gnd_drv__t17                       1.53627e-07
out__t79                          -1.43498e-06
x3_lockout__t158                  -1.19334e-06
gnd_drv__t635                     -1.41178e-06
gnd_drv__t104                      -1.4118e-06
x3_lockout__t177                  -1.19722e-06
out__t598                         -1.43504e-06
out__t67                          -1.43993e-06
x3_lockout__t135                   -1.3401e-06
gnd_drv__t623                     -1.41618e-06
gnd_drv__t29                      -1.41618e-06
x3_lockout__t28                   -1.34006e-06
out__t523                         -1.43991e-06
out__t15                          -1.43988e-06
x3_lockout__t29                   -1.34003e-06
gnd_drv__t571                     -1.41619e-06
gnd_drv__t30                      -1.41619e-06
x3_lockout__t30                   -1.33999e-06
out__t524                         -1.43986e-06
out__t16                          -1.43983e-06
x3_lockout__t31                   -1.33996e-06
gnd_drv__t572                     -1.41619e-06
gnd_drv__t31                       -1.4162e-06
x3_lockout__t32                   -1.33992e-06
out__t525                         -1.43981e-06
out__t17                          -1.43978e-06
x3_lockout__t33                   -1.33989e-06
gnd_drv__t573                      -1.4162e-06
gnd_drv__t32                      -1.41621e-06
x3_lockout__t34                   -1.33986e-06
out__t526                         -1.43976e-06
gnd_drv__t313                      6.95335e-06
x2_n5__t48                                 4.5
out__t807                          1.83193e-06
out__t25                          -1.43973e-06
x3_lockout__t50                   -1.33983e-06
gnd_drv__t581                     -1.41621e-06
gnd_drv__t34                      -1.41621e-06
x3_lockout__t36                   -1.33981e-06
out__t528                         -1.43971e-06
out__t18                          -1.43968e-06
x3_lockout__t37                   -1.33978e-06
gnd_drv__t574                     -1.41622e-06
gnd_drv__t35                      -1.41622e-06
x3_lockout__t38                   -1.33976e-06
out__t529                         -1.43966e-06
out__t19                          -1.43964e-06
x3_lockout__t39                   -1.33973e-06
gnd_drv__t575                     -1.41623e-06
gnd_drv__t36                      -1.41623e-06
x3_lockout__t40                   -1.33971e-06
out__t530                         -1.43961e-06
out__t20                          -1.43959e-06
x3_lockout__t41                   -1.33969e-06
gnd_drv__t576                     -1.41623e-06
gnd_drv__t37                      -1.41624e-06
x3_lockout__t42                   -1.33968e-06
out__t531                         -1.43957e-06
out__t21                          -1.43955e-06
x3_lockout__t43                   -1.33966e-06
gnd_drv__t577                     -1.41624e-06
gnd_drv__t38                      -1.41625e-06
x3_lockout__t44                   -1.33964e-06
out__t532                         -1.43953e-06
out__t299                          1.80737e-06
x2_n5__t47                                 4.5
gnd_drv__t855                      6.90885e-06
out__t22                           -1.4395e-06
x3_lockout__t45                   -1.33963e-06
gnd_drv__t578                     -1.41625e-06
gnd_drv__t39                      -1.41625e-06
x3_lockout__t46                   -1.33962e-06
out__t533                         -1.43948e-06
out__t23                          -1.43946e-06
x3_lockout__t47                   -1.33961e-06
gnd_drv__t579                     -1.41626e-06
gnd_drv__t40                      -1.41626e-06
x3_lockout__t48                    -1.3396e-06
out__t534                         -1.43944e-06
out__t24                          -1.43942e-06
x3_lockout__t49                   -1.33959e-06
gnd_drv__t580                     -1.41626e-06
gnd_drv__t62                      -1.41627e-06
x3_lockout__t95                   -1.33958e-06
out__t556                          -1.4394e-06
out__t56                          -1.43938e-06
x3_lockout__t111                  -1.33957e-06
gnd_drv__t612                     -1.41627e-06
gnd_drv__t71                      -1.41627e-06
x3_lockout__t112                  -1.33957e-06
out__t565                         -1.43936e-06
out__t57                          -1.43934e-06
x3_lockout__t113                  -1.33956e-06
gnd_drv__t613                     -1.41628e-06
gnd_drv__t72                      -1.41628e-06
x3_lockout__t114                  -1.33956e-06
out__t566                         -1.43932e-06
gnd_drv__t312                      6.86295e-06
x2_n5__t46                                 4.5
out__t806                          1.78236e-06
out__t58                           -1.4393e-06
x3_lockout__t115                  -1.33956e-06
gnd_drv__t614                     -1.41628e-06
gnd_drv__t73                      -1.41629e-06
x3_lockout__t116                  -1.33956e-06
out__t567                         -1.43928e-06
out__t59                          -1.43926e-06
x3_lockout__t117                  -1.33956e-06
gnd_drv__t615                     -1.41629e-06
gnd_drv__t74                      -1.41629e-06
x3_lockout__t118                  -1.33956e-06
out__t568                         -1.43924e-06
out__t60                          -1.43922e-06
x3_lockout__t119                  -1.33956e-06
gnd_drv__t616                      -1.4163e-06
gnd_drv__t75                       -1.4163e-06
x3_lockout__t120                  -1.33956e-06
out__t569                         -1.43921e-06
out__t61                          -1.43919e-06
x3_lockout__t121                  -1.33956e-06
gnd_drv__t617                      -1.4163e-06
gnd_drv__t76                      -1.41631e-06
x3_lockout__t122                  -1.33957e-06
out__t570                         -1.43917e-06
out__t62                          -1.43915e-06
x3_lockout__t123                  -1.33957e-06
gnd_drv__t618                     -1.41631e-06
gnd_drv__t77                      -1.41631e-06
x3_lockout__t124                  -1.33958e-06
out__t571                         -1.43913e-06
out__t298                          1.75721e-06
x2_n5__t45                                 4.5
gnd_drv__t854                      6.81683e-06
out__t70                          -1.43912e-06
x3_lockout__t140                  -1.33958e-06
gnd_drv__t626                     -1.41632e-06
gnd_drv__t79                      -1.41632e-06
x3_lockout__t126                  -1.33959e-06
out__t573                          -1.4391e-06
out__t63                          -1.43908e-06
x3_lockout__t127                   -1.3396e-06
gnd_drv__t619                     -1.41632e-06
gnd_drv__t80                      -1.41632e-06
x3_lockout__t128                   -1.3396e-06
out__t574                         -1.43907e-06
out__t64                          -1.43905e-06
x3_lockout__t129                  -1.33961e-06
gnd_drv__t620                     -1.41633e-06
gnd_drv__t81                      -1.41633e-06
x3_lockout__t130                  -1.33962e-06
out__t575                         -1.43903e-06
out__t65                          -1.43902e-06
x3_lockout__t131                  -1.33963e-06
gnd_drv__t621                     -1.41633e-06
gnd_drv__t82                      -1.41634e-06
x3_lockout__t132                  -1.33963e-06
out__t576                           -1.439e-06
out__t66                          -1.43899e-06
x3_lockout__t133                  -1.33964e-06
gnd_drv__t622                     -1.41634e-06
gnd_drv__t83                      -1.41634e-06
x3_lockout__t134                  -1.33965e-06
out__t577                         -1.43897e-06
gnd_drv__t311                       6.7701e-06
x2_n5__t44                                 4.5
out__t805                          1.73156e-06
out__t14                          -1.43896e-06
x3_lockout__t27                   -1.33966e-06
gnd_drv__t570                     -1.41634e-06
gnd_drv__t49                      -1.41635e-06
x3_lockout__t69                   -1.33967e-06
out__t543                         -1.43894e-06
out__t36                          -1.43893e-06
x3_lockout__t70                   -1.33967e-06
gnd_drv__t592                     -1.41635e-06
gnd_drv__t50                      -1.41635e-06
x3_lockout__t71                   -1.33968e-06
out__t544                         -1.43891e-06
out__t37                           -1.4389e-06
x3_lockout__t72                   -1.33969e-06
gnd_drv__t593                     -1.41635e-06
gnd_drv__t51                      -1.41636e-06
x3_lockout__t73                   -1.33969e-06
out__t545                         -1.43888e-06
out__t38                          -1.43887e-06
x3_lockout__t74                    -1.3397e-06
gnd_drv__t594                     -1.41636e-06
gnd_drv__t52                      -1.41636e-06
x3_lockout__t75                    -1.3397e-06
out__t546                         -1.43885e-06
out__t39                          -1.43884e-06
x3_lockout__t76                   -1.33971e-06
gnd_drv__t595                     -1.41636e-06
gnd_drv__t53                      -1.41637e-06
x3_lockout__t77                   -1.33971e-06
out__t547                         -1.43882e-06
out__t297                          1.70595e-06
x2_n5__t43                                 4.5
gnd_drv__t853                      6.72289e-06
out__t40                          -1.43881e-06
x3_lockout__t78                   -1.33971e-06
gnd_drv__t596                     -1.41637e-06
gnd_drv__t54                      -1.41637e-06
x3_lockout__t79                   -1.33971e-06
out__t548                          -1.4388e-06
out__t33                          -1.43878e-06
x3_lockout__t65                   -1.33971e-06
gnd_drv__t589                     -1.41637e-06
gnd_drv__t26                      -1.41637e-06
x3_lockout__t21                   -1.33971e-06
out__t520                         -1.43877e-06
out__t11                          -1.43876e-06
x3_lockout__t22                   -1.33971e-06
gnd_drv__t567                     -1.41638e-06
gnd_drv__t27                      -1.41638e-06
x3_lockout__t23                    -1.3397e-06
out__t521                         -1.43874e-06
out__t12                          -1.43873e-06
x3_lockout__t24                    -1.3397e-06
gnd_drv__t568                     -1.41638e-06
gnd_drv__t28                      -1.41638e-06
x3_lockout__t25                   -1.33969e-06
out__t522                         -1.43872e-06
out__t13                           -1.4387e-06
x3_lockout__t26                   -1.33968e-06
gnd_drv__t569                     -1.41638e-06
gnd_drv__t48                      -1.41638e-06
x3_lockout__t68                   -1.33966e-06
out__t542                         -1.43869e-06
gnd_drv__t315                      6.67582e-06
x2_n5__t51                                 4.5
out__t809                           1.6802e-06
out__t439                         -1.43868e-06
x3_lockout__t661                  -1.33965e-06
gnd_drv__t1021                    -1.41639e-06
gnd_drv__t483                     -1.41639e-06
x3_lockout__t662                  -1.33963e-06
out__t950                         -1.43867e-06
out__t440                         -1.43865e-06
x3_lockout__t663                  -1.33961e-06
gnd_drv__t1022                    -1.41639e-06
gnd_drv__t484                     -1.41639e-06
x3_lockout__t664                  -1.33959e-06
out__t951                         -1.43864e-06
out__t441                         -1.43863e-06
x3_lockout__t665                  -1.33956e-06
gnd_drv__t1023                    -1.41639e-06
gnd_drv__t485                     -1.41639e-06
x3_lockout__t666                  -1.33953e-06
out__t952                         -1.43862e-06
out__t442                          -1.4386e-06
x3_lockout__t667                   -1.3395e-06
gnd_drv__t1024                    -1.41639e-06
gnd_drv__t486                     -1.41639e-06
x3_lockout__t668                  -1.33946e-06
out__t953                         -1.43859e-06
out__t420                         -1.43858e-06
x3_lockout__t626                  -1.33942e-06
gnd_drv__t1002                     -1.4164e-06
gnd_drv__t436                      -1.4164e-06
x3_lockout__t569                  -1.33938e-06
out__t903                         -1.43857e-06
out__t296                          1.65441e-06
x2_n5__t41                                 4.5
gnd_drv__t852                      6.62797e-06
out__t394                         -1.43855e-06
x3_lockout__t570                  -1.33933e-06
gnd_drv__t975                      -1.4164e-06
gnd_drv__t437                      -1.4164e-06
x3_lockout__t571                  -1.33928e-06
out__t904                         -1.43854e-06
out__t395                         -1.43853e-06
x3_lockout__t572                  -1.33923e-06
gnd_drv__t976                      -1.4164e-06
gnd_drv__t439                      -1.4164e-06
x3_lockout__t574                  -1.33916e-06
out__t906                         -1.43852e-06
out__t49                          -1.43851e-06
x3_lockout__t97                    -1.3391e-06
gnd_drv__t605                      -1.4164e-06
gnd_drv__t64                       -1.4164e-06
x3_lockout__t98                   -1.33903e-06
out__t558                         -1.43849e-06
out__t50                          -1.43848e-06
x3_lockout__t99                   -1.33895e-06
gnd_drv__t606                      -1.4164e-06
gnd_drv__t65                       -1.4164e-06
x3_lockout__t100                  -1.33887e-06
out__t559                         -1.43847e-06
out__t51                          -1.43846e-06
x3_lockout__t101                  -1.33879e-06
gnd_drv__t607                      -1.4164e-06
gnd_drv__t66                       -1.4164e-06
x3_lockout__t102                   -1.3387e-06
out__t560                         -1.43845e-06
gnd_drv__t309                      6.58045e-06
x2_n5__t40                                 4.5
out__t803                          1.62884e-06
out__t52                          -1.43843e-06
x3_lockout__t103                   -1.3386e-06
gnd_drv__t608                     -1.41639e-06
gnd_drv__t67                      -1.41639e-06
x3_lockout__t104                  -1.33849e-06
out__t561                         -1.43842e-06
out__t53                          -1.43841e-06
x3_lockout__t105                  -1.33838e-06
gnd_drv__t609                     -1.41639e-06
gnd_drv__t68                      -1.41639e-06
x3_lockout__t106                  -1.33827e-06
out__t562                          -1.4384e-06
out__t54                          -1.43838e-06
x3_lockout__t107                  -1.33814e-06
gnd_drv__t610                     -1.41639e-06
gnd_drv__t69                      -1.41639e-06
x3_lockout__t108                  -1.33801e-06
out__t563                         -1.43837e-06
out__t135                         -1.43836e-06
x3_lockout__t270                  -1.33787e-06
gnd_drv__t691                     -1.41638e-06
gnd_drv__t70                      -1.41638e-06
x3_lockout__t109                  -1.33772e-06
out__t564                         -1.43835e-06
out__t426                         -1.43833e-06
x3_lockout__t636                  -1.33757e-06
gnd_drv__t1008                    -1.41638e-06
gnd_drv__t471                     -1.41637e-06
x3_lockout__t637                   -1.3374e-06
out__t938                         -1.43832e-06
x2_n1__t1                                  4.5
in_drv__t0                        -6.08119e-07
gnd_drv__t1                         -1.407e-06
out__t295                           1.6031e-06
x2_n5__t39                                 4.5
gnd_drv__t851                      6.53232e-06
out__t427                         -1.43831e-06
x3_lockout__t638                  -1.33723e-06
gnd_drv__t1009                    -1.41637e-06
gnd_drv__t489                     -1.41637e-06
x3_lockout__t674                  -1.33705e-06
out__t956                         -1.43829e-06
out__t471                         -1.44391e-06
x3_lockout__t726                  -1.35103e-06
gnd_drv__t1060                    -1.41554e-06
gnd_drv__t553                     -1.41554e-06
x3_lockout__t793                  -1.35087e-06
out__t1015                        -1.44386e-06
out__t506                          -1.4438e-06
x3_lockout__t794                  -1.35071e-06
gnd_drv__t1095                    -1.41555e-06
gnd_drv__t555                     -1.41556e-06
x3_lockout__t797                  -1.35055e-06
out__t1017                        -1.44375e-06
out__t508                          -1.4437e-06
x3_lockout__t798                  -1.35039e-06
gnd_drv__t1097                    -1.41557e-06
gnd_drv__t556                     -1.41558e-06
x3_lockout__t799                  -1.35024e-06
out__t1018                        -1.44365e-06
out__t509                         -1.44359e-06
x3_lockout__t800                  -1.35008e-06
gnd_drv__t1098                    -1.41559e-06
gnd_drv__t550                     -1.41559e-06
x3_lockout__t788                  -1.34993e-06
out__t1012                        -1.44354e-06
gnd_drv__t308                      6.48468e-06
x2_n5__t38                                 4.5
out__t802                          1.57769e-06
out__t503                         -1.44349e-06
x3_lockout__t787                  -1.34977e-06
gnd_drv__t1092                     -1.4156e-06
gnd_drv__t554                     -1.41561e-06
x3_lockout__t795                  -1.34962e-06
out__t1016                        -1.44344e-06
out__t502                         -1.44339e-06
x3_lockout__t786                  -1.34947e-06
gnd_drv__t1091                    -1.41562e-06
gnd_drv__t549                     -1.41563e-06
x3_lockout__t785                  -1.34931e-06
out__t1011                        -1.44334e-06
out__t501                         -1.44329e-06
x3_lockout__t784                  -1.34916e-06
gnd_drv__t1090                    -1.41563e-06
gnd_drv__t548                     -1.41564e-06
x3_lockout__t781                  -1.34901e-06
out__t1010                        -1.44324e-06
out__t496                         -1.44319e-06
x3_lockout__t775                  -1.34886e-06
gnd_drv__t1085                    -1.41565e-06
gnd_drv__t545                     -1.41566e-06
x3_lockout__t776                  -1.34871e-06
out__t1007                        -1.44314e-06
out__t497                         -1.44309e-06
x3_lockout__t777                  -1.34856e-06
gnd_drv__t1086                    -1.41566e-06
gnd_drv__t546                     -1.41567e-06
x3_lockout__t778                  -1.34841e-06
out__t1008                        -1.44304e-06
out__t294                          1.55218e-06
x2_n5__t37                                 4.5
gnd_drv__t850                      6.43758e-06
out__t498                         -1.44299e-06
x3_lockout__t779                  -1.34826e-06
gnd_drv__t1087                    -1.41568e-06
gnd_drv__t547                     -1.41569e-06
x3_lockout__t780                  -1.34812e-06
out__t1009                        -1.44295e-06
out__t500                          -1.4429e-06
x3_lockout__t783                  -1.34797e-06
gnd_drv__t1089                    -1.41569e-06
gnd_drv__t503                      -1.4157e-06
x3_lockout__t702                  -1.34783e-06
out__t970                         -1.44285e-06
out__t460                          -1.4428e-06
x3_lockout__t703                  -1.34768e-06
gnd_drv__t1042                    -1.41571e-06
gnd_drv__t504                     -1.41572e-06
x3_lockout__t704                  -1.34754e-06
out__t971                         -1.44276e-06
out__t461                         -1.44271e-06
x3_lockout__t705                   -1.3474e-06
gnd_drv__t1043                    -1.41572e-06
gnd_drv__t505                     -1.41573e-06
x3_lockout__t706                  -1.34726e-06
out__t972                         -1.44266e-06
out__t482                         -1.44261e-06
x3_lockout__t746                  -1.34711e-06
gnd_drv__t1071                    -1.41574e-06
gnd_drv__t506                     -1.41575e-06
x3_lockout__t708                  -1.34697e-06
out__t973                         -1.44257e-06
gnd_drv__t307                      6.39008e-06
x2_n5__t36                                 4.5
out__t801                          1.52708e-06
out__t463                         -1.44252e-06
x3_lockout__t709                  -1.34684e-06
gnd_drv__t1045                    -1.41575e-06
gnd_drv__t511                     -1.41576e-06
x3_lockout__t719                   -1.3467e-06
out__t978                         -1.44248e-06
out__t465                         -1.44243e-06
x3_lockout__t711                  -1.34656e-06
gnd_drv__t1047                    -1.41577e-06
gnd_drv__t507                     -1.41578e-06
x3_lockout__t712                  -1.34642e-06
out__t974                         -1.44239e-06
out__t466                         -1.44234e-06
x3_lockout__t713                  -1.34629e-06
gnd_drv__t1048                    -1.41578e-06
gnd_drv__t508                     -1.41579e-06
x3_lockout__t714                  -1.34616e-06
out__t975                          -1.4423e-06
out__t467                         -1.44225e-06
x3_lockout__t715                  -1.34602e-06
gnd_drv__t1049                     -1.4158e-06
gnd_drv__t509                      -1.4158e-06
x3_lockout__t716                  -1.34589e-06
out__t976                         -1.44221e-06
out__t468                         -1.44217e-06
x3_lockout__t717                  -1.34576e-06
gnd_drv__t1050                    -1.41581e-06
gnd_drv__t510                     -1.41582e-06
x3_lockout__t718                  -1.34563e-06
out__t977                         -1.44212e-06
out__t309                          1.50243e-06
x2_n5__t70                                 4.5
gnd_drv__t873                      6.34272e-06
out__t464                         -1.44208e-06
x3_lockout__t710                   -1.3455e-06
gnd_drv__t1046                    -1.41582e-06
gnd_drv__t502                     -1.41583e-06
x3_lockout__t701                  -1.34537e-06
out__t969                         -1.44204e-06
out__t459                         -1.44199e-06
x3_lockout__t700                  -1.34525e-06
gnd_drv__t1041                    -1.41584e-06
gnd_drv__t501                     -1.41585e-06
x3_lockout__t699                  -1.34512e-06
out__t968                         -1.44195e-06
out__t458                         -1.44191e-06
x3_lockout__t698                    -1.345e-06
gnd_drv__t1040                    -1.41585e-06
gnd_drv__t557                     -1.41586e-06
x3_lockout__t801                  -1.34487e-06
out__t1019                        -1.44187e-06
out__t507                         -1.44183e-06
x3_lockout__t796                  -1.34475e-06
gnd_drv__t1096                    -1.41587e-06
gnd_drv__t500                     -1.41587e-06
x3_lockout__t697                  -1.34463e-06
out__t967                         -1.44178e-06
out__t457                         -1.44174e-06
x3_lockout__t696                  -1.34451e-06
gnd_drv__t1039                    -1.41588e-06
gnd_drv__t499                     -1.41589e-06
x3_lockout__t695                  -1.34439e-06
out__t966                          -1.4417e-06
gnd_drv__t396                      6.29608e-06
x2_n5__t158                                4.5
out__t863                          1.47776e-06
out__t456                         -1.44166e-06
x3_lockout__t694                  -1.34427e-06
gnd_drv__t1038                    -1.41589e-06
gnd_drv__t521                      -1.4159e-06
x3_lockout__t727                  -1.34416e-06
out__t983                         -1.44162e-06
out__t472                         -1.44158e-06
x3_lockout__t728                  -1.34404e-06
gnd_drv__t1061                    -1.41591e-06
gnd_drv__t522                     -1.41591e-06
x3_lockout__t729                  -1.34393e-06
out__t984                         -1.44154e-06
out__t473                          -1.4415e-06
x3_lockout__t730                  -1.34382e-06
gnd_drv__t1062                    -1.41592e-06
gnd_drv__t523                     -1.41592e-06
x3_lockout__t731                   -1.3437e-06
out__t985                         -1.44146e-06
out__t479                         -1.44142e-06
x3_lockout__t741                  -1.34359e-06
gnd_drv__t1068                    -1.41593e-06
gnd_drv__t518                     -1.41594e-06
x3_lockout__t723                  -1.34349e-06
out__t980                         -1.44139e-06
out__t470                         -1.44135e-06
x3_lockout__t722                  -1.34338e-06
gnd_drv__t1059                    -1.41594e-06
gnd_drv__t530                     -1.41595e-06
x3_lockout__t747                  -1.34327e-06
out__t992                         -1.44131e-06
out__t358                          1.45359e-06
x2_n5__t168                                4.5
gnd_drv__t939                      6.24967e-06
out__t499                         -1.44127e-06
x3_lockout__t782                  -1.34317e-06
gnd_drv__t1088                    -1.41596e-06
gnd_drv__t529                     -1.41596e-06
x3_lockout__t745                  -1.34306e-06
out__t991                         -1.44123e-06
out__t481                          -1.4412e-06
x3_lockout__t744                  -1.34296e-06
gnd_drv__t1070                    -1.41597e-06
gnd_drv__t528                     -1.41597e-06
x3_lockout__t743                  -1.34286e-06
out__t990                         -1.44116e-06
out__t480                         -1.44112e-06
x3_lockout__t742                  -1.34276e-06
gnd_drv__t1069                    -1.41598e-06
gnd_drv__t536                     -1.41599e-06
x3_lockout__t757                  -1.34266e-06
out__t998                         -1.44109e-06
out__t504                         -1.44105e-06
x3_lockout__t789                  -1.34257e-06
gnd_drv__t1093                    -1.41599e-06
gnd_drv__t551                       -1.416e-06
x3_lockout__t790                  -1.34247e-06
out__t1013                        -1.44102e-06
out__t505                         -1.44098e-06
x3_lockout__t791                  -1.34238e-06
gnd_drv__t1094                      -1.416e-06
gnd_drv__t552                     -1.41601e-06
x3_lockout__t792                  -1.34229e-06
out__t1014                        -1.44095e-06
gnd_drv__t399                      6.20352e-06
x2_n5__t161                                4.5
out__t866                          1.42946e-06
out__t469                         -1.44091e-06
x3_lockout__t721                   -1.3422e-06
gnd_drv__t1058                    -1.41601e-06
gnd_drv__t517                     -1.41602e-06
x3_lockout__t720                  -1.34211e-06
out__t979                         -1.44088e-06
out__t455                         -1.44084e-06
x3_lockout__t693                  -1.34202e-06
gnd_drv__t1037                    -1.41603e-06
gnd_drv__t498                     -1.41603e-06
x3_lockout__t692                  -1.34193e-06
out__t965                         -1.44081e-06
out__t454                         -1.44077e-06
x3_lockout__t691                  -1.34185e-06
gnd_drv__t1036                    -1.41604e-06
gnd_drv__t497                     -1.41604e-06
x3_lockout__t690                  -1.34176e-06
out__t964                         -1.44074e-06
out__t453                         -1.44071e-06
x3_lockout__t689                  -1.34168e-06
gnd_drv__t1035                    -1.41605e-06
gnd_drv__t496                     -1.41605e-06
x3_lockout__t688                   -1.3416e-06
out__t963                         -1.44067e-06
out__t452                         -1.44064e-06
x3_lockout__t687                  -1.34152e-06
gnd_drv__t1034                    -1.41606e-06
gnd_drv__t519                     -1.41606e-06
x3_lockout__t724                  -1.34145e-06
out__t981                         -1.44061e-06
out__t355                          1.40586e-06
x2_n5__t162                                4.5
gnd_drv__t936                      6.15768e-06
out__t35                          -1.44058e-06
x3_lockout__t67                   -1.34137e-06
gnd_drv__t591                     -1.41607e-06
gnd_drv__t84                      -1.41608e-06
x3_lockout__t136                   -1.3413e-06
out__t578                         -1.44054e-06
out__t68                          -1.44051e-06
x3_lockout__t137                  -1.34122e-06
gnd_drv__t624                     -1.41608e-06
gnd_drv__t85                      -1.41609e-06
x3_lockout__t138                  -1.34115e-06
out__t579                         -1.44048e-06
out__t69                          -1.44045e-06
x3_lockout__t139                  -1.34108e-06
gnd_drv__t625                     -1.41609e-06
gnd_drv__t78                       -1.4161e-06
x3_lockout__t125                  -1.34101e-06
out__t572                         -1.44042e-06
out__t42                          -1.44039e-06
x3_lockout__t81                   -1.34095e-06
gnd_drv__t598                      -1.4161e-06
gnd_drv__t55                      -1.41611e-06
x3_lockout__t82                   -1.34088e-06
out__t549                         -1.44036e-06
out__t43                          -1.44033e-06
x3_lockout__t83                   -1.34082e-06
gnd_drv__t599                     -1.41611e-06
gnd_drv__t56                      -1.41612e-06
x3_lockout__t84                   -1.34076e-06
out__t550                          -1.4403e-06
gnd_drv__t400                      6.11267e-06
x2_n5__t163                                4.5
out__t867                          1.38255e-06
out__t44                          -1.44027e-06
x3_lockout__t85                    -1.3407e-06
gnd_drv__t600                     -1.41612e-06
gnd_drv__t57                      -1.41613e-06
x3_lockout__t86                   -1.34064e-06
out__t551                         -1.44024e-06
out__t45                          -1.44021e-06
x3_lockout__t87                   -1.34058e-06
gnd_drv__t601                     -1.41613e-06
gnd_drv__t58                      -1.41614e-06
x3_lockout__t88                   -1.34053e-06
out__t552                         -1.44018e-06
out__t46                          -1.44015e-06
x3_lockout__t89                   -1.34047e-06
gnd_drv__t602                     -1.41614e-06
gnd_drv__t59                      -1.41614e-06
x3_lockout__t90                   -1.34042e-06
out__t553                         -1.44012e-06
out__t47                           -1.4401e-06
x3_lockout__t91                   -1.34037e-06
gnd_drv__t603                     -1.41615e-06
gnd_drv__t60                      -1.41615e-06
x3_lockout__t92                   -1.34032e-06
out__t554                         -1.44007e-06
out__t48                          -1.44004e-06
x3_lockout__t93                   -1.34028e-06
gnd_drv__t604                     -1.41616e-06
gnd_drv__t61                      -1.41616e-06
x3_lockout__t94                   -1.34023e-06
out__t555                         -1.44001e-06
x1_nca__t2                             4.50001
x1_ncb__t4                         1.27334e-05
vdd_drv__t672                              4.5
vdd_drv                                    4.5
x1_ncb__t1                         1.85293e-05
x1_nca__t1                             4.50004
vdd_drv__t13                               4.5
x1_nbuf1__t3                               4.5
x1_ncb__t0                         5.92016e-06
vdd_drv__t11                               4.5
in_drv__t2                         6.18282e-07
x1_nbuf1__t1                               4.5
vdd_drv__t9                                4.5
x2_n1__t2                                  4.5
in_drv__t1                          5.9927e-06
vdd_drv__t15                               4.5
x2_n2__t3                          8.02389e-08
x2_n1__t0                                  4.5
vdd_drv__t7                                4.5
x2_n3__t3                                  4.5
x2_n2__t1                          4.08089e-07
vdd_drv__t5                                4.5
x2_n4__t207                        4.04253e-05
x2_n3__t0                              4.50001
vdd_drv__t3                                4.5
vdd_drv__t1322                             4.5
x2_n3__t2                              4.50001
x2_n4__t206                         4.0543e-05
x2_n4__t204                        4.05891e-05
x2_n3__t44                             4.50001
vdd_drv__t1321                             4.5
vdd_drv__t1000                             4.5
x2_n3__t43                             4.50001
x2_n4__t220                        4.05466e-05
x2_n4__t203                        4.03925e-05
x2_n3__t42                             4.50001
vdd_drv__t1320                             4.5
vdd_drv__t999                              4.5
x2_n3__t41                             4.50001
x2_n4__t219                        4.01031e-05
x2_n4__t202                        3.96586e-05
x2_n3__t40                             4.50001
vdd_drv__t1319                             4.5
vdd_drv__t998                              4.5
x2_n3__t39                             4.50001
x2_n4__t218                        3.90526e-05
x2_n4__t201                        3.83071e-05
x2_n3__t38                             4.50001
vdd_drv__t1318                             4.5
vdd_drv__t997                              4.5
x2_n3__t37                             4.50001
x2_n4__t217                         3.7494e-05
x2_n4__t200                        3.67528e-05
x2_n3__t36                             4.50001
vdd_drv__t1317                             4.5
vdd_drv__t991                              4.5
x2_n3__t31                                 4.5
x2_n4__t215                        3.62736e-05
x2_n4__t196                        3.62107e-05
x2_n3__t30                                 4.5
vdd_drv__t1307                             4.5
vdd_drv__t990                              4.5
x2_n3__t29                             4.50001
x2_n4__t214                        3.65858e-05
x2_n4__t195                        3.72802e-05
x2_n3__t28                             4.50001
vdd_drv__t1306                             4.5
vdd_drv__t989                              4.5
x2_n3__t27                             4.50001
x2_n4__t213                        3.81068e-05
x2_n4__t199                        3.89077e-05
x2_n3__t35                             4.50001
vdd_drv__t1313                             4.5
vdd_drv__t987                              4.5
x2_n3__t26                             4.50001
x2_n4__t212                        3.95933e-05
x2_n4__t194                        4.01316e-05
x2_n3__t25                             4.50001
vdd_drv__t1305                             4.5
vdd_drv__t986                              4.5
x2_n3__t24                             4.50001
x2_n4__t211                        4.05246e-05
x2_n4__t193                        4.07906e-05
x2_n3__t23                             4.50001
vdd_drv__t1304                             4.5
vdd_drv__t985                              4.5
x2_n3__t22                             4.50001
x2_n4__t210                        4.09532e-05
x2_n4__t205                        4.10353e-05
x2_n3__t45                             4.50001
vdd_drv__t1323                             4.5
vdd_drv__t984                              4.5
x2_n3__t21                             4.50001
x2_n4__t209                        4.10568e-05
x2_n4__t198                        4.10343e-05
x2_n3__t34                             4.50001
vdd_drv__t1309                             4.5
vdd_drv__t992                              4.5
x2_n3__t33                             4.50001
x2_n4__t216                        4.09805e-05
x2_n4__t197                        4.09053e-05
x2_n3__t32                             4.50001
vdd_drv__t1308                             4.5
vdd_drv__t983                              4.5
x2_n3__t20                             4.50001
x2_n4__t208                        4.08161e-05
x2_n4__t191                        4.07185e-05
x2_n3__t19                                 4.5
vdd_drv__t1303                             4.5
vdd_drv__t18                               4.5
x2_n3__t4                                  4.5
x2_n4__t192                        4.06152e-05
vdd_drv__t905                              4.5
x2_n4__t91                         3.29439e-05
x2_n5__t854                             4.5001
x2_n5__t793                             4.5001
x2_n4__t90                         3.35122e-05
vdd_drv__t1227                             4.5
vdd_drv__t908                              4.5
x2_n4__t96                          3.4066e-05
x2_n5__t857                            4.50011
x2_n5__t801                            4.50011
x2_n4__t108                        3.46052e-05
vdd_drv__t1235                             4.5
vdd_drv__t914                              4.5
x2_n4__t107                        3.51297e-05
x2_n5__t863                            4.50011
x2_n5__t798                            4.50011
x2_n4__t102                        3.56395e-05
vdd_drv__t1232                             4.5
vdd_drv__t911                              4.5
x2_n4__t101                        3.61351e-05
x2_n5__t860                            4.50011
x2_n5__t797                            4.50011
x2_n4__t100                        3.66167e-05
vdd_drv__t1231                             4.5
vdd_drv__t909                              4.5
x2_n4__t98                         3.70847e-05
x2_n5__t858                            4.50011
x2_n5__t796                            4.50011
x2_n4__t97                         3.75395e-05
vdd_drv__t1230                             4.5
vdd_drv__t917                              4.5
x2_n4__t114                        3.79818e-05
x2_n5__t866                            4.50011
x2_n5__t804                            4.50011
x2_n4__t113                        3.84117e-05
vdd_drv__t1238                             4.5
vdd_drv__t907                              4.5
x2_n4__t95                         3.88298e-05
x2_n5__t856                            4.50011
x2_n5__t795                            4.50011
x2_n4__t94                         3.92363e-05
vdd_drv__t1229                             4.5
vdd_drv__t906                              4.5
x2_n4__t93                         3.96315e-05
x2_n5__t855                            4.50011
x2_n5__t794                            4.50011
x2_n4__t92                         4.00157e-05
vdd_drv__t1228                             4.5
vdd_drv__t904                              4.5
x2_n4__t89                         4.03893e-05
x2_n5__t853                            4.50011
x2_n5__t792                            4.50011
x2_n4__t88                         4.07522e-05
vdd_drv__t1226                             4.5
vdd_drv__t902                              4.5
x2_n4__t87                         4.11047e-05
x2_n5__t852                            4.50011
x2_n5__t791                            4.50011
x2_n4__t86                         4.14467e-05
vdd_drv__t1225                             4.5
vdd_drv__t893                              4.5
x2_n4__t70                         4.17786e-05
x2_n5__t843                            4.50011
x2_n5__t835                            4.50011
x2_n4__t175                        4.21003e-05
vdd_drv__t1314                             4.5
vdd_drv__t995                              4.5
x2_n4__t174                        4.24117e-05
x2_n5__t896                            4.50011
x2_n5__t834                            4.50011
x2_n4__t173                        4.27126e-05
vdd_drv__t1311                             4.5
vdd_drv__t994                              4.5
x2_n4__t172                        4.30035e-05
x2_n5__t895                            4.50011
x2_n5__t833                            4.50012
x2_n4__t171                        4.32842e-05
vdd_drv__t1310                             4.5
vdd_drv__t993                              4.5
x2_n4__t170                        4.35545e-05
x2_n5__t894                            4.50012
x2_n5__t782                            4.50012
x2_n4__t68                         4.38145e-05
vdd_drv__t1216                             4.5
vdd_drv__t892                              4.5
x2_n4__t67                         4.40637e-05
x2_n5__t842                            4.50012
x2_n5__t781                            4.50012
x2_n4__t66                         4.43026e-05
vdd_drv__t1215                             4.5
vdd_drv__t891                              4.5
x2_n4__t65                          4.4531e-05
x2_n5__t841                            4.50012
x2_n5__t780                            4.50012
x2_n4__t64                         4.47485e-05
vdd_drv__t1214                             4.5
vdd_drv__t890                              4.5
x2_n4__t63                         4.49555e-05
x2_n5__t840                            4.50012
x2_n5__t779                            4.50012
x2_n4__t62                         4.51514e-05
vdd_drv__t1213                             4.5
vdd_drv__t889                              4.5
x2_n4__t61                         4.53364e-05
x2_n5__t839                            4.50012
x2_n5__t778                            4.50012
x2_n4__t60                         4.55105e-05
vdd_drv__t1212                             4.5
vdd_drv__t888                              4.5
x2_n4__t59                         4.56732e-05
x2_n5__t838                            4.50012
x2_n5__t777                            4.50012
x2_n4__t58                         4.58252e-05
vdd_drv__t1211                             4.5
vdd_drv__t887                              4.5
x2_n4__t57                         4.59656e-05
x2_n5__t837                            4.50012
x2_n5__t776                            4.50012
x2_n4__t56                          4.6095e-05
vdd_drv__t1210                             4.5
vdd_drv__t910                              4.5
x2_n4__t99                         4.62128e-05
x2_n5__t859                            4.50012
x2_n5__t808                            4.50012
x2_n4__t121                        4.63193e-05
vdd_drv__t1242                             4.5
vdd_drv__t921                              4.5
x2_n4__t122                        4.64146e-05
x2_n5__t870                            4.50012
x2_n5__t812                            4.50012
x2_n4__t129                         4.6498e-05
vdd_drv__t1246                             4.5
vdd_drv__t933                              4.5
x2_n4__t140                          4.657e-05
x2_n5__t879                            4.50012
x2_n5__t813                            4.50012
x2_n4__t131                        4.66308e-05
vdd_drv__t1247                             4.5
vdd_drv__t926                              4.5
x2_n4__t132                        4.66797e-05
x2_n5__t875                            4.50012
x2_n5__t814                            4.50012
x2_n4__t133                        4.67169e-05
vdd_drv__t1248                             4.5
vdd_drv__t927                              4.5
x2_n4__t134                        4.67425e-05
x2_n5__t876                            4.50012
x2_n5__t815                            4.50012
x2_n4__t135                        4.67565e-05
vdd_drv__t1249                             4.5
vdd_drv__t928                              4.5
x2_n4__t136                        4.67591e-05
x2_n5__t877                            4.50012
x2_n5__t816                            4.50012
x2_n4__t137                        4.67497e-05
vdd_drv__t1250                             4.5
vdd_drv__t929                              4.5
x2_n4__t138                        4.67287e-05
x2_n5__t878                            4.50012
x2_n5__t817                            4.50012
x2_n4__t139                        4.66955e-05
vdd_drv__t1251                             4.5
vdd_drv__t923                              4.5
x2_n4__t126                        4.66511e-05
x2_n5__t872                            4.50012
x2_n5__t811                            4.50012
x2_n4__t127                        4.65952e-05
vdd_drv__t1245                             4.5
vdd_drv__t924                              4.5
x2_n4__t128                        4.65276e-05
x2_n5__t873                            4.50012
x2_n5__t809                            4.50012
x2_n4__t123                        4.64482e-05
vdd_drv__t1243                             4.5
vdd_drv__t922                              4.5
x2_n4__t124                        4.63575e-05
x2_n5__t871                            4.50012
x2_n5__t810                            4.50012
x2_n4__t125                        4.62548e-05
vdd_drv__t1244                             4.5
vdd_drv__t23                               4.5
x2_n4__t55                         4.61573e-05
x2_n5__t775                            4.50012
x2_n5__t836                            4.50008
x2_n4__t176                        4.88576e-05
vdd_drv__t678                              4.5
vdd_drv__t937                              4.5
x2_n4__t150                         4.8581e-05
x2_n5__t883                            4.50008
x2_n5__t823                            4.50008
x2_n4__t149                        4.83524e-05
vdd_drv__t1260                             4.5
vdd_drv__t936                              4.5
x2_n4__t148                        4.81049e-05
x2_n5__t882                            4.50008
x2_n5__t822                            4.50008
x2_n4__t147                        4.78374e-05
vdd_drv__t1259                             4.5
vdd_drv__t919                              4.5
x2_n4__t119                        4.75502e-05
x2_n5__t868                            4.50008
x2_n5__t807                            4.50008
x2_n4__t118                        4.72426e-05
vdd_drv__t1241                             4.5
vdd_drv__t918                              4.5
x2_n4__t117                         4.6914e-05
x2_n5__t867                            4.50008
x2_n5__t806                            4.50008
x2_n4__t116                        4.65647e-05
vdd_drv__t1240                             4.5
vdd_drv__t940                              4.5
x2_n4__t154                        4.61936e-05
x2_n5__t886                            4.50008
x2_n5__t831                            4.50008
x2_n4__t168                         4.5801e-05
vdd_drv__t1268                             4.5
vdd_drv__t948                              4.5
x2_n4__t167                         4.5386e-05
x2_n5__t893                            4.50008
x2_n5__t830                            4.50008
x2_n4__t166                        4.49488e-05
vdd_drv__t1267                             4.5
vdd_drv__t947                              4.5
x2_n4__t165                        4.44884e-05
x2_n5__t892                            4.50008
x2_n5__t829                            4.50008
x2_n4__t164                         4.4005e-05
vdd_drv__t1266                             4.5
vdd_drv__t945                              4.5
x2_n4__t163                        4.34978e-05
x2_n5__t891                            4.50008
x2_n5__t828                            4.50008
x2_n4__t162                        4.29669e-05
vdd_drv__t1265                             4.5
vdd_drv__t944                              4.5
x2_n4__t161                        4.24115e-05
x2_n5__t890                            4.50008
x2_n5__t827                            4.50008
x2_n4__t160                        4.18319e-05
vdd_drv__t1264                             4.5
vdd_drv__t943                              4.5
x2_n4__t159                        4.12273e-05
x2_n5__t889                            4.50009
x2_n5__t826                            4.50009
x2_n4__t158                        4.05979e-05
vdd_drv__t1263                             4.5
vdd_drv__t942                              4.5
x2_n4__t157                        3.99433e-05
x2_n5__t888                            4.50009
x2_n5__t825                            4.50009
x2_n4__t156                        3.92641e-05
vdd_drv__t1262                             4.5
vdd_drv__t941                              4.5
x2_n4__t155                        3.85598e-05
x2_n5__t887                            4.50009
x2_n5__t832                            4.50009
x2_n4__t169                        3.78316e-05
vdd_drv__t1269                             4.5
vdd_drv__t939                              4.5
x2_n4__t153                        3.70796e-05
x2_n5__t885                            4.50009
x2_n5__t824                            4.50009
x2_n4__t152                        3.63053e-05
vdd_drv__t1261                             4.5
vdd_drv__t938                              4.5
x2_n4__t151                        3.55105e-05
x2_n5__t884                            4.50009
x2_n5__t783                            4.50009
x2_n4__t69                         3.46972e-05
vdd_drv__t1217                             4.5
vdd_drv__t898                              4.5
x2_n4__t80                         3.38688e-05
x2_n5__t848                            4.50009
x2_n5__t788                            4.50009
x2_n4__t79                          3.3029e-05
vdd_drv__t1222                             4.5
vdd_drv__t897                              4.5
x2_n4__t78                         3.21838e-05
x2_n5__t847                            4.50009
x2_n5__t787                            4.50009
x2_n4__t77                         3.13398e-05
vdd_drv__t1221                             4.5
vdd_drv__t896                              4.5
x2_n4__t76                          3.0506e-05
x2_n5__t846                            4.50009
x2_n5__t786                            4.50009
x2_n4__t75                          2.9694e-05
vdd_drv__t1220                             4.5
vdd_drv__t895                              4.5
x2_n4__t74                         2.89178e-05
x2_n5__t845                            4.50009
x2_n5__t785                            4.50009
x2_n4__t73                         2.81954e-05
vdd_drv__t1219                             4.5
vdd_drv__t901                              4.5
x2_n4__t85                         2.75486e-05
x2_n5__t851                            4.50009
x2_n5__t819                            4.50009
x2_n4__t143                        2.70038e-05
vdd_drv__t1256                             4.5
vdd_drv__t934                              4.5
x2_n4__t142                        2.65924e-05
x2_n5__t880                            4.50009
x2_n5__t818                            4.50009
x2_n4__t141                         2.6349e-05
vdd_drv__t1254                             4.5
vdd_drv__t925                              4.5
x2_n4__t130                         2.6306e-05
x2_n5__t874                            4.50009
x2_n5__t790                             4.5001
x2_n4__t84                         2.64704e-05
vdd_drv__t1224                             4.5
vdd_drv__t900                              4.5
x2_n4__t83                         2.67389e-05
x2_n5__t850                             4.5001
x2_n5__t789                             4.5001
x2_n4__t82                         2.67731e-05
vdd_drv__t1223                             4.5
vdd_drv__t899                              4.5
x2_n4__t81                         2.64776e-05
x2_n5__t849                             4.5001
x2_n5__t784                             4.5001
x2_n4__t72                         2.61915e-05
vdd_drv__t1218                             4.5
vdd_drv__t894                              4.5
x2_n4__t71                         2.60716e-05
x2_n5__t844                             4.5001
x2_n5__t821                             4.5001
x2_n4__t146                        2.61305e-05
vdd_drv__t1258                             4.5
vdd_drv__t935                              4.5
x2_n4__t145                        2.63427e-05
x2_n5__t881                             4.5001
x2_n5__t820                             4.5001
x2_n4__t144                        2.66774e-05
vdd_drv__t1257                             4.5
vdd_drv__t920                              4.5
x2_n4__t120                        2.71058e-05
x2_n5__t869                             4.5001
x2_n5__t800                             4.5001
x2_n4__t106                        2.76035e-05
vdd_drv__t1234                             4.5
vdd_drv__t913                              4.5
x2_n4__t105                        2.81503e-05
x2_n5__t862                             4.5001
x2_n5__t799                             4.5001
x2_n4__t104                          2.873e-05
vdd_drv__t1233                             4.5
vdd_drv__t912                              4.5
x2_n4__t103                        2.93302e-05
x2_n5__t861                             4.5001
x2_n5__t805                             4.5001
x2_n4__t115                         2.9941e-05
vdd_drv__t1239                             4.5
vdd_drv__t916                              4.5
x2_n4__t112                        3.05545e-05
x2_n5__t865                             4.5001
x2_n5__t803                             4.5001
x2_n4__t111                        3.11651e-05
vdd_drv__t1237                             4.5
vdd_drv__t915                              4.5
x2_n4__t110                        3.17687e-05
x2_n5__t864                             4.5001
x2_n5__t802                             4.5001
x2_n4__t109                        3.23623e-05
vdd_drv__t1236                             4.5
vdd_drv__t956                          4.50002
x2_n5__t655                            4.49992
out__t1488                        -4.31321e-06
out__t1239                         -4.3264e-06
x2_n5__t661                            4.49992
vdd_drv__t1279                         4.50002
vdd_drv__t959                          4.50002
x2_n5__t660                            4.49992
out__t1491                        -4.33958e-06
out__t1238                        -4.35303e-06
x2_n5__t659                            4.49992
vdd_drv__t1278                         4.50002
vdd_drv__t958                          4.50002
x2_n5__t658                            4.49992
out__t1490                         -4.3662e-06
out__t1237                        -4.37965e-06
x2_n5__t657                            4.49992
vdd_drv__t1277                         4.50002
vdd_drv__t957                          4.50002
x2_n5__t656                            4.49992
out__t1489                        -4.39309e-06
out__t1244                        -4.40652e-06
x2_n5__t670                            4.49992
vdd_drv__t1284                         4.50002
vdd_drv__t955                          4.50002
x2_n5__t654                            4.49992
out__t1487                        -4.42023e-06
out__t1236                        -4.43393e-06
x2_n5__t653                            4.49992
vdd_drv__t1276                         4.50002
vdd_drv__t954                          4.50002
x2_n5__t652                            4.49992
out__t1486                        -4.44762e-06
out__t1269                        -4.46131e-06
x2_n5__t718                            4.49992
vdd_drv__t1327                         4.50002
vdd_drv__t963                          4.50002
x2_n5__t669                            4.49992
out__t1495                        -4.47527e-06
out__t1243                        -4.48923e-06
x2_n5__t668                            4.49992
vdd_drv__t1283                         4.50002
vdd_drv__t962                          4.50002
x2_n5__t667                            4.49992
out__t1494                        -4.50318e-06
out__t1242                        -4.51713e-06
x2_n5__t666                            4.49992
vdd_drv__t1282                         4.50002
vdd_drv__t961                          4.50002
x2_n5__t665                            4.49992
out__t1493                        -4.53107e-06
out__t1241                        -4.54528e-06
x2_n5__t664                            4.49992
vdd_drv__t1281                         4.50002
vdd_drv__t960                          4.50002
x2_n5__t663                            4.49992
out__t1492                        -4.55948e-06
out__t1240                        -4.57368e-06
x2_n5__t662                            4.49992
vdd_drv__t1280                         4.50002
vdd_drv__t949                          4.50002
x2_n5__t642                            4.49992
out__t1481                        -4.58815e-06
out__t1230                        -4.60234e-06
x2_n5__t641                            4.49992
vdd_drv__t1270                         4.50002
vdd_drv__t971                          4.50002
x2_n5__t685                            4.49992
out__t1503                         -4.6168e-06
out__t1259                        -4.63125e-06
x2_n5__t700                            4.49992
vdd_drv__t1299                         4.50002
vdd_drv__t977                          4.50002
x2_n5__t698                            4.49992
out__t1509                        -4.64597e-06
out__t1258                        -4.66041e-06
x2_n5__t697                            4.49992
vdd_drv__t1298                         4.50002
vdd_drv__t978                          4.50002
x2_n5__t699                            4.49992
out__t1510                        -4.67512e-06
out__t1257                        -4.68982e-06
x2_n5__t696                            4.49992
vdd_drv__t1297                         4.50002
vdd_drv__t976                          4.50002
x2_n5__t695                            4.49992
out__t1508                        -4.70451e-06
out__t1256                        -4.71921e-06
x2_n5__t694                            4.49992
vdd_drv__t1296                         4.50002
vdd_drv__t975                          4.50002
x2_n5__t693                            4.49992
out__t1507                        -4.73389e-06
out__t1255                        -4.74884e-06
x2_n5__t692                            4.49992
vdd_drv__t1295                         4.50002
vdd_drv__t974                          4.50002
x2_n5__t691                            4.49992
out__t1506                        -4.76379e-06
out__t1254                        -4.77873e-06
x2_n5__t690                            4.49992
vdd_drv__t1294                         4.50003
vdd_drv__t973                          4.50003
x2_n5__t689                            4.49992
out__t1505                        -4.79366e-06
out__t1253                        -4.80859e-06
x2_n5__t688                            4.49992
vdd_drv__t1293                         4.50003
vdd_drv__t972                          4.50003
x2_n5__t687                            4.49992
out__t1504                        -4.82378e-06
out__t1252                        -4.83896e-06
x2_n5__t686                            4.49992
vdd_drv__t1292                         4.50003
vdd_drv__t979                          4.50003
x2_n5__t701                            4.49992
out__t1511                        -4.85387e-06
out__t1251                        -4.86931e-06
x2_n5__t684                            4.49992
vdd_drv__t1291                         4.50003
vdd_drv__t970                          4.50003
x2_n5__t683                            4.49992
out__t1502                        -4.88448e-06
out__t1250                        -4.89964e-06
x2_n5__t682                            4.49992
vdd_drv__t1290                         4.50003
vdd_drv__t969                          4.50003
x2_n5__t681                            4.49992
out__t1501                        -4.91506e-06
out__t1249                         -4.9302e-06
x2_n5__t680                            4.49993
vdd_drv__t1289                         4.50003
vdd_drv__t968                          4.50003
x2_n5__t679                            4.49993
out__t1500                        -4.94561e-06
out__t1248                        -4.96101e-06
x2_n5__t678                            4.49993
vdd_drv__t1288                         4.50003
vdd_drv__t967                          4.50003
x2_n5__t677                            4.49993
out__t1499                        -4.97668e-06
out__t1247                        -4.99206e-06
x2_n5__t676                            4.49993
vdd_drv__t1287                         4.50003
vdd_drv__t966                          4.50003
x2_n5__t675                            4.49993
out__t1498                        -5.00744e-06
out__t1246                        -5.02308e-06
x2_n5__t674                            4.49993
vdd_drv__t1286                         4.50003
vdd_drv__t965                          4.50003
x2_n5__t673                            4.49993
out__t1497                        -5.03872e-06
out__t1245                        -5.05434e-06
x2_n5__t672                            4.49993
vdd_drv__t1285                         4.50003
vdd_drv__t964                          4.50003
x2_n5__t671                            4.49993
out__t1496                        -5.06996e-06
out__t1263                        -5.08557e-06
x2_n5__t709                            4.49993
vdd_drv__t1312                         4.50003
vdd_drv__t932                          4.50003
x2_n5__t638                            4.49993
out__t1479                        -5.10144e-06
out__t1235                        -5.11704e-06
x2_n5__t651                            4.49993
vdd_drv__t1275                         4.50003
vdd_drv__t953                          4.50003
x2_n5__t650                            4.49993
out__t1485                        -5.13289e-06
out__t1234                        -5.14874e-06
x2_n5__t649                            4.49993
vdd_drv__t1274                         4.50003
vdd_drv__t952                          4.50003
x2_n5__t648                            4.49993
out__t1484                        -5.16458e-06
out__t1233                        -5.18041e-06
x2_n5__t647                            4.49993
vdd_drv__t1273                         4.50003
vdd_drv__t951                          4.50003
x2_n5__t646                            4.49993
out__t1483                        -5.19623e-06
out__t1232                        -5.21204e-06
x2_n5__t645                            4.49993
vdd_drv__t1272                         4.50003
vdd_drv__t24                           4.50003
x2_n5__t221                            4.49993
out__t1020                          -5.229e-06
out__t1060                        -3.69295e-06
x2_n5__t298                            4.49991
vdd_drv__t1043                         4.50002
vdd_drv__t718                          4.50002
x2_n5__t297                            4.49991
out__t1307                         -3.6998e-06
out__t1087                        -3.70639e-06
x2_n5__t350                            4.49991
vdd_drv__t1070                         4.50002
vdd_drv__t723                          4.50002
x2_n5__t308                            4.49991
out__t1312                        -3.71324e-06
out__t1072                        -3.72035e-06
x2_n5__t321                            4.49991
vdd_drv__t1055                         4.50002
vdd_drv__t729                          4.50002
x2_n5__t320                            4.49991
out__t1318                        -3.72746e-06
out__t1071                        -3.73483e-06
x2_n5__t319                            4.49991
vdd_drv__t1054                         4.50002
vdd_drv__t728                          4.50002
x2_n5__t318                            4.49991
out__t1317                        -3.74247e-06
out__t1070                        -3.74984e-06
x2_n5__t317                            4.49991
vdd_drv__t1053                         4.50002
vdd_drv__t727                          4.50002
x2_n5__t316                            4.49991
out__t1316                        -3.75775e-06
out__t1069                        -3.76538e-06
x2_n5__t315                            4.49991
vdd_drv__t1052                         4.50002
vdd_drv__t726                          4.50002
x2_n5__t314                            4.49991
out__t1315                        -3.77354e-06
out__t1068                        -3.78171e-06
x2_n5__t313                            4.49991
vdd_drv__t1051                         4.50002
vdd_drv__t725                          4.50002
x2_n5__t312                            4.49991
out__t1314                        -3.78987e-06
out__t1067                         -3.7983e-06
x2_n5__t311                            4.49991
vdd_drv__t1050                         4.50002
vdd_drv__t724                          4.50002
x2_n5__t310                            4.49991
out__t1313                        -3.80672e-06
out__t1066                        -3.81515e-06
x2_n5__t309                            4.49991
vdd_drv__t1049                         4.50002
vdd_drv__t730                          4.50002
x2_n5__t322                            4.49991
out__t1319                         -3.8241e-06
out__t1065                        -3.83279e-06
x2_n5__t307                            4.49991
vdd_drv__t1048                         4.50002
vdd_drv__t722                          4.50002
x2_n5__t306                            4.49991
out__t1311                        -3.84175e-06
out__t1064                        -3.85097e-06
x2_n5__t305                            4.49991
vdd_drv__t1047                         4.50002
vdd_drv__t721                          4.50002
x2_n5__t304                            4.49991
out__t1310                        -3.86019e-06
out__t1063                         -3.8694e-06
x2_n5__t303                            4.49991
vdd_drv__t1046                         4.50002
vdd_drv__t720                          4.50002
x2_n5__t302                            4.49991
out__t1309                        -3.87889e-06
out__t1062                        -3.88864e-06
x2_n5__t301                            4.49991
vdd_drv__t1045                         4.50002
vdd_drv__t719                          4.50002
x2_n5__t300                            4.49991
out__t1308                        -3.89812e-06
out__t1061                        -3.90787e-06
x2_n5__t299                            4.49991
vdd_drv__t1044                         4.50002
vdd_drv__t744                          4.50002
x2_n5__t351                            4.49991
out__t1333                        -3.91789e-06
out__t1131                         -3.9279e-06
x2_n5__t438                            4.49991
vdd_drv__t1114                         4.50002
vdd_drv__t702                          4.50002
x2_n5__t265                            4.49991
out__t1291                        -3.93819e-06
out__t1043                         -3.9482e-06
x2_n5__t264                            4.49991
vdd_drv__t1026                         4.50002
vdd_drv__t701                          4.50002
x2_n5__t263                            4.49991
out__t1290                        -3.95874e-06
out__t1042                        -3.96902e-06
x2_n5__t262                            4.49991
vdd_drv__t1025                         4.50002
vdd_drv__t700                          4.50002
x2_n5__t261                            4.49991
out__t1289                        -3.97957e-06
out__t1041                        -3.99038e-06
x2_n5__t260                            4.49991
vdd_drv__t1024                         4.50002
vdd_drv__t821                          4.50002
x2_n5__t502                            4.49991
out__t1410                        -4.00119e-06
out__t1161                          -4.012e-06
x2_n5__t501                            4.49991
vdd_drv__t1144                         4.50002
vdd_drv__t950                          4.50002
x2_n5__t644                            4.49991
out__t1482                        -4.02281e-06
out__t1231                        -4.03389e-06
x2_n5__t643                            4.49991
vdd_drv__t1271                         4.50002
vdd_drv__t1001                         4.50002
x2_n5__t713                            4.49991
out__t1517                        -4.04523e-06
out__t1267                        -4.05631e-06
x2_n5__t715                            4.49991
vdd_drv__t1325                         4.50002
vdd_drv__t1002                         4.50002
x2_n5__t716                            4.49991
out__t1518                        -4.06765e-06
out__t1268                        -4.07926e-06
x2_n5__t717                            4.49991
vdd_drv__t1326                         4.50002
vdd_drv__t1003                         4.50002
x2_n5__t719                            4.49991
out__t1519                        -4.09086e-06
out__t1266                        -4.10247e-06
x2_n5__t714                            4.49991
vdd_drv__t1324                         4.50002
vdd_drv__t988                          4.50002
x2_n5__t708                            4.49991
out__t1515                        -4.11407e-06
out__t1260                        -4.12595e-06
x2_n5__t702                            4.49991
vdd_drv__t1300                         4.50002
vdd_drv__t980                          4.50002
x2_n5__t703                            4.49991
out__t1512                        -4.13782e-06
out__t1261                        -4.14995e-06
x2_n5__t704                            4.49991
vdd_drv__t1301                         4.50002
vdd_drv__t981                          4.50002
x2_n5__t705                            4.49991
out__t1513                        -4.16209e-06
out__t1262                        -4.17422e-06
x2_n5__t706                            4.49992
vdd_drv__t1302                         4.50002
vdd_drv__t982                          4.50002
x2_n5__t707                            4.49992
out__t1514                        -4.18635e-06
out__t1229                        -4.19875e-06
x2_n5__t639                            4.49992
vdd_drv__t1255                         4.50002
vdd_drv__t946                          4.50002
x2_n5__t640                            4.49992
out__t1480                        -4.21115e-06
out__t1227                        -4.22355e-06
x2_n5__t634                            4.49992
vdd_drv__t1252                         4.50002
vdd_drv__t930                          4.50002
x2_n5__t635                            4.49992
out__t1477                        -4.23621e-06
out__t1228                        -4.24887e-06
x2_n5__t636                            4.49992
vdd_drv__t1253                         4.50002
vdd_drv__t931                          4.50002
x2_n5__t637                            4.49992
out__t1478                        -4.26153e-06
out__t1265                        -4.27445e-06
x2_n5__t712                            4.49992
vdd_drv__t1316                         4.50002
vdd_drv__t996                          4.50002
x2_n5__t711                            4.49992
out__t1516                        -4.28738e-06
out__t1264                         -4.3003e-06
x2_n5__t710                            4.49992
vdd_drv__t1315                         4.50002
vdd_drv__t717                          4.50002
x2_n5__t296                            4.49991
out__t1306                        -3.68662e-06
out__t1091                        -3.56922e-06
x2_n5__t358                            4.49992
vdd_drv__t1074                         4.50001
vdd_drv__t747                          4.50001
x2_n5__t357                            4.49992
out__t1336                        -3.56674e-06
out__t1090                         -3.5645e-06
x2_n5__t356                            4.49992
vdd_drv__t1073                         4.50001
vdd_drv__t746                          4.50001
x2_n5__t355                            4.49992
out__t1335                        -3.56225e-06
out__t1089                        -3.56023e-06
x2_n5__t354                            4.49992
vdd_drv__t1072                         4.50001
vdd_drv__t745                          4.50001
x2_n5__t353                            4.49992
out__t1334                         -3.5582e-06
out__t1116                        -3.55641e-06
x2_n5__t409                            4.49992
vdd_drv__t1099                         4.50001
vdd_drv__t773                          4.50001
x2_n5__t408                            4.49992
out__t1362                        -3.55485e-06
out__t1115                        -3.55328e-06
x2_n5__t407                            4.49992
vdd_drv__t1098                         4.50001
vdd_drv__t772                          4.50001
x2_n5__t406                            4.49992
out__t1361                        -3.55195e-06
out__t1114                        -3.55061e-06
x2_n5__t405                            4.49991
vdd_drv__t1097                         4.50001
vdd_drv__t771                          4.50001
x2_n5__t404                            4.49991
out__t1360                         -3.5495e-06
out__t1113                        -3.54839e-06
x2_n5__t403                            4.49991
vdd_drv__t1096                         4.50001
vdd_drv__t770                          4.50001
x2_n5__t402                            4.49991
out__t1359                        -3.54751e-06
out__t1112                        -3.54663e-06
x2_n5__t401                            4.49991
vdd_drv__t1095                         4.50001
vdd_drv__t763                          4.50001
x2_n5__t387                            4.49991
out__t1352                        -3.54598e-06
out__t1085                        -3.54558e-06
x2_n5__t347                            4.49991
vdd_drv__t1068                         4.50001
vdd_drv__t742                          4.50001
x2_n5__t346                            4.49991
out__t1331                        -3.54517e-06
out__t1084                          -3.545e-06
x2_n5__t345                            4.49991
vdd_drv__t1067                         4.50001
vdd_drv__t741                          4.50001
x2_n5__t344                            4.49991
out__t1330                        -3.54508e-06
out__t1083                        -3.54514e-06
x2_n5__t343                            4.49991
vdd_drv__t1066                         4.50001
vdd_drv__t740                          4.50001
x2_n5__t342                            4.49991
out__t1329                         -3.5452e-06
out__t1082                        -3.54576e-06
x2_n5__t341                            4.49991
vdd_drv__t1065                         4.50001
vdd_drv__t739                          4.50001
x2_n5__t340                            4.49991
out__t1328                        -3.54605e-06
out__t1081                        -3.54684e-06
x2_n5__t339                            4.49991
vdd_drv__t1064                         4.50001
vdd_drv__t738                          4.50001
x2_n5__t338                            4.49991
out__t1327                        -3.54763e-06
out__t1080                        -3.54841e-06
x2_n5__t337                            4.49991
vdd_drv__t1063                         4.50001
vdd_drv__t737                          4.50001
x2_n5__t336                            4.49991
out__t1326                        -3.54943e-06
out__t1086                        -3.55071e-06
x2_n5__t348                            4.49991
vdd_drv__t1069                         4.50001
vdd_drv__t736                          4.50001
x2_n5__t334                            4.49991
out__t1325                        -3.55223e-06
out__t1078                        -3.55375e-06
x2_n5__t333                            4.49991
vdd_drv__t1061                         4.50001
vdd_drv__t735                          4.50001
x2_n5__t332                            4.49991
out__t1324                        -3.55526e-06
out__t1077                        -3.55702e-06
x2_n5__t331                            4.49991
vdd_drv__t1060                         4.50001
vdd_drv__t748                          4.50001
x2_n5__t359                            4.49991
out__t1337                        -3.55903e-06
out__t1088                         -3.5613e-06
x2_n5__t352                            4.49991
vdd_drv__t1071                         4.50001
vdd_drv__t694                          4.50001
x2_n5__t245                            4.49991
out__t1283                        -3.56355e-06
out__t1037                         -3.5658e-06
x2_n5__t256                            4.49991
vdd_drv__t1020                         4.50001
vdd_drv__t693                          4.50001
x2_n5__t243                            4.49991
out__t1282                        -3.56831e-06
out__t1030                        -3.57106e-06
x2_n5__t241                            4.49991
vdd_drv__t1013                         4.50001
vdd_drv__t691                          4.50001
x2_n5__t240                            4.49991
out__t1280                        -3.57381e-06
out__t1029                        -3.57682e-06
x2_n5__t239                            4.49991
vdd_drv__t1012                         4.50001
vdd_drv__t690                          4.50001
x2_n5__t238                            4.49991
out__t1279                        -3.58008e-06
out__t1028                        -3.58333e-06
x2_n5__t237                            4.49991
vdd_drv__t1011                         4.50002
vdd_drv__t689                          4.50002
x2_n5__t236                            4.49991
out__t1278                        -3.58684e-06
out__t1027                        -3.59035e-06
x2_n5__t235                            4.49991
vdd_drv__t1010                         4.50002
vdd_drv__t688                          4.50002
x2_n5__t234                            4.49991
out__t1277                        -3.59411e-06
out__t1026                        -3.59813e-06
x2_n5__t233                            4.49991
vdd_drv__t1009                         4.50002
vdd_drv__t687                          4.50002
x2_n5__t232                            4.49991
out__t1276                        -3.60214e-06
out__t1025                        -3.60615e-06
x2_n5__t231                            4.49991
vdd_drv__t1008                         4.50002
vdd_drv__t686                          4.50002
x2_n5__t230                            4.49991
out__t1275                        -3.61068e-06
out__t1024                        -3.61494e-06
x2_n5__t229                            4.49991
vdd_drv__t1007                         4.50002
vdd_drv__t685                          4.50002
x2_n5__t228                            4.49991
out__t1274                        -3.61973e-06
out__t1023                        -3.62451e-06
x2_n5__t227                            4.49991
vdd_drv__t1006                         4.50002
vdd_drv__t684                          4.50002
x2_n5__t226                            4.49991
out__t1273                        -3.62928e-06
out__t1022                        -3.63432e-06
x2_n5__t225                            4.49991
vdd_drv__t1005                         4.50002
vdd_drv__t683                          4.50002
x2_n5__t224                            4.49991
out__t1272                        -3.63961e-06
out__t1021                        -3.64491e-06
x2_n5__t223                            4.49991
vdd_drv__t1004                         4.50002
vdd_drv__t682                          4.50002
x2_n5__t222                            4.49991
out__t1271                        -3.65046e-06
out__t1031                        -3.65627e-06
x2_n5__t244                            4.49991
vdd_drv__t1014                         4.50002
vdd_drv__t692                          4.50002
x2_n5__t242                            4.49991
out__t1281                        -3.66208e-06
out__t1045                        -3.66789e-06
x2_n5__t268                            4.49991
vdd_drv__t1028                         4.50002
vdd_drv__t703                          4.50002
x2_n5__t267                            4.49991
out__t1292                        -3.67396e-06
out__t1044                        -3.68029e-06
x2_n5__t266                            4.49991
vdd_drv__t1027                         4.50002
vdd_drv__t695                          4.50001
x2_n5__t246                            4.49994
out__t1284                        -3.88512e-06
out__t1052                        -3.87825e-06
x2_n5__t282                            4.49994
vdd_drv__t1035                         4.50001
vdd_drv__t716                          4.50001
x2_n5__t294                            4.49994
out__t1305                        -3.87157e-06
out__t1110                        -3.86461e-06
x2_n5__t399                            4.49994
vdd_drv__t1093                         4.50001
vdd_drv__t769                          4.50001
x2_n5__t398                            4.49994
out__t1358                        -3.85784e-06
out__t1109                        -3.85103e-06
x2_n5__t397                            4.49994
vdd_drv__t1092                         4.50001
vdd_drv__t768                          4.50001
x2_n5__t396                            4.49994
out__t1357                        -3.84441e-06
out__t1108                        -3.83752e-06
x2_n5__t395                            4.49994
vdd_drv__t1091                         4.50001
vdd_drv__t767                          4.50001
x2_n5__t394                            4.49994
out__t1356                        -3.83105e-06
out__t1107                        -3.82432e-06
x2_n5__t393                            4.49994
vdd_drv__t1090                         4.50001
vdd_drv__t766                          4.50001
x2_n5__t392                            4.49994
out__t1355                        -3.81778e-06
out__t1106                         -3.8112e-06
x2_n5__t391                            4.49994
vdd_drv__t1089                         4.50001
vdd_drv__t765                          4.50001
x2_n5__t390                            4.49993
out__t1354                        -3.80459e-06
out__t1105                        -3.79818e-06
x2_n5__t389                            4.49993
vdd_drv__t1088                         4.50001
vdd_drv__t764                          4.50001
x2_n5__t388                            4.49993
out__t1353                        -3.79173e-06
out__t1111                        -3.78525e-06
x2_n5__t400                            4.49993
vdd_drv__t1094                         4.50001
vdd_drv__t762                          4.50001
x2_n5__t386                            4.49993
out__t1351                        -3.77897e-06
out__t1104                        -3.77266e-06
x2_n5__t385                            4.49993
vdd_drv__t1087                         4.50001
vdd_drv__t761                          4.50001
x2_n5__t384                            4.49993
out__t1350                        -3.76655e-06
out__t1103                        -3.76017e-06
x2_n5__t383                            4.49993
vdd_drv__t1086                         4.50001
vdd_drv__t760                          4.50001
x2_n5__t382                            4.49993
out__t1349                          -3.754e-06
out__t1102                        -3.74804e-06
x2_n5__t381                            4.49993
vdd_drv__t1085                         4.50001
vdd_drv__t759                          4.50001
x2_n5__t380                            4.49993
out__t1348                        -3.74204e-06
out__t1101                        -3.73602e-06
x2_n5__t379                            4.49993
vdd_drv__t1084                         4.50001
vdd_drv__t758                          4.50001
x2_n5__t378                            4.49993
out__t1347                        -3.73021e-06
out__t1100                        -3.72437e-06
x2_n5__t377                            4.49993
vdd_drv__t1083                         4.50001
vdd_drv__t757                          4.50001
x2_n5__t376                            4.49993
out__t1346                        -3.71849e-06
out__t1099                        -3.71284e-06
x2_n5__t375                            4.49993
vdd_drv__t1082                         4.50001
vdd_drv__t776                          4.50001
x2_n5__t413                            4.49993
out__t1365                        -3.70715e-06
out__t1123                        -3.70168e-06
x2_n5__t425                            4.49993
vdd_drv__t1106                         4.50001
vdd_drv__t782                          4.50001
x2_n5__t424                            4.49993
out__t1371                        -3.69618e-06
out__t1122                        -3.69065e-06
x2_n5__t423                            4.49993
vdd_drv__t1105                         4.50001
vdd_drv__t781                          4.50001
x2_n5__t422                            4.49993
out__t1370                        -3.68534e-06
out__t1121                           -3.68e-06
x2_n5__t421                            4.49993
vdd_drv__t1104                         4.50001
vdd_drv__t780                          4.50001
x2_n5__t420                            4.49993
out__t1369                        -3.67489e-06
out__t1120                        -3.66974e-06
x2_n5__t419                            4.49992
vdd_drv__t1103                         4.50001
vdd_drv__t779                          4.50001
x2_n5__t418                            4.49992
out__t1368                        -3.66457e-06
out__t1039                        -3.65963e-06
x2_n5__t258                            4.49992
vdd_drv__t1022                         4.50001
vdd_drv__t734                          4.50001
x2_n5__t330                            4.49992
out__t1323                         -3.6549e-06
out__t1076                        -3.65014e-06
x2_n5__t329                            4.49992
vdd_drv__t1059                         4.50001
vdd_drv__t733                          4.50001
x2_n5__t328                            4.49992
out__t1322                        -3.64537e-06
out__t1075                        -3.64082e-06
x2_n5__t327                            4.49992
vdd_drv__t1058                         4.50001
vdd_drv__t732                          4.50001
x2_n5__t326                            4.49992
out__t1321                        -3.63624e-06
out__t1074                        -3.63164e-06
x2_n5__t325                            4.49992
vdd_drv__t1057                         4.50001
vdd_drv__t731                          4.50001
x2_n5__t324                            4.49992
out__t1320                        -3.62727e-06
out__t1073                        -3.62312e-06
x2_n5__t323                            4.49992
vdd_drv__t1056                         4.50001
vdd_drv__t750                          4.50001
x2_n5__t361                            4.49992
out__t1339                        -3.61895e-06
out__t1097                        -3.61501e-06
x2_n5__t373                            4.49992
vdd_drv__t1080                         4.50001
vdd_drv__t756                          4.50001
x2_n5__t372                            4.49992
out__t1345                        -3.61104e-06
out__t1096                        -3.60706e-06
x2_n5__t371                            4.49992
vdd_drv__t1079                         4.50001
vdd_drv__t755                          4.50001
x2_n5__t370                            4.49992
out__t1344                         -3.6033e-06
out__t1095                        -3.59977e-06
x2_n5__t369                            4.49992
vdd_drv__t1078                         4.50001
vdd_drv__t754                          4.50001
x2_n5__t368                            4.49992
out__t1343                        -3.59622e-06
out__t1094                        -3.59266e-06
x2_n5__t367                            4.49992
vdd_drv__t1077                         4.50001
vdd_drv__t753                          4.50001
x2_n5__t366                            4.49992
out__t1342                        -3.58932e-06
out__t1093                        -3.58621e-06
x2_n5__t365                            4.49992
vdd_drv__t1076                         4.50001
vdd_drv__t752                          4.50001
x2_n5__t364                            4.49992
out__t1341                        -3.58309e-06
out__t1092                        -3.57995e-06
x2_n5__t363                            4.49992
vdd_drv__t1075                         4.50001
vdd_drv__t751                          4.50001
x2_n5__t362                            4.49992
out__t1340                        -3.57704e-06
out__t1098                        -3.57436e-06
x2_n5__t374                            4.49992
vdd_drv__t1081                         4.50001
vdd_drv__t749                          4.50001
x2_n5__t360                            4.49992
out__t1338                        -3.57167e-06
out__t1119                        -3.89218e-06
x2_n5__t416                            4.49994
vdd_drv__t1102                         4.50001
vdd_drv__t804                              4.5
x2_n5__t470                            4.49999
out__t1393                        -4.22291e-06
out__t1146                        -4.22269e-06
x2_n5__t469                            4.49999
vdd_drv__t1129                             4.5
vdd_drv__t803                              4.5
x2_n5__t468                            4.49999
out__t1392                        -4.22234e-06
out__t1145                        -4.22165e-06
x2_n5__t467                            4.49998
vdd_drv__t1128                             4.5
vdd_drv__t802                              4.5
x2_n5__t466                            4.49998
out__t1391                        -4.22064e-06
out__t1144                         -4.2193e-06
x2_n5__t465                            4.49998
vdd_drv__t1127                             4.5
vdd_drv__t808                              4.5
x2_n5__t477                            4.49998
out__t1397                        -4.21764e-06
out__t1212                        -4.21567e-06
x2_n5__t605                            4.49998
vdd_drv__t1195                             4.5
vdd_drv__t873                              4.5
x2_n5__t604                            4.49998
out__t1462                        -4.21361e-06
out__t1211                        -4.21105e-06
x2_n5__t603                            4.49998
vdd_drv__t1194                             4.5
vdd_drv__t872                              4.5
x2_n5__t602                            4.49998
out__t1461                        -4.20842e-06
out__t1210                        -4.20551e-06
x2_n5__t601                            4.49998
vdd_drv__t1193                             4.5
vdd_drv__t871                              4.5
x2_n5__t600                            4.49998
out__t1460                        -4.20234e-06
out__t1209                        -4.19891e-06
x2_n5__t599                            4.49998
vdd_drv__t1192                             4.5
vdd_drv__t870                              4.5
x2_n5__t598                            4.49997
out__t1459                        -4.19524e-06
out__t1208                        -4.19153e-06
x2_n5__t597                            4.49997
vdd_drv__t1191                             4.5
vdd_drv__t869                              4.5
x2_n5__t596                            4.49997
out__t1458                        -4.18739e-06
out__t1207                        -4.18323e-06
x2_n5__t595                            4.49997
vdd_drv__t1190                             4.5
vdd_drv__t868                              4.5
x2_n5__t594                            4.49997
out__t1457                        -4.17886e-06
out__t1213                        -4.17429e-06
x2_n5__t606                            4.49997
vdd_drv__t1196                             4.5
vdd_drv__t867                              4.5
x2_n5__t592                            4.49997
out__t1456                        -4.16951e-06
out__t1205                        -4.16455e-06
x2_n5__t591                            4.49997
vdd_drv__t1188                             4.5
vdd_drv__t788                              4.5
x2_n5__t440                            4.49997
out__t1377                        -4.15961e-06
out__t1132                         -4.1545e-06
x2_n5__t439                            4.49997
vdd_drv__t1115                             4.5
vdd_drv__t794                              4.5
x2_n5__t451                            4.49997
out__t1383                          -4.149e-06
out__t1130                        -4.14377e-06
x2_n5__t437                            4.49997
vdd_drv__t1113                             4.5
vdd_drv__t787                              4.5
x2_n5__t436                            4.49997
out__t1376                        -4.13817e-06
out__t1129                        -4.13242e-06
x2_n5__t435                            4.49996
vdd_drv__t1112                             4.5
vdd_drv__t786                              4.5
x2_n5__t434                            4.49996
out__t1375                        -4.12674e-06
out__t1128                         -4.1207e-06
x2_n5__t433                            4.49996
vdd_drv__t1111                             4.5
vdd_drv__t785                              4.5
x2_n5__t432                            4.49996
out__t1374                        -4.11474e-06
out__t1127                        -4.10865e-06
x2_n5__t431                            4.49996
vdd_drv__t1110                             4.5
vdd_drv__t784                              4.5
x2_n5__t430                            4.49996
out__t1373                        -4.10266e-06
out__t1126                        -4.09633e-06
x2_n5__t429                            4.49996
vdd_drv__t1109                             4.5
vdd_drv__t783                              4.5
x2_n5__t428                            4.49996
out__t1372                         -4.0901e-06
out__t1125                        -4.08376e-06
x2_n5__t427                            4.49996
vdd_drv__t1108                             4.5
vdd_drv__t801                              4.5
x2_n5__t464                            4.49996
out__t1390                        -4.07731e-06
out__t1149                        -4.07075e-06
x2_n5__t476                            4.49996
vdd_drv__t1132                             4.5
vdd_drv__t807                              4.5
x2_n5__t475                            4.49996
out__t1396                         -4.0641e-06
out__t1148                        -4.05757e-06
x2_n5__t474                            4.49996
vdd_drv__t1131                             4.5
vdd_drv__t806                              4.5
x2_n5__t473                            4.49996
out__t1395                        -4.05094e-06
out__t1147                        -4.04423e-06
x2_n5__t472                            4.49995
vdd_drv__t1130                             4.5
vdd_drv__t805                              4.5
x2_n5__t471                            4.49995
out__t1394                        -4.03743e-06
out__t1040                        -4.03076e-06
x2_n5__t259                            4.49995
vdd_drv__t1023                             4.5
vdd_drv__t820                              4.5
x2_n5__t500                            4.49995
out__t1409                        -4.02401e-06
out__t1032                        -4.01719e-06
x2_n5__t248                            4.49995
vdd_drv__t1015                             4.5
vdd_drv__t696                              4.5
x2_n5__t247                            4.49995
out__t1285                        -4.01029e-06
out__t1118                        -4.00331e-06
x2_n5__t415                            4.49995
vdd_drv__t1101                             4.5
vdd_drv__t777                              4.5
x2_n5__t414                            4.49995
out__t1366                        -3.99648e-06
out__t1124                        -3.98959e-06
x2_n5__t426                            4.49995
vdd_drv__t1107                             4.5
vdd_drv__t775                              4.5
x2_n5__t412                            4.49995
out__t1364                        -3.98262e-06
out__t1035                        -3.97559e-06
x2_n5__t253                            4.49995
vdd_drv__t1018                             4.5
vdd_drv__t698                              4.5
x2_n5__t252                            4.49995
out__t1287                        -3.96873e-06
out__t1034                        -3.96157e-06
x2_n5__t251                            4.49995
vdd_drv__t1017                             4.5
vdd_drv__t697                              4.5
x2_n5__t250                            4.49995
out__t1286                        -3.95458e-06
out__t1033                        -3.94776e-06
x2_n5__t249                            4.49995
vdd_drv__t1016                             4.5
vdd_drv__t778                              4.5
x2_n5__t417                            4.49995
out__t1367                        -3.94066e-06
out__t1117                        -3.93372e-06
x2_n5__t411                            4.49994
vdd_drv__t1100                             4.5
vdd_drv__t774                              4.5
x2_n5__t410                            4.49994
out__t1363                        -3.92673e-06
out__t1038                        -3.91969e-06
x2_n5__t257                            4.49994
vdd_drv__t1021                             4.5
vdd_drv__t704                              4.5
x2_n5__t269                            4.49994
out__t1293                        -3.91283e-06
out__t1036                        -3.90592e-06
x2_n5__t255                            4.49994
vdd_drv__t1019                             4.5
vdd_drv__t699                              4.5
x2_n5__t254                            4.49994
out__t1288                        -3.89896e-06
out__t1164                        -5.31409e-06
x2_n5__t509                            4.49995
vdd_drv__t1147                         4.50001
vdd_drv__t825                          4.50001
x2_n5__t508                            4.49995
out__t1414                        -5.29541e-06
out__t1163                        -5.27672e-06
x2_n5__t506                            4.49995
vdd_drv__t1146                         4.50001
vdd_drv__t790                          4.50001
x2_n5__t444                            4.49995
out__t1379                          -5.258e-06
out__t1134                        -5.23947e-06
x2_n5__t443                            4.49995
vdd_drv__t1117                         4.50001
vdd_drv__t789                          4.50001
x2_n5__t442                            4.49995
out__t1378                         -5.2207e-06
out__t1133                         -5.2019e-06
x2_n5__t441                            4.49995
vdd_drv__t1116                         4.50001
vdd_drv__t817                          4.50001
x2_n5__t496                            4.49996
out__t1406                        -5.18328e-06
out__t1159                        -5.16442e-06
x2_n5__t495                            4.49996
vdd_drv__t1142                         4.50001
vdd_drv__t816                          4.50001
x2_n5__t494                            4.49996
out__t1405                        -5.14574e-06
out__t1158                         -5.1268e-06
x2_n5__t493                            4.49996
vdd_drv__t1141                         4.50001
vdd_drv__t815                          4.50001
x2_n5__t492                            4.49996
out__t1404                        -5.10803e-06
out__t1157                        -5.08922e-06
x2_n5__t491                            4.49996
vdd_drv__t1140                         4.50001
vdd_drv__t822                          4.50001
x2_n5__t503                            4.49996
out__t1411                        -5.07036e-06
out__t1155                        -5.05146e-06
x2_n5__t489                            4.49996
vdd_drv__t1138                         4.50001
vdd_drv__t814                          4.50001
x2_n5__t488                            4.49996
out__t1403                         -5.0325e-06
out__t1154                        -5.01348e-06
x2_n5__t487                            4.49996
vdd_drv__t1137                         4.50001
vdd_drv__t813                          4.50001
x2_n5__t486                            4.49996
out__t1402                        -4.99441e-06
out__t1153                        -4.97527e-06
x2_n5__t485                            4.49996
vdd_drv__t1136                         4.50001
vdd_drv__t812                          4.50001
x2_n5__t484                            4.49996
out__t1401                        -4.95607e-06
out__t1152                        -4.93701e-06
x2_n5__t483                            4.49996
vdd_drv__t1135                         4.50001
vdd_drv__t811                          4.50001
x2_n5__t482                            4.49996
out__t1400                        -4.91766e-06
out__t1151                        -4.89845e-06
x2_n5__t481                            4.49997
vdd_drv__t1134                         4.50001
vdd_drv__t810                          4.50001
x2_n5__t480                            4.49997
out__t1399                        -4.87895e-06
out__t1150                        -4.85957e-06
x2_n5__t479                            4.49997
vdd_drv__t1133                         4.50001
vdd_drv__t809                          4.50001
x2_n5__t478                            4.49997
out__t1398                        -4.84009e-06
out__t1168                        -4.82032e-06
x2_n5__t516                            4.49997
vdd_drv__t1151                         4.50001
vdd_drv__t834                          4.50001
x2_n5__t528                            4.49997
out__t1423                        -4.80066e-06
out__t1174                         -4.7809e-06
x2_n5__t527                            4.49997
vdd_drv__t1157                             4.5
vdd_drv__t833                              4.5
x2_n5__t526                            4.49997
out__t1422                        -4.76102e-06
out__t1173                        -4.74124e-06
x2_n5__t525                            4.49997
vdd_drv__t1156                             4.5
vdd_drv__t832                              4.5
x2_n5__t524                            4.49997
out__t1421                        -4.72113e-06
out__t1172                        -4.70091e-06
x2_n5__t523                            4.49997
vdd_drv__t1155                             4.5
vdd_drv__t831                              4.5
x2_n5__t522                            4.49997
out__t1420                        -4.68075e-06
out__t1171                        -4.66026e-06
x2_n5__t521                            4.49998
vdd_drv__t1154                             4.5
vdd_drv__t830                              4.5
x2_n5__t520                            4.49998
out__t1419                        -4.63983e-06
out__t1170                        -4.61905e-06
x2_n5__t519                            4.49998
vdd_drv__t1153                             4.5
vdd_drv__t829                              4.5
x2_n5__t518                            4.49998
out__t1418                        -4.59832e-06
out__t1169                        -4.57744e-06
x2_n5__t517                            4.49998
vdd_drv__t1152                             4.5
vdd_drv__t835                              4.5
x2_n5__t529                            4.49998
out__t1424                        -4.55639e-06
out__t1167                        -4.53517e-06
x2_n5__t515                            4.49998
vdd_drv__t1150                             4.5
vdd_drv__t828                              4.5
x2_n5__t514                            4.49998
out__t1417                        -4.51377e-06
out__t1166                         -4.4924e-06
x2_n5__t513                            4.49998
vdd_drv__t1149                             4.5
vdd_drv__t827                              4.5
x2_n5__t512                            4.49998
out__t1416                        -4.47063e-06
out__t1165                        -4.44869e-06
x2_n5__t511                            4.49998
vdd_drv__t1148                             4.5
vdd_drv__t826                              4.5
x2_n5__t510                            4.49999
out__t1415                        -4.42674e-06
out__t1160                        -4.40461e-06
x2_n5__t498                            4.49999
vdd_drv__t1143                             4.5
vdd_drv__t818                              4.5
x2_n5__t497                            4.49999
out__t1407                        -4.38209e-06
out__t1143                         -4.3596e-06
x2_n5__t463                            4.49999
vdd_drv__t1126                             4.5
vdd_drv__t800                              4.5
x2_n5__t462                            4.49999
out__t1389                        -4.33696e-06
out__t1142                        -4.31424e-06
x2_n5__t461                            4.49999
vdd_drv__t1125                             4.5
vdd_drv__t799                              4.5
x2_n5__t460                            4.49999
out__t1388                        -4.29178e-06
out__t1141                        -4.26952e-06
x2_n5__t459                            4.49999
vdd_drv__t1124                             4.5
vdd_drv__t798                              4.5
x2_n5__t458                            4.49999
out__t1387                        -4.24861e-06
out__t1140                        -4.23204e-06
x2_n5__t457                            4.49999
vdd_drv__t1123                             4.5
vdd_drv__t797                              4.5
x2_n5__t456                            4.49999
out__t1386                        -4.22356e-06
out__t1139                        -4.22113e-06
x2_n5__t455                            4.49999
vdd_drv__t1122                             4.5
vdd_drv__t796                              4.5
x2_n5__t454                            4.49999
out__t1385                        -4.22112e-06
out__t1138                        -4.22168e-06
x2_n5__t453                            4.49999
vdd_drv__t1121                             4.5
vdd_drv__t795                              4.5
x2_n5__t452                            4.49999
out__t1384                        -4.22224e-06
out__t1180                        -4.22281e-06
x2_n5__t541                            4.49999
vdd_drv__t1163                             4.5
vdd_drv__t824                          4.50001
x2_n5__t507                            4.49995
out__t1413                        -5.33274e-06
out__t1053                        -6.53365e-06
x2_n5__t284                            4.49992
vdd_drv__t1036                         4.50001
vdd_drv__t711                          4.50001
x2_n5__t283                            4.49992
out__t1300                        -6.51398e-06
out__t1059                        -6.49431e-06
x2_n5__t295                            4.49992
vdd_drv__t1042                         4.50001
vdd_drv__t710                          4.50001
x2_n5__t281                            4.49992
out__t1299                        -6.47466e-06
out__t1051                        -6.45501e-06
x2_n5__t280                            4.49992
vdd_drv__t1034                         4.50001
vdd_drv__t709                          4.50001
x2_n5__t279                            4.49992
out__t1298                         -6.4356e-06
out__t1048                        -6.41598e-06
x2_n5__t274                            4.49992
vdd_drv__t1031                         4.50001
vdd_drv__t706                          4.50001
x2_n5__t273                            4.49992
out__t1295                        -6.39637e-06
out__t1047                          -6.377e-06
x2_n5__t272                            4.49992
vdd_drv__t1030                         4.50001
vdd_drv__t705                          4.50001
x2_n5__t271                            4.49992
out__t1294                        -6.35741e-06
out__t1046                        -6.33784e-06
x2_n5__t270                            4.49992
vdd_drv__t1029                         4.50001
vdd_drv__t837                          4.50001
x2_n5__t533                            4.49992
out__t1426                         -6.3185e-06
out__t1176                        -6.29895e-06
x2_n5__t532                            4.49992
vdd_drv__t1159                         4.50001
vdd_drv__t836                          4.50001
x2_n5__t531                            4.49993
out__t1425                        -6.27963e-06
out__t1175                        -6.26033e-06
x2_n5__t530                            4.49993
vdd_drv__t1158                         4.50001
vdd_drv__t855                          4.50001
x2_n5__t567                            4.49993
out__t1444                        -6.24082e-06
out__t1198                        -6.22154e-06
x2_n5__t579                            4.49993
vdd_drv__t1181                         4.50001
vdd_drv__t861                          4.50001
x2_n5__t578                            4.49993
out__t1450                        -6.20227e-06
out__t1197                         -6.1828e-06
x2_n5__t577                            4.49993
vdd_drv__t1180                         4.50001
vdd_drv__t860                          4.50001
x2_n5__t576                            4.49993
out__t1449                        -6.16356e-06
out__t1196                        -6.14433e-06
x2_n5__t575                            4.49993
vdd_drv__t1179                         4.50001
vdd_drv__t859                          4.50001
x2_n5__t574                            4.49993
out__t1448                        -6.12511e-06
out__t1195                        -6.10591e-06
x2_n5__t573                            4.49993
vdd_drv__t1178                         4.50001
vdd_drv__t858                          4.50001
x2_n5__t572                            4.49993
out__t1447                        -6.08671e-06
out__t1194                        -6.06753e-06
x2_n5__t571                            4.49993
vdd_drv__t1177                         4.50001
vdd_drv__t857                          4.50001
x2_n5__t570                            4.49993
out__t1446                        -6.04836e-06
out__t1193                        -6.02921e-06
x2_n5__t569                            4.49993
vdd_drv__t1176                         4.50001
vdd_drv__t856                          4.50001
x2_n5__t568                            4.49993
out__t1445                        -6.01006e-06
out__t1199                        -5.99092e-06
x2_n5__t580                            4.49993
vdd_drv__t1182                         4.50001
vdd_drv__t854                          4.50001
x2_n5__t566                            4.49993
out__t1443                         -5.9718e-06
out__t1192                        -5.95269e-06
x2_n5__t565                            4.49993
vdd_drv__t1175                         4.50001
vdd_drv__t853                          4.50001
x2_n5__t564                            4.49993
out__t1442                        -5.93381e-06
out__t1191                        -5.91472e-06
x2_n5__t563                            4.49993
vdd_drv__t1174                         4.50001
vdd_drv__t852                          4.50001
x2_n5__t562                            4.49993
out__t1441                        -5.89564e-06
out__t1190                        -5.87679e-06
x2_n5__t561                            4.49993
vdd_drv__t1173                         4.50001
vdd_drv__t851                          4.50001
x2_n5__t560                            4.49993
out__t1440                        -5.85773e-06
out__t1189                         -5.8389e-06
x2_n5__t559                            4.49994
vdd_drv__t1172                         4.50001
vdd_drv__t850                          4.50001
x2_n5__t558                            4.49994
out__t1439                        -5.81986e-06
out__t1188                        -5.80105e-06
x2_n5__t557                            4.49994
vdd_drv__t1171                         4.50001
vdd_drv__t849                          4.50001
x2_n5__t556                            4.49994
out__t1438                        -5.78202e-06
out__t1187                        -5.76322e-06
x2_n5__t555                            4.49994
vdd_drv__t1170                         4.50001
vdd_drv__t743                          4.50001
x2_n5__t349                            4.49994
out__t1332                        -5.74443e-06
out__t1079                        -5.72564e-06
x2_n5__t335                            4.49994
vdd_drv__t1062                         4.50001
vdd_drv__t715                          4.50001
x2_n5__t293                            4.49994
out__t1304                        -5.70665e-06
out__t1058                        -5.68787e-06
x2_n5__t292                            4.49994
vdd_drv__t1041                         4.50001
vdd_drv__t903                          4.50001
x2_n5__t633                            4.49994
out__t1476                         -5.6691e-06
out__t1057                        -5.65034e-06
x2_n5__t291                            4.49994
vdd_drv__t1040                         4.50001
vdd_drv__t714                          4.50001
x2_n5__t290                            4.49994
out__t1303                        -5.63158e-06
out__t1056                        -5.61282e-06
x2_n5__t289                            4.49994
vdd_drv__t1039                         4.50001
vdd_drv__t713                          4.50001
x2_n5__t288                            4.49994
out__t1302                        -5.59406e-06
out__t1055                        -5.57552e-06
x2_n5__t287                            4.49994
vdd_drv__t1038                         4.50001
vdd_drv__t712                          4.50001
x2_n5__t286                            4.49994
out__t1301                        -5.55676e-06
out__t1054                          -5.538e-06
x2_n5__t285                            4.49994
vdd_drv__t1037                         4.50001
vdd_drv__t819                          4.50001
x2_n5__t499                            4.49994
out__t1408                        -5.51945e-06
out__t1162                        -5.50069e-06
x2_n5__t505                            4.49994
vdd_drv__t1145                         4.50001
vdd_drv__t823                          4.50001
x2_n5__t504                            4.49995
out__t1412                        -5.48192e-06
out__t1156                        -5.46336e-06
x2_n5__t490                            4.49995
vdd_drv__t1139                         4.50001
vdd_drv__t793                          4.50001
x2_n5__t450                            4.49995
out__t1382                        -5.44458e-06
out__t1137                          -5.426e-06
x2_n5__t449                            4.49995
vdd_drv__t1120                         4.50001
vdd_drv__t792                          4.50001
x2_n5__t448                            4.49995
out__t1381                        -5.40742e-06
out__t1136                        -5.38882e-06
x2_n5__t447                            4.49995
vdd_drv__t1119                         4.50001
vdd_drv__t791                          4.50001
x2_n5__t446                            4.49995
out__t1380                           -5.37e-06
out__t1135                        -5.35138e-06
x2_n5__t445                            4.49995
vdd_drv__t1118                         4.50001
vdd_drv__t841                          4.50002
x2_n5__t540                            4.49991
out__t1430                        -7.75445e-06
out__t1179                        -7.73436e-06
x2_n5__t539                            4.49991
vdd_drv__t1162                         4.50002
vdd_drv__t840                          4.50002
x2_n5__t538                            4.49991
out__t1429                        -7.71404e-06
out__t1178                        -7.69394e-06
x2_n5__t537                            4.49991
vdd_drv__t1161                         4.50002
vdd_drv__t839                          4.50002
x2_n5__t536                            4.49991
out__t1428                        -7.67384e-06
out__t1177                         -7.6535e-06
x2_n5__t535                            4.49991
vdd_drv__t1160                         4.50002
vdd_drv__t838                          4.50002
x2_n5__t534                            4.49991
out__t1427                        -7.63339e-06
out__t1216                        -7.61328e-06
x2_n5__t612                            4.49991
vdd_drv__t1199                         4.50002
vdd_drv__t876                          4.50002
x2_n5__t611                            4.49991
out__t1465                        -7.59293e-06
out__t1215                        -7.57281e-06
x2_n5__t610                            4.49991
vdd_drv__t1198                         4.50002
vdd_drv__t875                          4.50002
x2_n5__t609                            4.49991
out__t1464                        -7.55269e-06
out__t1214                        -7.53256e-06
x2_n5__t608                            4.49991
vdd_drv__t1197                         4.50002
vdd_drv__t874                          4.50002
x2_n5__t607                            4.49991
out__t1463                        -7.51244e-06
out__t1206                        -7.49207e-06
x2_n5__t593                            4.49991
vdd_drv__t1189                         4.50002
vdd_drv__t847                          4.50002
x2_n5__t553                            4.49991
out__t1436                        -7.47194e-06
out__t1186                        -7.45181e-06
x2_n5__t552                            4.49991
vdd_drv__t1169                         4.50002
vdd_drv__t846                          4.50002
x2_n5__t551                            4.49991
out__t1435                        -7.43167e-06
out__t1185                        -7.41154e-06
x2_n5__t550                            4.49991
vdd_drv__t1168                         4.50002
vdd_drv__t845                          4.50002
x2_n5__t549                            4.49991
out__t1434                         -7.3914e-06
out__t1184                        -7.37126e-06
x2_n5__t548                            4.49991
vdd_drv__t1167                         4.50002
vdd_drv__t844                          4.50002
x2_n5__t547                            4.49991
out__t1433                        -7.35112e-06
out__t1183                        -7.33098e-06
x2_n5__t546                            4.49991
vdd_drv__t1166                         4.50002
vdd_drv__t843                          4.50002
x2_n5__t545                            4.49991
out__t1432                        -7.31084e-06
out__t1182                        -7.29071e-06
x2_n5__t544                            4.49991
vdd_drv__t1165                         4.50002
vdd_drv__t842                          4.50002
x2_n5__t543                            4.49991
out__t1431                        -7.27057e-06
out__t1181                        -7.25043e-06
x2_n5__t542                            4.49991
vdd_drv__t1164                         4.50002
vdd_drv__t848                          4.50002
x2_n5__t554                            4.49991
out__t1437                         -7.2303e-06
out__t1204                        -7.21017e-06
x2_n5__t589                            4.49991
vdd_drv__t1187                         4.50002
vdd_drv__t879                          4.50002
x2_n5__t617                            4.49991
out__t1468                        -7.19027e-06
out__t1218                        -7.17014e-06
x2_n5__t616                            4.49991
vdd_drv__t1201                         4.50002
vdd_drv__t878                          4.50002
x2_n5__t615                            4.49991
out__t1467                        -7.15001e-06
out__t1217                        -7.12989e-06
x2_n5__t614                            4.49991
vdd_drv__t1200                         4.50002
vdd_drv__t877                          4.50002
x2_n5__t613                            4.49991
out__t1466                           -7.11e-06
out__t1203                        -7.08988e-06
x2_n5__t588                            4.49991
vdd_drv__t1186                         4.50002
vdd_drv__t865                          4.50002
x2_n5__t587                            4.49991
out__t1454                        -7.06977e-06
out__t1202                        -7.04989e-06
x2_n5__t586                            4.49991
vdd_drv__t1185                         4.50002
vdd_drv__t864                          4.50002
x2_n5__t585                            4.49991
out__t1453                        -7.02979e-06
out__t1201                        -7.00969e-06
x2_n5__t584                            4.49991
vdd_drv__t1184                         4.50002
vdd_drv__t863                          4.50002
x2_n5__t583                            4.49992
out__t1452                        -6.98982e-06
out__t1200                        -6.96973e-06
x2_n5__t582                            4.49992
vdd_drv__t1183                         4.50002
vdd_drv__t862                          4.50002
x2_n5__t581                            4.49992
out__t1451                        -6.94987e-06
out__t1220                         -6.9298e-06
x2_n5__t619                            4.49992
vdd_drv__t1203                         4.50002
vdd_drv__t885                          4.50002
x2_n5__t631                            4.49992
out__t1474                        -6.90995e-06
out__t1226                        -6.88988e-06
x2_n5__t630                            4.49992
vdd_drv__t1209                         4.50002
vdd_drv__t884                          4.50002
x2_n5__t629                            4.49992
out__t1473                        -6.87005e-06
out__t1225                        -6.85022e-06
x2_n5__t628                            4.49992
vdd_drv__t1208                         4.50002
vdd_drv__t883                          4.50002
x2_n5__t627                            4.49992
out__t1472                        -6.83018e-06
out__t1224                        -6.81037e-06
x2_n5__t626                            4.49992
vdd_drv__t1207                         4.50002
vdd_drv__t882                          4.50002
x2_n5__t625                            4.49992
out__t1471                        -6.79056e-06
out__t1223                        -6.77054e-06
x2_n5__t624                            4.49992
vdd_drv__t1206                         4.50001
vdd_drv__t881                          4.50001
x2_n5__t623                            4.49992
out__t1470                        -6.75075e-06
out__t1222                        -6.73097e-06
x2_n5__t622                            4.49992
vdd_drv__t1205                         4.50001
vdd_drv__t880                          4.50001
x2_n5__t621                            4.49992
out__t1469                        -6.71119e-06
out__t1221                        -6.69143e-06
x2_n5__t620                            4.49992
vdd_drv__t1204                         4.50001
vdd_drv__t886                          4.50001
x2_n5__t632                            4.49992
out__t1475                        -6.67145e-06
out__t1219                         -6.6517e-06
x2_n5__t618                            4.49992
vdd_drv__t1202                         4.50001
vdd_drv__t866                          4.50001
x2_n5__t590                            4.49992
out__t1455                        -6.63197e-06
out__t1050                        -6.61224e-06
x2_n5__t278                            4.49992
vdd_drv__t1033                         4.50001
vdd_drv__t708                          4.50001
x2_n5__t277                            4.49992
out__t1297                        -6.59252e-06
out__t1049                        -6.57281e-06
x2_n5__t276                            4.49992
vdd_drv__t1032                         4.50001
vdd_drv__t707                          4.50001
x2_n5__t275                            4.49992
out__t1296                        -6.55312e-06
out__t1270                        -7.77562e-06
x2_n5__t720                            4.49991
vdd_drv__t679                          4.50002
x3_uvlo_ok__t0                         4.49992
x3_lockout__t0                     2.22108e-07
vdd_drv__t20                               4.5
x3_ncompp__t1                          3.69168
x3_ncompp__t2                           3.6915
vdd_drv__t674                          4.49999
x3_ncompn__t2                           4.4275
x3_ncompp__t3                           3.6915
vdd_drv__t675                              4.5
x3_lockout__t1                     9.04546e-06
x3_ncompn__t0                          4.42745
vdd_drv__t22                               4.5
x1_inb__t1                                2.97
in__t1                             8.46222e-06
vdd_logic__t0                             2.97
vdd_logic                                 2.97
x1_ncb__t3                         2.29202e-07
anon293__t0                        1.56073e-07
anon294__t1                        1.35329e-07
anon293__t1                        1.56579e-07
anon294__t0                        1.35391e-07
anon295__t0                          1.652e-07
in_drv__t4                         2.40679e-07
anon295__t1                        1.64854e-07
vdd_drv__t0                            4.49997
anon22__t0                             4.19564
anon22__t1                             4.19544
anon23__t0                             3.89112
anon23__t1                             3.89092
anon26__t0                             3.58659
anon26__t1                              3.5864
anon27__t0                             3.28207
anon27__t1                             3.28188
anon30__t0                             2.97755
anon30__t1                             2.97735
anon31__t0                             2.67303
x3_nref__t4                           0.845912
anon21__t0                             1.15023
anon21__t1                             1.15043
anon24__t0                             1.45475
anon24__t1                             1.45495
anon25__t0                             1.75927
anon25__t1                             1.75947
anon28__t0                             2.06379
anon28__t1                             2.06399
anon29__t0                             2.36831
anon29__t1                             2.36851
anon31__t1                             2.67283
vdd_drv__t1                            4.49997
anon32__t0                             4.27329
anon32__t1                             4.27311
anon33__t0                             4.04643
anon33__t1                             4.04626
anon34__t0                             3.81958
anon34__t1                              3.8194
anon35__t0                             3.59272
anon35__t1                             3.59254
anon36__t0                             3.36586
anon36__t1                             3.36569
anon37__t0                             3.13901
anon37__t1                             3.13883
anon38__t0                             2.91215
anon38__t1                             2.91198
anon39__t1                              2.6853
x3_ndiv__t1                           0.870476
anon40__t0                             1.09715
anon40__t1                             1.09733
anon42__t0                               1.324
anon42__t1                             1.32418
anon44__t0                             1.55086
anon44__t1                             1.55103
anon45__t0                             1.77771
anon45__t1                             1.77788
anon46__t0                             2.00456
anon46__t1                             2.00474
anon47__t0                             2.23141
anon47__t1                             2.23159
anon48__t0                             2.45827
anon48__t1                             2.45844
anon39__t0                             2.68512
x3_uvlo_ok__t2                          4.4998
anon49__t0                             4.48461
x3_ndiv__t3                           0.869866
anon41__t0                            0.580044
anon49__t1                              4.4846
anon50__t0                             4.46941
anon41__t1                            0.579858
anon43__t0                            0.290036
anon50__t1                              4.4694
anon51__t0                             4.45421
anon43__t1                             0.28985
gnd_drv__t16                       2.69364e-05
anon51__t1                              4.4542
anon52__t0                             4.43901
anon52__t1                               4.439
anon53__t0                             4.42381
anon53__t1                              4.4238
anon54__t0                             4.40861
anon54__t1                              4.4086
anon55__t0                             4.39342
anon55__t1                             4.39341
anon56__t0                             4.37822
anon57__t1                             4.25669
anon59__t0                             4.27187
anon59__t1                             4.27188
anon60__t0                             4.28706
anon60__t1                             4.28707
anon63__t0                             4.30225
anon63__t1                             4.30226
anon65__t0                             4.31744
anon65__t1                             4.31745
anon66__t0                             4.33263
anon66__t1                             4.33264
anon69__t0                             4.34782
anon69__t1                             4.34783
anon71__t0                             4.36302
anon71__t1                             4.36303
anon56__t1                             4.37821
anon57__t0                             4.25668
anon58__t0                              4.2415
anon58__t1                             4.24149
anon61__t0                             4.22631
anon61__t1                              4.2263
anon62__t0                             4.21113
anon62__t1                             4.21112
anon64__t0                             4.19594
anon64__t1                             4.19593
anon67__t0                             4.18076
anon67__t1                             4.18075
anon68__t0                             4.16557
anon68__t1                             4.16556
anon70__t0                             4.15039
anon70__t1                             4.15038
anon72__t1                             4.13521
anon73__t0                             4.01378
anon74__t0                             4.02895
anon74__t1                             4.02896
anon76__t0                             4.04412
anon76__t1                             4.04413
anon78__t0                              4.0593
anon78__t1                             4.05931
anon81__t0                             4.07448
anon81__t1                             4.07449
anon82__t0                             4.08966
anon82__t1                             4.08967
anon84__t0                             4.10484
anon84__t1                             4.10485
anon86__t0                             4.12002
anon86__t1                             4.12003
anon72__t0                              4.1352
anon73__t1                             4.01377
anon75__t0                             3.99861
anon75__t1                              3.9986
anon77__t0                             3.98343
anon77__t1                             3.98342
anon79__t0                             3.96826
anon79__t1                             3.96825
anon80__t0                             3.95309
anon80__t1                             3.95308
anon83__t0                             3.93792
anon83__t1                             3.93791
anon85__t0                             3.92274
anon85__t1                             3.92273
anon87__t0                             3.90757
anon87__t1                             3.90756
anon88__t1                             3.89241
anon89__t0                             3.77108
anon90__t0                             3.78623
anon89__t1                             3.77107
anon91__t0                             3.75592
anon90__t1                             3.78624
anon93__t0                              3.8014
anon91__t1                             3.75591
anon94__t0                             3.74076
anon93__t1                             3.80141
anon96__t0                             3.81656
anon94__t1                             3.74075
anon97__t0                              3.7256
anon96__t1                             3.81657
anon100__t0                            3.83173
anon97__t1                             3.72559
anon99__t0                             3.71044
anon99__t1                             3.71043
anon102__t0                            3.69528
anon100__t1                            3.83174
anon103__t0                            3.84689
anon103__t1                             3.8469
anon105__t0                            3.86206
anon102__t1                            3.69527
anon106__t0                            3.68012
anon105__t1                            3.86207
anon108__t0                            3.87723
anon106__t1                            3.68011
anon109__t0                            3.66496
anon108__t1                            3.87724
anon88__t0                              3.8924
anon109__t1                            3.66495
anon111__t0                             3.6498
anon112__t0                            3.52856
anon113__t0                            3.51342
anon112__t1                            3.52857
anon92__t0                             3.54371
anon113__t1                            3.51341
anon115__t0                            3.49827
anon92__t1                             3.54372
anon95__t0                             3.55887
anon115__t1                            3.49826
anon117__t0                            3.48312
anon95__t1                             3.55888
anon98__t0                             3.57402
anon98__t1                             3.57403
anon101__t0                            3.58917
anon117__t1                            3.48311
anon119__t0                            3.46797
anon119__t1                            3.46797
anon121__t0                            3.45283
anon101__t1                            3.58918
anon104__t0                            3.60433
anon104__t1                            3.60434
anon107__t0                            3.61948
anon121__t1                            3.45282
anon123__t0                            3.43768
anon107__t1                            3.61949
anon110__t0                            3.63464
anon123__t1                            3.43767
anon125__t0                            3.42253
anon125__t1                            3.42252
anon127__t0                            3.40739
anon110__t1                            3.63465
anon111__t1                            3.64979
anon128__t0                            3.28625
anon114__t0                            3.30138
anon128__t1                            3.28624
anon129__t0                            3.27111
anon114__t1                            3.30139
anon116__t0                            3.31652
anon129__t1                             3.2711
anon131__t0                            3.25597
anon131__t1                            3.25596
anon133__t0                            3.24083
anon116__t1                            3.31653
anon118__t0                            3.33166
anon118__t1                            3.33167
anon120__t0                             3.3468
anon133__t1                            3.24082
anon135__t0                            3.22569
anon135__t1                            3.22568
anon137__t0                            3.21055
anon120__t1                            3.34681
anon122__t0                            3.36195
anon137__t1                            3.21054
anon139__t0                            3.19542
anon122__t1                            3.36195
anon124__t0                            3.37709
anon139__t1                            3.19541
anon141__t0                            3.18028
anon124__t1                             3.3771
anon126__t0                            3.39223
anon141__t1                            3.18027
anon143__t0                            3.16515
anon126__t1                            3.39224
anon127__t1                            3.40738
anon144__t1                            3.04409
anon130__t0                            3.05921
anon144__t0                            3.04408
anon145__t0                            3.02896
anon145__t1                            3.02895
anon147__t0                            3.01383
anon130__t1                            3.05922
anon132__t0                            3.07434
anon132__t1                            3.07435
anon134__t0                            3.08947
anon147__t1                            3.01382
anon149__t0                             2.9987
anon149__t1                            2.99869
anon151__t0                            2.98357
anon134__t1                            3.08948
anon136__t0                             3.1046
anon136__t1                            3.10461
anon138__t0                            3.11974
anon151__t1                            2.98356
anon153__t0                            2.96845
anon153__t1                            2.96844
anon155__t0                            2.95332
anon138__t1                            3.11975
anon140__t0                            3.13487
anon155__t1                            2.95331
anon157__t0                            2.93819
anon140__t1                            3.13488
anon142__t0                               3.15
anon157__t1                            2.93818
anon159__t1                            2.92307
anon142__t1                            3.15001
anon143__t1                            3.16514
anon160__t0                            2.80209
anon146__t0                             2.8172
anon160__t1                            2.80208
anon161__t0                            2.78697
anon161__t1                            2.78696
anon163__t0                            2.77185
anon146__t1                            2.81721
anon148__t0                            2.83232
anon163__t1                            2.77184
anon165__t0                            2.75673
anon148__t1                            2.83233
anon150__t0                            2.84744
anon150__t1                            2.84745
anon152__t0                            2.86256
anon165__t1                            2.75672
anon167__t0                            2.74161
anon152__t1                            2.86257
anon154__t0                            2.87769
anon167__t1                             2.7416
anon169__t0                            2.72649
anon169__t1                            2.72648
anon171__t0                            2.71137
anon154__t1                             2.8777
anon156__t0                            2.89281
anon156__t1                            2.89282
anon158__t0                            2.90793
anon171__t1                            2.71136
anon173__t0                            2.69626
anon173__t1                            2.69625
anon175__t0                            2.68114
anon158__t1                            2.90794
anon159__t0                            2.92306
anon176__t0                            2.56023
anon162__t0                            2.57533
anon176__t1                            2.56022
anon177__t0                            2.54512
anon162__t1                            2.57534
anon164__t0                            2.59044
anon177__t1                            2.54511
anon179__t0                               2.53
anon179__t1                            2.52999
anon181__t0                            2.51489
anon164__t1                            2.59045
anon166__t0                            2.60556
anon166__t1                            2.60557
anon168__t0                            2.62067
anon181__t1                            2.51488
anon183__t0                            2.49978
anon168__t1                            2.62068
anon170__t0                            2.63578
anon183__t1                            2.49977
anon185__t0                            2.48467
anon185__t1                            2.48466
anon187__t0                            2.46956
anon170__t1                            2.63579
anon172__t0                             2.6509
anon172__t1                            2.65091
anon174__t0                            2.66601
anon187__t1                            2.46956
anon189__t0                            2.45446
anon189__t1                            2.45445
anon191__t0                            2.43935
anon174__t1                            2.66602
anon175__t1                            2.68113
anon192__t1                            2.31849
anon193__t0                             2.3034
anon192__t0                             2.3185
anon178__t0                            2.33359
anon193__t1                            2.30339
anon195__t0                            2.28829
anon178__t1                             2.3336
anon180__t0                             2.3487
anon180__t1                            2.34871
anon182__t0                             2.3638
anon195__t1                            2.28828
anon197__t0                            2.27319
anon182__t1                            2.36381
anon184__t0                            2.37891
anon197__t1                            2.27318
anon199__t0                            2.25809
anon199__t1                            2.25808
anon201__t0                            2.24299
anon184__t1                            2.37892
anon186__t0                            2.39402
anon186__t1                            2.39403
anon188__t0                            2.40912
anon201__t1                            2.24298
anon203__t0                            2.22788
anon188__t1                            2.40913
anon190__t0                            2.42423
anon203__t1                            2.22787
anon205__t0                            2.21278
anon205__t1                            2.21277
anon207__t0                            2.19768
anon190__t1                            2.42424
anon191__t1                            2.43934
anon208__t1                            2.07688
anon209__t0                            2.06179
anon208__t0                            2.07689
anon194__t0                            2.09198
anon209__t1                            2.06178
anon211__t0                             2.0467
anon194__t1                            2.09199
anon196__t0                            2.10708
anon196__t1                            2.10709
anon198__t0                            2.12217
anon211__t1                            2.04669
anon213__t0                             2.0316
anon213__t1                            2.03159
anon215__t0                            2.01651
anon198__t1                            2.12218
anon200__t0                            2.13727
anon200__t1                            2.13728
anon202__t0                            2.15237
anon215__t1                             2.0165
anon217__t0                            2.00141
anon217__t1                             2.0014
anon219__t0                            1.98632
anon202__t1                            2.15238
anon204__t0                            2.16747
anon219__t1                            1.98631
anon221__t0                            1.97122
anon204__t1                            2.16748
anon206__t0                            2.18257
anon206__t1                            2.18258
anon207__t1                            2.19767
anon221__t1                            1.97121
anon223__t1                            1.95613
anon224__t1                            1.83539
anon210__t0                            1.85047
anon224__t0                            1.83538
anon225__t0                             1.8203
anon225__t1                            1.82029
anon227__t0                            1.80521
anon210__t1                            1.85048
anon212__t0                            1.86556
anon212__t1                            1.86557
anon214__t0                            1.88065
anon227__t1                             1.8052
anon229__t0                            1.79012
anon229__t1                            1.79011
anon231__t0                            1.77503
anon214__t1                            1.88066
anon216__t0                            1.89575
anon216__t1                            1.89576
anon218__t0                            1.91084
anon231__t1                            1.77502
anon233__t0                            1.75994
anon233__t1                            1.75993
anon235__t0                            1.74485
anon218__t1                            1.91085
anon220__t0                            1.92593
anon235__t1                            1.74484
anon237__t0                            1.72976
anon220__t1                            1.92594
anon222__t0                            1.94102
anon222__t1                            1.94103
anon223__t0                            1.95612
anon237__t1                            1.72975
anon239__t1                            1.71467
anon240__t1                            1.59397
anon241__t0                             1.5789
anon240__t0                            1.59398
anon226__t0                            1.60906
anon241__t1                            1.57889
anon243__t0                            1.56381
anon226__t1                            1.60907
anon228__t0                            1.62414
anon228__t1                            1.62415
anon230__t0                            1.63923
anon243__t1                             1.5638
anon245__t0                            1.54873
anon245__t1                            1.54872
anon247__t0                            1.53364
anon230__t1                            1.63924
anon232__t0                            1.65431
anon247__t1                            1.53363
anon249__t0                            1.51856
anon232__t1                            1.65432
anon234__t0                             1.6694
anon234__t1                            1.66941
anon236__t0                            1.68449
anon249__t1                            1.51855
anon251__t0                            1.50347
anon251__t1                            1.50346
anon253__t0                            1.48839
anon236__t1                             1.6845
anon238__t0                            1.69958
anon253__t1                            1.48838
anon255__t0                            1.47331
anon238__t1                            1.69959
anon239__t0                            1.71466
anon256__t0                            1.35265
anon242__t0                            1.36773
anon256__t1                            1.35264
anon257__t0                            1.33757
anon242__t1                            1.36773
anon244__t0                            1.38281
anon257__t1                            1.33756
anon259__t0                            1.32249
anon259__t1                            1.32248
anon261__t0                            1.30741
anon244__t1                            1.38282
anon246__t0                            1.39789
anon261__t1                             1.3074
anon263__t0                            1.29233
anon246__t1                             1.3979
anon248__t0                            1.41297
anon263__t1                            1.29232
anon265__t0                            1.27725
anon248__t1                            1.41298
anon250__t0                            1.42805
anon250__t1                            1.42806
anon252__t0                            1.44313
anon265__t1                            1.27724
anon267__t0                            1.26218
anon267__t1                            1.26217
anon269__t0                             1.2471
anon252__t1                            1.44314
anon254__t0                            1.45822
anon254__t1                            1.45823
anon255__t1                             1.4733
anon269__t1                            1.24709
anon271__t1                            1.23202
anon272__t1                            1.11139
anon273__t0                            1.09632
anon272__t0                             1.1114
anon258__t0                            1.12646
anon273__t1                            1.09631
anon275__t0                            1.08124
anon258__t1                            1.12647
anon260__t0                            1.14154
anon260__t1                            1.14155
anon262__t0                            1.15662
anon275__t1                            1.08123
anon277__t0                            1.06617
anon277__t1                            1.06616
anon279__t0                            1.05109
anon262__t1                            1.15663
anon264__t0                             1.1717
anon279__t1                            1.05108
anon281__t0                            1.03602
anon264__t1                            1.17171
anon266__t0                            1.18677
anon266__t1                            1.18678
anon268__t0                            1.20185
anon281__t1                            1.03601
anon283__t0                            1.02094
anon283__t1                            1.02093
anon285__t0                            1.00587
anon268__t1                            1.20186
anon270__t0                            1.21693
anon285__t1                            1.00586
anon287__t1                            0.99079
anon270__t1                            1.21694
anon271__t0                            1.23201
x3_ndiv__t2                           0.870196
anon274__t0                            0.88526
anon274__t1                            0.88527
anon276__t0                           0.900334
anon276__t1                           0.900344
anon278__t0                           0.915408
anon278__t1                           0.915418
anon280__t0                           0.930482
anon280__t1                           0.930492
anon282__t0                           0.945556
anon282__t1                           0.945566
anon284__t0                           0.960631
anon284__t1                           0.960641
anon286__t0                           0.975706
anon286__t1                           0.975715
anon287__t0                           0.990781
gnd_logic__t0                                0
gnd_logic__t1                                0
gnd_logic__t2                                0
gnd_logic__t3                                0
gnd_logic__t4                                0
gnd_logic__t5                                0
gnd_logic__t6                                0
gnd_logic__t7                                0
gnd_logic__t8                                0
gnd_logic__t9                                0
gnd_logic__t10                               0
gnd_logic__t11                               0
gnd_logic__t12                               0
gnd_logic__t13                               0
gnd_logic__t14                               0
gnd_logic__t15                               0
gnd_logic__t16                               0
gnd_logic__t17                               0
gnd_logic__t18                               0
gnd_logic__t19                               0
gnd_logic__t20                               0
gnd_logic__t21                               0
gnd_logic__t22                               0
gnd_logic__t23                               0
gnd_logic__t24                               0
gnd_logic__t25                               0
gnd_logic__t26                               0
gnd_logic__t27                               0
gnd_logic__t28                               0
gnd_logic__t29                               0
gnd_logic__t30                               0
gnd_logic__t31                               0
gnd_logic__t32                               0
gnd_logic__t33                               0
gnd_logic__t34                               0
gnd_logic__t35                               0
gnd_logic__t36                               0
gnd_logic__t37                               0
gnd_logic__t38                               0
gnd_logic__t39                               0
gnd_logic__t40                               0
gnd_logic__t41                               0
gnd_logic__t42                               0
gnd_logic__t43                               0
gnd_logic__t44                               0
gnd_logic__t45                               0
gnd_logic__t46                               0
gnd_logic__t47                               0
gnd_logic__t48                               0
gnd_logic__t49                               0
gnd_logic__t50                               0
gnd_logic__t51                               0
gnd_logic__t52                               0
gnd_logic__t53                               0
gnd_logic__t54                               0
gnd_logic__t55                               0
gnd_logic__t56                               0
gnd_logic__t57                               0
gnd_logic__t58                               0
gnd_logic__t59                               0
gnd_logic__t60                               0
gnd_logic__t61                               0
gnd_logic__t62                               0
gnd_logic__t63                               0
gnd_logic__t64                               0
gnd_logic__t65                               0
gnd_logic__t66                               0
gnd_logic__t67                               0
gnd_logic__t68                               0
gnd_logic__t69                               0
gnd_logic__t70                               0
gnd_logic__t71                               0
gnd_logic__t72                               0
gnd_logic__t73                               0
gnd_logic__t74                               0
gnd_logic__t75                               0
gnd_logic__t76                               0
gnd_logic__t77                               0
gnd_logic__t78                               0
gnd_logic__t79                               0
gnd_logic__t80                               0
gnd_logic__t81                               0
gnd_logic__t82                               0
gnd_logic__t83                               0
gnd_logic__t84                               0
gnd_logic__t85                               0
gnd_logic__t86                               0
gnd_logic__t87                               0
gnd_logic__t88                               0
gnd_logic__t89                               0
gnd_logic__t90                               0
gnd_logic__t91                               0
gnd_logic__t92                               0
gnd_logic__t93                               0
gnd_logic__t94                               0
gnd_logic__t95                               0
gnd_logic__t96                               0
gnd_logic__t97                               0
gnd_logic__t98                               0
gnd_logic__t99                               0
gnd_logic__t100                              0
gnd_logic__t101                              0
gnd_logic__t102                              0
gnd_logic__t103                              0
gnd_logic__t104                              0
gnd_logic__t105                              0
gnd_logic__t106                              0
gnd_logic__t107                              0
gnd_logic__t108                              0
gnd_logic__t109                              0
gnd_logic__t110                              0
gnd_logic__t111                              0
gnd_logic__t112                              0
gnd_logic__t113                              0
gnd_logic__t114                              0
gnd_logic__t115                              0
gnd_logic__t116                              0
gnd_logic__t117                              0
gnd_logic__t118                              0
gnd_logic__t119                              0
gnd_logic__t120                              0
gnd_logic__t121                              0
gnd_logic__t122                              0
gnd_logic__t123                              0
gnd_logic__t124                              0
gnd_logic__t125                              0
gnd_logic__t126                              0
gnd_logic__t127                              0
gnd_logic__t128                              0
gnd_logic__t129                              0
gnd_logic__t130                              0
gnd_logic__t131                              0
gnd_logic__t132                              0
gnd_logic__t133                              0
gnd_logic__t134                              0
gnd_logic__t135                              0
gnd_logic__t136                              0
gnd_logic__t137                              0
gnd_logic__t138                              0
gnd_logic__t139                              0
gnd_logic__t140                              0
gnd_logic__t141                              0
gnd_logic__t142                              0
gnd_logic__t143                              0
gnd_logic__t144                              0
gnd_logic__t145                              0
gnd_logic__t146                              0
gnd_logic__t147                              0
gnd_logic__t148                              0
gnd_logic__t149                              0
gnd_logic__t150                              0
gnd_logic__t151                              0
gnd_logic__t152                              0
gnd_logic__t153                              0
gnd_logic__t154                              0
gnd_logic__t155                              0
gnd_logic__t156                              0
gnd_logic__t157                              0
gnd_logic__t158                              0
gnd_logic__t159                              0
gnd_logic__t160                              0
gnd_logic__t161                              0
gnd_logic__t162                              0
gnd_logic__t163                              0
gnd_logic__t164                              0
gnd_logic__t165                              0
gnd_logic__t166                              0
gnd_logic__t167                              0
gnd_logic__t168                              0
gnd_logic__t169                              0
gnd_logic__t170                              0
gnd_logic__t171                              0
gnd_logic__t172                              0
gnd_logic__t173                              0
gnd_logic__t174                              0
gnd_logic__t175                              0
gnd_logic__t176                              0
gnd_logic__t177                              0
gnd_logic__t178                              0
gnd_logic__t179                              0
gnd_logic__t180                              0
gnd_logic__t181                              0
gnd_logic__t182                              0
gnd_logic__t183                              0
gnd_logic__t184                              0
gnd_logic__t185                              0
gnd_logic__t186                              0
gnd_logic__t187                              0
gnd_logic__t188                              0
gnd_logic__t189                              0
gnd_logic__t190                              0
gnd_logic__t191                              0
gnd_logic__t192                              0
gnd_logic__t193                              0
gnd_logic__t194                              0
gnd_logic__t195                              0
gnd_logic__t196                              0
gnd_logic__t197                              0
gnd_logic__t198                              0
gnd_logic__t199                              0
gnd_logic__t200                              0
gnd_logic__t201                              0
gnd_logic__t202                              0
gnd_logic__t203                              0
gnd_logic__t204                              0
gnd_logic__t205                              0
gnd_logic__t206                              0
gnd_logic__t207                              0
gnd_logic__t208                              0
gnd_logic__t209                              0
gnd_logic__t210                              0
gnd_logic__t211                              0
gnd_logic__t212                              0
gnd_logic__t213                              0
gnd_logic__t214                              0
gnd_logic__t215                              0
gnd_logic__t216                              0
gnd_logic__t217                              0
gnd_logic__t218                              0
gnd_logic__t219                              0
gnd_logic__t220                              0
gnd_logic__t221                              0
gnd_logic__t222                              0
gnd_logic__t223                              0
gnd_logic__t224                              0
gnd_logic__t225                              0
gnd_logic__t226                              0
gnd_logic__t227                              0
gnd_logic__t228                              0
gnd_logic__t229                              0
gnd_logic__t230                              0
gnd_logic__t231                              0
gnd_logic__t232                              0
gnd_logic__t233                              0
gnd_logic__t234                              0
gnd_logic__t235                              0
gnd_logic__t236                              0
gnd_logic__t237                              0
gnd_logic__t238                              0
gnd_logic__t239                              0
gnd_logic__t240                              0
gnd_logic__t241                              0
gnd_logic__t242                              0
gnd_logic__t243                              0
gnd_logic__t244                              0
gnd_logic__t245                              0
gnd_logic__t246                              0
gnd_logic__t247                              0
gnd_logic__t248                              0
gnd_logic__t249                              0
gnd_logic__t250                              0
gnd_logic__t251                              0
gnd_logic__t252                              0
gnd_logic__t253                              0
gnd_logic__t254                              0
gnd_logic__t255                              0
gnd_logic__t256                              0
gnd_logic__t257                              0
gnd_logic__t258                              0
gnd_logic__t259                              0
gnd_logic__t260                              0
gnd_logic__t261                              0
gnd_logic__t262                              0
gnd_logic__t263                              0
gnd_logic__t264                              0
gnd_logic__t265                              0
gnd_logic__t266                              0
gnd_logic__t267                              0
gnd_logic__t268                              0
gnd_logic__t269                              0
gnd_logic__t270                              0
in                                           0
in_drv                            -8.83873e-08
out                               -1.43917e-06
anon100                                3.83173
anon101                                3.58918
anon102                                3.69527
anon103                                 3.8469
anon104                                3.60433
anon105                                3.86206
anon106                                3.68011
anon107                                3.61949
anon108                                3.87723
anon109                                3.66496
anon110                                3.63464
anon111                                 3.6498
anon112                                3.52857
anon113                                3.51342
anon114                                3.30138
anon115                                3.49827
anon116                                3.31652
anon117                                3.48312
anon118                                3.33166
anon119                                3.46797
anon120                                3.34681
anon121                                3.45282
anon122                                3.36195
anon123                                3.43768
anon124                                3.37709
anon125                                3.42253
anon126                                3.39224
anon127                                3.40738
anon128                                3.28624
anon129                                 3.2711
anon130                                3.05921
anon131                                3.25596
anon132                                3.07434
anon133                                3.24082
anon134                                3.08948
anon135                                3.22569
anon136                                3.10461
anon137                                3.21055
anon138                                3.11974
anon139                                3.19541
anon140                                3.13487
anon141                                3.18028
anon142                                3.15001
anon143                                3.16514
anon144                                3.04408
anon145                                3.02895
anon146                                 2.8172
anon147                                3.01382
anon148                                2.83232
anon149                                 2.9987
anon150                                2.84745
anon151                                2.98357
anon152                                2.86257
anon153                                2.96844
anon154                                2.87769
anon155                                2.95331
anon156                                2.89281
anon157                                2.93819
anon158                                2.90794
anon159                                2.92306
anon160                                2.80208
anon161                                2.78696
anon162                                2.57533
anon163                                2.77184
anon164                                2.59045
anon165                                2.75672
anon166                                2.60556
anon167                                 2.7416
anon168                                2.62067
anon169                                2.72649
anon170                                2.63579
anon171                                2.71137
anon172                                 2.6509
anon173                                2.69625
anon174                                2.66602
anon175                                2.68113
anon176                                2.56022
anon177                                2.54511
anon178                                 2.3336
anon179                                   2.53
anon180                                 2.3487
anon181                                2.51489
anon182                                2.36381
anon183                                2.49978
anon184                                2.37892
anon185                                2.48467
anon186                                2.39402
anon187                                2.46956
anon188                                2.40913
anon189                                2.45445
anon190                                2.42424
anon191                                2.43934
anon192                                 2.3185
anon193                                2.30339
anon194                                2.09198
anon195                                2.28829
anon196                                2.10708
anon197                                2.27318
anon198                                2.12218
anon199                                2.25808
anon200                                2.13728
anon201                                2.24298
anon202                                2.15238
anon203                                2.22788
anon204                                2.16748
anon205                                2.21278
anon206                                2.18258
anon207                                2.19768
anon208                                2.07689
anon209                                2.06179
anon21                                 1.15033
anon210                                1.85048
anon211                                2.04669
anon212                                1.86557
anon213                                 2.0316
anon214                                1.88066
anon215                                 2.0165
anon216                                1.89575
anon217                                2.00141
anon218                                1.91084
anon219                                1.98631
anon22                                 4.19554
anon220                                1.92594
anon221                                1.97122
anon222                                1.94103
anon223                                1.95612
anon224                                1.83538
anon225                                1.82029
anon226                                1.60906
anon227                                 1.8052
anon228                                1.62415
anon229                                1.79011
anon23                                 3.89102
anon230                                1.63923
anon231                                1.77502
anon232                                1.65432
anon233                                1.75993
anon234                                1.66941
anon235                                1.74485
anon236                                1.68449
anon237                                1.72976
anon238                                1.69958
anon239                                1.71467
anon24                                 1.45485
anon240                                1.59398
anon241                                1.57889
anon242                                1.36773
anon243                                1.56381
anon244                                1.38281
anon245                                1.54872
anon246                                1.39789
anon247                                1.53364
anon248                                1.41297
anon249                                1.51855
anon25                                 1.75937
anon250                                1.42806
anon251                                1.50347
anon252                                1.44314
anon253                                1.48839
anon254                                1.45822
anon255                                 1.4733
anon256                                1.35265
anon257                                1.33757
anon258                                1.12647
anon259                                1.32249
anon26                                  3.5865
anon260                                1.14155
anon261                                1.30741
anon262                                1.15662
anon263                                1.29233
anon264                                 1.1717
anon265                                1.27725
anon266                                1.18678
anon267                                1.26217
anon268                                1.20186
anon269                                1.24709
anon27                                 3.28197
anon270                                1.21693
anon271                                1.23201
anon272                                1.11139
anon273                                1.09632
anon274                               0.885265
anon275                                1.08124
anon276                               0.900339
anon277                                1.06616
anon278                               0.915413
anon279                                1.05109
anon28                                 2.06389
anon280                               0.930487
anon281                                1.03601
anon282                               0.945561
anon283                                1.02094
anon284                               0.960636
anon285                                1.00586
anon286                               0.975711
anon287                               0.990785
anon29                                 2.36841
anon293                            1.56377e-07
anon294                            1.35486e-07
anon295                            1.65078e-07
anon30                                 2.97745
anon31                                 2.67293
anon32                                  4.2732
anon33                                 4.04634
anon34                                 3.81949
anon35                                 3.59263
anon36                                 3.36577
anon37                                 3.13892
anon38                                 2.91206
anon39                                 2.68521
anon40                                 1.09724
anon41                                0.579951
anon42                                 1.32409
anon43                                0.289943
anon44                                 1.55094
anon45                                  1.7778
anon46                                 2.00465
anon47                                  2.2315
anon48                                 2.45836
anon49                                  4.4846
anon50                                  4.4694
anon51                                  4.4542
anon52                                   4.439
anon53                                 4.42381
anon54                                 4.40861
anon55                                 4.39341
anon56                                 4.37822
anon57                                 4.25668
anon58                                 4.24149
anon59                                 4.27187
anon60                                 4.28706
anon61                                 4.22631
anon62                                 4.21112
anon63                                 4.30225
anon64                                 4.19594
anon65                                 4.31744
anon66                                 4.33263
anon67                                 4.18075
anon68                                 4.16557
anon69                                 4.34783
anon70                                 4.15038
anon71                                 4.36302
anon72                                  4.1352
anon73                                 4.01378
anon74                                 4.02895
anon75                                  3.9986
anon76                                 4.04413
anon77                                 3.98343
anon78                                  4.0593
anon79                                 3.96825
anon80                                 3.95308
anon81                                 4.07448
anon82                                 4.08966
anon83                                 3.93791
anon84                                 4.10484
anon85                                 3.92274
anon86                                 4.12002
anon87                                 3.90757
anon88                                  3.8924
anon89                                 3.77108
anon90                                 3.78624
anon91                                 3.75591
anon92                                 3.54372
anon93                                  3.8014
anon94                                 3.74075
anon95                                 3.55887
anon96                                 3.81657
anon97                                 3.72559
anon98                                 3.57402
anon99                                 3.71043
x1_inb                                    2.97
x1_na                                  1.94528
x1_nb                              1.28998e-09
x1_nbuf1                                   4.5
x1_nca                                     4.5
x1_ncb                            -2.50138e-07
x2_n1                                      4.5
x2_n2                              1.69375e-08
x2_n3                                      4.5
x2_n4                              2.81455e-05
x2_n5                                      4.5
x3_lockout                        -1.19124e-06
x3_ncompn                              4.42745
x3_ncompp                               3.6915
x3_ndiv                               0.870181
x3_nref                               0.844459
x3_ntail                             0.0736024
x3_uvlo_ok                             4.49988
outcap                            -1.43917e-06
vimeas#branch                      -0.00069948
vin#branch                         2.93371e-07
vgnd_logic#branch                  -0.00204664
vsup_drv#branch                     0.00204699
vsup_logic#branch                 -3.56126e-07

 Reference value :  0.00000e+00
 Reference value :  1.00000e-12
 Reference value :  1.22800e-09
 Reference value :  3.02800e-09
 Reference value :  4.82800e-09
 Reference value :  6.62800e-09
 Reference value :  8.32800e-09
 Reference value :  1.01280e-08
 Reference value :  1.19280e-08
 Reference value :  1.38280e-08
 Reference value :  1.56280e-08
 Reference value :  1.73280e-08
 Reference value :  1.90280e-08
 Reference value :  2.00070e-08
 Reference value :  2.06801e-08
 Reference value :  2.13912e-08
 Reference value :  2.29501e-08
 Reference value :  2.51501e-08
 Reference value :  2.70267e-08
 Reference value :  2.81178e-08
 Reference value :  2.97754e-08
 Reference value :  3.03771e-08
 Reference value :  3.06673e-08
 Reference value :  3.10100e-08
 Reference value :  3.14476e-08
 Reference value :  3.38492e-08
 Reference value :  3.65492e-08
 Reference value :  3.92492e-08
 Reference value :  4.18492e-08
 Reference value :  4.45492e-08
 Reference value :  4.72492e-08
 Reference value :  4.99492e-08
 Reference value :  5.26492e-08
 Reference value :  5.50492e-08
 Reference value :  5.71492e-08
 Reference value :  5.92492e-08
 Reference value :  6.13492e-08
 Reference value :  6.35492e-08
 Reference value :  6.56492e-08
 Reference value :  6.77492e-08
 Reference value :  6.96492e-08
 Reference value :  7.13492e-08
 Reference value :  7.29492e-08
 Reference value :  7.47492e-08
 Reference value :  7.65492e-08
 Reference value :  7.83492e-08
 Reference value :  8.00492e-08
 Reference value :  8.18492e-08
 Reference value :  8.36492e-08
 Reference value :  8.54492e-08
 Reference value :  8.72492e-08
 Reference value :  8.90492e-08
 Reference value :  9.08492e-08
 Reference value :  9.26492e-08
 Reference value :  9.44492e-08
 Reference value :  9.62492e-08
 Reference value :  9.80492e-08
 Reference value :  9.97492e-08
 Reference value :  1.01549e-07
 Reference value :  1.03349e-07
 Reference value :  1.05149e-07
 Reference value :  1.06949e-07
 Reference value :  1.08749e-07
 Reference value :  1.10449e-07
 Reference value :  1.12249e-07
 Reference value :  1.14049e-07
 Reference value :  1.15849e-07
 Reference value :  1.17649e-07
 Reference value :  1.19449e-07
 Reference value :  1.21249e-07
 Reference value :  1.23049e-07
 Reference value :  1.24749e-07
 Reference value :  1.26449e-07
 Reference value :  1.28149e-07
 Reference value :  1.29849e-07
 Reference value :  1.31649e-07
 Reference value :  1.33449e-07
 Reference value :  1.35249e-07
 Reference value :  1.37049e-07
 Reference value :  1.38749e-07
 Reference value :  1.40549e-07
 Reference value :  1.42249e-07
 Reference value :  1.44049e-07
 Reference value :  1.45849e-07
 Reference value :  1.47649e-07
 Reference value :  1.49449e-07
 Reference value :  1.51249e-07
 Reference value :  1.52649e-07
 Reference value :  1.54349e-07
 Reference value :  1.56049e-07
 Reference value :  1.57749e-07
 Reference value :  1.59449e-07
 Reference value :  1.61149e-07
 Reference value :  1.62849e-07
 Reference value :  1.64649e-07
 Reference value :  1.66449e-07
 Reference value :  1.68149e-07
 Reference value :  1.69949e-07
 Reference value :  1.71749e-07
 Reference value :  1.73549e-07
 Reference value :  1.75349e-07
 Reference value :  1.77149e-07
 Reference value :  1.78949e-07
 Reference value :  1.80649e-07
 Reference value :  1.82449e-07
 Reference value :  1.84249e-07
 Reference value :  1.86049e-07
 Reference value :  1.87749e-07
 Reference value :  1.89449e-07
 Reference value :  1.91249e-07
 Reference value :  1.93049e-07
 Reference value :  1.94949e-07
 Reference value :  1.96849e-07
 Reference value :  1.98849e-07
 Reference value :  2.00849e-07
 Reference value :  2.02849e-07
 Reference value :  2.04849e-07
 Reference value :  2.06949e-07
 Reference value :  2.09349e-07
 Reference value :  2.11849e-07
 Reference value :  2.14449e-07
 Reference value :  2.16949e-07
 Reference value :  2.19449e-07
 Reference value :  2.22049e-07
 Reference value :  2.24649e-07
 Reference value :  2.27149e-07
 Reference value :  2.29749e-07
 Reference value :  2.32349e-07
 Reference value :  2.34849e-07
 Reference value :  2.37449e-07
 Reference value :  2.40049e-07
 Reference value :  2.42549e-07
 Reference value :  2.45049e-07
 Reference value :  2.47649e-07
 Reference value :  2.50249e-07
 Reference value :  2.52749e-07
 Reference value :  2.55249e-07
 Reference value :  2.57849e-07
 Reference value :  2.60349e-07
 Reference value :  2.62949e-07
 Reference value :  2.65549e-07
 Reference value :  2.68149e-07
 Reference value :  2.70749e-07
 Reference value :  2.73349e-07
 Reference value :  2.75949e-07
 Reference value :  2.78549e-07
 Reference value :  2.81049e-07
 Reference value :  2.83649e-07
 Reference value :  2.86249e-07
 Reference value :  2.88849e-07
 Reference value :  2.91449e-07
 Reference value :  2.94049e-07
 Reference value :  2.96649e-07
 Reference value :  2.99149e-07
 Reference value :  3.01749e-07
 Reference value :  3.04249e-07
 Reference value :  3.06949e-07
 Reference value :  3.09549e-07
 Reference value :  3.12149e-07
 Reference value :  3.14649e-07
 Reference value :  3.17349e-07
 Reference value :  3.19949e-07
 Reference value :  3.21295e-07
 Reference value :  3.22026e-07
 Reference value :  3.22605e-07
 Reference value :  3.24393e-07
 Reference value :  3.25683e-07
 Reference value :  3.26457e-07
 Reference value :  3.27438e-07
 Reference value :  3.28411e-07
 Reference value :  3.28760e-07
 Reference value :  3.29091e-07
 Reference value :  3.29844e-07
 Reference value :  3.32444e-07
 Reference value :  3.35044e-07
 Reference value :  3.37644e-07
 Reference value :  3.40144e-07
 Reference value :  3.42744e-07
 Reference value :  3.45344e-07
 Reference value :  3.47944e-07
 Reference value :  3.50544e-07
 Reference value :  3.53144e-07
 Reference value :  3.55644e-07
 Reference value :  3.58244e-07
 Reference value :  3.60744e-07
 Reference value :  3.63344e-07
 Reference value :  3.65944e-07
 Reference value :  3.68444e-07
 Reference value :  3.70944e-07
 Reference value :  3.73444e-07
 Reference value :  3.75944e-07
 Reference value :  3.78444e-07
 Reference value :  3.80944e-07
 Reference value :  3.83444e-07
 Reference value :  3.85944e-07
 Reference value :  3.88544e-07
 Reference value :  3.91144e-07
 Reference value :  3.93744e-07
 Reference value :  3.96344e-07
 Reference value :  3.98944e-07
 Reference value :  4.01544e-07
 Reference value :  4.04144e-07
 Reference value :  4.06744e-07
 Reference value :  4.09244e-07
 Reference value :  4.11844e-07
 Reference value :  4.14544e-07
 Reference value :  4.17244e-07
 Reference value :  4.19744e-07
 Reference value :  4.22344e-07
 Reference value :  4.25044e-07
 Reference value :  4.27744e-07
 Reference value :  4.30344e-07
 Reference value :  4.32944e-07
 Reference value :  4.35544e-07
 Reference value :  4.38144e-07
 Reference value :  4.40744e-07
 Reference value :  4.43344e-07
 Reference value :  4.45844e-07
 Reference value :  4.48444e-07
 Reference value :  4.50944e-07
 Reference value :  4.53544e-07
 Reference value :  4.56144e-07
 Reference value :  4.58744e-07
 Reference value :  4.61244e-07
 Reference value :  4.63944e-07
 Reference value :  4.66544e-07
 Reference value :  4.69144e-07
 Reference value :  4.71744e-07
 Reference value :  4.74344e-07
 Reference value :  4.76944e-07
 Reference value :  4.79544e-07
 Reference value :  4.82244e-07
 Reference value :  4.84944e-07
 Reference value :  4.87544e-07
 Reference value :  4.90144e-07
 Reference value :  4.92644e-07
 Reference value :  4.95244e-07
 Reference value :  4.97744e-07
 Reference value :  5.00344e-07
 Reference value :  5.02944e-07
 Reference value :  5.05544e-07
 Reference value :  5.08044e-07
 Reference value :  5.10644e-07
 Reference value :  5.13144e-07
 Reference value :  5.15744e-07
 Reference value :  5.18344e-07
 Reference value :  5.20944e-07
 Reference value :  5.23644e-07
 Reference value :  5.26344e-07
 Reference value :  5.28944e-07
 Reference value :  5.31544e-07
 Reference value :  5.34144e-07
 Reference value :  5.36744e-07
 Reference value :  5.39344e-07
 Reference value :  5.41944e-07
 Reference value :  5.44544e-07
 Reference value :  5.47144e-07
 Reference value :  5.49744e-07
 Reference value :  5.52344e-07
 Reference value :  5.54944e-07
 Reference value :  5.57544e-07
 Reference value :  5.60144e-07
 Reference value :  5.62744e-07
 Reference value :  5.65344e-07
 Reference value :  5.67844e-07
 Reference value :  5.70444e-07
 Reference value :  5.73044e-07
 Reference value :  5.75644e-07
 Reference value :  5.78144e-07
 Reference value :  5.80744e-07
 Reference value :  5.83344e-07
 Reference value :  5.85944e-07
 Reference value :  5.88544e-07
 Reference value :  5.91244e-07
 Reference value :  5.93944e-07
 Reference value :  5.96644e-07
 Reference value :  5.99344e-07
 Reference value :  6.02044e-07
 Reference value :  6.04544e-07
 Reference value :  6.07244e-07
 Reference value :  6.09844e-07
 Reference value :  6.12444e-07
 Reference value :  6.15144e-07
 Reference value :  6.17744e-07
 Reference value :  6.20244e-07
 Reference value :  6.22844e-07
 Reference value :  6.25444e-07
 Reference value :  6.28044e-07
 Reference value :  6.30744e-07
 Reference value :  6.33244e-07
 Reference value :  6.35644e-07
 Reference value :  6.38144e-07
 Reference value :  6.40744e-07
 Reference value :  6.43244e-07
 Reference value :  6.45844e-07
 Reference value :  6.48544e-07
 Reference value :  6.51244e-07
 Reference value :  6.53944e-07
 Reference value :  6.57144e-07
 Reference value :  6.60144e-07
 Reference value :  6.63244e-07
 Reference value :  6.65844e-07
 Reference value :  6.68544e-07
 Reference value :  6.71144e-07
 Reference value :  6.73844e-07
 Reference value :  6.76544e-07
 Reference value :  6.79244e-07
 Reference value :  6.82044e-07
 Reference value :  6.84644e-07
 Reference value :  6.87344e-07
 Reference value :  6.90044e-07
 Reference value :  6.92844e-07
 Reference value :  6.95544e-07
 Reference value :  6.98144e-07
No. of Data Rows : 7147
trise10_90          =  4.89724e-09 targ=  3.62411e-08 trig=  3.13439e-08
tfall10_90          =  5.85515e-09 targ=  3.35507e-07 trig=  3.29651e-07
tpdlh               =  1.27428e-08 targ=  3.32428e-08 trig=  2.05000e-08
tpdhl               =  1.07531e-08 targ=  3.32253e-07 trig=  3.21500e-07
lockout_at_in_high  =  1.59910e-08
vout_at_in_high     =  4.50000e+00
vdrv_at_in_high     =  4.50000e+00
m_trise_s = 4.8972370000e-09
m_tfall_s = 5.8551540000e-09
m_tpdlh_s = 1.2742800000e-08
m_tpdhl_s = 1.0753110000e-08
m_ipeak_source_a = 9.8250909819e-01
m_ipeak_sink_a = 7.0972729679e-01
m_vout_max_v = 4.5046679644e+00
m_vout_min_v = -2.492659308e-03
m_vin_max_v = 2.9700000000e+00
m_vin_min_v = 0.0000000000e+00
m_indrv_max_v = 4.5000062593e+00
m_indrv_min_v = -4.382214207e-05
m_n1_max_v = 4.5050284969e+00
m_n1_min_v = -3.013297859e-03
m_n2_max_v = 4.5087695291e+00
m_n2_min_v = -4.499192404e-03
m_n3_max_v = 4.5079489371e+00
m_n3_min_v = -5.821502565e-03
m_n4_max_v = 4.5170178930e+00
m_n4_min_v = -9.096626681e-03
m_n5_max_v = 4.5330194412e+00
m_n5_min_v = -1.318796026e-02
m_uvlo_lockout_at_in_high = 1.5991020000e-08
m_uvlo_vout_at_in_high_v = 4.5000000000e+00
m_uvlo_vdrv_at_in_high_v = 4.5000000000e+00
Note: Simulation executed from .control section 

Note: vimeas: has no value, DC 0 assumed
Warning: singular matrix:  check node anon294

Note: Starting dynamic gmin stepping
Warning: singular matrix:  check node anon294

Warning: Dynamic gmin stepping failed
Note: Starting true gmin stepping
Warning: singular matrix:  check node anon294

Warning: singular matrix:  check node anon294

Warning: singular matrix:  check node anon294

Warning: singular matrix:  check node anon294

Warning: True gmin stepping failed
Note: Starting source stepping
Warning: source stepping failed
Note: Transient op started
Note: Transient op finished successfully
