
Note: No compatibility mode selected!


Circuit: * gate-driver-core-drive-postlayout @ fs_-40c_vlogic3p63v-vdrv5p50v -- generated by sim/harness, do not edit

Doing analysis at TEMP = -40.000000 and TNOM = 27.000000

Using SPARSE 1.3 as Direct Linear Solver

Initial Transient Solution
--------------------------

Node                                   Voltage
----                                   -------
x1_inb__t0                                3.63
in__t1                             9.48719e-07
gnd_drv_gnd_logic__t300           -2.48533e-08
gnd_logic                                    0
x2_n3__t1                                  5.5
x2_n2__t2                         -3.43089e-07
gnd_drv_gnd_logic__t304           -2.25162e-07
gnd_drv                            -4.1784e-07
gnd_drv_gnd_logic__t419           -2.90789e-06
x2_n5__t180                            5.50002
out__t200                         -5.37453e-07
out__t90                          -5.40282e-07
x2_n5__t181                            5.50002
gnd_drv_gnd_logic__t560           -2.92002e-06
gnd_drv_gnd_logic__t420           -2.93058e-06
x2_n5__t182                            5.50002
out__t201                          -5.4444e-07
out__t91                          -5.49817e-07
x2_n5__t183                            5.50002
gnd_drv_gnd_logic__t561           -2.93959e-06
gnd_drv_gnd_logic__t315           -2.94707e-06
x2_n5__t5                              5.50002
out__t113                         -5.56203e-07
out__t85                          -5.63482e-07
x2_n5__t172                            5.50002
gnd_drv_gnd_logic__t555           -2.95314e-06
gnd_drv_gnd_logic__t314           -2.95763e-06
x2_n5__t4                              5.50002
out__t112                         -5.71538e-07
out__t1                           -5.80161e-07
x2_n5__t3                              5.50002
gnd_drv_gnd_logic__t454           -2.96068e-06
gnd_drv_gnd_logic__t313           -2.96239e-06
x2_n5__t2                              5.50002
out__t111                         -5.89236e-07
out__t4                            -5.9865e-07
x2_n5__t8                              5.50002
gnd_drv_gnd_logic__t457           -2.96263e-06
x2_n4__t185                        2.80725e-05
x2_n3__t5                              5.50002
gnd_drv_gnd_logic__t306           -5.17344e-07
gnd_drv_gnd_logic__t316            -2.9615e-06
x2_n5__t9                              5.50002
out__t114                         -6.08382e-07
out__t6                           -6.18231e-07
x2_n5__t12                             5.50002
gnd_drv_gnd_logic__t459           -2.95915e-06
gnd_drv_gnd_logic__t324           -2.95552e-06
x2_n5__t15                             5.50002
out__t117                         -6.28088e-07
out__t2                           -6.38119e-07
x2_n5__t6                              5.50002
gnd_drv_gnd_logic__t455           -2.95055e-06
gnd_drv_gnd_logic__t407           -2.94445e-06
x2_n5__t155                            5.50002
out__t188                         -6.48039e-07
out__t77                          -6.57836e-07
x2_n5__t156                            5.50002
gnd_drv_gnd_logic__t547           -2.93718e-06
gnd_drv_gnd_logic__t408           -2.92869e-06
x2_n5__t157                            5.50002
out__t189                         -6.67586e-07
out__t78                          -6.77192e-07
x2_n5__t158                            5.50002
gnd_drv_gnd_logic__t548           -2.91919e-06
gnd_drv_gnd_logic__t409           -2.90861e-06
x2_n5__t159                            5.50002
out__t190                         -6.86555e-07
out__t79                          -6.95756e-07
x2_n5__t160                            5.50002
gnd_drv_gnd_logic__t549           -2.89703e-06
gnd_drv_gnd_logic__t465           -5.65021e-07
x2_n3__t6                              5.50002
x2_n4__t184                        2.79028e-05
gnd_drv_gnd_logic__t410           -2.88444e-06
x2_n5__t161                            5.50002
out__t191                         -7.04785e-07
out__t80                          -7.13469e-07
x2_n5__t162                            5.50002
gnd_drv_gnd_logic__t550            -2.8709e-06
gnd_drv_gnd_logic__t411           -2.85646e-06
x2_n5__t163                            5.50002
out__t192                          -7.2197e-07
out__t81                          -7.30118e-07
x2_n5__t164                            5.50002
gnd_drv_gnd_logic__t551           -2.84113e-06
gnd_drv_gnd_logic__t412           -2.82495e-06
x2_n5__t165                            5.50002
out__t193                         -7.38074e-07
out__t82                          -7.45672e-07
x2_n5__t166                            5.50002
gnd_drv_gnd_logic__t552           -2.80797e-06
gnd_drv_gnd_logic__t413           -2.79021e-06
x2_n5__t167                            5.50002
out__t194                         -7.52916e-07
out__t83                          -7.59958e-07
x2_n5__t168                            5.50002
gnd_drv_gnd_logic__t553           -2.77171e-06
gnd_drv_gnd_logic__t414           -2.75256e-06
x2_n5__t169                            5.50002
out__t195                         -7.66642e-07
out__t93                          -7.72973e-07
x2_n5__t186                            5.50002
gnd_drv_gnd_logic__t563           -2.73268e-06
x2_n4__t180                          2.771e-05
x2_n3__t15                             5.50002
gnd_drv_gnd_logic__t464           -5.83632e-07
gnd_drv_gnd_logic__t415           -2.71215e-06
x2_n5__t171                            5.50002
out__t196                         -7.79024e-07
out__t23                          -7.84797e-07
x2_n5__t47                             5.50002
gnd_drv_gnd_logic__t491           -2.69102e-06
gnd_drv_gnd_logic__t318           -2.66934e-06
x2_n5__t13                             5.50002
out__t116                         -7.90147e-07
out__t7                           -7.95295e-07
x2_n5__t14                             5.50002
gnd_drv_gnd_logic__t460           -2.64707e-06
gnd_drv_gnd_logic__t308           -2.57841e-06
x2_n5__t1                              5.50002
out__t0                           -8.00218e-07
out__t101                         -1.43235e-06
x2_n5__t203                            5.50002
gnd_drv_gnd_logic__t587           -1.04909e-06
gnd_drv_gnd_logic__t446           -1.07379e-06
x2_n5__t205                            5.50002
out__t212                         -1.42893e-06
out__t103                         -1.42494e-06
x2_n5__t206                            5.50002
gnd_drv_gnd_logic__t589           -1.09898e-06
gnd_drv_gnd_logic__t447           -1.12444e-06
x2_n5__t207                            5.50002
out__t213                         -1.42037e-06
out__t104                         -1.41521e-06
x2_n5__t208                            5.50002
gnd_drv_gnd_logic__t590           -1.15034e-06
gnd_drv_gnd_logic__t322           -6.01453e-07
x2_n3__t14                             5.50002
x2_n4__t189                        2.74936e-05
gnd_drv_gnd_logic__t448           -1.17657e-06
x2_n5__t209                            5.50002
out__t214                         -1.40946e-06
out__t105                          -1.4031e-06
x2_n5__t210                            5.50002
gnd_drv_gnd_logic__t591             -1.203e-06
gnd_drv_gnd_logic__t449           -1.22972e-06
x2_n5__t211                            5.50002
out__t215                         -1.39614e-06
out__t106                         -1.38855e-06
x2_n5__t212                            5.50002
gnd_drv_gnd_logic__t592           -1.25667e-06
gnd_drv_gnd_logic__t451           -1.28374e-06
x2_n5__t214                            5.50002
out__t217                         -1.38045e-06
out__t107                         -1.37163e-06
x2_n5__t215                            5.50002
gnd_drv_gnd_logic__t593           -1.31099e-06
gnd_drv_gnd_logic__t452           -1.33819e-06
x2_n5__t216                            5.50002
out__t218                         -1.36219e-06
out__t109                         -1.35221e-06
x2_n5__t219                            5.50002
gnd_drv_gnd_logic__t595            -1.3655e-06
gnd_drv_gnd_logic__t453           -1.39278e-06
x2_n5__t218                            5.50002
out__t219                         -1.34152e-06
out__t108                          -1.3303e-06
x2_n5__t217                            5.50002
gnd_drv_gnd_logic__t594           -1.41998e-06
x2_n4__t179                         2.7256e-05
x2_n3__t13                             5.50002
gnd_drv_gnd_logic__t463           -6.18073e-07
gnd_drv_gnd_logic__t450           -1.44707e-06
x2_n5__t213                            5.50002
out__t216                         -1.31846e-06
out__t94                           -1.3059e-06
x2_n5__t188                            5.50002
gnd_drv_gnd_logic__t571            -1.4739e-06
gnd_drv_gnd_logic__t443           -1.50062e-06
x2_n5__t199                            5.50002
out__t209                         -1.29284e-06
out__t100                         -1.27918e-06
x2_n5__t200                            5.50002
gnd_drv_gnd_logic__t586           -1.52699e-06
gnd_drv_gnd_logic__t444           -1.55305e-06
x2_n5__t201                            5.50002
out__t210                         -1.26493e-06
out__t98                           -1.2501e-06
x2_n5__t195                            5.50002
gnd_drv_gnd_logic__t584           -1.57866e-06
gnd_drv_gnd_logic__t440           -1.60398e-06
x2_n5__t196                            5.50002
out__t207                         -1.23472e-06
out__t99                           -1.2189e-06
x2_n5__t197                            5.50002
gnd_drv_gnd_logic__t585           -1.62876e-06
gnd_drv_gnd_logic__t441           -1.65295e-06
x2_n5__t198                            5.50002
out__t208                         -1.20246e-06
out__t102                         -1.18563e-06
x2_n5__t204                            5.50001
gnd_drv_gnd_logic__t588           -1.67661e-06
gnd_drv_gnd_logic__t321           -6.33054e-07
x2_n3__t12                             5.50002
x2_n4__t188                        2.70001e-05
gnd_drv_gnd_logic__t396           -1.69961e-06
x2_n5__t135                            5.50001
out__t178                         -1.16823e-06
out__t97                          -1.15051e-06
x2_n5__t193                            5.50001
gnd_drv_gnd_logic__t583           -1.72202e-06
gnd_drv_gnd_logic__t439           -1.74381e-06
x2_n5__t194                            5.50001
out__t206                         -1.13239e-06
out__t67                          -1.11393e-06
x2_n5__t136                            5.50001
gnd_drv_gnd_logic__t537           -1.76476e-06
gnd_drv_gnd_logic__t397           -1.78518e-06
x2_n5__t137                            5.50001
out__t179                         -1.09515e-06
out__t68                          -1.07622e-06
x2_n5__t138                            5.50001
gnd_drv_gnd_logic__t538           -1.80475e-06
gnd_drv_gnd_logic__t406           -1.82371e-06
x2_n5__t154                            5.50001
out__t187                         -1.05699e-06
out__t69                          -1.03772e-06
x2_n5__t140                            5.50001
gnd_drv_gnd_logic__t539           -1.84198e-06
gnd_drv_gnd_logic__t399           -1.85974e-06
x2_n5__t141                            5.50001
out__t181                         -1.01837e-06
out__t70                          -9.99008e-07
x2_n5__t142                            5.50001
gnd_drv_gnd_logic__t540           -1.87694e-06
x2_n4__t178                        2.67294e-05
x2_n3__t11                             5.50002
gnd_drv_gnd_logic__t462           -6.45947e-07
gnd_drv_gnd_logic__t400           -1.89369e-06
x2_n5__t143                            5.50001
out__t182                         -9.79714e-07
out__t71                          -9.60654e-07
x2_n5__t144                            5.50001
gnd_drv_gnd_logic__t541           -1.91021e-06
gnd_drv_gnd_logic__t401           -1.92655e-06
x2_n5__t145                            5.50001
out__t183                         -9.41813e-07
out__t72                          -9.23261e-07
x2_n5__t146                            5.50001
gnd_drv_gnd_logic__t542           -1.94287e-06
gnd_drv_gnd_logic__t402           -1.95937e-06
x2_n5__t147                            5.50001
out__t184                         -9.05165e-07
out__t73                          -8.87411e-07
x2_n5__t148                            5.50001
gnd_drv_gnd_logic__t543           -1.97625e-06
gnd_drv_gnd_logic__t423           -1.99385e-06
x2_n5__t187                            5.50001
out__t203                         -8.70338e-07
out__t74                          -8.53717e-07
x2_n5__t149                            5.50001
gnd_drv_gnd_logic__t544           -2.01226e-06
gnd_drv_gnd_logic__t404           -2.03172e-06
x2_n5__t150                            5.50001
out__t185                         -8.37767e-07
out__t75                          -8.22507e-07
x2_n5__t151                            5.50001
gnd_drv_gnd_logic__t545            -2.0525e-06
gnd_drv_gnd_logic__t320            -6.5633e-07
x2_n3__t10                             5.50002
x2_n4__t187                        2.64473e-05
gnd_drv_gnd_logic__t405           -2.07458e-06
x2_n5__t152                            5.50001
out__t186                         -8.07843e-07
out__t76                          -7.93764e-07
x2_n5__t153                            5.50001
gnd_drv_gnd_logic__t546           -2.09827e-06
gnd_drv_gnd_logic__t398           -2.12355e-06
x2_n5__t139                            5.50001
out__t180                         -7.80407e-07
out__t95                          -7.67541e-07
x2_n5__t189                            5.50001
gnd_drv_gnd_logic__t581           -2.15042e-06
gnd_drv_gnd_logic__t437           -2.17886e-06
x2_n5__t190                            5.50001
out__t204                         -7.55099e-07
out__t96                          -7.43183e-07
x2_n5__t191                            5.50001
gnd_drv_gnd_logic__t582           -2.20885e-06
gnd_drv_gnd_logic__t438           -2.24008e-06
x2_n5__t192                            5.50001
out__t205                         -7.31532e-07
out__t3                           -7.20241e-07
x2_n5__t7                              5.50001
gnd_drv_gnd_logic__t456           -2.27253e-06
gnd_drv_gnd_logic__t391           -2.30592e-06
x2_n5__t128                            5.50001
out__t173                          -7.0914e-07
out__t84                          -6.98158e-07
x2_n5__t170                            5.50001
gnd_drv_gnd_logic__t554           -2.34002e-06
x2_n4__t177                        2.61567e-05
x2_n3__t9                              5.50002
gnd_drv_gnd_logic__t461           -6.63876e-07
gnd_drv_gnd_logic__t382             -7.252e-07
x2_n5__t110                            5.50002
out__t164                         -1.06018e-06
out__t54                          -1.07159e-06
x2_n5__t107                            5.50002
gnd_drv_gnd_logic__t524           -7.24315e-07
gnd_drv_gnd_logic__t381           -7.23198e-07
x2_n5__t109                            5.50002
out__t163                         -1.08299e-06
out__t55                          -1.09435e-06
x2_n5__t108                            5.50002
gnd_drv_gnd_logic__t525            -7.2188e-07
gnd_drv_gnd_logic__t377           -7.20362e-07
x2_n5__t98                             5.50002
out__t159                         -1.10569e-06
out__t49                          -1.11699e-06
x2_n5__t99                             5.50002
gnd_drv_gnd_logic__t519           -7.18602e-07
gnd_drv_gnd_logic__t378           -7.16673e-07
x2_n5__t100                            5.50002
out__t160                         -1.12825e-06
out__t50                          -1.13945e-06
x2_n5__t101                            5.50002
gnd_drv_gnd_logic__t520           -7.14574e-07
gnd_drv_gnd_logic__t379           -7.12266e-07
x2_n5__t102                            5.50002
out__t161                          -1.1506e-06
out__t51                          -1.16167e-06
x2_n5__t103                            5.50002
gnd_drv_gnd_logic__t521           -7.09789e-07
x1_na__t0                              2.60756
in__t2                              1.1187e-08
gnd_drv_gnd_logic__t299            7.24006e-08
gnd_drv_gnd_logic__t319           -6.68407e-07
x2_n3__t8                              5.50002
x2_n4__t186                        2.58597e-05
gnd_drv_gnd_logic__t380           -7.07145e-07
x2_n5__t104                            5.50002
out__t162                         -1.17268e-06
out__t52                          -1.18361e-06
x2_n5__t105                            5.50002
gnd_drv_gnd_logic__t522           -7.04378e-07
gnd_drv_gnd_logic__t385           -7.01449e-07
x2_n5__t114                            5.50002
out__t167                         -1.19445e-06
out__t60                          -1.20519e-06
x2_n5__t122                            5.50002
gnd_drv_gnd_logic__t530           -6.98446e-07
gnd_drv_gnd_logic__t389           -6.95335e-07
x2_n5__t121                            5.50002
out__t171                         -1.21587e-06
out__t59                          -1.22638e-06
x2_n5__t120                            5.50002
gnd_drv_gnd_logic__t529           -6.92164e-07
gnd_drv_gnd_logic__t388           -6.88995e-07
x2_n5__t119                            5.50002
out__t170                         -1.23678e-06
out__t58                          -1.24705e-06
x2_n5__t118                            5.50002
gnd_drv_gnd_logic__t528           -6.85835e-07
gnd_drv_gnd_logic__t387           -6.82698e-07
x2_n5__t117                            5.50002
out__t169                         -1.25718e-06
out__t57                          -1.26715e-06
x2_n5__t116                            5.50002
gnd_drv_gnd_logic__t527           -6.79697e-07
x2_n4__t183                        2.55567e-05
x2_n3__t18                             5.50002
gnd_drv_gnd_logic__t467           -6.69894e-07
gnd_drv_gnd_logic__t386             -6.768e-07
x2_n5__t115                            5.50002
out__t168                         -1.27696e-06
out__t61                           -1.2866e-06
x2_n5__t123                            5.50002
gnd_drv_gnd_logic__t531           -6.74182e-07
gnd_drv_gnd_logic__t384            -6.7176e-07
x2_n5__t113                            5.50002
out__t166                         -1.29606e-06
out__t56                          -1.30537e-06
x2_n5__t112                            5.50002
gnd_drv_gnd_logic__t526           -6.69719e-07
gnd_drv_gnd_logic__t383           -6.68087e-07
x2_n5__t111                            5.50002
out__t165                         -1.31443e-06
out__t14                          -1.32327e-06
x2_n5__t27                             5.50002
gnd_drv_gnd_logic__t474           -6.66952e-07
gnd_drv_gnd_logic__t331           -6.66409e-07
x2_n5__t28                             5.50002
out__t123                         -1.33189e-06
out__t48                          -1.34026e-06
x2_n5__t97                             5.50002
gnd_drv_gnd_logic__t518           -6.66548e-07
gnd_drv_gnd_logic__t332           -6.67353e-07
x2_n5__t29                             5.50002
out__t124                         -1.34845e-06
out__t22                          -1.35631e-06
x2_n5__t45                             5.50002
gnd_drv_gnd_logic__t482           -6.69043e-07
gnd_drv_gnd_logic__t323           -6.68514e-07
x2_n3__t17                             5.50002
x2_n4__t190                        2.52469e-05
gnd_drv_gnd_logic__t334           -6.71541e-07
x2_n5__t30                             5.50002
out__t125                          -1.3639e-06
out__t15                          -1.37121e-06
x2_n5__t31                             5.50002
gnd_drv_gnd_logic__t475           -6.75077e-07
gnd_drv_gnd_logic__t335           -6.79509e-07
x2_n5__t32                             5.50002
out__t126                         -1.37827e-06
out__t16                          -1.38498e-06
x2_n5__t33                             5.50002
gnd_drv_gnd_logic__t476           -6.85076e-07
gnd_drv_gnd_logic__t336           -6.91692e-07
x2_n5__t34                             5.50002
out__t127                         -1.39136e-06
out__t17                          -1.39747e-06
x2_n5__t35                             5.50002
gnd_drv_gnd_logic__t477           -6.99334e-07
gnd_drv_gnd_logic__t337           -7.08112e-07
x2_n5__t36                             5.50002
out__t128                         -1.40317e-06
out__t18                          -1.40852e-06
x2_n5__t37                             5.50002
gnd_drv_gnd_logic__t478              -7.18e-07
gnd_drv_gnd_logic__t338           -7.28968e-07
x2_n5__t38                             5.50002
out__t129                         -1.41357e-06
out__t19                          -1.41818e-06
x2_n5__t39                             5.50002
gnd_drv_gnd_logic__t479            -7.4098e-07
x2_n4__t181                        2.49275e-05
x2_n3__t16                             5.50002
gnd_drv_gnd_logic__t466           -6.64631e-07
gnd_drv_gnd_logic__t339           -7.53997e-07
x2_n5__t40                             5.50002
out__t130                         -1.42247e-06
out__t20                          -1.42629e-06
x2_n5__t41                             5.50002
gnd_drv_gnd_logic__t480           -7.68047e-07
gnd_drv_gnd_logic__t340           -7.83085e-07
x2_n5__t42                             5.50002
out__t131                         -1.42977e-06
out__t21                          -1.43276e-06
x2_n5__t43                             5.50002
gnd_drv_gnd_logic__t481           -7.98985e-07
gnd_drv_gnd_logic__t341           -8.15765e-07
x2_n5__t44                             5.50002
out__t132                         -1.43539e-06
out__t36                           -1.4375e-06
x2_n5__t74                             5.50002
gnd_drv_gnd_logic__t506           -8.33439e-07
gnd_drv_gnd_logic__t374           -8.51948e-07
x2_n5__t91                             5.50002
out__t156                         -1.43923e-06
out__t45                          -1.44049e-06
x2_n5__t92                             5.50002
gnd_drv_gnd_logic__t515           -8.71222e-07
gnd_drv_gnd_logic__t375           -8.91189e-07
x2_n5__t93                             5.50002
out__t157                          -1.4412e-06
out__t46                          -1.44151e-06
x2_n5__t94                             5.50002
gnd_drv_gnd_logic__t516           -9.11936e-07
gnd_drv_gnd_logic__t307           -6.38816e-07
x2_n3__t7                              5.50001
x2_n4__t182                        2.45949e-05
gnd_drv_gnd_logic__t376           -9.33299e-07
x2_n5__t95                             5.50002
out__t158                         -1.44131e-06
out__t47                          -1.44051e-06
x2_n5__t96                             5.50002
gnd_drv_gnd_logic__t517           -9.55362e-07
gnd_drv_gnd_logic__t317           -9.77953e-07
x2_n5__t11                             5.50002
out__t115                         -1.43928e-06
out__t5                           -1.43752e-06
x2_n5__t10                             5.50002
gnd_drv_gnd_logic__t458           -1.00115e-06
gnd_drv_gnd_logic__t445           -1.02487e-06
x2_n5__t202                            5.50002
out__t211                         -1.43521e-06
out__t110                         -5.06234e-07
x2_n5__t220                            5.50001
gnd_drv_gnd_logic__t309            -5.2378e-07
gnd_drv_gnd_logic__t370           -5.53616e-07
x2_n5__t85                             5.50001
out__t152                         -5.13758e-07
out__t43                          -5.21741e-07
x2_n5__t86                             5.50001
gnd_drv_gnd_logic__t513           -5.58816e-07
gnd_drv_gnd_logic__t371           -5.63997e-07
x2_n5__t87                             5.50001
out__t153                         -5.29818e-07
out__t44                          -5.37986e-07
x2_n5__t88                             5.50001
gnd_drv_gnd_logic__t514           -5.69161e-07
x2_n5__t747                            5.50002
x2_n4__t54                         2.75076e-05
gnd_drv_gnd_logic__t310           -1.21333e-06
gnd_drv_gnd_logic__t372           -5.74297e-07
x2_n5__t89                             5.50001
out__t154                         -5.46244e-07
out__t13                          -5.54599e-07
x2_n5__t26                             5.50001
gnd_drv_gnd_logic__t473           -5.79413e-07
gnd_drv_gnd_logic__t328           -5.84499e-07
x2_n5__t23                             5.50001
out__t121                         -5.63043e-07
out__t11                           -5.7158e-07
x2_n5__t22                             5.50001
gnd_drv_gnd_logic__t471           -5.89555e-07
gnd_drv_gnd_logic__t327           -5.94577e-07
x2_n5__t21                             5.50001
out__t120                          -5.8021e-07
out__t10                          -5.88927e-07
x2_n5__t20                             5.50001
gnd_drv_gnd_logic__t470            -5.9956e-07
gnd_drv_gnd_logic__t326           -6.04506e-07
x2_n5__t19                             5.50001
out__t119                         -5.97743e-07
out__t9                           -6.06647e-07
x2_n5__t18                             5.50001
gnd_drv_gnd_logic__t469           -6.09406e-07
gnd_drv_gnd_logic__t325           -6.14268e-07
x2_n5__t17                             5.50001
out__t118                         -6.15644e-07
out__t8                            -6.2473e-07
x2_n5__t16                             5.50001
gnd_drv_gnd_logic__t468            -6.1908e-07
gnd_drv_gnd_logic__t428           -1.21035e-06
x2_n4__t35                         2.74906e-05
x2_n5__t765                            5.50002
gnd_drv_gnd_logic__t356           -6.23833e-07
x2_n5__t58                             5.50001
out__t139                          -6.3391e-07
out__t28                          -6.43181e-07
x2_n5__t57                             5.50001
gnd_drv_gnd_logic__t498           -6.28545e-07
gnd_drv_gnd_logic__t355           -6.33187e-07
x2_n5__t56                             5.50001
out__t138                         -6.52539e-07
out__t27                          -6.61982e-07
x2_n5__t55                             5.50001
gnd_drv_gnd_logic__t497           -6.37766e-07
gnd_drv_gnd_logic__t354           -6.42287e-07
x2_n5__t54                             5.50001
out__t137                         -6.71519e-07
out__t26                          -6.81141e-07
x2_n5__t53                             5.50001
gnd_drv_gnd_logic__t496           -6.46725e-07
gnd_drv_gnd_logic__t353             -6.511e-07
x2_n5__t52                             5.50001
out__t136                         -6.90855e-07
out__t25                          -7.00645e-07
x2_n5__t51                             5.50001
gnd_drv_gnd_logic__t495           -6.55405e-07
gnd_drv_gnd_logic__t352           -6.59616e-07
x2_n5__t50                             5.50001
out__t135                         -7.10528e-07
out__t24                          -7.20495e-07
x2_n5__t49                             5.50001
gnd_drv_gnd_logic__t494           -6.63752e-07
x2_n5__t737                            5.50002
x2_n4__t34                         2.74422e-05
gnd_drv_gnd_logic__t570           -1.21218e-06
gnd_drv_gnd_logic__t351           -6.67793e-07
x2_n5__t48                             5.50001
out__t134                         -7.30542e-07
out__t53                          -7.40671e-07
x2_n5__t106                            5.50001
gnd_drv_gnd_logic__t523           -6.71738e-07
gnd_drv_gnd_logic__t358           -6.75582e-07
x2_n5__t59                             5.50001
out__t140                         -7.50873e-07
out__t41                          -7.61164e-07
x2_n5__t82                             5.50001
gnd_drv_gnd_logic__t511           -6.79335e-07
gnd_drv_gnd_logic__t369           -6.82975e-07
x2_n5__t83                             5.50001
out__t151                         -7.71528e-07
out__t42                          -7.81969e-07
x2_n5__t84                             5.50001
gnd_drv_gnd_logic__t512             -6.865e-07
gnd_drv_gnd_logic__t359            -6.8992e-07
x2_n5__t60                             5.50001
out__t141                         -7.92486e-07
out__t29                          -8.03059e-07
x2_n5__t61                             5.50001
gnd_drv_gnd_logic__t499           -6.93213e-07
gnd_drv_gnd_logic__t360           -6.96379e-07
x2_n5__t62                             5.50001
out__t142                          -8.1372e-07
out__t30                          -8.24445e-07
x2_n5__t63                             5.50002
gnd_drv_gnd_logic__t500           -6.99424e-07
gnd_drv_gnd_logic__t427           -1.21375e-06
x2_n4__t33                         2.73674e-05
x2_n5__t764                            5.50002
gnd_drv_gnd_logic__t361           -7.02325e-07
x2_n5__t64                             5.50002
out__t143                         -8.35233e-07
out__t31                          -8.46085e-07
x2_n5__t65                             5.50002
gnd_drv_gnd_logic__t501           -7.05081e-07
gnd_drv_gnd_logic__t362           -7.07704e-07
x2_n5__t66                             5.50002
out__t144                         -8.56986e-07
out__t32                           -8.6796e-07
x2_n5__t67                             5.50002
gnd_drv_gnd_logic__t502            -7.1019e-07
gnd_drv_gnd_logic__t363           -7.12511e-07
x2_n5__t68                             5.50002
out__t145                         -8.78987e-07
out__t33                          -8.90069e-07
x2_n5__t69                             5.50002
gnd_drv_gnd_logic__t503           -7.14664e-07
gnd_drv_gnd_logic__t364           -7.16661e-07
x2_n5__t70                             5.50002
out__t146                         -9.01197e-07
out__t34                          -9.12373e-07
x2_n5__t71                             5.50002
gnd_drv_gnd_logic__t504           -7.18502e-07
gnd_drv_gnd_logic__t365           -7.20157e-07
x2_n5__t72                             5.50002
out__t147                         -9.23596e-07
out__t35                          -9.34836e-07
x2_n5__t73                             5.50002
gnd_drv_gnd_logic__t505           -7.21643e-07
x2_n5__t736                            5.50002
x2_n4__t32                         2.72654e-05
gnd_drv_gnd_logic__t569           -1.21497e-06
gnd_drv_gnd_logic__t373           -7.22931e-07
x2_n5__t90                             5.50002
out__t155                         -9.46133e-07
out__t37                          -9.57465e-07
x2_n5__t75                             5.50002
gnd_drv_gnd_logic__t507           -7.24066e-07
gnd_drv_gnd_logic__t366           -7.24991e-07
x2_n5__t76                             5.50002
out__t148                         -9.68823e-07
out__t38                          -9.80208e-07
x2_n5__t77                             5.50002
gnd_drv_gnd_logic__t508           -7.25728e-07
gnd_drv_gnd_logic__t367           -7.26269e-07
x2_n5__t78                             5.50002
out__t149                         -9.91611e-07
out__t39                          -1.00303e-06
x2_n5__t79                             5.50002
gnd_drv_gnd_logic__t509            -7.2661e-07
gnd_drv_gnd_logic__t368           -7.26751e-07
x2_n5__t80                             5.50002
out__t150                         -1.01446e-06
out__t40                           -1.0259e-06
x2_n5__t81                             5.50002
gnd_drv_gnd_logic__t510           -7.26679e-07
gnd_drv_gnd_logic__t330           -7.26395e-07
x2_n5__t25                             5.50002
out__t122                         -1.03734e-06
out__t12                          -1.04877e-06
x2_n5__t24                             5.50002
gnd_drv_gnd_logic__t472           -7.25926e-07
x1_nb__t1                          4.06661e-08
x1_inb__t2                                3.63
gnd_drv_gnd_logic__t311             3.5144e-07
gnd_drv_gnd_logic__t426           -1.21588e-06
x2_n4__t31                         2.71351e-05
x2_n5__t763                            5.50002
x2_n5__t735                            5.50002
x2_n4__t30                         2.69757e-05
gnd_drv_gnd_logic__t568           -1.21637e-06
gnd_drv_gnd_logic__t425           -1.21651e-06
x2_n4__t29                         2.67866e-05
x2_n5__t762                            5.50002
x2_n5__t734                            5.50002
x2_n4__t28                         2.65671e-05
gnd_drv_gnd_logic__t567           -1.21622e-06
gnd_drv_gnd_logic__t424           -1.21548e-06
x2_n4__t27                         2.63167e-05
x2_n5__t761                            5.50002
x2_n5__t732                            5.50002
x2_n4__t25                         2.60351e-05
gnd_drv_gnd_logic__t565           -1.21422e-06
gnd_drv_gnd_logic__t430           -1.21254e-06
x2_n4__t37                         2.57222e-05
x2_n5__t767                            5.50002
x2_n5__t740                            5.50002
x2_n4__t44                          2.5378e-05
gnd_drv_gnd_logic__t574           -1.21028e-06
gnd_drv_gnd_logic__t434           -1.20746e-06
x2_n4__t43                         2.50029e-05
x2_n5__t771                            5.50002
x2_n5__t739                            5.50002
x2_n4__t42                         2.45974e-05
gnd_drv_gnd_logic__t573           -1.20406e-06
x1_nca__t2                             5.50002
vdd_logic__t3                             3.63
x1_na__t1                              2.60757
gnd_drv_gnd_logic__t431           -1.20005e-06
x2_n4__t38                         2.41624e-05
x2_n5__t768                            5.50002
x2_n5__t733                            5.50002
x2_n4__t26                         2.36991e-05
gnd_drv_gnd_logic__t566           -1.19546e-06
gnd_drv_gnd_logic__t422           -1.19018e-06
x2_n4__t23                         2.32089e-05
x2_n5__t760                            5.50002
x2_n5__t741                            5.50002
x2_n4__t45                         2.26938e-05
gnd_drv_gnd_logic__t575           -1.18429e-06
gnd_drv_gnd_logic__t433           -1.17773e-06
x2_n4__t41                         2.21562e-05
x2_n5__t770                            5.50002
x2_n5__t731                            5.50002
x2_n4__t24                         2.15988e-05
gnd_drv_gnd_logic__t564            -1.1705e-06
gnd_drv_gnd_logic__t432           -1.16261e-06
x2_n4__t40                         2.10248e-05
x2_n5__t769                            5.50002
x2_n5__t738                            5.50002
x2_n4__t39                          2.0438e-05
gnd_drv_gnd_logic__t572           -1.15405e-06
gnd_drv_gnd_logic__t442           -1.14484e-06
x2_n4__t53                         1.98425e-05
x2_n5__t774                            5.50002
x2_n5__t746                            5.50002
x2_n4__t52                         1.92432e-05
gnd_drv_gnd_logic__t580           -1.13507e-06
x1_ncb__t0                         2.42724e-06
vdd_logic__t2                             3.63
x1_nb__t0                          1.67853e-07
gnd_drv_gnd_logic__t429           -1.12466e-06
x2_n4__t36                          1.8645e-05
x2_n5__t766                            5.50002
x2_n5__t730                            5.50002
x2_n4__t20                         1.80539e-05
gnd_drv_gnd_logic__t493           -1.11375e-06
gnd_drv_gnd_logic__t350           -1.10236e-06
x2_n4__t19                         1.74759e-05
x2_n5__t757                            5.50002
x2_n5__t742                            5.50002
x2_n4__t46                         1.69175e-05
gnd_drv_gnd_logic__t576           -1.09055e-06
gnd_drv_gnd_logic__t403           -1.07839e-06
x2_n4__t22                         1.63856e-05
x2_n5__t759                            5.50002
x2_n5__t723                            5.50002
x2_n4__t6                          1.58868e-05
gnd_drv_gnd_logic__t485           -1.06601e-06
gnd_drv_gnd_logic__t349            -1.0534e-06
x2_n4__t18                         1.54283e-05
x2_n5__t756                            5.50002
x2_n5__t729                            5.50002
x2_n4__t17                         1.50168e-05
gnd_drv_gnd_logic__t492           -1.04075e-06
gnd_drv_gnd_logic__t357            -1.0281e-06
x2_n4__t21                         1.46588e-05
x2_n5__t758                            5.50002
x2_n5__t728                            5.50002
x2_n4__t16                         1.43601e-05
gnd_drv_gnd_logic__t490           -1.01557e-06
x1_nbuf1__t3                               5.5
x1_ncb__t3                         3.98564e-06
gnd_drv_gnd_logic__t305           -5.60116e-07
gnd_drv_gnd_logic__t348           -1.00315e-06
x2_n4__t15                         1.41258e-05
x2_n5__t755                            5.50001
x2_n5__t727                            5.50001
x2_n4__t14                           1.396e-05
gnd_drv_gnd_logic__t489           -9.90989e-07
gnd_drv_gnd_logic__t347           -9.79071e-07
x2_n4__t13                         1.38656e-05
x2_n5__t754                            5.50001
x2_n5__t726                            5.50001
x2_n4__t12                         1.38443e-05
gnd_drv_gnd_logic__t488           -9.67415e-07
gnd_drv_gnd_logic__t346           -9.56059e-07
x2_n4__t11                          1.3896e-05
x2_n5__t753                            5.50001
x2_n5__t725                            5.50001
x2_n4__t10                         1.40198e-05
gnd_drv_gnd_logic__t487           -9.44933e-07
gnd_drv_gnd_logic__t345           -9.33991e-07
x2_n4__t9                          1.42128e-05
x2_n5__t752                            5.50001
x2_n5__t724                            5.50001
x2_n4__t8                          1.44715e-05
gnd_drv_gnd_logic__t486           -9.23224e-07
gnd_drv_gnd_logic__t344           -9.12524e-07
x2_n4__t7                          1.47907e-05
x2_n5__t751                            5.50001
x2_n5__t722                            5.50001
x2_n4__t5                          1.51648e-05
gnd_drv_gnd_logic__t484           -9.01871e-07
in_drv__t3                        -1.43452e-06
x1_nbuf1__t1                               5.5
gnd_drv_gnd_logic__t302            8.19026e-08
gnd_drv_gnd_logic__t342           -8.91156e-07
x2_n4__t4                          1.55873e-05
x2_n5__t750                            5.50001
x2_n5__t721                            5.50001
x2_n4__t3                          1.60515e-05
gnd_drv_gnd_logic__t483           -8.80326e-07
gnd_drv_gnd_logic__t333           -8.69381e-07
x2_n4__t2                          1.65502e-05
x2_n5__t749                            5.50001
x2_n5__t745                            5.50001
x2_n4__t51                         1.70762e-05
gnd_drv_gnd_logic__t579           -8.58283e-07
gnd_drv_gnd_logic__t436           -8.46967e-07
x2_n4__t50                         1.76225e-05
x2_n5__t773                            5.50001
x2_n5__t744                            5.50001
x2_n4__t49                         1.81825e-05
gnd_drv_gnd_logic__t578           -8.35419e-07
gnd_drv_gnd_logic__t435           -8.23727e-07
x2_n4__t48                         1.87496e-05
x2_n5__t772                            5.50001
x2_n5__t743                            5.50001
x2_n4__t47                         1.93179e-05
gnd_drv_gnd_logic__t577           -8.11809e-07
gnd_drv_gnd_logic__t329           -7.99725e-07
x2_n4__t1                          1.98819e-05
x2_n5__t748                            5.50001
x2_n5__t0                              5.50002
x2_n4__t0                          2.14186e-05
gnd_drv_gnd_logic__t312           -8.02638e-07
x2_n1__t3                              5.50001
in_drv__t1                         3.60876e-06
gnd_drv_gnd_logic__t303            -4.5836e-07
gnd_drv_gnd_logic__t421           -2.37458e-06
x2_n5__t185                            5.50001
out__t202                         -6.87317e-07
out__t63                          -6.76472e-07
x2_n5__t126                            5.50001
gnd_drv_gnd_logic__t533           -2.40938e-06
gnd_drv_gnd_logic__t390           -2.44419e-06
x2_n5__t124                            5.50001
out__t172                         -6.65667e-07
out__t62                          -6.54961e-07
x2_n5__t125                            5.50001
gnd_drv_gnd_logic__t532           -2.47889e-06
gnd_drv_gnd_logic__t392           -2.51309e-06
x2_n5__t129                            5.50001
out__t174                         -6.44239e-07
out__t65                          -6.33575e-07
x2_n5__t130                            5.50001
gnd_drv_gnd_logic__t535           -2.54679e-06
gnd_drv_gnd_logic__t393           -2.57974e-06
x2_n5__t131                            5.50001
out__t175                         -6.22964e-07
out__t66                          -6.12501e-07
x2_n5__t133                            5.50001
gnd_drv_gnd_logic__t536           -2.61178e-06
gnd_drv_gnd_logic__t395           -2.64279e-06
x2_n5__t134                            5.50001
out__t177                         -6.02286e-07
out__t64                          -5.92329e-07
x2_n5__t127                            5.50001
gnd_drv_gnd_logic__t534           -2.67265e-06
x2_n2__t0                          -2.3465e-06
x2_n1__t0                                  5.5
gnd_drv_gnd_logic__t301            -2.0026e-07
gnd_drv_gnd_logic__t394           -2.70128e-06
x2_n5__t132                            5.50001
out__t176                         -5.82838e-07
out__t92                          -5.73733e-07
x2_n5__t184                            5.50001
gnd_drv_gnd_logic__t562           -2.72859e-06
gnd_drv_gnd_logic__t416           -2.75461e-06
x2_n5__t173                            5.50001
out__t197                          -5.6532e-07
out__t86                          -5.57715e-07
x2_n5__t174                            5.50001
gnd_drv_gnd_logic__t556           -2.77909e-06
gnd_drv_gnd_logic__t343           -2.80208e-06
x2_n5__t46                             5.50002
out__t133                         -5.50936e-07
out__t87                          -5.45288e-07
x2_n5__t175                            5.50002
gnd_drv_gnd_logic__t557           -2.82365e-06
gnd_drv_gnd_logic__t417           -2.84367e-06
x2_n5__t176                            5.50002
out__t198                         -5.40883e-07
out__t88                          -5.37825e-07
x2_n5__t177                            5.50002
gnd_drv_gnd_logic__t558           -2.86202e-06
gnd_drv_gnd_logic__t418            -2.8789e-06
x2_n5__t178                            5.50002
out__t199                         -5.36219e-07
out__t89                           -5.3616e-07
x2_n5__t179                            5.50002
gnd_drv_gnd_logic__t559           -2.89419e-06
x1_inb__t1                             3.62998
in__t0                            -2.65239e-05
vdd_logic__t0                          3.62999
vdd_logic                                 3.63
x1_nca__t0                             5.49996
x1_ncb__t1                        -3.52583e-05
vdd_drv__t0                                5.5
vdd_drv                                    5.5
x1_ncb__t5                        -1.69776e-05
x1_nca__t1                             5.50014
vdd_drv__t671                              5.5
x1_nbuf1__t2                           5.49997
x1_ncb__t2                        -4.96297e-05
vdd_drv__t6                                5.5
in_drv__t2                        -2.80088e-05
x1_nbuf1__t0                           5.50006
vdd_drv__t8                            5.49999
x2_n1__t2                              5.49998
in_drv__t0                        -4.97944e-05
vdd_drv__t10                               5.5
x2_n2__t3                         -2.72952e-05
x2_n1__t1                              5.49992
vdd_drv__t12                           5.50001
x2_n3__t0                                  5.5
x2_n2__t1                         -1.89272e-06
vdd_drv__t2                                5.5
x2_n4__t207                       -1.78478e-05
x2_n3__t2                              5.49998
vdd_drv__t4                                5.5
vdd_drv__t1269                             5.5
x2_n3__t3                              5.49998
x2_n4__t206                       -1.69478e-05
x2_n4__t192                       -1.60723e-05
x2_n3__t21                             5.49998
vdd_drv__t1268                             5.5
vdd_drv__t946                              5.5
x2_n3__t22                             5.49998
x2_n4__t209                       -1.52375e-05
x2_n4__t193                       -1.44617e-05
x2_n3__t23                             5.49999
vdd_drv__t1270                             5.5
vdd_drv__t947                              5.5
x2_n3__t24                             5.49999
x2_n4__t210                        -1.3766e-05
x2_n4__t196                        -1.3174e-05
x2_n3__t29                             5.49999
vdd_drv__t1276                             5.5
vdd_drv__t955                              5.5
x2_n3__t34                             5.49999
x2_n4__t215                       -1.27098e-05
x2_n4__t199                       -1.23937e-05
x2_n3__t35                                 5.5
vdd_drv__t1279                             5.5
vdd_drv__t960                              5.5
x2_n3__t45                                 5.5
x2_n4__t220                       -1.22313e-05
x2_n4__t200                       -1.21901e-05
x2_n3__t38                                 5.5
vdd_drv__t1280                             5.5
vdd_drv__t958                              5.5
x2_n3__t39                                 5.5
x2_n4__t218                       -1.21659e-05
x2_n4__t201                       -1.19982e-05
x2_n3__t40                                 5.5
vdd_drv__t1281                             5.5
vdd_drv__t957                              5.5
x2_n3__t37                                 5.5
x2_n4__t217                       -1.16304e-05
x2_n4__t205                       -1.11843e-05
x2_n3__t44                                 5.5
vdd_drv__t1284                             5.5
vdd_drv__t956                              5.5
x2_n3__t36                                 5.5
x2_n4__t216                       -1.07942e-05
x2_n4__t191                       -1.05173e-05
x2_n3__t19                                 5.5
vdd_drv__t1267                             5.5
vdd_drv__t948                              5.5
x2_n3__t25                             5.49999
x2_n4__t211                       -1.03583e-05
x2_n4__t194                       -1.03001e-05
x2_n3__t26                             5.49999
vdd_drv__t1272                             5.5
vdd_drv__t949                              5.5
x2_n3__t27                             5.49999
x2_n4__t212                       -1.03199e-05
x2_n4__t195                       -1.03958e-05
x2_n3__t28                             5.49998
vdd_drv__t1273                             5.5
vdd_drv__t953                              5.5
x2_n3__t30                             5.49998
x2_n4__t213                        -1.0509e-05
x2_n4__t197                       -1.06443e-05
x2_n3__t31                             5.49998
vdd_drv__t1277                             5.5
vdd_drv__t954                              5.5
x2_n3__t32                             5.49998
x2_n4__t214                       -1.07899e-05
x2_n4__t198                       -1.09371e-05
x2_n3__t33                             5.49998
vdd_drv__t1278                             5.5
vdd_drv__t945                              5.5
x2_n3__t20                             5.49998
x2_n4__t208                       -1.10796e-05
x2_n4__t202                       -1.12133e-05
x2_n3__t41                             5.49998
vdd_drv__t1282                             5.5
vdd_drv__t959                              5.5
x2_n3__t42                             5.49998
x2_n4__t219                       -1.13357e-05
x2_n4__t203                       -1.14456e-05
x2_n3__t43                             5.49998
vdd_drv__t1283                             5.5
vdd_drv__t15                               5.5
x2_n3__t4                              5.49998
x2_n4__t204                       -1.15422e-05
vdd_drv__t928                              5.5
x2_n4__t115                       -1.37187e-05
x2_n5__t866                            5.49998
x2_n5__t776                            5.49998
x2_n4__t56                        -1.44412e-05
vdd_drv__t1050                             5.5
vdd_drv__t985                              5.5
x2_n4__t169                       -1.51177e-05
x2_n5__t893                            5.49998
x2_n5__t814                            5.49998
x2_n4__t132                       -1.57475e-05
vdd_drv__t1258                             5.5
vdd_drv__t984                              5.5
x2_n4__t168                       -1.63301e-05
x2_n5__t892                            5.49998
x2_n5__t825                            5.49998
x2_n4__t154                       -1.68658e-05
vdd_drv__t1301                             5.5
vdd_drv__t979                              5.5
x2_n4__t159                       -1.73552e-05
x2_n5__t887                            5.49998
x2_n5__t826                            5.49998
x2_n4__t155                       -1.77993e-05
vdd_drv__t1302                             5.5
vdd_drv__t936                              5.5
x2_n4__t131                       -1.81992e-05
x2_n5__t874                            5.49998
x2_n5__t815                            5.49998
x2_n4__t133                       -1.85566e-05
vdd_drv__t1259                             5.5
vdd_drv__t937                              5.5
x2_n4__t134                       -1.88729e-05
x2_n5__t875                            5.49998
x2_n5__t816                            5.49998
x2_n4__t135                       -1.91499e-05
vdd_drv__t1260                             5.5
vdd_drv__t938                              5.5
x2_n4__t136                       -1.93894e-05
x2_n5__t876                            5.49998
x2_n5__t817                            5.49998
x2_n4__t137                       -1.95933e-05
vdd_drv__t1261                             5.5
vdd_drv__t939                              5.5
x2_n4__t138                       -1.97635e-05
x2_n5__t877                            5.49998
x2_n5__t833                            5.49998
x2_n4__t171                       -1.99018e-05
vdd_drv__t1315                             5.5
vdd_drv__t990                              5.5
x2_n4__t172                       -2.00104e-05
x2_n5__t895                            5.49998
x2_n5__t834                            5.49998
x2_n4__t173                       -2.00909e-05
vdd_drv__t1316                             5.5
vdd_drv__t991                              5.5
x2_n4__t174                       -2.01452e-05
x2_n5__t896                            5.49998
x2_n5__t835                            5.49997
x2_n4__t175                       -2.01752e-05
vdd_drv__t1317                             5.5
vdd_drv__t988                              5.5
x2_n4__t170                       -2.01825e-05
x2_n5__t894                            5.49997
x2_n5__t832                            5.49997
x2_n4__t167                       -2.01688e-05
vdd_drv__t1309                             5.5
vdd_drv__t983                              5.5
x2_n4__t166                       -2.01357e-05
x2_n5__t891                            5.49997
x2_n5__t831                            5.49997
x2_n4__t165                       -2.00846e-05
vdd_drv__t1307                             5.5
vdd_drv__t982                              5.5
x2_n4__t164                       -2.00173e-05
x2_n5__t890                            5.49997
x2_n5__t830                            5.49997
x2_n4__t163                       -1.99347e-05
vdd_drv__t1306                             5.5
vdd_drv__t981                              5.5
x2_n4__t162                       -1.98386e-05
x2_n5__t889                            5.49997
x2_n5__t829                            5.49997
x2_n4__t161                       -1.97297e-05
vdd_drv__t1305                             5.5
vdd_drv__t980                              5.5
x2_n4__t160                       -1.96096e-05
x2_n5__t888                            5.49997
x2_n5__t828                            5.49997
x2_n4__t158                        -1.9479e-05
vdd_drv__t1304                             5.5
vdd_drv__t978                              5.5
x2_n4__t157                       -1.93392e-05
x2_n5__t886                            5.49997
x2_n5__t827                            5.49997
x2_n4__t156                       -1.91909e-05
vdd_drv__t1303                             5.5
vdd_drv__t875                              5.5
x2_n4__t60                        -1.90351e-05
x2_n5__t839                            5.49997
x2_n5__t809                            5.49997
x2_n4__t124                       -1.88725e-05
vdd_drv__t1253                             5.5
vdd_drv__t932                              5.5
x2_n4__t122                       -1.87039e-05
x2_n5__t870                            5.49997
x2_n5__t808                            5.49997
x2_n4__t121                       -1.85301e-05
vdd_drv__t1252                             5.5
vdd_drv__t930                              5.5
x2_n4__t118                       -1.83515e-05
x2_n5__t868                            5.49997
x2_n5__t806                            5.49997
x2_n4__t117                       -1.81687e-05
vdd_drv__t1250                             5.5
vdd_drv__t929                              5.5
x2_n4__t116                       -1.79823e-05
x2_n5__t867                            5.49997
x2_n5__t811                            5.49997
x2_n4__t127                       -1.77927e-05
vdd_drv__t1255                             5.5
vdd_drv__t934                              5.5
x2_n4__t126                       -1.76004e-05
x2_n5__t872                            5.49997
x2_n5__t810                            5.49997
x2_n4__t125                       -1.74058e-05
vdd_drv__t1254                             5.5
vdd_drv__t933                              5.5
x2_n4__t123                       -1.72092e-05
x2_n5__t871                            5.49997
x2_n5__t807                            5.49997
x2_n4__t120                       -1.70108e-05
vdd_drv__t1251                             5.5
vdd_drv__t931                              5.5
x2_n4__t119                       -1.68109e-05
x2_n5__t869                            5.49997
x2_n5__t823                            5.49997
x2_n4__t149                       -1.66099e-05
vdd_drv__t1271                             5.5
vdd_drv__t952                              5.5
x2_n4__t151                       -1.64078e-05
x2_n5__t884                            5.49997
x2_n5__t822                            5.49997
x2_n4__t148                       -1.62049e-05
vdd_drv__t1266                             5.5
vdd_drv__t941                              5.5
x2_n4__t140                       -1.60014e-05
x2_n5__t879                            5.49997
x2_n5__t818                            5.49997
x2_n4__t141                       -1.57974e-05
vdd_drv__t1262                             5.5
vdd_drv__t942                              5.5
x2_n4__t142                        -1.5593e-05
x2_n5__t880                            5.49997
x2_n5__t819                            5.49997
x2_n4__t143                       -1.53881e-05
vdd_drv__t1263                             5.5
vdd_drv__t943                              5.5
x2_n4__t144                       -1.51832e-05
x2_n5__t881                            5.49997
x2_n5__t820                            5.49997
x2_n4__t145                        -1.4978e-05
vdd_drv__t1264                             5.5
vdd_drv__t944                              5.5
x2_n4__t146                       -1.47727e-05
x2_n5__t882                            5.49997
x2_n5__t821                            5.49997
x2_n4__t147                       -1.45673e-05
vdd_drv__t1265                             5.5
vdd_drv__t940                              5.5
x2_n4__t139                       -1.43619e-05
x2_n5__t878                            5.49997
x2_n5__t813                            5.49997
x2_n4__t130                       -1.41564e-05
vdd_drv__t1257                             5.5
vdd_drv__t935                              5.5
x2_n4__t129                        -1.3951e-05
x2_n5__t873                            5.49997
x2_n5__t812                            5.49997
x2_n4__t128                       -1.37456e-05
vdd_drv__t1256                             5.5
vdd_drv__t20                               5.5
x2_n4__t55                         -1.3537e-05
x2_n5__t775                            5.49997
x2_n5__t836                            5.49998
x2_n4__t176                       -2.28117e-05
vdd_drv__t669                              5.5
vdd_drv__t903                              5.5
x2_n4__t70                        -2.29123e-05
x2_n5__t844                            5.49998
x2_n5__t783                            5.49998
x2_n4__t71                        -2.29857e-05
vdd_drv__t1224                             5.5
vdd_drv__t904                              5.5
x2_n4__t72                        -2.30397e-05
x2_n5__t845                            5.49998
x2_n5__t784                            5.49998
x2_n4__t73                        -2.30728e-05
vdd_drv__t1225                             5.5
vdd_drv__t905                              5.5
x2_n4__t74                        -2.30836e-05
x2_n5__t846                            5.49998
x2_n5__t785                            5.49998
x2_n4__t75                        -2.30702e-05
vdd_drv__t1226                             5.5
vdd_drv__t906                              5.5
x2_n4__t76                        -2.30313e-05
x2_n5__t847                            5.49998
x2_n5__t790                            5.49998
x2_n4__t86                        -2.29649e-05
vdd_drv__t1231                             5.5
vdd_drv__t908                              5.5
x2_n4__t78                        -2.28695e-05
x2_n5__t849                            5.49998
x2_n5__t786                            5.49998
x2_n4__t79                        -2.27433e-05
vdd_drv__t1227                             5.5
vdd_drv__t909                              5.5
x2_n4__t80                        -2.25846e-05
x2_n5__t850                            5.49998
x2_n5__t787                            5.49998
x2_n4__t81                        -2.23914e-05
vdd_drv__t1228                             5.5
vdd_drv__t910                              5.5
x2_n4__t82                        -2.21619e-05
x2_n5__t851                            5.49998
x2_n5__t788                            5.49998
x2_n4__t83                        -2.18944e-05
vdd_drv__t1229                             5.5
vdd_drv__t911                              5.5
x2_n4__t84                        -2.15872e-05
x2_n5__t852                            5.49998
x2_n5__t789                            5.49998
x2_n4__t85                        -2.12385e-05
vdd_drv__t1230                             5.5
vdd_drv__t907                              5.5
x2_n4__t77                        -2.08467e-05
x2_n5__t848                            5.49998
x2_n5__t778                            5.49998
x2_n4__t61                        -2.04103e-05
vdd_drv__t1215                             5.5
vdd_drv__t902                              5.5
x2_n4__t68                        -1.99279e-05
x2_n5__t843                            5.49998
x2_n5__t782                            5.49998
x2_n4__t69                        -1.93984e-05
vdd_drv__t1222                             5.5
vdd_drv__t915                              5.5
x2_n4__t94                        -1.88208e-05
x2_n5__t856                            5.49998
x2_n5__t797                            5.49998
x2_n4__t98                        -1.81945e-05
vdd_drv__t1241                             5.5
vdd_drv__t897                              5.5
x2_n4__t67                        -1.75193e-05
x2_n5__t842                            5.49998
x2_n5__t781                            5.49998
x2_n4__t66                        -1.67952e-05
vdd_drv__t1218                             5.5
vdd_drv__t896                              5.5
x2_n4__t65                        -1.60229e-05
x2_n5__t841                            5.49998
x2_n5__t780                            5.49998
x2_n4__t64                        -1.52037e-05
vdd_drv__t1217                             5.5
vdd_drv__t895                              5.5
x2_n4__t63                        -1.43397e-05
x2_n5__t840                            5.49998
x2_n5__t779                            5.49999
x2_n4__t62                        -1.34335e-05
vdd_drv__t1216                             5.5
vdd_drv__t951                              5.5
x2_n4__t150                       -1.24891e-05
x2_n5__t883                            5.49999
x2_n5__t824                            5.49999
x2_n4__t153                       -1.15114e-05
vdd_drv__t1290                             5.5
vdd_drv__t964                              5.5
x2_n4__t152                       -1.05069e-05
x2_n5__t885                            5.49999
x2_n5__t794                            5.49999
x2_n4__t92                        -9.48319e-06
vdd_drv__t1235                             5.5
vdd_drv__t914                              5.5
x2_n4__t93                        -8.44996e-06
x2_n5__t855                            5.49999
x2_n5__t796                            5.49999
x2_n4__t97                        -7.41879e-06
vdd_drv__t1240                             5.5
vdd_drv__t916                              5.5
x2_n4__t95                        -6.40367e-06
x2_n5__t857                            5.49999
x2_n5__t795                            5.49999
x2_n4__t96                        -5.42118e-06
vdd_drv__t1236                             5.5
vdd_drv__t872                              5.5
x2_n4__t57                        -4.49081e-06
x2_n5__t837                            5.49999
x2_n5__t802                            5.49999
x2_n4__t108                       -3.63509e-06
vdd_drv__t1246                             5.5
vdd_drv__t925                              5.5
x2_n4__t109                       -2.88006e-06
x2_n5__t863                            5.49999
x2_n5__t803                            5.49999
x2_n4__t110                       -2.25496e-06
vdd_drv__t1247                             5.5
vdd_drv__t926                              5.5
x2_n4__t111                       -1.79011e-06
x2_n5__t864                            5.49999
x2_n5__t800                            5.49999
x2_n4__t103                       -1.50995e-06
vdd_drv__t1244                             5.5
vdd_drv__t922                              5.5
x2_n4__t104                       -1.40654e-06
x2_n5__t860                            5.49999
x2_n5__t801                            5.49999
x2_n4__t105                       -1.39616e-06
vdd_drv__t1245                             5.5
vdd_drv__t924                              5.5
x2_n4__t107                       -1.45265e-06
x2_n5__t862                            5.49999
x2_n5__t804                            5.49999
x2_n4__t112                        -1.6623e-06
vdd_drv__t1248                             5.5
vdd_drv__t927                              5.5
x2_n4__t113                         -2.049e-06
x2_n5__t865                            5.49999
x2_n5__t805                            5.49999
x2_n4__t114                       -2.59298e-06
vdd_drv__t1249                             5.5
vdd_drv__t923                              5.5
x2_n4__t106                       -3.26484e-06
x2_n5__t861                            5.49999
x2_n5__t791                            5.49999
x2_n4__t87                        -4.03586e-06
vdd_drv__t1232                             5.5
vdd_drv__t912                              5.5
x2_n4__t88                        -4.87976e-06
x2_n5__t853                            5.49999
x2_n5__t792                            5.49998
x2_n4__t89                         -5.7739e-06
vdd_drv__t1233                             5.5
vdd_drv__t913                              5.5
x2_n4__t90                        -6.69894e-06
x2_n5__t854                            5.49998
x2_n5__t793                            5.49998
x2_n4__t91                        -7.63825e-06
vdd_drv__t1234                             5.5
vdd_drv__t873                              5.5
x2_n4__t58                        -8.57804e-06
x2_n5__t838                            5.49998
x2_n5__t777                            5.49998
x2_n4__t59                        -9.50692e-06
vdd_drv__t1195                             5.5
vdd_drv__t920                              5.5
x2_n4__t99                        -1.04155e-05
x2_n5__t858                            5.49998
x2_n5__t798                            5.49998
x2_n4__t100                       -1.12963e-05
vdd_drv__t1242                             5.5
vdd_drv__t921                              5.5
x2_n4__t101                       -1.21434e-05
x2_n5__t859                            5.49998
x2_n5__t799                            5.49998
x2_n4__t102                        -1.2952e-05
vdd_drv__t1243                             5.5
vdd_drv__t795                              5.5
x2_n5__t472                            5.49999
out__t594                         -8.69757e-07
out__t316                          -8.7544e-07
x2_n5__t410                            5.49999
vdd_drv__t1090                             5.5
vdd_drv__t853                              5.5
x2_n5__t588                            5.49999
out__t652                          -8.8118e-07
out__t315                         -8.86944e-07
x2_n5__t409                            5.49999
vdd_drv__t1089                             5.5
vdd_drv__t764                              5.5
x2_n5__t408                            5.49999
out__t563                         -8.92734e-07
out__t314                         -8.98517e-07
x2_n5__t407                            5.49999
vdd_drv__t1088                             5.5
vdd_drv__t779                              5.5
x2_n5__t441                            5.49999
out__t578                         -9.04356e-07
out__t338                          -9.1022e-07
x2_n5__t452                            5.49999
vdd_drv__t1112                             5.5
vdd_drv__t784                              5.5
x2_n5__t451                            5.49999
out__t583                         -9.16109e-07
out__t337                         -9.21988e-07
x2_n5__t450                            5.49999
vdd_drv__t1111                             5.5
vdd_drv__t783                              5.5
x2_n5__t449                            5.49999
out__t582                         -9.27926e-07
out__t336                         -9.33887e-07
x2_n5__t448                            5.49999
vdd_drv__t1110                             5.5
vdd_drv__t782                              5.5
x2_n5__t447                            5.49999
out__t581                         -9.39839e-07
out__t335                         -9.45849e-07
x2_n5__t446                            5.49999
vdd_drv__t1109                             5.5
vdd_drv__t781                              5.5
x2_n5__t445                            5.49999
out__t580                         -9.51882e-07
out__t334                         -9.57939e-07
x2_n5__t444                            5.49999
vdd_drv__t1108                             5.5
vdd_drv__t780                              5.5
x2_n5__t443                            5.49999
out__t579                         -9.63986e-07
out__t333                         -9.70091e-07
x2_n5__t442                            5.49999
vdd_drv__t1107                             5.5
vdd_drv__t785                              5.5
x2_n5__t453                            5.49999
out__t584                         -9.76219e-07
out__t332                          -9.8237e-07
x2_n5__t440                            5.49999
vdd_drv__t1106                             5.5
vdd_drv__t778                              5.5
x2_n5__t439                            5.49999
out__t577                          -9.8851e-07
out__t331                         -9.94708e-07
x2_n5__t438                            5.49999
vdd_drv__t1105                             5.5
vdd_drv__t777                              5.5
x2_n5__t437                            5.49999
out__t576                         -1.00093e-06
out__t330                         -1.00714e-06
x2_n5__t436                            5.49999
vdd_drv__t1104                             5.5
vdd_drv__t776                              5.5
x2_n5__t435                            5.49999
out__t575                          -1.0134e-06
out__t329                         -1.01969e-06
x2_n5__t434                            5.49999
vdd_drv__t1103                             5.5
vdd_drv__t775                              5.5
x2_n5__t433                            5.49999
out__t574                         -1.02601e-06
out__t328                         -1.03231e-06
x2_n5__t432                            5.49999
vdd_drv__t1102                             5.5
vdd_drv__t774                              5.5
x2_n5__t431                            5.49999
out__t573                         -1.03866e-06
out__t327                         -1.04504e-06
x2_n5__t430                            5.49999
vdd_drv__t1101                             5.5
vdd_drv__t815                              5.5
x2_n5__t512                            5.49999
out__t614                         -1.05145e-06
out__t397                         -1.05783e-06
x2_n5__t571                            5.49999
vdd_drv__t1171                             5.5
vdd_drv__t844                              5.5
x2_n5__t570                            5.49999
out__t643                         -1.06428e-06
out__t396                         -1.07075e-06
x2_n5__t569                            5.49999
vdd_drv__t1170                             5.5
vdd_drv__t843                              5.5
x2_n5__t568                            5.49999
out__t642                         -1.07724e-06
out__t395                         -1.08372e-06
x2_n5__t567                            5.49999
vdd_drv__t1169                             5.5
vdd_drv__t842                              5.5
x2_n5__t566                            5.49999
out__t641                         -1.09025e-06
out__t394                         -1.09681e-06
x2_n5__t565                            5.49999
vdd_drv__t1168                             5.5
vdd_drv__t841                              5.5
x2_n5__t564                            5.49999
out__t640                         -1.10335e-06
out__t393                         -1.10995e-06
x2_n5__t563                            5.49999
vdd_drv__t1167                             5.5
vdd_drv__t840                              5.5
x2_n5__t562                            5.49999
out__t639                         -1.11657e-06
out__t392                         -1.12321e-06
x2_n5__t561                            5.49999
vdd_drv__t1166                             5.5
vdd_drv__t845                              5.5
x2_n5__t572                            5.49999
out__t644                         -1.12984e-06
out__t391                         -1.13652e-06
x2_n5__t559                            5.49999
vdd_drv__t1165                             5.5
vdd_drv__t838                              5.5
x2_n5__t558                            5.49999
out__t637                         -1.14323e-06
out__t390                         -1.14996e-06
x2_n5__t557                            5.49999
vdd_drv__t1164                             5.5
vdd_drv__t837                              5.5
x2_n5__t556                            5.49999
out__t636                         -1.15666e-06
out__t389                         -1.16343e-06
x2_n5__t555                            5.49999
vdd_drv__t1163                             5.5
vdd_drv__t836                              5.5
x2_n5__t554                            5.49999
out__t635                         -1.17022e-06
out__t388                         -1.17703e-06
x2_n5__t553                            5.49999
vdd_drv__t1162                             5.5
vdd_drv__t835                              5.5
x2_n5__t552                            5.49999
out__t634                         -1.18382e-06
out__t387                         -1.19068e-06
x2_n5__t551                            5.49999
vdd_drv__t1161                             5.5
vdd_drv__t834                              5.5
x2_n5__t550                            5.49999
out__t633                         -1.19755e-06
out__t386                          -1.2044e-06
x2_n5__t549                            5.49999
vdd_drv__t1160                             5.5
vdd_drv__t851                              5.5
x2_n5__t584                            5.49999
out__t650                         -1.21131e-06
out__t409                         -1.21825e-06
x2_n5__t595                            5.49999
vdd_drv__t1183                             5.5
vdd_drv__t856                              5.5
x2_n5__t594                            5.49999
out__t655                          -1.2252e-06
out__t408                         -1.23213e-06
x2_n5__t593                            5.49999
vdd_drv__t1182                             5.5
vdd_drv__t855                              5.5
x2_n5__t592                            5.49999
out__t654                         -1.23913e-06
out__t407                         -1.24614e-06
x2_n5__t591                            5.49999
vdd_drv__t1181                             5.5
vdd_drv__t854                              5.5
x2_n5__t590                            5.49999
out__t653                         -1.25318e-06
out__t406                         -1.26019e-06
x2_n5__t589                            5.49999
vdd_drv__t1180                             5.5
vdd_drv__t19                               5.5
x2_n5__t221                            5.49999
out__t220                         -1.26709e-06
out__t317                         -5.73912e-07
x2_n5__t412                            5.49998
vdd_drv__t1091                             5.5
vdd_drv__t765                              5.5
x2_n5__t411                            5.49998
out__t564                         -5.77863e-07
out__t347                         -5.81847e-07
x2_n5__t471                            5.49998
vdd_drv__t1121                             5.5
vdd_drv__t794                              5.5
x2_n5__t470                            5.49998
out__t593                         -5.85843e-07
out__t346                         -5.89892e-07
x2_n5__t469                            5.49998
vdd_drv__t1120                             5.5
vdd_drv__t793                              5.5
x2_n5__t468                            5.49998
out__t592                         -5.93974e-07
out__t345                         -5.98088e-07
x2_n5__t467                            5.49998
vdd_drv__t1119                             5.5
vdd_drv__t792                              5.5
x2_n5__t466                            5.49998
out__t591                         -6.02211e-07
out__t350                         -6.06389e-07
x2_n5__t477                            5.49998
vdd_drv__t1124                             5.5
vdd_drv__t791                              5.5
x2_n5__t464                            5.49998
out__t590                         -6.10599e-07
out__t343                         -6.14817e-07
x2_n5__t463                            5.49998
vdd_drv__t1117                             5.5
vdd_drv__t790                              5.5
x2_n5__t462                            5.49998
out__t589                          -6.1909e-07
out__t342                         -6.23394e-07
x2_n5__t461                            5.49998
vdd_drv__t1116                             5.5
vdd_drv__t789                              5.5
x2_n5__t460                            5.49998
out__t588                         -6.27707e-07
out__t341                         -6.32074e-07
x2_n5__t459                            5.49998
vdd_drv__t1115                             5.5
vdd_drv__t788                              5.5
x2_n5__t458                            5.49998
out__t587                         -6.36471e-07
out__t340                           -6.409e-07
x2_n5__t457                            5.49998
vdd_drv__t1114                             5.5
vdd_drv__t787                              5.5
x2_n5__t456                            5.49998
out__t586                         -6.45335e-07
out__t339                         -6.49826e-07
x2_n5__t455                            5.49998
vdd_drv__t1113                             5.5
vdd_drv__t786                              5.5
x2_n5__t454                            5.49998
out__t585                         -6.54346e-07
out__t356                         -6.58873e-07
x2_n5__t489                            5.49998
vdd_drv__t1130                             5.5
vdd_drv__t809                              5.5
x2_n5__t500                            5.49998
out__t608                         -6.63454e-07
out__t361                         -6.68065e-07
x2_n5__t499                            5.49998
vdd_drv__t1135                             5.5
vdd_drv__t808                              5.5
x2_n5__t498                            5.49998
out__t607                         -6.72707e-07
out__t360                         -6.77353e-07
x2_n5__t497                            5.49998
vdd_drv__t1134                             5.5
vdd_drv__t807                              5.5
x2_n5__t496                            5.49998
out__t606                         -6.82053e-07
out__t359                         -6.86785e-07
x2_n5__t495                            5.49998
vdd_drv__t1133                             5.5
vdd_drv__t806                              5.5
x2_n5__t494                            5.49998
out__t605                         -6.91519e-07
out__t358                         -6.96308e-07
x2_n5__t493                            5.49998
vdd_drv__t1132                             5.5
vdd_drv__t805                              5.5
x2_n5__t492                            5.49998
out__t604                         -7.01127e-07
out__t357                         -7.05948e-07
x2_n5__t491                            5.49998
vdd_drv__t1131                             5.5
vdd_drv__t804                              5.5
x2_n5__t490                            5.49998
out__t603                         -7.10825e-07
out__t362                          -7.1573e-07
x2_n5__t501                            5.49998
vdd_drv__t1136                             5.5
vdd_drv__t803                              5.5
x2_n5__t488                            5.49998
out__t602                         -7.20665e-07
out__t355                         -7.25601e-07
x2_n5__t487                            5.49998
vdd_drv__t1129                             5.5
vdd_drv__t802                              5.5
x2_n5__t486                            5.49998
out__t601                         -7.30592e-07
out__t354                         -7.35612e-07
x2_n5__t485                            5.49998
vdd_drv__t1128                             5.5
vdd_drv__t801                              5.5
x2_n5__t484                            5.49998
out__t600                         -7.40632e-07
out__t353                         -7.45708e-07
x2_n5__t483                            5.49998
vdd_drv__t1127                             5.5
vdd_drv__t800                              5.5
x2_n5__t482                            5.49998
out__t599                         -7.50812e-07
out__t352                         -7.55944e-07
x2_n5__t481                            5.49998
vdd_drv__t1126                             5.5
vdd_drv__t799                              5.5
x2_n5__t480                            5.49998
out__t598                         -7.61075e-07
out__t351                         -7.66263e-07
x2_n5__t479                            5.49998
vdd_drv__t1125                             5.5
vdd_drv__t798                              5.5
x2_n5__t478                            5.49998
out__t597                         -7.71478e-07
out__t344                         -7.76691e-07
x2_n5__t465                            5.49998
vdd_drv__t1118                             5.5
vdd_drv__t773                              5.5
x2_n5__t428                            5.49998
out__t572                          -7.8196e-07
out__t325                         -7.87257e-07
x2_n5__t427                            5.49998
vdd_drv__t1099                             5.5
vdd_drv__t772                              5.5
x2_n5__t426                            5.49998
out__t571                          -7.9258e-07
out__t324                         -7.97901e-07
x2_n5__t425                            5.49998
vdd_drv__t1098                             5.5
vdd_drv__t771                              5.5
x2_n5__t424                            5.49998
out__t570                         -8.03278e-07
out__t323                         -8.08682e-07
x2_n5__t423                            5.49998
vdd_drv__t1097                             5.5
vdd_drv__t770                              5.5
x2_n5__t422                            5.49999
out__t569                         -8.14112e-07
out__t322                         -8.19539e-07
x2_n5__t421                            5.49999
vdd_drv__t1096                             5.5
vdd_drv__t769                              5.5
x2_n5__t420                            5.49999
out__t568                         -8.25022e-07
out__t321                         -8.30531e-07
x2_n5__t419                            5.49999
vdd_drv__t1095                             5.5
vdd_drv__t768                              5.5
x2_n5__t418                            5.49999
out__t567                         -8.36036e-07
out__t326                         -8.41597e-07
x2_n5__t429                            5.49999
vdd_drv__t1100                             5.5
vdd_drv__t767                              5.5
x2_n5__t416                            5.49999
out__t566                         -8.47184e-07
out__t319                         -8.52797e-07
x2_n5__t415                            5.49999
vdd_drv__t1093                             5.5
vdd_drv__t766                              5.5
x2_n5__t414                            5.49999
out__t565                         -8.58404e-07
out__t318                         -8.64068e-07
x2_n5__t413                            5.49999
vdd_drv__t1092                             5.5
vdd_drv__t796                              5.5
x2_n5__t474                            5.49998
out__t595                         -5.70014e-07
out__t405                         -3.94607e-07
x2_n5__t587                            5.49999
vdd_drv__t1179                             5.5
vdd_drv__t677                              5.5
x2_n5__t231                            5.49999
out__t476                         -3.96237e-07
out__t224                         -3.97913e-07
x2_n5__t230                            5.49999
vdd_drv__t997                              5.5
vdd_drv__t683                              5.5
x2_n5__t242                            5.49999
out__t482                         -3.99619e-07
out__t299                         -4.01371e-07
x2_n5__t379                            5.49999
vdd_drv__t1073                             5.5
vdd_drv__t707                              5.5
x2_n5__t288                            5.49999
out__t506                         -4.03162e-07
out__t251                         -4.04981e-07
x2_n5__t287                            5.49999
vdd_drv__t1024                             5.5
vdd_drv__t706                              5.5
x2_n5__t286                            5.49999
out__t505                         -4.06848e-07
out__t250                         -4.08743e-07
x2_n5__t285                            5.49999
vdd_drv__t1023                             5.5
vdd_drv__t705                              5.5
x2_n5__t284                            5.49999
out__t504                         -4.10686e-07
out__t249                         -4.12667e-07
x2_n5__t283                            5.49999
vdd_drv__t1022                             5.5
vdd_drv__t704                              5.5
x2_n5__t282                            5.49999
out__t503                         -4.14676e-07
out__t248                         -4.16733e-07
x2_n5__t281                            5.49999
vdd_drv__t1021                             5.5
vdd_drv__t703                              5.5
x2_n5__t280                            5.49999
out__t502                         -4.18816e-07
out__t247                         -4.20949e-07
x2_n5__t279                            5.49999
vdd_drv__t1020                             5.5
vdd_drv__t702                              5.5
x2_n5__t278                            5.49999
out__t501                          -4.2312e-07
out__t252                         -4.25316e-07
x2_n5__t289                            5.49999
vdd_drv__t1025                             5.5
vdd_drv__t700                              5.5
x2_n5__t276                            5.49999
out__t499                         -4.27562e-07
out__t246                         -4.29846e-07
x2_n5__t275                            5.49999
vdd_drv__t1019                             5.5
vdd_drv__t699                              5.5
x2_n5__t274                            5.49999
out__t498                         -4.32156e-07
out__t245                         -4.34514e-07
x2_n5__t273                            5.49998
vdd_drv__t1018                             5.5
vdd_drv__t698                              5.5
x2_n5__t272                            5.49998
out__t497                         -4.36911e-07
out__t244                         -4.39332e-07
x2_n5__t271                            5.49998
vdd_drv__t1017                             5.5
vdd_drv__t697                              5.5
x2_n5__t270                            5.49998
out__t496                         -4.41804e-07
out__t243                         -4.44299e-07
x2_n5__t269                            5.49998
vdd_drv__t1016                             5.5
vdd_drv__t696                              5.5
x2_n5__t268                            5.49998
out__t495                         -4.46845e-07
out__t242                         -4.49428e-07
x2_n5__t267                            5.49998
vdd_drv__t1015                             5.5
vdd_drv__t712                              5.5
x2_n5__t301                            5.49998
out__t511                         -4.52034e-07
out__t265                         -4.54691e-07
x2_n5__t312                            5.49998
vdd_drv__t1038                             5.5
vdd_drv__t717                              5.5
x2_n5__t311                            5.49998
out__t516                         -4.57385e-07
out__t264                         -4.60101e-07
x2_n5__t310                            5.49998
vdd_drv__t1037                             5.5
vdd_drv__t716                              5.5
x2_n5__t309                            5.49998
out__t515                         -4.62868e-07
out__t263                         -4.65673e-07
x2_n5__t308                            5.49998
vdd_drv__t1036                             5.5
vdd_drv__t715                              5.5
x2_n5__t307                            5.49998
out__t514                         -4.68498e-07
out__t262                         -4.71375e-07
x2_n5__t306                            5.49998
vdd_drv__t1035                             5.5
vdd_drv__t714                              5.5
x2_n5__t305                            5.49998
out__t513                         -4.74288e-07
out__t261                         -4.77222e-07
x2_n5__t304                            5.49998
vdd_drv__t1034                             5.5
vdd_drv__t713                              5.5
x2_n5__t303                            5.49998
out__t512                         -4.80208e-07
out__t260                          -4.8323e-07
x2_n5__t302                            5.49998
vdd_drv__t1033                             5.5
vdd_drv__t718                              5.5
x2_n5__t313                            5.49998
out__t517                         -4.86271e-07
out__t259                         -4.89365e-07
x2_n5__t300                            5.49998
vdd_drv__t1032                             5.5
vdd_drv__t711                              5.5
x2_n5__t299                            5.49998
out__t510                         -4.92494e-07
out__t258                         -4.95642e-07
x2_n5__t298                            5.49998
vdd_drv__t1031                             5.5
vdd_drv__t710                              5.5
x2_n5__t297                            5.49998
out__t509                         -4.98843e-07
out__t257                         -5.02078e-07
x2_n5__t296                            5.49998
vdd_drv__t1030                             5.5
vdd_drv__t709                              5.5
x2_n5__t295                            5.49998
out__t508                         -5.05332e-07
out__t256                         -5.08638e-07
x2_n5__t294                            5.49998
vdd_drv__t1029                             5.5
vdd_drv__t708                              5.5
x2_n5__t293                            5.49998
out__t507                          -5.1198e-07
out__t255                         -5.15338e-07
x2_n5__t292                            5.49998
vdd_drv__t1028                             5.5
vdd_drv__t701                              5.5
x2_n5__t277                            5.49998
out__t500                         -5.18749e-07
out__t253                         -5.22194e-07
x2_n5__t290                            5.49998
vdd_drv__t1026                             5.5
vdd_drv__t695                              5.5
x2_n5__t264                            5.49998
out__t494                         -5.25657e-07
out__t229                         -5.29171e-07
x2_n5__t241                            5.49998
vdd_drv__t1002                             5.5
vdd_drv__t682                              5.5
x2_n5__t240                            5.49998
out__t481                          -5.3272e-07
out__t228                         -5.36284e-07
x2_n5__t239                            5.49998
vdd_drv__t1001                             5.5
vdd_drv__t681                              5.5
x2_n5__t238                            5.49998
out__t480                         -5.39902e-07
out__t227                         -5.43553e-07
x2_n5__t237                            5.49998
vdd_drv__t1000                             5.5
vdd_drv__t680                              5.5
x2_n5__t236                            5.49998
out__t479                         -5.47239e-07
out__t226                         -5.50938e-07
x2_n5__t235                            5.49998
vdd_drv__t999                              5.5
vdd_drv__t679                              5.5
x2_n5__t234                            5.49998
out__t478                          -5.5469e-07
out__t225                         -5.58477e-07
x2_n5__t233                            5.49998
vdd_drv__t998                              5.5
vdd_drv__t678                              5.5
x2_n5__t232                            5.49998
out__t477                         -5.62276e-07
out__t348                         -5.66128e-07
x2_n5__t473                            5.49998
vdd_drv__t1122                             5.5
vdd_drv__t822                              5.5
x2_n5__t526                            5.49999
out__t621                         -3.62068e-07
out__t320                           -3.617e-07
x2_n5__t417                            5.49999
vdd_drv__t1094                             5.5
vdd_drv__t852                              5.5
x2_n5__t586                            5.49999
out__t651                         -3.61353e-07
out__t404                         -3.61028e-07
x2_n5__t585                            5.49999
vdd_drv__t1178                             5.5
vdd_drv__t857                              5.5
x2_n5__t596                            5.49999
out__t656                         -3.60726e-07
out__t403                         -3.60446e-07
x2_n5__t583                            5.49999
vdd_drv__t1177                             5.5
vdd_drv__t850                              5.5
x2_n5__t582                            5.49999
out__t649                          -3.6019e-07
out__t402                         -3.59958e-07
x2_n5__t581                            5.49999
vdd_drv__t1176                             5.5
vdd_drv__t849                              5.5
x2_n5__t580                            5.49999
out__t648                         -3.59751e-07
out__t401                         -3.59569e-07
x2_n5__t579                            5.49999
vdd_drv__t1175                             5.5
vdd_drv__t848                              5.5
x2_n5__t578                            5.49999
out__t647                         -3.59413e-07
out__t400                         -3.59284e-07
x2_n5__t577                            5.49999
vdd_drv__t1174                             5.5
vdd_drv__t847                              5.5
x2_n5__t576                            5.49999
out__t646                         -3.59182e-07
out__t399                         -3.59108e-07
x2_n5__t575                            5.49999
vdd_drv__t1173                             5.5
vdd_drv__t846                              5.5
x2_n5__t574                            5.49999
out__t645                         -3.59061e-07
out__t398                         -3.59043e-07
x2_n5__t573                            5.49999
vdd_drv__t1172                             5.5
vdd_drv__t839                              5.5
x2_n5__t560                            5.49999
out__t638                         -3.59056e-07
out__t373                         -3.59096e-07
x2_n5__t523                            5.49999
vdd_drv__t1147                             5.5
vdd_drv__t820                              5.5
x2_n5__t522                            5.49999
out__t619                         -3.59166e-07
out__t372                         -3.59267e-07
x2_n5__t521                            5.49999
vdd_drv__t1146                             5.5
vdd_drv__t819                              5.5
x2_n5__t520                            5.49999
out__t618                           -3.594e-07
out__t371                         -3.59563e-07
x2_n5__t519                            5.49999
vdd_drv__t1145                             5.5
vdd_drv__t818                              5.5
x2_n5__t518                            5.49999
out__t617                         -3.59756e-07
out__t370                         -3.59982e-07
x2_n5__t517                            5.49999
vdd_drv__t1144                             5.5
vdd_drv__t817                              5.5
x2_n5__t516                            5.49999
out__t616                         -3.60242e-07
out__t369                         -3.60532e-07
x2_n5__t515                            5.49999
vdd_drv__t1143                             5.5
vdd_drv__t816                              5.5
x2_n5__t514                            5.49999
out__t615                         -3.60855e-07
out__t368                         -3.61214e-07
x2_n5__t513                            5.49999
vdd_drv__t1142                             5.5
vdd_drv__t821                              5.5
x2_n5__t524                            5.49999
out__t620                         -3.61603e-07
out__t367                         -3.62026e-07
x2_n5__t511                            5.49999
vdd_drv__t1141                             5.5
vdd_drv__t814                              5.5
x2_n5__t510                            5.49999
out__t613                         -3.62486e-07
out__t366                         -3.62977e-07
x2_n5__t509                            5.49999
vdd_drv__t1140                             5.5
vdd_drv__t813                              5.5
x2_n5__t508                            5.49999
out__t612                         -3.63506e-07
out__t365                         -3.64067e-07
x2_n5__t507                            5.49999
vdd_drv__t1139                             5.5
vdd_drv__t812                              5.5
x2_n5__t506                            5.49999
out__t611                         -3.64666e-07
out__t364                         -3.65296e-07
x2_n5__t505                            5.49999
vdd_drv__t1138                             5.5
vdd_drv__t811                              5.5
x2_n5__t504                            5.49999
out__t610                         -3.65962e-07
out__t363                         -3.66667e-07
x2_n5__t503                            5.49999
vdd_drv__t1137                             5.5
vdd_drv__t810                              5.5
x2_n5__t502                            5.49999
out__t609                         -3.67404e-07
out__t379                         -3.68182e-07
x2_n5__t536                            5.49999
vdd_drv__t1153                             5.5
vdd_drv__t833                              5.5
x2_n5__t547                            5.49999
out__t632                          -3.6899e-07
out__t384                         -3.69841e-07
x2_n5__t546                            5.49999
vdd_drv__t1158                             5.5
vdd_drv__t832                              5.5
x2_n5__t545                            5.49999
out__t631                         -3.70722e-07
out__t383                         -3.71646e-07
x2_n5__t544                            5.49999
vdd_drv__t1157                             5.5
vdd_drv__t831                              5.5
x2_n5__t543                            5.49999
out__t630                           -3.726e-07
out__t382                         -3.73598e-07
x2_n5__t542                            5.49999
vdd_drv__t1156                             5.5
vdd_drv__t830                              5.5
x2_n5__t541                            5.49999
out__t629                         -3.74626e-07
out__t381                         -3.75697e-07
x2_n5__t540                            5.49999
vdd_drv__t1155                             5.5
vdd_drv__t829                              5.5
x2_n5__t539                            5.49999
out__t628                           -3.768e-07
out__t380                         -3.77946e-07
x2_n5__t538                            5.49999
vdd_drv__t1154                             5.5
vdd_drv__t828                              5.5
x2_n5__t537                            5.49999
out__t627                         -3.79123e-07
out__t385                         -3.80345e-07
x2_n5__t548                            5.49999
vdd_drv__t1159                             5.5
vdd_drv__t827                              5.5
x2_n5__t535                            5.49999
out__t626                         -3.81596e-07
out__t378                         -3.82893e-07
x2_n5__t534                            5.49999
vdd_drv__t1152                             5.5
vdd_drv__t826                              5.5
x2_n5__t533                            5.49999
out__t625                         -3.84228e-07
out__t377                         -3.85592e-07
x2_n5__t532                            5.49999
vdd_drv__t1151                             5.5
vdd_drv__t825                              5.5
x2_n5__t531                            5.49999
out__t624                         -3.87003e-07
out__t376                         -3.88443e-07
x2_n5__t530                            5.49999
vdd_drv__t1150                             5.5
vdd_drv__t824                              5.5
x2_n5__t529                            5.49999
out__t623                         -3.89929e-07
out__t375                         -3.91445e-07
x2_n5__t528                            5.49999
vdd_drv__t1149                             5.5
vdd_drv__t823                              5.5
x2_n5__t527                            5.49999
out__t622                         -3.93007e-07
out__t349                         -3.62456e-07
x2_n5__t476                            5.49999
vdd_drv__t1123                             5.5
vdd_drv__t674                              5.5
x2_n5__t226                                5.5
out__t473                         -4.03473e-07
out__t277                         -4.01318e-07
x2_n5__t337                                5.5
vdd_drv__t1051                             5.5
vdd_drv__t757                              5.5
x2_n5__t396                                5.5
out__t556                         -3.99289e-07
out__t309                         -3.97392e-07
x2_n5__t395                                5.5
vdd_drv__t1083                             5.5
vdd_drv__t763                              5.5
x2_n5__t406                                5.5
out__t562                         -3.95619e-07
out__t307                         -3.93966e-07
x2_n5__t393                                5.5
vdd_drv__t1081                             5.5
vdd_drv__t756                              5.5
x2_n5__t392                                5.5
out__t555                         -3.92438e-07
out__t306                         -3.91025e-07
x2_n5__t391                                5.5
vdd_drv__t1080                             5.5
vdd_drv__t752                              5.5
x2_n5__t383                                5.5
out__t551                          -3.8973e-07
out__t294                         -3.88545e-07
x2_n5__t370                                5.5
vdd_drv__t1068                             5.5
vdd_drv__t730                              5.5
x2_n5__t335                                5.5
out__t529                          -3.8747e-07
out__t275                         -3.86502e-07
x2_n5__t334                                5.5
vdd_drv__t1048                             5.5
vdd_drv__t729                              5.5
x2_n5__t333                                5.5
out__t528                         -3.85637e-07
out__t274                         -3.84872e-07
x2_n5__t332                                5.5
vdd_drv__t1047                             5.5
vdd_drv__t728                              5.5
x2_n5__t331                                5.5
out__t527                         -3.84205e-07
out__t273                         -3.83631e-07
x2_n5__t330                                5.5
vdd_drv__t1046                             5.5
vdd_drv__t727                              5.5
x2_n5__t329                                5.5
out__t526                         -3.83147e-07
out__t272                         -3.82747e-07
x2_n5__t328                                5.5
vdd_drv__t1045                             5.5
vdd_drv__t726                              5.5
x2_n5__t327                                5.5
out__t525                         -3.82426e-07
out__t271                         -3.82178e-07
x2_n5__t326                                5.5
vdd_drv__t1044                             5.5
vdd_drv__t725                              5.5
x2_n5__t325                                5.5
out__t524                         -3.81993e-07
out__t276                         -3.81861e-07
x2_n5__t336                                5.5
vdd_drv__t1049                             5.5
vdd_drv__t723                              5.5
x2_n5__t323                                5.5
out__t522                         -3.81765e-07
out__t270                         -3.81689e-07
x2_n5__t322                                5.5
vdd_drv__t1043                             5.5
vdd_drv__t722                              5.5
x2_n5__t321                                5.5
out__t521                         -3.81605e-07
out__t269                         -3.81493e-07
x2_n5__t320                                5.5
vdd_drv__t1042                             5.5
vdd_drv__t721                              5.5
x2_n5__t319                                5.5
out__t520                         -3.81332e-07
out__t268                         -3.81112e-07
x2_n5__t318                                5.5
vdd_drv__t1041                             5.5
vdd_drv__t720                              5.5
x2_n5__t317                                5.5
out__t519                         -3.80835e-07
out__t267                         -3.80503e-07
x2_n5__t316                                5.5
vdd_drv__t1040                             5.5
vdd_drv__t719                              5.5
x2_n5__t315                                5.5
out__t518                         -3.80124e-07
out__t266                         -3.79706e-07
x2_n5__t314                                5.5
vdd_drv__t1039                             5.5
vdd_drv__t735                              5.5
x2_n5__t347                                5.5
out__t534                         -3.79255e-07
out__t288                         -3.78774e-07
x2_n5__t358                                5.5
vdd_drv__t1062                             5.5
vdd_drv__t740                              5.5
x2_n5__t357                                5.5
out__t539                          -3.7827e-07
out__t287                         -3.77745e-07
x2_n5__t356                                5.5
vdd_drv__t1061                             5.5
vdd_drv__t739                              5.5
x2_n5__t355                                5.5
out__t538                         -3.77205e-07
out__t286                          -3.7665e-07
x2_n5__t354                                5.5
vdd_drv__t1060                             5.5
vdd_drv__t738                              5.5
x2_n5__t353                                5.5
out__t537                         -3.76082e-07
out__t285                         -3.75505e-07
x2_n5__t352                                5.5
vdd_drv__t1059                             5.5
vdd_drv__t737                              5.5
x2_n5__t351                                5.5
out__t536                          -3.7492e-07
out__t284                         -3.74328e-07
x2_n5__t350                                5.5
vdd_drv__t1058                             5.5
vdd_drv__t736                              5.5
x2_n5__t349                                5.5
out__t535                         -3.73731e-07
out__t283                          -3.7313e-07
x2_n5__t348                                5.5
vdd_drv__t1057                             5.5
vdd_drv__t741                              5.5
x2_n5__t359                                5.5
out__t540                         -3.72529e-07
out__t282                         -3.71929e-07
x2_n5__t346                                5.5
vdd_drv__t1056                             5.5
vdd_drv__t734                              5.5
x2_n5__t345                                5.5
out__t533                         -3.71329e-07
out__t281                         -3.70732e-07
x2_n5__t344                                5.5
vdd_drv__t1055                             5.5
vdd_drv__t901                              5.5
x2_n5__t667                                5.5
out__t694                         -3.70138e-07
out__t280                         -3.69551e-07
x2_n5__t343                                5.5
vdd_drv__t1054                             5.5
vdd_drv__t733                              5.5
x2_n5__t342                                5.5
out__t532                         -3.68969e-07
out__t279                         -3.68396e-07
x2_n5__t341                                5.5
vdd_drv__t1053                             5.5
vdd_drv__t732                              5.5
x2_n5__t340                                5.5
out__t531                         -3.67829e-07
out__t278                         -3.67274e-07
x2_n5__t339                                5.5
vdd_drv__t1052                             5.5
vdd_drv__t731                              5.5
x2_n5__t338                                5.5
out__t530                         -3.66728e-07
out__t305                         -3.66194e-07
x2_n5__t390                                5.5
vdd_drv__t1079                             5.5
vdd_drv__t755                              5.5
x2_n5__t389                            5.49999
out__t554                         -3.65672e-07
out__t304                         -3.65165e-07
x2_n5__t388                            5.49999
vdd_drv__t1078                             5.5
vdd_drv__t754                              5.5
x2_n5__t387                            5.49999
out__t553                         -3.64672e-07
out__t303                         -3.64195e-07
x2_n5__t386                            5.49999
vdd_drv__t1077                             5.5
vdd_drv__t753                              5.5
x2_n5__t385                            5.49999
out__t552                         -3.63734e-07
out__t302                          -3.6329e-07
x2_n5__t384                            5.49999
vdd_drv__t1076                             5.5
vdd_drv__t797                              5.5
x2_n5__t475                            5.49999
out__t596                         -3.62864e-07
out__t308                         -3.97833e-07
x2_n5__t394                                5.5
vdd_drv__t1082                             5.5
vdd_drv__t762                              5.5
x2_n5__t405                                5.5
out__t561                         -3.97902e-07
out__t313                         -3.97996e-07
x2_n5__t404                                5.5
vdd_drv__t1087                             5.5
vdd_drv__t761                              5.5
x2_n5__t403                                5.5
out__t560                         -3.98127e-07
out__t312                         -3.98282e-07
x2_n5__t402                                5.5
vdd_drv__t1086                             5.5
vdd_drv__t760                              5.5
x2_n5__t401                                5.5
out__t559                         -3.98474e-07
out__t311                         -3.98688e-07
x2_n5__t400                                5.5
vdd_drv__t1085                             5.5
vdd_drv__t759                              5.5
x2_n5__t399                                5.5
out__t558                         -3.98937e-07
out__t235                         -3.99206e-07
x2_n5__t254                                5.5
vdd_drv__t1008                             5.5
vdd_drv__t694                              5.5
x2_n5__t263                                5.5
out__t493                         -3.99509e-07
out__t239                         -3.99832e-07
x2_n5__t262                                5.5
vdd_drv__t1012                             5.5
vdd_drv__t693                              5.5
x2_n5__t261                                5.5
out__t492                         -4.00186e-07
out__t238                         -4.00557e-07
x2_n5__t260                                5.5
vdd_drv__t1011                             5.5
vdd_drv__t692                              5.5
x2_n5__t259                                5.5
out__t491                         -4.00959e-07
out__t237                         -4.01383e-07
x2_n5__t258                                5.5
vdd_drv__t1010                             5.5
vdd_drv__t691                              5.5
x2_n5__t257                                5.5
out__t490                         -4.01821e-07
out__t236                         -4.02287e-07
x2_n5__t256                                5.5
vdd_drv__t1009                             5.5
vdd_drv__t690                              5.5
x2_n5__t255                                5.5
out__t489                         -4.02765e-07
out__t241                         -4.03269e-07
x2_n5__t266                                5.5
vdd_drv__t1014                             5.5
vdd_drv__t689                              5.5
x2_n5__t253                                5.5
out__t488                         -4.03789e-07
out__t234                          -4.0432e-07
x2_n5__t252                                5.5
vdd_drv__t1007                             5.5
vdd_drv__t688                              5.5
x2_n5__t251                                5.5
out__t487                         -4.04872e-07
out__t233                         -4.05438e-07
x2_n5__t250                                5.5
vdd_drv__t1006                             5.5
vdd_drv__t687                              5.5
x2_n5__t249                                5.5
out__t486                         -4.06009e-07
out__t232                         -4.06599e-07
x2_n5__t248                                5.5
vdd_drv__t1005                             5.5
vdd_drv__t686                              5.5
x2_n5__t247                                5.5
out__t485                           -4.072e-07
out__t231                         -4.07801e-07
x2_n5__t246                                5.5
vdd_drv__t1004                             5.5
vdd_drv__t685                              5.5
x2_n5__t245                                5.5
out__t484                         -4.08418e-07
out__t230                         -4.09041e-07
x2_n5__t244                                5.5
vdd_drv__t1003                             5.5
vdd_drv__t684                              5.5
x2_n5__t243                                5.5
out__t483                         -4.09669e-07
out__t254                         -4.10292e-07
x2_n5__t291                                5.5
vdd_drv__t1027                             5.5
vdd_drv__t751                              5.5
x2_n5__t381                                5.5
out__t550                         -4.10925e-07
out__t300                         -4.11558e-07
x2_n5__t380                                5.5
vdd_drv__t1074                             5.5
vdd_drv__t724                              5.5
x2_n5__t324                                5.5
out__t523                         -4.12189e-07
out__t298                         -4.12818e-07
x2_n5__t378                                5.5
vdd_drv__t1072                             5.5
vdd_drv__t750                              5.5
x2_n5__t377                                5.5
out__t549                         -4.13441e-07
out__t297                         -4.14058e-07
x2_n5__t376                                5.5
vdd_drv__t1071                             5.5
vdd_drv__t749                              5.5
x2_n5__t375                                5.5
out__t548                         -4.14658e-07
out__t296                         -4.15257e-07
x2_n5__t374                                5.5
vdd_drv__t1070                             5.5
vdd_drv__t748                              5.5
x2_n5__t373                                5.5
out__t547                         -4.15843e-07
out__t295                         -4.16424e-07
x2_n5__t372                                5.5
vdd_drv__t1069                             5.5
vdd_drv__t747                              5.5
x2_n5__t371                                5.5
out__t546                         -4.16979e-07
out__t301                         -4.17517e-07
x2_n5__t382                                5.5
vdd_drv__t1075                             5.5
vdd_drv__t746                              5.5
x2_n5__t369                                5.5
out__t545                         -4.18033e-07
out__t293                         -4.18525e-07
x2_n5__t368                                5.5
vdd_drv__t1067                             5.5
vdd_drv__t745                              5.5
x2_n5__t367                                5.5
out__t544                         -4.18991e-07
out__t292                         -4.19437e-07
x2_n5__t366                                5.5
vdd_drv__t1066                             5.5
vdd_drv__t744                              5.5
x2_n5__t365                                5.5
out__t543                          -4.1984e-07
out__t291                         -4.20204e-07
x2_n5__t364                                5.5
vdd_drv__t1065                             5.5
vdd_drv__t743                              5.5
x2_n5__t363                                5.5
out__t542                         -4.20532e-07
out__t290                         -4.20793e-07
x2_n5__t362                                5.5
vdd_drv__t1064                             5.5
vdd_drv__t742                              5.5
x2_n5__t361                                5.5
out__t541                         -4.20987e-07
out__t289                         -4.21059e-07
x2_n5__t360                                5.5
vdd_drv__t1063                             5.5
vdd_drv__t758                              5.5
x2_n5__t398                                5.5
out__t557                          -4.2088e-07
out__t310                         -4.20139e-07
x2_n5__t397                                5.5
vdd_drv__t1084                             5.5
vdd_drv__t673                              5.5
x2_n5__t225                                5.5
out__t472                         -4.18392e-07
out__t222                         -4.15938e-07
x2_n5__t224                                5.5
vdd_drv__t995                              5.5
vdd_drv__t672                              5.5
x2_n5__t223                                5.5
out__t471                         -4.13307e-07
out__t221                         -4.10689e-07
x2_n5__t222                                5.5
vdd_drv__t994                              5.5
vdd_drv__t676                              5.5
x2_n5__t229                                5.5
out__t475                          -4.0816e-07
out__t240                         -4.05755e-07
x2_n5__t265                                5.5
vdd_drv__t1013                             5.5
vdd_drv__t675                              5.5
x2_n5__t228                                5.5
out__t474                         -3.97804e-07
out__t374                         -4.76664e-07
x2_n5__t525                            5.49999
vdd_drv__t1148                             5.5
vdd_drv__t962                              5.5
x2_n5__t681                            5.49999
out__t700                         -4.74059e-07
out__t450                         -4.71514e-07
x2_n5__t680                            5.49999
vdd_drv__t1286                             5.5
vdd_drv__t961                              5.5
x2_n5__t679                            5.49999
out__t699                         -4.68998e-07
out__t449                         -4.66525e-07
x2_n5__t678                            5.49999
vdd_drv__t1285                             5.5
vdd_drv__t968                              5.5
x2_n5__t691                            5.49999
out__t705                         -4.64112e-07
out__t465                         -4.61727e-07
x2_n5__t710                            5.49999
vdd_drv__t1310                             5.5
vdd_drv__t989                              5.5
x2_n5__t717                            5.49999
out__t717                         -4.59387e-07
out__t451                         -4.57106e-07
x2_n5__t683                            5.49999
vdd_drv__t1287                             5.5
vdd_drv__t963                              5.5
x2_n5__t682                            5.49999
out__t701                         -4.54854e-07
out__t466                         -4.52647e-07
x2_n5__t711                            5.49999
vdd_drv__t1311                             5.5
vdd_drv__t986                              5.5
x2_n5__t712                            5.49999
out__t715                         -4.50498e-07
out__t467                          -4.4838e-07
x2_n5__t713                            5.49999
vdd_drv__t1312                             5.5
vdd_drv__t987                              5.5
x2_n5__t714                            5.49999
out__t716                         -4.46306e-07
out__t468                         -4.44291e-07
x2_n5__t715                            5.49999
vdd_drv__t1313                             5.5
vdd_drv__t993                              5.5
x2_n5__t719                            5.49999
out__t719                         -4.42306e-07
out__t469                         -4.40365e-07
x2_n5__t716                            5.49999
vdd_drv__t1314                             5.5
vdd_drv__t893                              5.5
x2_n5__t657                            5.49999
out__t689                         -4.38483e-07
out__t438                         -4.36632e-07
x2_n5__t658                            5.49999
vdd_drv__t1213                             5.5
vdd_drv__t894                              5.5
x2_n5__t659                            5.49999
out__t690                         -4.34825e-07
out__t435                         -4.33076e-07
x2_n5__t651                            5.49999
vdd_drv__t1210                             5.5
vdd_drv__t877                              5.5
x2_n5__t627                            5.49999
out__t673                         -4.31358e-07
out__t425                         -4.29685e-07
x2_n5__t631                            5.49999
vdd_drv__t1200                             5.5
vdd_drv__t880                              5.5
x2_n5__t632                            5.49999
out__t676                         -4.28068e-07
out__t426                         -4.26484e-07
x2_n5__t633                            5.49999
vdd_drv__t1201                             5.5
vdd_drv__t885                              5.5
x2_n5__t643                            5.49999
out__t681                         -4.24955e-07
out__t428                         -4.23459e-07
x2_n5__t635                            5.49999
vdd_drv__t1203                             5.5
vdd_drv__t881                              5.5
x2_n5__t636                            5.49999
out__t677                         -4.22007e-07
out__t429                         -4.20611e-07
x2_n5__t637                            5.49999
vdd_drv__t1204                             5.5
vdd_drv__t882                              5.5
x2_n5__t638                            5.49999
out__t678                         -4.19247e-07
out__t452                         -4.17927e-07
x2_n5__t684                            5.49999
vdd_drv__t1288                             5.5
vdd_drv__t874                              5.5
x2_n5__t622                            5.49999
out__t671                         -4.16662e-07
out__t421                          -4.1543e-07
x2_n5__t623                            5.49999
vdd_drv__t1196                             5.5
vdd_drv__t876                              5.5
x2_n5__t624                            5.49999
out__t672                         -4.14241e-07
out__t422                         -4.13106e-07
x2_n5__t625                            5.49999
vdd_drv__t1197                             5.5
vdd_drv__t871                              5.5
x2_n5__t621                            5.49999
out__t670                         -4.12004e-07
out__t410                         -4.10955e-07
x2_n5__t597                            5.49999
vdd_drv__t1184                             5.5
vdd_drv__t858                              5.5
x2_n5__t598                            5.49999
out__t657                         -4.09938e-07
out__t411                         -4.08965e-07
x2_n5__t599                            5.49999
vdd_drv__t1185                             5.5
vdd_drv__t859                              5.5
x2_n5__t600                            5.49999
out__t658                         -4.08044e-07
out__t412                         -4.07155e-07
x2_n5__t601                            5.49999
vdd_drv__t1186                             5.5
vdd_drv__t860                              5.5
x2_n5__t602                            5.49999
out__t659                         -4.06308e-07
out__t413                         -4.05513e-07
x2_n5__t603                            5.49999
vdd_drv__t1187                             5.5
vdd_drv__t866                              5.5
x2_n5__t613                            5.49999
out__t665                          -4.0475e-07
out__t414                         -4.04037e-07
x2_n5__t605                            5.49999
vdd_drv__t1188                             5.5
vdd_drv__t862                              5.5
x2_n5__t606                            5.49999
out__t661                         -4.03357e-07
out__t415                         -4.02717e-07
x2_n5__t607                            5.49999
vdd_drv__t1189                             5.5
vdd_drv__t863                              5.5
x2_n5__t608                            5.49999
out__t662                         -4.02127e-07
out__t416                         -4.01567e-07
x2_n5__t609                            5.49999
vdd_drv__t1190                             5.5
vdd_drv__t864                              5.5
x2_n5__t610                            5.49999
out__t663                         -4.01057e-07
out__t417                         -4.00577e-07
x2_n5__t611                            5.49999
vdd_drv__t1191                             5.5
vdd_drv__t865                              5.5
x2_n5__t612                            5.49999
out__t664                         -4.00136e-07
out__t427                         -3.99744e-07
x2_n5__t634                            5.49999
vdd_drv__t1202                             5.5
vdd_drv__t888                              5.5
x2_n5__t648                            5.49999
out__t684                          -3.9938e-07
out__t434                         -3.99064e-07
x2_n5__t649                            5.49999
vdd_drv__t1209                             5.5
vdd_drv__t889                              5.5
x2_n5__t650                            5.49999
out__t685                         -3.98776e-07
out__t439                         -3.98534e-07
x2_n5__t660                                5.5
vdd_drv__t1214                             5.5
vdd_drv__t890                              5.5
x2_n5__t652                                5.5
out__t686                          -3.9832e-07
out__t436                         -3.98142e-07
x2_n5__t653                                5.5
vdd_drv__t1211                             5.5
vdd_drv__t891                              5.5
x2_n5__t654                                5.5
out__t687                         -3.98009e-07
out__t437                         -3.97902e-07
x2_n5__t655                                5.5
vdd_drv__t1212                             5.5
vdd_drv__t892                              5.5
x2_n5__t656                                5.5
out__t688                         -3.97838e-07
out__t223                         -3.97801e-07
x2_n5__t227                                5.5
vdd_drv__t996                              5.5
vdd_drv__t900                              5.5
x2_n5__t666                            5.49998
out__t693                         -7.13126e-07
out__t442                         -7.08102e-07
x2_n5__t665                            5.49998
vdd_drv__t1221                             5.5
vdd_drv__t899                              5.5
x2_n5__t664                            5.49998
out__t692                         -7.03139e-07
out__t441                         -6.98184e-07
x2_n5__t663                            5.49998
vdd_drv__t1220                             5.5
vdd_drv__t898                              5.5
x2_n5__t662                            5.49998
out__t691                         -6.93264e-07
out__t443                         -6.88379e-07
x2_n5__t668                            5.49998
vdd_drv__t1223                             5.5
vdd_drv__t879                              5.5
x2_n5__t630                            5.49998
out__t675                         -6.83556e-07
out__t424                         -6.78743e-07
x2_n5__t629                            5.49998
vdd_drv__t1199                             5.5
vdd_drv__t878                              5.5
x2_n5__t628                            5.49998
out__t674                         -6.73964e-07
out__t423                         -6.69248e-07
x2_n5__t626                            5.49998
vdd_drv__t1198                             5.5
vdd_drv__t870                              5.5
x2_n5__t620                            5.49998
out__t669                         -6.64542e-07
out__t420                         -6.59872e-07
x2_n5__t619                            5.49998
vdd_drv__t1194                             5.5
vdd_drv__t869                              5.5
x2_n5__t618                            5.49998
out__t668                          -6.5524e-07
out__t419                         -6.50667e-07
x2_n5__t617                            5.49998
vdd_drv__t1193                             5.5
vdd_drv__t868                              5.5
x2_n5__t616                            5.49998
out__t667                         -6.46108e-07
out__t418                         -6.41585e-07
x2_n5__t615                            5.49998
vdd_drv__t1192                             5.5
vdd_drv__t867                              5.5
x2_n5__t614                            5.49998
out__t666                         -6.37124e-07
out__t440                         -6.32675e-07
x2_n5__t661                            5.49998
vdd_drv__t1219                             5.5
vdd_drv__t919                              5.5
x2_n5__t674                            5.49998
out__t697                         -6.28264e-07
out__t446                         -6.23892e-07
x2_n5__t673                            5.49998
vdd_drv__t1239                             5.5
vdd_drv__t918                              5.5
x2_n5__t672                            5.49998
out__t696                          -6.1958e-07
out__t445                         -6.15283e-07
x2_n5__t671                            5.49998
vdd_drv__t1238                             5.5
vdd_drv__t917                              5.5
x2_n5__t670                            5.49998
out__t695                         -6.11024e-07
out__t444                         -6.06826e-07
x2_n5__t669                            5.49998
vdd_drv__t1237                             5.5
vdd_drv__t969                              5.5
x2_n5__t692                            5.49998
out__t706                         -6.02644e-07
out__t448                           -5.985e-07
x2_n5__t677                            5.49998
vdd_drv__t1275                             5.5
vdd_drv__t950                              5.5
x2_n5__t676                            5.49999
out__t698                         -5.94418e-07
out__t447                         -5.90353e-07
x2_n5__t675                            5.49999
vdd_drv__t1274                             5.5
vdd_drv__t992                              5.5
x2_n5__t718                            5.49999
out__t718                         -5.86326e-07
out__t453                          -5.8234e-07
x2_n5__t685                            5.49999
vdd_drv__t1289                             5.5
vdd_drv__t965                              5.5
x2_n5__t686                            5.49999
out__t702                         -5.78414e-07
out__t463                         -5.74507e-07
x2_n5__t706                            5.49999
vdd_drv__t1300                             5.5
vdd_drv__t975                              5.5
x2_n5__t705                            5.49999
out__t712                         -5.70639e-07
out__t462                         -5.66833e-07
x2_n5__t704                            5.49999
vdd_drv__t1299                             5.5
vdd_drv__t974                              5.5
x2_n5__t703                            5.49999
out__t711                         -5.63045e-07
out__t461                         -5.59298e-07
x2_n5__t702                            5.49999
vdd_drv__t1298                             5.5
vdd_drv__t973                              5.5
x2_n5__t701                            5.49999
out__t710                         -5.55592e-07
out__t460                         -5.51946e-07
x2_n5__t700                            5.49999
vdd_drv__t1297                             5.5
vdd_drv__t977                              5.5
x2_n5__t708                            5.49999
out__t714                         -5.48321e-07
out__t458                         -5.44737e-07
x2_n5__t698                            5.49999
vdd_drv__t1295                             5.5
vdd_drv__t972                              5.5
x2_n5__t697                            5.49999
out__t709                         -5.41214e-07
out__t457                         -5.37712e-07
x2_n5__t696                            5.49999
vdd_drv__t1294                             5.5
vdd_drv__t971                              5.5
x2_n5__t695                            5.49999
out__t708                         -5.34252e-07
out__t456                         -5.30853e-07
x2_n5__t694                            5.49999
vdd_drv__t1293                             5.5
vdd_drv__t970                              5.5
x2_n5__t693                            5.49999
out__t707                         -5.27476e-07
out__t464                         -5.24141e-07
x2_n5__t709                            5.49999
vdd_drv__t1308                             5.5
vdd_drv__t861                              5.5
x2_n5__t604                            5.49999
out__t660                         -5.20848e-07
out__t431                         -5.17615e-07
x2_n5__t642                            5.49999
vdd_drv__t1206                             5.5
vdd_drv__t884                              5.5
x2_n5__t641                            5.49999
out__t680                         -5.14407e-07
out__t430                         -5.11241e-07
x2_n5__t640                            5.49999
vdd_drv__t1205                             5.5
vdd_drv__t883                              5.5
x2_n5__t639                            5.49999
out__t679                         -5.08135e-07
out__t433                         -5.05054e-07
x2_n5__t647                            5.49999
vdd_drv__t1208                             5.5
vdd_drv__t887                              5.5
x2_n5__t646                            5.49999
out__t683                         -5.02015e-07
out__t432                         -4.99037e-07
x2_n5__t645                            5.49999
vdd_drv__t1207                             5.5
vdd_drv__t886                              5.5
x2_n5__t644                            5.49999
out__t682                         -4.96085e-07
out__t454                         -4.93176e-07
x2_n5__t687                            5.49999
vdd_drv__t1291                             5.5
vdd_drv__t966                              5.5
x2_n5__t688                            5.49999
out__t703                         -4.90326e-07
out__t455                         -4.87504e-07
x2_n5__t689                            5.49999
vdd_drv__t1292                             5.5
vdd_drv__t967                              5.5
x2_n5__t690                            5.49999
out__t704                         -4.84724e-07
out__t459                         -4.82005e-07
x2_n5__t699                            5.49999
vdd_drv__t1296                             5.5
vdd_drv__t976                              5.5
x2_n5__t707                            5.49999
out__t713                         -4.79312e-07
out__t470                          -7.1813e-07
x2_n5__t720                            5.49998
vdd_drv__t668                              5.5
x1_ncb__t4                         3.04047e-06
anon18__t0                         2.83531e-06
anon19__t1                         2.68206e-06
anon18__t1                         2.83777e-06
anon19__t0                         2.68347e-06
anon20__t1                         2.63319e-06
in_drv__t4                         2.62172e-06
anon20__t0                          2.6344e-06
anon18                             2.83662e-06
anon19                             2.68295e-06
anon20                             2.63387e-06
in                                           0
in_drv                             3.11317e-06
out                               -3.83065e-07
x1_inb                                    3.63
x1_na                                  2.60756
x1_nb                              -3.1689e-08
x1_nbuf1                                   5.5
x1_nca                                     5.5
x1_ncb                             1.69741e-06
x2_n1                                  5.50001
x2_n2                              3.33936e-07
x2_n3                                  5.50001
x2_n4                             -1.62854e-06
x2_n5                                      5.5
outcap                            -3.83065e-07
vimeas#branch                     -0.000173612
vin#branch                        -1.26774e-06
vgnd_logic#branch                 -0.000448142
vsup_drv#branch                    0.000446468
vsup_logic#branch                  1.66458e-06

 Reference value :  0.00000e+00
 Reference value :  3.62800e-09
 Reference value :  9.32800e-09
 Reference value :  1.49280e-08
 Reference value :  2.00020e-08
 Reference value :  2.10028e-08
 Reference value :  2.35357e-08
 Reference value :  2.48052e-08
 Reference value :  2.55543e-08
 Reference value :  2.65380e-08
 Reference value :  3.21380e-08
 Reference value :  3.79380e-08
 Reference value :  4.34380e-08
 Reference value :  4.77380e-08
 Reference value :  5.17380e-08
 Reference value :  5.57380e-08
 Reference value :  5.97380e-08
 Reference value :  6.37380e-08
 Reference value :  6.77380e-08
 Reference value :  7.16380e-08
 Reference value :  7.56380e-08
 Reference value :  7.97380e-08
 Reference value :  8.37380e-08
 Reference value :  8.77380e-08
 Reference value :  9.17380e-08
 Reference value :  9.57380e-08
 Reference value :  9.98380e-08
 Reference value :  1.03838e-07
 Reference value :  1.07838e-07
 Reference value :  1.11838e-07
 Reference value :  1.15838e-07
 Reference value :  1.19838e-07
 Reference value :  1.23838e-07
 Reference value :  1.27838e-07
 Reference value :  1.31838e-07
 Reference value :  1.35838e-07
 Reference value :  1.39838e-07
 Reference value :  1.43738e-07
 Reference value :  1.47738e-07
 Reference value :  1.51338e-07
 Reference value :  1.55338e-07
 Reference value :  1.59338e-07
 Reference value :  1.63338e-07
 Reference value :  1.67338e-07
 Reference value :  1.71338e-07
 Reference value :  1.75338e-07
 Reference value :  1.79338e-07
 Reference value :  1.83338e-07
 Reference value :  1.87338e-07
 Reference value :  1.91338e-07
 Reference value :  1.95338e-07
 Reference value :  1.99338e-07
 Reference value :  2.03338e-07
 Reference value :  2.07338e-07
 Reference value :  2.11338e-07
 Reference value :  2.15338e-07
 Reference value :  2.19338e-07
 Reference value :  2.23438e-07
 Reference value :  2.27438e-07
 Reference value :  2.31438e-07
 Reference value :  2.36438e-07
 Reference value :  2.42238e-07
 Reference value :  2.48038e-07
 Reference value :  2.53938e-07
 Reference value :  2.59738e-07
 Reference value :  2.65638e-07
 Reference value :  2.71438e-07
 Reference value :  2.77238e-07
 Reference value :  2.83038e-07
 Reference value :  2.88938e-07
 Reference value :  2.94838e-07
 Reference value :  3.00738e-07
 Reference value :  3.06638e-07
 Reference value :  3.12438e-07
 Reference value :  3.18238e-07
 Reference value :  3.21659e-07
 Reference value :  3.22452e-07
 Reference value :  3.23659e-07
 Reference value :  3.24907e-07
 Reference value :  3.25460e-07
 Reference value :  3.28606e-07
 Reference value :  3.34206e-07
 Reference value :  3.39906e-07
 Reference value :  3.45706e-07
 Reference value :  3.51406e-07
 Reference value :  3.57106e-07
 Reference value :  3.62806e-07
 Reference value :  3.68506e-07
 Reference value :  3.74206e-07
 Reference value :  3.80106e-07
 Reference value :  3.85906e-07
 Reference value :  3.91606e-07
 Reference value :  3.97406e-07
 Reference value :  4.03106e-07
 Reference value :  4.08806e-07
 Reference value :  4.14406e-07
 Reference value :  4.20106e-07
 Reference value :  4.25806e-07
 Reference value :  4.31506e-07
 Reference value :  4.37206e-07
 Reference value :  4.42906e-07
 Reference value :  4.48706e-07
 Reference value :  4.54506e-07
 Reference value :  4.60306e-07
 Reference value :  4.66106e-07
 Reference value :  4.71806e-07
 Reference value :  4.77506e-07
 Reference value :  4.83206e-07
 Reference value :  4.88906e-07
 Reference value :  4.94706e-07
 Reference value :  5.00406e-07
 Reference value :  5.06306e-07
 Reference value :  5.12206e-07
 Reference value :  5.18006e-07
 Reference value :  5.23706e-07
 Reference value :  5.29406e-07
 Reference value :  5.35206e-07
 Reference value :  5.40906e-07
 Reference value :  5.46606e-07
 Reference value :  5.52206e-07
 Reference value :  5.57806e-07
 Reference value :  5.63406e-07
 Reference value :  5.69206e-07
 Reference value :  5.75106e-07
 Reference value :  5.81406e-07
 Reference value :  5.87406e-07
 Reference value :  5.92906e-07
 Reference value :  5.98506e-07
 Reference value :  6.04206e-07
 Reference value :  6.09906e-07
 Reference value :  6.15606e-07
 Reference value :  6.21306e-07
 Reference value :  6.26906e-07
 Reference value :  6.32506e-07
 Reference value :  6.38206e-07
 Reference value :  6.43806e-07
 Reference value :  6.49406e-07
 Reference value :  6.55206e-07
 Reference value :  6.60906e-07
 Reference value :  6.66706e-07
 Reference value :  6.72506e-07
 Reference value :  6.78306e-07
 Reference value :  6.84006e-07
 Reference value :  6.89806e-07
 Reference value :  6.95606e-07
No. of Data Rows : 7206
trise10_90          =  4.44240e-09 targ=  3.05859e-08 trig=  2.61435e-08
tfall10_90          =  3.56765e-09 targ=  3.29347e-07 trig=  3.25779e-07
tpdlh               =  7.44193e-09 targ=  2.79419e-08 trig=  2.05000e-08
tpdhl               =  5.89692e-09 targ=  3.27397e-07 trig=  3.21500e-07
m_trise_s = 4.4424020000e-09
m_tfall_s = 3.5676490000e-09
m_tpdlh_s = 7.4419300000e-09
m_tpdhl_s = 5.8969180000e-09
m_ipeak_source_a = 1.2576442958e+00
m_ipeak_sink_a = 1.3863236551e+00
m_vout_max_v = 5.5040624652e+00
m_vout_min_v = -3.256781258e-03
m_vin_max_v = 3.6300000000e+00
m_vin_min_v = 0.0000000000e+00
m_indrv_max_v = 5.5002878322e+00
m_indrv_min_v = -8.761888612e-05
m_n1_max_v = 5.5066600653e+00
m_n1_min_v = -5.618280664e-03
m_n2_max_v = 5.5124334456e+00
m_n2_min_v = -7.919487146e-03
m_n3_max_v = 5.5098181483e+00
m_n3_min_v = -9.113789904e-03
m_n4_max_v = 5.5185335847e+00
m_n4_min_v = -1.234319781e-02
m_n5_max_v = 5.5318625020e+00
m_n5_min_v = -1.519818012e-02
Note: Simulation executed from .control section 

Note: vimeas: has no value, DC 0 assumed
Warning: singular matrix:  check node anon18

Note: Starting dynamic gmin stepping
Warning: singular matrix:  check node anon19

Warning: Dynamic gmin stepping failed
Note: Starting true gmin stepping
Warning: singular matrix:  check node anon19

Warning: singular matrix:  check node anon19

Warning: singular matrix:  check node anon19

Warning: singular matrix:  check node anon19

Warning: True gmin stepping failed
Note: Starting source stepping
Warning: source stepping failed
Note: Transient op started
Note: Transient op finished successfully
