
Note: No compatibility mode selected!


Circuit: * gate-driver-core-drive-postlayout @ fs_125c_vlogic3p30v-vdrv5p00v -- generated by sim/harness, do not edit

Doing analysis at TEMP = 125.000000 and TNOM = 27.000000

Using SPARSE 1.3 as Direct Linear Solver

Initial Transient Solution
--------------------------

Node                                   Voltage
----                                   -------
x1_inb__t0                             3.29999
in__t1                            -9.67133e-07
gnd_drv_gnd_logic__t300            9.22488e-08
gnd_logic                                    0
x2_n3__t1                                    5
x2_n2__t2                          2.51841e-07
gnd_drv_gnd_logic__t304            -6.3901e-07
gnd_drv                            4.46108e-07
gnd_drv_gnd_logic__t419            3.02523e-06
x2_n5__t180                            4.99998
out__t200                          5.66293e-07
out__t90                           5.69629e-07
x2_n5__t181                            4.99998
gnd_drv_gnd_logic__t560            3.04674e-06
gnd_drv_gnd_logic__t420            3.06684e-06
x2_n5__t182                            4.99998
out__t201                          5.74329e-07
out__t91                           5.80295e-07
x2_n5__t183                            4.99998
gnd_drv_gnd_logic__t561            3.08554e-06
gnd_drv_gnd_logic__t315            3.10283e-06
x2_n5__t5                              4.99998
out__t113                          5.87326e-07
out__t85                           5.95318e-07
x2_n5__t172                            4.99998
gnd_drv_gnd_logic__t555            3.11883e-06
gnd_drv_gnd_logic__t314            3.13334e-06
x2_n5__t4                              4.99998
out__t112                          6.04161e-07
out__t1                             6.1365e-07
x2_n5__t3                              4.99998
gnd_drv_gnd_logic__t454            3.14648e-06
gnd_drv_gnd_logic__t313            3.15835e-06
x2_n5__t2                              4.99998
out__t111                          6.23674e-07
out__t4                            6.34122e-07
x2_n5__t8                              4.99998
gnd_drv_gnd_logic__t457             3.1688e-06
x2_n4__t185                       -3.58695e-05
x2_n3__t5                              4.99998
gnd_drv_gnd_logic__t306            8.96889e-07
gnd_drv_gnd_logic__t316             3.1779e-06
x2_n5__t9                              4.99998
out__t114                          6.44978e-07
out__t6                            6.56036e-07
x2_n5__t12                             4.99998
gnd_drv_gnd_logic__t459            3.18582e-06
gnd_drv_gnd_logic__t324            3.19244e-06
x2_n5__t15                             4.99998
out__t117                          6.67186e-07
out__t2                            6.78602e-07
x2_n5__t6                              4.99998
gnd_drv_gnd_logic__t455            3.19771e-06
gnd_drv_gnd_logic__t407            3.20184e-06
x2_n5__t155                            4.99998
out__t188                          6.89988e-07
out__t77                           7.01331e-07
x2_n5__t156                            4.99998
gnd_drv_gnd_logic__t547            3.20477e-06
gnd_drv_gnd_logic__t408            3.20641e-06
x2_n5__t157                            4.99998
out__t189                          7.12712e-07
out__t78                           7.24025e-07
x2_n5__t158                            4.99998
gnd_drv_gnd_logic__t548            3.20698e-06
gnd_drv_gnd_logic__t409            3.20642e-06
x2_n5__t159                            4.99998
out__t190                          7.35167e-07
out__t79                           7.46221e-07
x2_n5__t160                            4.99997
gnd_drv_gnd_logic__t549            3.20476e-06
gnd_drv_gnd_logic__t465            9.45961e-07
x2_n3__t6                              4.99998
x2_n4__t184                       -3.56019e-05
gnd_drv_gnd_logic__t410            3.20201e-06
x2_n5__t161                            4.99997
out__t191                          7.57176e-07
out__t80                           7.67842e-07
x2_n5__t162                            4.99997
gnd_drv_gnd_logic__t550            3.19821e-06
gnd_drv_gnd_logic__t411            3.19338e-06
x2_n5__t163                            4.99997
out__t192                          7.78395e-07
out__t81                           7.88645e-07
x2_n5__t164                            4.99997
gnd_drv_gnd_logic__t551            3.18755e-06
gnd_drv_gnd_logic__t412            3.18075e-06
x2_n5__t165                            4.99997
out__t193                          7.98766e-07
out__t82                           8.08574e-07
x2_n5__t166                            4.99997
gnd_drv_gnd_logic__t552              3.173e-06
gnd_drv_gnd_logic__t413            3.16434e-06
x2_n5__t167                            4.99997
out__t194                          8.18069e-07
out__t83                           8.27417e-07
x2_n5__t168                            4.99997
gnd_drv_gnd_logic__t553            3.15479e-06
gnd_drv_gnd_logic__t414            3.14444e-06
x2_n5__t169                            4.99997
out__t195                          8.36441e-07
out__t93                           8.45143e-07
x2_n5__t186                            4.99997
gnd_drv_gnd_logic__t563            3.13318e-06
x2_n4__t180                       -3.52912e-05
x2_n3__t15                             4.99998
gnd_drv_gnd_logic__t464            9.66534e-07
gnd_drv_gnd_logic__t415            3.12111e-06
x2_n5__t171                            4.99997
out__t196                          8.53602e-07
out__t23                           8.61817e-07
x2_n5__t47                             4.99997
gnd_drv_gnd_logic__t491            3.10825e-06
gnd_drv_gnd_logic__t318             3.0947e-06
x2_n5__t13                             4.99997
out__t116                           8.6962e-07
out__t7                            8.77259e-07
x2_n5__t14                             4.99997
gnd_drv_gnd_logic__t460            3.08035e-06
gnd_drv_gnd_logic__t308            3.03311e-06
x2_n5__t1                              4.99997
out__t0                            8.84627e-07
out__t101                          1.54205e-06
x2_n5__t203                            4.99998
gnd_drv_gnd_logic__t587            1.12105e-06
gnd_drv_gnd_logic__t446            1.14518e-06
x2_n5__t205                            4.99998
out__t212                            1.534e-06
out__t103                          1.52542e-06
x2_n5__t206                            4.99998
gnd_drv_gnd_logic__t589            1.16966e-06
gnd_drv_gnd_logic__t447            1.19429e-06
x2_n5__t207                            4.99998
out__t213                          1.51629e-06
out__t104                          1.50661e-06
x2_n5__t208                            4.99998
gnd_drv_gnd_logic__t590            1.21924e-06
gnd_drv_gnd_logic__t322            9.85841e-07
x2_n3__t14                             4.99998
x2_n4__t189                       -3.49413e-05
gnd_drv_gnd_logic__t448            1.24437e-06
x2_n5__t209                            4.99998
out__t214                          1.49639e-06
out__t105                          1.48562e-06
x2_n5__t210                            4.99998
gnd_drv_gnd_logic__t591            1.26958e-06
gnd_drv_gnd_logic__t449            1.29492e-06
x2_n5__t211                            4.99998
out__t215                          1.47431e-06
out__t106                          1.46244e-06
x2_n5__t212                            4.99998
gnd_drv_gnd_logic__t592            1.32038e-06
gnd_drv_gnd_logic__t451            1.34581e-06
x2_n5__t214                            4.99998
out__t217                          1.45013e-06
out__t107                          1.43718e-06
x2_n5__t215                            4.99998
gnd_drv_gnd_logic__t593             1.3713e-06
gnd_drv_gnd_logic__t452            1.39659e-06
x2_n5__t216                            4.99998
out__t218                          1.42369e-06
out__t109                          1.40977e-06
x2_n5__t219                            4.99998
gnd_drv_gnd_logic__t595            1.42186e-06
gnd_drv_gnd_logic__t453            1.44698e-06
x2_n5__t218                            4.99998
out__t219                          1.39522e-06
out__t108                          1.38026e-06
x2_n5__t217                            4.99998
gnd_drv_gnd_logic__t594            1.47189e-06
x2_n4__t179                        -3.4556e-05
x2_n3__t13                             4.99998
gnd_drv_gnd_logic__t463            1.00327e-06
gnd_drv_gnd_logic__t450            1.49657e-06
x2_n5__t213                            4.99998
out__t216                          1.36479e-06
out__t94                           1.34872e-06
x2_n5__t188                            4.99998
gnd_drv_gnd_logic__t571            1.52087e-06
gnd_drv_gnd_logic__t443            1.54497e-06
x2_n5__t199                            4.99998
out__t209                          1.33227e-06
out__t100                          1.31534e-06
x2_n5__t200                            4.99998
gnd_drv_gnd_logic__t586             1.5686e-06
gnd_drv_gnd_logic__t444            1.59185e-06
x2_n5__t201                            4.99998
out__t210                          1.29797e-06
out__t98                           1.28017e-06
x2_n5__t195                            4.99998
gnd_drv_gnd_logic__t584            1.61456e-06
gnd_drv_gnd_logic__t440            1.63691e-06
x2_n5__t196                            4.99998
out__t207                          1.26195e-06
out__t99                           1.24344e-06
x2_n5__t197                            4.99998
gnd_drv_gnd_logic__t585            1.65866e-06
gnd_drv_gnd_logic__t441            1.67977e-06
x2_n5__t198                            4.99998
out__t208                          1.22448e-06
out__t102                          1.20528e-06
x2_n5__t204                            4.99998
gnd_drv_gnd_logic__t588            1.70032e-06
gnd_drv_gnd_logic__t321             1.0182e-06
x2_n3__t12                             4.99998
x2_n4__t188                       -3.41404e-05
gnd_drv_gnd_logic__t396            1.72019e-06
x2_n5__t135                            4.99999
out__t178                          1.18568e-06
out__t97                           1.16592e-06
x2_n5__t193                            4.99999
gnd_drv_gnd_logic__t583            1.73947e-06
gnd_drv_gnd_logic__t439            1.75814e-06
x2_n5__t194                            4.99999
out__t206                          1.14593e-06
out__t67                           1.12576e-06
x2_n5__t136                            4.99999
gnd_drv_gnd_logic__t537              1.776e-06
gnd_drv_gnd_logic__t397            1.79336e-06
x2_n5__t137                            4.99999
out__t179                          1.10546e-06
out__t68                           1.08516e-06
x2_n5__t138                            4.99999
gnd_drv_gnd_logic__t538            1.80995e-06
gnd_drv_gnd_logic__t406              1.826e-06
x2_n5__t154                            4.99999
out__t187                          1.06474e-06
out__t69                           1.04444e-06
x2_n5__t140                            4.99999
gnd_drv_gnd_logic__t539            1.84146e-06
gnd_drv_gnd_logic__t399            1.85652e-06
x2_n5__t141                            4.99999
out__t181                          1.02423e-06
out__t70                           1.00417e-06
x2_n5__t142                            4.99999
gnd_drv_gnd_logic__t540            1.87115e-06
x2_n4__t178                       -3.37002e-05
x2_n3__t11                             4.99998
gnd_drv_gnd_logic__t462            1.02995e-06
gnd_drv_gnd_logic__t400            1.88548e-06
x2_n5__t143                            4.99999
out__t182                          9.84325e-07
out__t71                           9.64864e-07
x2_n5__t144                            4.99999
gnd_drv_gnd_logic__t541            1.89973e-06
gnd_drv_gnd_logic__t401            1.91397e-06
x2_n5__t145                            4.99999
out__t183                          9.45763e-07
out__t72                           9.27086e-07
x2_n5__t146                            4.99999
gnd_drv_gnd_logic__t542            1.92838e-06
gnd_drv_gnd_logic__t402            1.94316e-06
x2_n5__t147                            4.99999
out__t184                          9.08987e-07
out__t73                           8.91349e-07
x2_n5__t148                            4.99999
gnd_drv_gnd_logic__t543            1.95852e-06
gnd_drv_gnd_logic__t423             1.9748e-06
x2_n5__t187                            4.99999
out__t203                          8.74491e-07
out__t74                           8.58184e-07
x2_n5__t149                            4.99999
gnd_drv_gnd_logic__t544            1.99212e-06
gnd_drv_gnd_logic__t404            2.01069e-06
x2_n5__t150                            4.99999
out__t185                          8.42634e-07
out__t75                           8.27847e-07
x2_n5__t151                            4.99999
gnd_drv_gnd_logic__t545            2.03083e-06
gnd_drv_gnd_logic__t320            1.03788e-06
x2_n3__t10                             4.99998
x2_n4__t187                       -3.32413e-05
gnd_drv_gnd_logic__t405            2.05248e-06
x2_n5__t152                            4.99999
out__t186                          8.13726e-07
out__t76                           8.00254e-07
x2_n5__t153                            4.99999
gnd_drv_gnd_logic__t546            2.07599e-06
gnd_drv_gnd_logic__t398            2.10134e-06
x2_n5__t139                            4.99999
out__t180                          7.87553e-07
out__t95                           7.75395e-07
x2_n5__t189                            4.99999
gnd_drv_gnd_logic__t581            2.12854e-06
gnd_drv_gnd_logic__t437            2.15759e-06
x2_n5__t190                            4.99999
out__t204                          7.63711e-07
out__t96                           7.52586e-07
x2_n5__t191                            4.99999
gnd_drv_gnd_logic__t582            2.18849e-06
gnd_drv_gnd_logic__t438            2.22092e-06
x2_n5__t192                            4.99999
out__t205                          7.41769e-07
out__t3                             7.3134e-07
x2_n5__t7                              4.99999
gnd_drv_gnd_logic__t456            2.25491e-06
gnd_drv_gnd_logic__t391            2.29017e-06
x2_n5__t128                            4.99999
out__t173                          7.21132e-07
out__t84                           7.11068e-07
x2_n5__t170                            4.99999
gnd_drv_gnd_logic__t554             2.3265e-06
x2_n4__t177                       -3.27692e-05
x2_n3__t9                              4.99998
gnd_drv_gnd_logic__t461            1.04148e-06
gnd_drv_gnd_logic__t382            8.57246e-07
x2_n5__t110                            4.99997
out__t164                          1.35089e-06
out__t54                            1.3613e-06
x2_n5__t107                            4.99997
gnd_drv_gnd_logic__t524            8.53986e-07
gnd_drv_gnd_logic__t381             8.5046e-07
x2_n5__t109                            4.99997
out__t163                          1.37161e-06
out__t55                           1.38179e-06
x2_n5__t108                            4.99997
gnd_drv_gnd_logic__t525            8.46714e-07
gnd_drv_gnd_logic__t377            8.42751e-07
x2_n5__t98                             4.99997
out__t159                          1.39186e-06
out__t49                            1.4018e-06
x2_n5__t99                             4.99997
gnd_drv_gnd_logic__t519            8.38516e-07
gnd_drv_gnd_logic__t378            8.34112e-07
x2_n5__t100                            4.99997
out__t160                           1.4116e-06
out__t50                           1.42125e-06
x2_n5__t101                            4.99997
gnd_drv_gnd_logic__t520            8.29539e-07
gnd_drv_gnd_logic__t379            8.24746e-07
x2_n5__t102                            4.99997
out__t161                          1.43075e-06
out__t51                           1.44009e-06
x2_n5__t103                            4.99997
gnd_drv_gnd_logic__t521            8.19788e-07
x1_na__t0                              2.44064
in__t2                            -1.06671e-07
gnd_drv_gnd_logic__t299             7.2405e-08
gnd_drv_gnd_logic__t319            1.04046e-06
x2_n3__t8                              4.99998
x2_n4__t186                       -3.22879e-05
gnd_drv_gnd_logic__t380            8.14671e-07
x2_n5__t104                            4.99997
out__t162                          1.44926e-06
out__t52                           1.45825e-06
x2_n5__t105                            4.99997
gnd_drv_gnd_logic__t522             8.0945e-07
gnd_drv_gnd_logic__t385            8.04078e-07
x2_n5__t114                            4.99997
out__t167                          1.46707e-06
out__t60                           1.47568e-06
x2_n5__t122                            4.99997
gnd_drv_gnd_logic__t530            7.98669e-07
gnd_drv_gnd_logic__t389            7.93179e-07
x2_n5__t121                            4.99997
out__t171                          1.48416e-06
out__t59                           1.49236e-06
x2_n5__t120                            4.99997
gnd_drv_gnd_logic__t529             7.8767e-07
gnd_drv_gnd_logic__t388            7.82216e-07
x2_n5__t119                            4.99997
out__t170                          1.50034e-06
out__t58                            1.5081e-06
x2_n5__t118                            4.99997
gnd_drv_gnd_logic__t528            7.76828e-07
gnd_drv_gnd_logic__t387             7.7152e-07
x2_n5__t117                            4.99997
out__t169                          1.51562e-06
out__t57                           1.52289e-06
x2_n5__t116                            4.99997
gnd_drv_gnd_logic__t527            7.66432e-07
x2_n4__t183                       -3.17993e-05
x2_n3__t18                             4.99998
gnd_drv_gnd_logic__t467             1.0347e-06
gnd_drv_gnd_logic__t386            7.61518e-07
x2_n5__t115                            4.99997
out__t168                          1.52991e-06
out__t61                           1.53665e-06
x2_n5__t123                            4.99997
gnd_drv_gnd_logic__t531             7.5699e-07
gnd_drv_gnd_logic__t384            7.52743e-07
x2_n5__t113                            4.99997
out__t166                          1.54313e-06
out__t56                           1.54937e-06
x2_n5__t112                            4.99997
gnd_drv_gnd_logic__t526            7.48995e-07
gnd_drv_gnd_logic__t383            7.45775e-07
x2_n5__t111                            4.99997
out__t165                          1.55526e-06
out__t14                           1.56083e-06
x2_n5__t27                             4.99997
gnd_drv_gnd_logic__t474            7.43182e-07
gnd_drv_gnd_logic__t331            7.41318e-07
x2_n5__t28                             4.99997
out__t123                           1.5661e-06
out__t48                           1.57103e-06
x2_n5__t97                             4.99997
gnd_drv_gnd_logic__t518            7.40283e-07
gnd_drv_gnd_logic__t332            7.40047e-07
x2_n5__t29                             4.99997
out__t124                          1.57569e-06
out__t22                           1.57994e-06
x2_n5__t45                             4.99997
gnd_drv_gnd_logic__t482            7.40859e-07
gnd_drv_gnd_logic__t323             1.0244e-06
x2_n3__t17                             4.99998
x2_n4__t190                       -3.13027e-05
gnd_drv_gnd_logic__t334            7.42615e-07
x2_n5__t30                             4.99997
out__t125                          1.58383e-06
out__t15                           1.58735e-06
x2_n5__t31                             4.99997
gnd_drv_gnd_logic__t475            7.45574e-07
gnd_drv_gnd_logic__t335            7.49554e-07
x2_n5__t32                             4.99997
out__t126                          1.59056e-06
out__t16                           1.59333e-06
x2_n5__t33                             4.99997
gnd_drv_gnd_logic__t476            7.54822e-07
gnd_drv_gnd_logic__t336            7.61265e-07
x2_n5__t34                             4.99997
out__t127                          1.59569e-06
out__t17                           1.59773e-06
x2_n5__t35                             4.99997
gnd_drv_gnd_logic__t477            7.68842e-07
gnd_drv_gnd_logic__t337            7.77666e-07
x2_n5__t36                             4.99997
out__t128                          1.59928e-06
out__t18                           1.60041e-06
x2_n5__t37                             4.99997
gnd_drv_gnd_logic__t478            7.87695e-07
gnd_drv_gnd_logic__t338             7.9888e-07
x2_n5__t38                             4.99997
out__t129                           1.6012e-06
out__t19                           1.60147e-06
x2_n5__t39                             4.99997
gnd_drv_gnd_logic__t479             8.1117e-07
x2_n4__t181                       -3.07952e-05
x2_n3__t16                             4.99998
gnd_drv_gnd_logic__t466            1.01008e-06
gnd_drv_gnd_logic__t339            8.24507e-07
x2_n5__t40                             4.99997
out__t130                          1.60139e-06
out__t20                           1.60077e-06
x2_n5__t41                             4.99997
gnd_drv_gnd_logic__t480            8.38913e-07
gnd_drv_gnd_logic__t340            8.54326e-07
x2_n5__t42                             4.99997
out__t131                          1.59977e-06
out__t21                           1.59824e-06
x2_n5__t43                             4.99997
gnd_drv_gnd_logic__t481            8.70594e-07
gnd_drv_gnd_logic__t341            8.87729e-07
x2_n5__t44                             4.99997
out__t132                          1.59632e-06
out__t36                           1.59383e-06
x2_n5__t74                             4.99997
gnd_drv_gnd_logic__t506            9.05738e-07
gnd_drv_gnd_logic__t374            9.24547e-07
x2_n5__t91                             4.99997
out__t156                          1.59095e-06
out__t45                           1.58757e-06
x2_n5__t92                             4.99997
gnd_drv_gnd_logic__t515            9.44071e-07
gnd_drv_gnd_logic__t375            9.64224e-07
x2_n5__t93                             4.99997
out__t157                          1.58362e-06
out__t46                           1.57924e-06
x2_n5__t94                             4.99997
gnd_drv_gnd_logic__t516            9.85093e-07
gnd_drv_gnd_logic__t307            9.74736e-07
x2_n3__t7                              4.99998
x2_n4__t182                       -3.02695e-05
gnd_drv_gnd_logic__t376             1.0065e-06
x2_n5__t95                             4.99997
out__t158                          1.57436e-06
out__t47                           1.56888e-06
x2_n5__t96                             4.99997
gnd_drv_gnd_logic__t517            1.02852e-06
gnd_drv_gnd_logic__t317            1.05097e-06
x2_n5__t11                             4.99997
out__t115                          1.56296e-06
out__t5                            1.55652e-06
x2_n5__t10                             4.99997
gnd_drv_gnd_logic__t458            1.07393e-06
gnd_drv_gnd_logic__t445            1.09729e-06
x2_n5__t202                            4.99997
out__t211                          1.54955e-06
out__t110                          7.49994e-07
x2_n5__t220                            4.99999
gnd_drv_gnd_logic__t309            7.10509e-07
gnd_drv_gnd_logic__t370             7.3992e-07
x2_n5__t85                             4.99999
out__t152                          7.59164e-07
out__t43                            7.6912e-07
x2_n5__t86                             4.99999
gnd_drv_gnd_logic__t513            7.45496e-07
gnd_drv_gnd_logic__t371             7.5101e-07
x2_n5__t87                             4.99999
out__t153                          7.79141e-07
out__t44                            7.8924e-07
x2_n5__t88                             4.99998
gnd_drv_gnd_logic__t514            7.56471e-07
x2_n5__t747                            4.99997
x2_n4__t54                        -3.10856e-05
gnd_drv_gnd_logic__t310            1.46227e-06
gnd_drv_gnd_logic__t372             7.6185e-07
x2_n5__t89                             4.99998
out__t154                          7.99406e-07
out__t13                           8.09645e-07
x2_n5__t26                             4.99998
gnd_drv_gnd_logic__t473            7.67172e-07
gnd_drv_gnd_logic__t328            7.72417e-07
x2_n5__t23                             4.99998
out__t121                          8.19939e-07
out__t11                           8.30309e-07
x2_n5__t22                             4.99998
gnd_drv_gnd_logic__t471            7.77583e-07
gnd_drv_gnd_logic__t327            7.82667e-07
x2_n5__t21                             4.99998
out__t120                          8.40745e-07
out__t10                            8.5123e-07
x2_n5__t20                             4.99998
gnd_drv_gnd_logic__t470            7.87662e-07
gnd_drv_gnd_logic__t326            7.92571e-07
x2_n5__t19                             4.99998
out__t119                          8.61793e-07
out__t9                            8.72414e-07
x2_n5__t18                             4.99998
gnd_drv_gnd_logic__t469            7.97382e-07
gnd_drv_gnd_logic__t325             8.0211e-07
x2_n5__t17                             4.99998
out__t118                          8.83094e-07
out__t8                             8.9382e-07
x2_n5__t16                             4.99998
gnd_drv_gnd_logic__t468            8.06737e-07
gnd_drv_gnd_logic__t428            1.45138e-06
x2_n4__t35                        -3.08506e-05
x2_n5__t765                            4.99997
gnd_drv_gnd_logic__t356            8.11241e-07
x2_n5__t58                             4.99998
out__t139                          9.04616e-07
out__t28                           9.15466e-07
x2_n5__t57                             4.99998
gnd_drv_gnd_logic__t498            8.15669e-07
gnd_drv_gnd_logic__t355            8.19961e-07
x2_n5__t56                             4.99998
out__t138                          9.26364e-07
out__t27                             9.373e-07
x2_n5__t55                             4.99998
gnd_drv_gnd_logic__t497            8.24135e-07
gnd_drv_gnd_logic__t354            8.28204e-07
x2_n5__t54                             4.99998
out__t137                          9.48299e-07
out__t26                            9.5934e-07
x2_n5__t53                             4.99998
gnd_drv_gnd_logic__t496            8.32122e-07
gnd_drv_gnd_logic__t353            8.35929e-07
x2_n5__t52                             4.99998
out__t136                          9.70432e-07
out__t25                           9.81544e-07
x2_n5__t51                             4.99998
gnd_drv_gnd_logic__t495            8.39618e-07
gnd_drv_gnd_logic__t352            8.43143e-07
x2_n5__t50                             4.99998
out__t135                          9.92713e-07
out__t24                           1.00392e-06
x2_n5__t49                             4.99998
gnd_drv_gnd_logic__t494            8.46543e-07
x2_n5__t737                            4.99997
x2_n4__t34                        -3.05775e-05
gnd_drv_gnd_logic__t570            1.44901e-06
gnd_drv_gnd_logic__t351            8.49789e-07
x2_n5__t48                             4.99998
out__t134                          1.01516e-06
out__t53                           1.02643e-06
x2_n5__t106                            4.99998
gnd_drv_gnd_logic__t523            8.52877e-07
gnd_drv_gnd_logic__t358            8.55805e-07
x2_n5__t59                             4.99998
out__t140                          1.03771e-06
out__t41                           1.04904e-06
x2_n5__t82                             4.99998
gnd_drv_gnd_logic__t511            8.58589e-07
gnd_drv_gnd_logic__t369            8.61198e-07
x2_n5__t83                             4.99998
out__t151                          1.06038e-06
out__t42                           1.07175e-06
x2_n5__t84                             4.99998
gnd_drv_gnd_logic__t512             8.6363e-07
gnd_drv_gnd_logic__t359            8.65907e-07
x2_n5__t60                             4.99998
out__t141                          1.08313e-06
out__t29                           1.09451e-06
x2_n5__t61                             4.99998
gnd_drv_gnd_logic__t499            8.67993e-07
gnd_drv_gnd_logic__t360             8.6989e-07
x2_n5__t62                             4.99998
out__t142                          1.10592e-06
out__t30                           1.11733e-06
x2_n5__t63                             4.99998
gnd_drv_gnd_logic__t500            8.71613e-07
gnd_drv_gnd_logic__t427            1.44623e-06
x2_n4__t33                        -3.02752e-05
x2_n5__t764                            4.99997
gnd_drv_gnd_logic__t361             8.7313e-07
x2_n5__t64                             4.99998
out__t143                          1.12875e-06
out__t31                           1.14016e-06
x2_n5__t65                             4.99998
gnd_drv_gnd_logic__t501            8.74439e-07
gnd_drv_gnd_logic__t362            8.75564e-07
x2_n5__t66                             4.99998
out__t144                          1.15155e-06
out__t32                           1.16295e-06
x2_n5__t67                             4.99998
gnd_drv_gnd_logic__t502              8.765e-07
gnd_drv_gnd_logic__t363            8.77209e-07
x2_n5__t68                             4.99998
out__t145                          1.17434e-06
out__t33                           1.18571e-06
x2_n5__t69                             4.99998
gnd_drv_gnd_logic__t503            8.77688e-07
gnd_drv_gnd_logic__t364            8.77961e-07
x2_n5__t70                             4.99998
out__t146                          1.19706e-06
out__t34                           1.20838e-06
x2_n5__t71                             4.99998
gnd_drv_gnd_logic__t504            8.78028e-07
gnd_drv_gnd_logic__t365            8.77849e-07
x2_n5__t72                             4.99998
out__t147                          1.21968e-06
out__t35                            1.2309e-06
x2_n5__t73                             4.99998
gnd_drv_gnd_logic__t505            8.77452e-07
x2_n5__t736                            4.99998
x2_n4__t32                        -2.99433e-05
gnd_drv_gnd_logic__t569            1.44294e-06
gnd_drv_gnd_logic__t373            8.76797e-07
x2_n5__t90                             4.99998
out__t155                          1.24212e-06
out__t37                            1.2533e-06
x2_n5__t75                             4.99998
gnd_drv_gnd_logic__t507            8.75955e-07
gnd_drv_gnd_logic__t366            8.74844e-07
x2_n5__t76                             4.99998
out__t148                          1.26442e-06
out__t38                           1.27549e-06
x2_n5__t77                             4.99997
gnd_drv_gnd_logic__t508              8.735e-07
gnd_drv_gnd_logic__t367            8.71916e-07
x2_n5__t78                             4.99997
out__t149                          1.28649e-06
out__t39                           1.29743e-06
x2_n5__t79                             4.99997
gnd_drv_gnd_logic__t509            8.70089e-07
gnd_drv_gnd_logic__t368             8.6802e-07
x2_n5__t80                             4.99997
out__t150                           1.3083e-06
out__t40                           1.31909e-06
x2_n5__t81                             4.99997
gnd_drv_gnd_logic__t510            8.65697e-07
gnd_drv_gnd_logic__t330            8.63122e-07
x2_n5__t25                             4.99997
out__t122                          1.32979e-06
out__t12                           1.34041e-06
x2_n5__t24                             4.99997
gnd_drv_gnd_logic__t472            8.60337e-07
x1_nb__t1                          2.13146e-08
x1_inb__t2                                 3.3
gnd_drv_gnd_logic__t311           -2.72129e-07
gnd_drv_gnd_logic__t426            1.43921e-06
x2_n4__t31                        -2.95815e-05
x2_n5__t763                            4.99998
x2_n5__t735                            4.99998
x2_n4__t30                        -2.91895e-05
gnd_drv_gnd_logic__t568            1.43492e-06
gnd_drv_gnd_logic__t425            1.43014e-06
x2_n4__t29                        -2.87675e-05
x2_n5__t762                            4.99998
x2_n5__t734                            4.99998
x2_n4__t28                        -2.83155e-05
gnd_drv_gnd_logic__t567            1.42482e-06
gnd_drv_gnd_logic__t424            1.41892e-06
x2_n4__t27                        -2.78338e-05
x2_n5__t761                            4.99998
x2_n5__t732                            4.99998
x2_n4__t25                        -2.73229e-05
gnd_drv_gnd_logic__t565            1.41239e-06
gnd_drv_gnd_logic__t430            1.40536e-06
x2_n4__t37                        -2.67833e-05
x2_n5__t767                            4.99998
x2_n5__t740                            4.99998
x2_n4__t44                        -2.62161e-05
gnd_drv_gnd_logic__t574            1.39766e-06
gnd_drv_gnd_logic__t434            1.38932e-06
x2_n4__t43                        -2.56224e-05
x2_n5__t771                            4.99998
x2_n5__t739                            4.99998
x2_n4__t42                        -2.50034e-05
gnd_drv_gnd_logic__t573            1.38035e-06
x1_nca__t2                             4.99995
vdd_logic__t3                          3.29997
x1_na__t1                              2.44064
gnd_drv_gnd_logic__t431            1.37073e-06
x2_n4__t38                         -2.4361e-05
x2_n5__t768                            4.99998
x2_n5__t733                            4.99998
x2_n4__t26                         -2.3697e-05
gnd_drv_gnd_logic__t566            1.36051e-06
gnd_drv_gnd_logic__t422            1.34958e-06
x2_n4__t23                        -2.30139e-05
x2_n5__t760                            4.99998
x2_n5__t741                            4.99998
x2_n4__t45                         -2.2314e-05
gnd_drv_gnd_logic__t575            1.33806e-06
gnd_drv_gnd_logic__t433             1.3259e-06
x2_n4__t41                        -2.16007e-05
x2_n5__t770                            4.99998
x2_n5__t731                            4.99998
x2_n4__t24                        -2.08771e-05
gnd_drv_gnd_logic__t564            1.31313e-06
gnd_drv_gnd_logic__t432            1.29976e-06
x2_n4__t40                         -2.0147e-05
x2_n5__t769                            4.99998
x2_n5__t738                            4.99998
x2_n4__t39                        -1.94147e-05
gnd_drv_gnd_logic__t572            1.28582e-06
gnd_drv_gnd_logic__t442            1.27136e-06
x2_n4__t53                        -1.86845e-05
x2_n5__t774                            4.99998
x2_n5__t746                            4.99998
x2_n4__t52                        -1.79618e-05
gnd_drv_gnd_logic__t580            1.25648e-06
x1_ncb__t0                         -2.5629e-06
vdd_logic__t2                              3.3
x1_nb__t0                         -1.82312e-07
gnd_drv_gnd_logic__t429            1.24113e-06
x2_n4__t36                        -1.72514e-05
x2_n5__t766                            4.99998
x2_n5__t730                            4.99998
x2_n4__t20                        -1.65594e-05
gnd_drv_gnd_logic__t493            1.22548e-06
gnd_drv_gnd_logic__t350            1.20956e-06
x2_n4__t19                        -1.58916e-05
x2_n5__t757                            4.99998
x2_n5__t742                            4.99998
x2_n4__t46                        -1.52542e-05
gnd_drv_gnd_logic__t576            1.19346e-06
gnd_drv_gnd_logic__t403            1.17727e-06
x2_n4__t22                        -1.46537e-05
x2_n5__t759                            4.99998
x2_n5__t723                            4.99998
x2_n4__t6                         -1.40964e-05
gnd_drv_gnd_logic__t485            1.16114e-06
gnd_drv_gnd_logic__t349            1.14508e-06
x2_n4__t18                        -1.35888e-05
x2_n5__t756                            4.99998
x2_n5__t729                            4.99998
x2_n4__t17                        -1.31369e-05
gnd_drv_gnd_logic__t492            1.12929e-06
gnd_drv_gnd_logic__t357            1.11382e-06
x2_n4__t21                        -1.27466e-05
x2_n5__t758                            4.99998
x2_n5__t728                            4.99998
x2_n4__t16                        -1.24231e-05
gnd_drv_gnd_logic__t490             1.0988e-06
x1_nbuf1__t3                           4.99999
x1_ncb__t3                        -4.07033e-06
gnd_drv_gnd_logic__t305            6.19158e-07
gnd_drv_gnd_logic__t348            1.08422e-06
x2_n4__t15                        -1.21708e-05
x2_n5__t755                            4.99998
x2_n5__t727                            4.99998
x2_n4__t14                        -1.19935e-05
gnd_drv_gnd_logic__t489            1.07023e-06
gnd_drv_gnd_logic__t347            1.05681e-06
x2_n4__t13                        -1.18934e-05
x2_n5__t754                            4.99998
x2_n5__t726                            4.99998
x2_n4__t12                        -1.18723e-05
gnd_drv_gnd_logic__t488            1.04395e-06
gnd_drv_gnd_logic__t346             1.0317e-06
x2_n4__t11                          -1.193e-05
x2_n5__t753                            4.99998
x2_n5__t725                            4.99998
x2_n4__t10                        -1.20657e-05
gnd_drv_gnd_logic__t487            1.01995e-06
gnd_drv_gnd_logic__t345            1.00863e-06
x2_n4__t9                         -1.22769e-05
x2_n5__t752                            4.99998
x2_n5__t724                            4.99998
x2_n4__t8                         -1.25606e-05
gnd_drv_gnd_logic__t486             9.9772e-07
gnd_drv_gnd_logic__t344            9.87072e-07
x2_n4__t7                         -1.29122e-05
x2_n5__t751                            4.99998
x2_n5__t722                            4.99998
x2_n4__t5                         -1.33267e-05
gnd_drv_gnd_logic__t484            9.76642e-07
in_drv__t3                         1.56755e-06
x1_nbuf1__t1                                 5
gnd_drv_gnd_logic__t302           -1.18872e-07
gnd_drv_gnd_logic__t342            9.66288e-07
x2_n4__t4                         -1.37984e-05
x2_n5__t750                            4.99998
x2_n5__t721                            4.99999
x2_n4__t3                          -1.4321e-05
gnd_drv_gnd_logic__t483            9.55923e-07
gnd_drv_gnd_logic__t333            9.45523e-07
x2_n4__t2                         -1.48883e-05
x2_n5__t749                            4.99999
x2_n5__t745                            4.99999
x2_n4__t51                        -1.54933e-05
gnd_drv_gnd_logic__t579            9.35023e-07
gnd_drv_gnd_logic__t436            9.24322e-07
x2_n4__t50                        -1.61297e-05
x2_n5__t773                            4.99999
x2_n5__t744                            4.99999
x2_n4__t49                        -1.67912e-05
gnd_drv_gnd_logic__t578            9.13385e-07
gnd_drv_gnd_logic__t435            9.02285e-07
x2_n4__t48                        -1.74712e-05
x2_n5__t772                            4.99999
x2_n5__t743                            4.99999
x2_n4__t47                        -1.81641e-05
gnd_drv_gnd_logic__t577            8.90911e-07
gnd_drv_gnd_logic__t329            8.79307e-07
x2_n4__t1                         -1.88641e-05
x2_n5__t748                            4.99999
x2_n5__t0                              4.99997
x2_n4__t0                         -2.05086e-05
gnd_drv_gnd_logic__t312            8.84789e-07
x2_n1__t3                              4.99999
in_drv__t1                        -3.91908e-06
gnd_drv_gnd_logic__t303            4.98699e-07
gnd_drv_gnd_logic__t421            2.36366e-06
x2_n5__t185                            4.99999
out__t202                          7.01163e-07
out__t63                           6.91272e-07
x2_n5__t126                            4.99999
gnd_drv_gnd_logic__t533            2.40145e-06
gnd_drv_gnd_logic__t390            2.43962e-06
x2_n5__t124                            4.99999
out__t172                          6.81429e-07
out__t62                           6.71686e-07
x2_n5__t125                            4.99999
gnd_drv_gnd_logic__t532            2.47809e-06
gnd_drv_gnd_logic__t392            2.51644e-06
x2_n5__t129                            4.99999
out__t174                          6.61923e-07
out__t65                           6.52209e-07
x2_n5__t130                            4.99999
gnd_drv_gnd_logic__t535            2.55469e-06
gnd_drv_gnd_logic__t393            2.59258e-06
x2_n5__t131                            4.99999
out__t175                          6.42532e-07
out__t66                           6.32978e-07
x2_n5__t133                            4.99999
gnd_drv_gnd_logic__t536            2.62996e-06
gnd_drv_gnd_logic__t395            2.66668e-06
x2_n5__t134                            4.99999
out__t177                          6.23641e-07
out__t64                           6.14529e-07
x2_n5__t127                            4.99999
gnd_drv_gnd_logic__t534            2.70262e-06
x2_n2__t0                           3.9807e-06
x2_n1__t0                                    5
gnd_drv_gnd_logic__t301            1.75059e-07
gnd_drv_gnd_logic__t394            2.73769e-06
x2_n5__t132                            4.99999
out__t176                           6.0584e-07
out__t92                           5.97496e-07
x2_n5__t184                            4.99999
gnd_drv_gnd_logic__t562            2.77179e-06
gnd_drv_gnd_logic__t416            2.80493e-06
x2_n5__t173                            4.99999
out__t197                          5.89796e-07
out__t86                           5.82857e-07
x2_n5__t174                            4.99998
gnd_drv_gnd_logic__t556            2.83684e-06
gnd_drv_gnd_logic__t343            2.86757e-06
x2_n5__t46                             4.99998
out__t133                          5.76698e-07
out__t87                           5.71627e-07
x2_n5__t175                            4.99998
gnd_drv_gnd_logic__t557            2.89717e-06
gnd_drv_gnd_logic__t417            2.92549e-06
x2_n5__t176                            4.99998
out__t198                          5.67759e-07
out__t88                           5.65209e-07
x2_n5__t177                            4.99998
gnd_drv_gnd_logic__t558            2.95238e-06
gnd_drv_gnd_logic__t418            2.97804e-06
x2_n5__t178                            4.99998
out__t199                           5.6409e-07
out__t89                           5.64512e-07
x2_n5__t179                            4.99998
gnd_drv_gnd_logic__t559            3.00233e-06
x1_inb__t1                             3.30001
in__t0                             2.85463e-05
vdd_logic__t0                              3.3
vdd_logic                                  3.3
x1_nca__t0                             4.99998
x1_ncb__t1                         3.77694e-05
vdd_drv__t0                                  5
vdd_drv                                      5
x1_ncb__t5                         1.93798e-05
x1_nca__t1                             4.99998
vdd_drv__t671                                5
x1_nbuf1__t2                           5.00003
x1_ncb__t2                         5.45474e-05
vdd_drv__t6                                  5
in_drv__t2                         5.54485e-05
x1_nbuf1__t0                           5.00003
vdd_drv__t8                                  5
x2_n1__t2                              5.00004
in_drv__t0                         5.34897e-05
vdd_drv__t10                                 5
x2_n2__t3                          1.37901e-05
x2_n1__t1                              5.00003
vdd_drv__t12                                 5
x2_n3__t0                                    5
x2_n2__t1                          2.00073e-06
vdd_drv__t2                                  5
x2_n4__t207                        2.49075e-05
x2_n3__t2                              5.00003
vdd_drv__t4                                  5
vdd_drv__t1269                               5
x2_n3__t3                              5.00003
x2_n4__t206                        2.39047e-05
x2_n4__t192                        2.28722e-05
x2_n3__t21                             5.00003
vdd_drv__t1268                               5
vdd_drv__t946                                5
x2_n3__t22                             5.00002
x2_n4__t209                        2.18291e-05
x2_n4__t193                        2.07956e-05
x2_n3__t23                             5.00002
vdd_drv__t1270                               5
vdd_drv__t947                                5
x2_n3__t24                             5.00002
x2_n4__t210                         1.9799e-05
x2_n4__t196                         1.8874e-05
x2_n3__t29                             5.00001
vdd_drv__t1276                               5
vdd_drv__t955                                5
x2_n3__t34                             5.00001
x2_n4__t215                         1.8063e-05
x2_n4__t199                        1.74116e-05
x2_n3__t35                             5.00001
vdd_drv__t1279                               5
vdd_drv__t960                                5
x2_n3__t45                                   5
x2_n4__t220                        1.69565e-05
x2_n4__t200                        1.66942e-05
x2_n3__t38                                   5
vdd_drv__t1280                               5
vdd_drv__t958                                5
x2_n3__t39                                   5
x2_n4__t218                        1.65299e-05
x2_n4__t201                         1.6284e-05
x2_n3__t40                                   5
vdd_drv__t1281                               5
vdd_drv__t957                                5
x2_n3__t37                                   5
x2_n4__t217                        1.58875e-05
x2_n4__t205                        1.54782e-05
x2_n3__t44                                   5
vdd_drv__t1284                               5
vdd_drv__t956                                5
x2_n3__t36                                   5
x2_n4__t216                        1.51925e-05
x2_n4__t191                        1.50652e-05
x2_n3__t19                             5.00001
vdd_drv__t1267                               5
vdd_drv__t948                                5
x2_n3__t25                             5.00001
x2_n4__t211                        1.50714e-05
x2_n4__t194                        1.51696e-05
x2_n3__t26                             5.00002
vdd_drv__t1272                               5
vdd_drv__t949                                5
x2_n3__t27                             5.00002
x2_n4__t212                        1.53199e-05
x2_n4__t195                         1.5491e-05
x2_n3__t28                             5.00002
vdd_drv__t1273                               5
vdd_drv__t953                                5
x2_n3__t30                             5.00002
x2_n4__t213                          1.566e-05
x2_n4__t197                        1.58117e-05
x2_n3__t31                             5.00003
vdd_drv__t1277                               5
vdd_drv__t954                                5
x2_n3__t32                             5.00003
x2_n4__t214                        1.59369e-05
x2_n4__t198                         1.6031e-05
x2_n3__t33                             5.00003
vdd_drv__t1278                               5
vdd_drv__t945                                5
x2_n3__t20                             5.00003
x2_n4__t208                        1.60925e-05
x2_n4__t202                        1.61225e-05
x2_n3__t41                             5.00003
vdd_drv__t1282                               5
vdd_drv__t959                                5
x2_n3__t42                             5.00002
x2_n4__t219                        1.61234e-05
x2_n4__t203                        1.60987e-05
x2_n3__t43                             5.00002
vdd_drv__t1283                               5
vdd_drv__t15                                 5
x2_n3__t4                              5.00002
x2_n4__t204                        1.60499e-05
vdd_drv__t928                                5
x2_n4__t115                        1.44585e-05
x2_n5__t866                            5.00002
x2_n5__t776                            5.00002
x2_n4__t56                         1.52553e-05
vdd_drv__t1050                               5
vdd_drv__t985                                5
x2_n4__t169                         1.6015e-05
x2_n5__t893                            5.00002
x2_n5__t814                            5.00002
x2_n4__t132                        1.67355e-05
vdd_drv__t1258                               5
vdd_drv__t984                                5
x2_n4__t168                        1.74151e-05
x2_n5__t892                            5.00002
x2_n5__t825                            5.00002
x2_n4__t154                        1.80528e-05
vdd_drv__t1301                               5
vdd_drv__t979                                5
x2_n4__t159                        1.86479e-05
x2_n5__t887                            5.00003
x2_n5__t826                            5.00003
x2_n4__t155                        1.92004e-05
vdd_drv__t1302                               5
vdd_drv__t936                                5
x2_n4__t131                        1.97103e-05
x2_n5__t874                            5.00003
x2_n5__t815                            5.00003
x2_n4__t133                         2.0178e-05
vdd_drv__t1259                               5
vdd_drv__t937                                5
x2_n4__t134                        2.06043e-05
x2_n5__t875                            5.00003
x2_n5__t816                            5.00003
x2_n4__t135                          2.099e-05
vdd_drv__t1260                               5
vdd_drv__t938                                5
x2_n4__t136                         2.1336e-05
x2_n5__t876                            5.00003
x2_n5__t817                            5.00003
x2_n4__t137                        2.16436e-05
vdd_drv__t1261                               5
vdd_drv__t939                                5
x2_n4__t138                        2.19142e-05
x2_n5__t877                            5.00003
x2_n5__t833                            5.00003
x2_n4__t171                        2.21488e-05
vdd_drv__t1315                               5
vdd_drv__t990                                5
x2_n4__t172                        2.23492e-05
x2_n5__t895                            5.00003
x2_n5__t834                            5.00003
x2_n4__t173                        2.25166e-05
vdd_drv__t1316                               5
vdd_drv__t991                                5
x2_n4__t174                        2.26525e-05
x2_n5__t896                            5.00003
x2_n5__t835                            5.00003
x2_n4__t175                        2.27586e-05
vdd_drv__t1317                               5
vdd_drv__t988                                5
x2_n4__t170                        2.28361e-05
x2_n5__t894                            5.00003
x2_n5__t832                            5.00003
x2_n4__t167                        2.28866e-05
vdd_drv__t1309                               5
vdd_drv__t983                                5
x2_n4__t166                        2.29116e-05
x2_n5__t891                            5.00003
x2_n5__t831                            5.00003
x2_n4__t165                        2.29124e-05
vdd_drv__t1307                               5
vdd_drv__t982                                5
x2_n4__t164                        2.28907e-05
x2_n5__t890                            5.00003
x2_n5__t830                            5.00003
x2_n4__t163                        2.28474e-05
vdd_drv__t1306                               5
vdd_drv__t981                                5
x2_n4__t162                        2.27843e-05
x2_n5__t889                            5.00003
x2_n5__t829                            5.00003
x2_n4__t161                        2.27024e-05
vdd_drv__t1305                               5
vdd_drv__t980                                5
x2_n4__t160                         2.2603e-05
x2_n5__t888                            5.00003
x2_n5__t828                            5.00003
x2_n4__t158                        2.24872e-05
vdd_drv__t1304                               5
vdd_drv__t978                                5
x2_n4__t157                        2.23563e-05
x2_n5__t886                            5.00003
x2_n5__t827                            5.00003
x2_n4__t156                        2.22111e-05
vdd_drv__t1303                               5
vdd_drv__t875                                5
x2_n4__t60                          2.2053e-05
x2_n5__t839                            5.00003
x2_n5__t809                            5.00003
x2_n4__t124                        2.18827e-05
vdd_drv__t1253                               5
vdd_drv__t932                                5
x2_n4__t122                        2.17012e-05
x2_n5__t870                            5.00003
x2_n5__t808                            5.00003
x2_n4__t121                        2.15094e-05
vdd_drv__t1252                               5
vdd_drv__t930                                5
x2_n4__t118                        2.13083e-05
x2_n5__t868                            5.00003
x2_n5__t806                            5.00003
x2_n4__t117                        2.10983e-05
vdd_drv__t1250                               5
vdd_drv__t929                                5
x2_n4__t116                        2.08805e-05
x2_n5__t867                            5.00003
x2_n5__t811                            5.00003
x2_n4__t127                        2.06553e-05
vdd_drv__t1255                               5
vdd_drv__t934                                5
x2_n4__t126                        2.04236e-05
x2_n5__t872                            5.00003
x2_n5__t810                            5.00003
x2_n4__t125                        2.01858e-05
vdd_drv__t1254                               5
vdd_drv__t933                                5
x2_n4__t123                        1.99427e-05
x2_n5__t871                            5.00003
x2_n5__t807                            5.00003
x2_n4__t120                        1.96947e-05
vdd_drv__t1251                               5
vdd_drv__t931                                5
x2_n4__t119                        1.94423e-05
x2_n5__t869                            5.00003
x2_n5__t823                            5.00003
x2_n4__t149                        1.91858e-05
vdd_drv__t1271                               5
vdd_drv__t952                                5
x2_n4__t151                        1.89259e-05
x2_n5__t884                            5.00003
x2_n5__t822                            5.00003
x2_n4__t148                        1.86628e-05
vdd_drv__t1266                               5
vdd_drv__t941                                5
x2_n4__t140                        1.83971e-05
x2_n5__t879                            5.00003
x2_n5__t818                            5.00003
x2_n4__t141                        1.81289e-05
vdd_drv__t1262                               5
vdd_drv__t942                                5
x2_n4__t142                        1.78586e-05
x2_n5__t880                            5.00003
x2_n5__t819                            5.00003
x2_n4__t143                        1.75864e-05
vdd_drv__t1263                               5
vdd_drv__t943                                5
x2_n4__t144                        1.73127e-05
x2_n5__t881                            5.00003
x2_n5__t820                            5.00003
x2_n4__t145                        1.70377e-05
vdd_drv__t1264                               5
vdd_drv__t944                                5
x2_n4__t146                        1.67616e-05
x2_n5__t882                            5.00003
x2_n5__t821                            5.00003
x2_n4__t147                        1.64846e-05
vdd_drv__t1265                               5
vdd_drv__t940                                5
x2_n4__t139                         1.6207e-05
x2_n5__t878                            5.00003
x2_n5__t813                            5.00003
x2_n4__t130                        1.59289e-05
vdd_drv__t1257                               5
vdd_drv__t935                                5
x2_n4__t129                        1.56503e-05
x2_n5__t873                            5.00003
x2_n5__t812                            5.00003
x2_n4__t128                        1.53717e-05
vdd_drv__t1256                               5
vdd_drv__t20                                 5
x2_n4__t55                         1.50889e-05
x2_n5__t775                            5.00003
x2_n5__t836                            5.00002
x2_n4__t176                        2.84888e-05
vdd_drv__t669                                5
vdd_drv__t903                                5
x2_n4__t70                         2.84625e-05
x2_n5__t844                            5.00002
x2_n5__t783                            5.00002
x2_n4__t71                         2.83972e-05
vdd_drv__t1224                               5
vdd_drv__t904                                5
x2_n4__t72                         2.83062e-05
x2_n5__t845                            5.00002
x2_n5__t784                            5.00002
x2_n4__t73                         2.81881e-05
vdd_drv__t1225                               5
vdd_drv__t905                                5
x2_n4__t74                         2.80418e-05
x2_n5__t846                            5.00002
x2_n5__t785                            5.00002
x2_n4__t75                         2.78657e-05
vdd_drv__t1226                               5
vdd_drv__t906                                5
x2_n4__t76                         2.76586e-05
x2_n5__t847                            5.00002
x2_n5__t790                            5.00002
x2_n4__t86                          2.7419e-05
vdd_drv__t1231                               5
vdd_drv__t908                                5
x2_n4__t78                         2.71456e-05
x2_n5__t849                            5.00002
x2_n5__t786                            5.00002
x2_n4__t79                         2.68372e-05
vdd_drv__t1227                               5
vdd_drv__t909                                5
x2_n4__t80                         2.64925e-05
x2_n5__t850                            5.00002
x2_n5__t787                            5.00002
x2_n4__t81                         2.61101e-05
vdd_drv__t1228                               5
vdd_drv__t910                                5
x2_n4__t82                          2.5689e-05
x2_n5__t851                            5.00002
x2_n5__t788                            5.00002
x2_n4__t83                          2.5228e-05
vdd_drv__t1229                               5
vdd_drv__t911                                5
x2_n4__t84                         2.47262e-05
x2_n5__t852                            5.00002
x2_n5__t789                            5.00002
x2_n4__t85                         2.41827e-05
vdd_drv__t1230                               5
vdd_drv__t907                                5
x2_n4__t77                         2.35969e-05
x2_n5__t848                            5.00002
x2_n5__t778                            5.00002
x2_n4__t61                         2.29682e-05
vdd_drv__t1215                               5
vdd_drv__t902                                5
x2_n4__t68                         2.22962e-05
x2_n5__t843                            5.00002
x2_n5__t782                            5.00002
x2_n4__t69                         2.15811e-05
vdd_drv__t1222                               5
vdd_drv__t915                                5
x2_n4__t94                          2.0823e-05
x2_n5__t856                            5.00002
x2_n5__t797                            5.00002
x2_n4__t98                         2.00227e-05
vdd_drv__t1241                               5
vdd_drv__t897                                5
x2_n4__t67                         1.91811e-05
x2_n5__t842                            5.00002
x2_n5__t781                            5.00002
x2_n4__t66                         1.82998e-05
vdd_drv__t1218                               5
vdd_drv__t896                                5
x2_n4__t65                         1.73807e-05
x2_n5__t841                            5.00002
x2_n5__t780                            5.00002
x2_n4__t64                         1.64266e-05
vdd_drv__t1217                               5
vdd_drv__t895                                5
x2_n4__t63                         1.54409e-05
x2_n5__t840                            5.00002
x2_n5__t779                            5.00002
x2_n4__t62                         1.44278e-05
vdd_drv__t1216                               5
vdd_drv__t951                                5
x2_n4__t150                        1.33922e-05
x2_n5__t883                            5.00002
x2_n5__t824                            5.00002
x2_n4__t153                        1.23405e-05
vdd_drv__t1290                               5
vdd_drv__t964                                5
x2_n4__t152                        1.12798e-05
x2_n5__t885                            5.00002
x2_n5__t794                            5.00002
x2_n4__t92                         1.02189e-05
vdd_drv__t1235                               5
vdd_drv__t914                                5
x2_n4__t93                         9.16775e-06
x2_n5__t855                            5.00002
x2_n5__t796                            5.00002
x2_n4__t97                         8.13811e-06
vdd_drv__t1240                               5
vdd_drv__t916                                5
x2_n4__t95                          7.1436e-06
x2_n5__t857                            5.00002
x2_n5__t795                            5.00002
x2_n4__t96                          6.1999e-06
vdd_drv__t1236                               5
vdd_drv__t872                                5
x2_n4__t57                         5.32482e-06
x2_n5__t837                            5.00002
x2_n5__t802                            5.00002
x2_n4__t108                        4.53842e-06
vdd_drv__t1246                               5
vdd_drv__t925                                5
x2_n4__t109                        3.86312e-06
x2_n5__t863                            5.00002
x2_n5__t803                            5.00002
x2_n4__t110                        3.32323e-06
vdd_drv__t1247                               5
vdd_drv__t926                                5
x2_n4__t111                        2.94235e-06
x2_n5__t864                            5.00002
x2_n5__t800                            5.00002
x2_n4__t103                        2.73571e-06
vdd_drv__t1244                               5
vdd_drv__t922                                5
x2_n4__t104                         2.6815e-06
x2_n5__t860                            5.00002
x2_n5__t801                            5.00002
x2_n4__t105                        2.67675e-06
vdd_drv__t1245                               5
vdd_drv__t924                                5
x2_n4__t107                        2.69082e-06
x2_n5__t862                            5.00002
x2_n5__t804                            5.00002
x2_n4__t112                        2.82718e-06
vdd_drv__t1248                               5
vdd_drv__t927                                5
x2_n4__t113                        3.12471e-06
x2_n5__t865                            5.00002
x2_n5__t805                            5.00002
x2_n4__t114                        3.57352e-06
vdd_drv__t1249                               5
vdd_drv__t923                                5
x2_n4__t106                        4.15125e-06
x2_n5__t861                            5.00002
x2_n5__t791                            5.00002
x2_n4__t87                         4.83433e-06
vdd_drv__t1232                               5
vdd_drv__t912                                5
x2_n4__t88                         5.60028e-06
x2_n5__t853                            5.00002
x2_n5__t792                            5.00002
x2_n4__t89                          6.4291e-06
vdd_drv__t1233                               5
vdd_drv__t913                                5
x2_n4__t90                         7.30322e-06
x2_n5__t854                            5.00002
x2_n5__t793                            5.00002
x2_n4__t91                         8.20703e-06
vdd_drv__t1234                               5
vdd_drv__t873                                5
x2_n4__t58                         9.12718e-06
x2_n5__t838                            5.00002
x2_n5__t777                            5.00002
x2_n4__t59                         1.00522e-05
vdd_drv__t1195                               5
vdd_drv__t920                                5
x2_n4__t99                         1.09724e-05
x2_n5__t858                            5.00002
x2_n5__t798                            5.00002
x2_n4__t100                        1.18794e-05
vdd_drv__t1242                               5
vdd_drv__t921                                5
x2_n4__t101                        1.27665e-05
x2_n5__t859                            5.00002
x2_n5__t799                            5.00002
x2_n4__t102                        1.36277e-05
vdd_drv__t1243                               5
vdd_drv__t795                                5
x2_n5__t472                            5.00002
out__t594                          8.45681e-07
out__t316                          8.51153e-07
x2_n5__t410                            5.00002
vdd_drv__t1090                               5
vdd_drv__t853                                5
x2_n5__t588                            5.00002
out__t652                          8.56683e-07
out__t315                          8.62241e-07
x2_n5__t409                            5.00002
vdd_drv__t1089                               5
vdd_drv__t764                                5
x2_n5__t408                            5.00002
out__t563                          8.67829e-07
out__t314                          8.73414e-07
x2_n5__t407                            5.00002
vdd_drv__t1088                               5
vdd_drv__t779                                5
x2_n5__t441                            5.00002
out__t578                          8.79059e-07
out__t338                          8.84731e-07
x2_n5__t452                            5.00002
vdd_drv__t1112                               5
vdd_drv__t784                                5
x2_n5__t451                            5.00002
out__t583                          8.90432e-07
out__t337                           8.9613e-07
x2_n5__t450                            5.00002
vdd_drv__t1111                               5
vdd_drv__t783                                5
x2_n5__t449                            5.00002
out__t582                          9.01887e-07
out__t336                          9.07672e-07
x2_n5__t448                            5.00002
vdd_drv__t1110                               5
vdd_drv__t782                                5
x2_n5__t447                            5.00002
out__t581                          9.13453e-07
out__t335                          9.19294e-07
x2_n5__t446                            5.00002
vdd_drv__t1109                               5
vdd_drv__t781                                5
x2_n5__t445                            5.00002
out__t580                          9.25163e-07
out__t334                          9.31059e-07
x2_n5__t444                            5.00002
vdd_drv__t1108                               5
vdd_drv__t780                                5
x2_n5__t443                            5.00002
out__t579                          9.36949e-07
out__t333                            9.429e-07
x2_n5__t442                            5.00002
vdd_drv__t1107                               5
vdd_drv__t785                                5
x2_n5__t453                            5.00002
out__t584                          9.48879e-07
out__t332                          9.54884e-07
x2_n5__t440                            5.00002
vdd_drv__t1106                               5
vdd_drv__t778                                5
x2_n5__t439                            5.00002
out__t577                          9.60883e-07
out__t331                          9.66943e-07
x2_n5__t438                            5.00002
vdd_drv__t1105                               5
vdd_drv__t777                                5
x2_n5__t437                            5.00002
out__t576                          9.73029e-07
out__t330                          9.79108e-07
x2_n5__t436                            5.00002
vdd_drv__t1104                               5
vdd_drv__t776                                5
x2_n5__t435                            5.00002
out__t575                          9.85248e-07
out__t329                          9.91415e-07
x2_n5__t434                            5.00002
vdd_drv__t1103                               5
vdd_drv__t775                                5
x2_n5__t433                            5.00002
out__t574                          9.97608e-07
out__t328                          1.00379e-06
x2_n5__t432                            5.00002
vdd_drv__t1102                               5
vdd_drv__t774                                5
x2_n5__t431                            5.00002
out__t573                          1.01004e-06
out__t327                          1.01631e-06
x2_n5__t430                            5.00002
vdd_drv__t1101                               5
vdd_drv__t815                                5
x2_n5__t512                            5.00002
out__t614                          1.02261e-06
out__t397                           1.0289e-06
x2_n5__t571                            5.00002
vdd_drv__t1171                               5
vdd_drv__t844                                5
x2_n5__t570                            5.00002
out__t643                          1.03525e-06
out__t396                          1.04163e-06
x2_n5__t569                            5.00002
vdd_drv__t1170                               5
vdd_drv__t843                                5
x2_n5__t568                            5.00002
out__t642                          1.04803e-06
out__t395                          1.05442e-06
x2_n5__t567                            5.00002
vdd_drv__t1169                               5
vdd_drv__t842                                5
x2_n5__t566                            5.00002
out__t641                          1.06087e-06
out__t394                          1.06735e-06
x2_n5__t565                            5.00002
vdd_drv__t1168                               5
vdd_drv__t841                                5
x2_n5__t564                            5.00002
out__t640                          1.07382e-06
out__t393                          1.08035e-06
x2_n5__t563                            5.00002
vdd_drv__t1167                               5
vdd_drv__t840                                5
x2_n5__t562                            5.00002
out__t639                          1.08691e-06
out__t392                          1.09349e-06
x2_n5__t561                            5.00002
vdd_drv__t1166                               5
vdd_drv__t845                                5
x2_n5__t572                            5.00002
out__t644                          1.10005e-06
out__t391                          1.10668e-06
x2_n5__t559                            5.00002
vdd_drv__t1165                               5
vdd_drv__t838                                5
x2_n5__t558                            5.00002
out__t637                          1.11334e-06
out__t390                          1.12002e-06
x2_n5__t557                            5.00002
vdd_drv__t1164                               5
vdd_drv__t837                                5
x2_n5__t556                            5.00002
out__t636                          1.12669e-06
out__t389                          1.13342e-06
x2_n5__t555                            5.00002
vdd_drv__t1163                               5
vdd_drv__t836                                5
x2_n5__t554                            5.00002
out__t635                          1.14017e-06
out__t388                          1.14695e-06
x2_n5__t553                            5.00002
vdd_drv__t1162                               5
vdd_drv__t835                                5
x2_n5__t552                            5.00002
out__t634                          1.15371e-06
out__t387                          1.16054e-06
x2_n5__t551                            5.00002
vdd_drv__t1161                               5
vdd_drv__t834                                5
x2_n5__t550                            5.00002
out__t633                          1.16739e-06
out__t386                          1.17423e-06
x2_n5__t549                            5.00002
vdd_drv__t1160                               5
vdd_drv__t851                                5
x2_n5__t584                            5.00002
out__t650                          1.18113e-06
out__t409                          1.18806e-06
x2_n5__t595                            5.00002
vdd_drv__t1183                               5
vdd_drv__t856                                5
x2_n5__t594                            5.00002
out__t655                            1.195e-06
out__t408                          1.20193e-06
x2_n5__t593                            5.00002
vdd_drv__t1182                               5
vdd_drv__t855                                5
x2_n5__t592                            5.00002
out__t654                          1.20893e-06
out__t407                          1.21595e-06
x2_n5__t591                            5.00002
vdd_drv__t1181                               5
vdd_drv__t854                                5
x2_n5__t590                            5.00002
out__t653                          1.22299e-06
out__t406                          1.23002e-06
x2_n5__t589                            5.00002
vdd_drv__t1180                               5
vdd_drv__t19                                 5
x2_n5__t221                            5.00002
out__t220                          1.23694e-06
out__t317                          5.68852e-07
x2_n5__t412                            5.00002
vdd_drv__t1091                               5
vdd_drv__t765                                5
x2_n5__t411                            5.00002
out__t564                          5.72415e-07
out__t347                          5.76013e-07
x2_n5__t471                            5.00002
vdd_drv__t1121                               5
vdd_drv__t794                                5
x2_n5__t470                            5.00002
out__t593                          5.79625e-07
out__t346                          5.83291e-07
x2_n5__t469                            5.00002
vdd_drv__t1120                               5
vdd_drv__t793                                5
x2_n5__t468                            5.00002
out__t592                          5.86992e-07
out__t345                          5.90727e-07
x2_n5__t467                            5.00002
vdd_drv__t1119                               5
vdd_drv__t792                                5
x2_n5__t466                            5.00002
out__t591                          5.94475e-07
out__t350                          5.98277e-07
x2_n5__t477                            5.00002
vdd_drv__t1124                               5
vdd_drv__t791                                5
x2_n5__t464                            5.00002
out__t590                          6.02114e-07
out__t343                          6.05963e-07
x2_n5__t463                            5.00002
vdd_drv__t1117                               5
vdd_drv__t790                                5
x2_n5__t462                            5.00002
out__t589                          6.09867e-07
out__t342                          6.13805e-07
x2_n5__t461                            5.00002
vdd_drv__t1116                               5
vdd_drv__t789                                5
x2_n5__t460                            5.00002
out__t588                          6.17754e-07
out__t341                          6.21759e-07
x2_n5__t459                            5.00002
vdd_drv__t1115                               5
vdd_drv__t788                                5
x2_n5__t458                            5.00002
out__t587                          6.25797e-07
out__t340                          6.29868e-07
x2_n5__t457                            5.00002
vdd_drv__t1114                               5
vdd_drv__t787                                5
x2_n5__t456                            5.00002
out__t586                          6.33949e-07
out__t339                          6.38087e-07
x2_n5__t455                            5.00002
vdd_drv__t1113                               5
vdd_drv__t786                                5
x2_n5__t454                            5.00002
out__t585                          6.42258e-07
out__t356                          6.46438e-07
x2_n5__t489                            5.00002
vdd_drv__t1130                               5
vdd_drv__t809                                5
x2_n5__t500                            5.00002
out__t608                          6.50674e-07
out__t361                          6.54943e-07
x2_n5__t499                            5.00002
vdd_drv__t1135                               5
vdd_drv__t808                                5
x2_n5__t498                            5.00002
out__t607                          6.59245e-07
out__t360                          6.63555e-07
x2_n5__t497                            5.00002
vdd_drv__t1134                               5
vdd_drv__t807                                5
x2_n5__t496                            5.00002
out__t606                          6.67922e-07
out__t359                          6.72321e-07
x2_n5__t495                            5.00002
vdd_drv__t1133                               5
vdd_drv__t806                                5
x2_n5__t494                            5.00002
out__t605                          6.76728e-07
out__t358                          6.81192e-07
x2_n5__t493                            5.00002
vdd_drv__t1132                               5
vdd_drv__t805                                5
x2_n5__t492                            5.00002
out__t604                          6.85687e-07
out__t357                           6.9019e-07
x2_n5__t491                            5.00002
vdd_drv__t1131                               5
vdd_drv__t804                                5
x2_n5__t490                            5.00002
out__t603                          6.94749e-07
out__t362                          6.99341e-07
x2_n5__t501                            5.00002
vdd_drv__t1136                               5
vdd_drv__t803                                5
x2_n5__t488                            5.00002
out__t602                          7.03964e-07
out__t355                          7.08593e-07
x2_n5__t487                            5.00002
vdd_drv__t1129                               5
vdd_drv__t802                                5
x2_n5__t486                            5.00002
out__t601                           7.1328e-07
out__t354                          7.17997e-07
x2_n5__t485                            5.00002
vdd_drv__t1128                               5
vdd_drv__t801                                5
x2_n5__t484                            5.00002
out__t600                           7.2272e-07
out__t353                          7.27501e-07
x2_n5__t483                            5.00002
vdd_drv__t1127                               5
vdd_drv__t800                                5
x2_n5__t482                            5.00002
out__t599                          7.32312e-07
out__t352                          7.37155e-07
x2_n5__t481                            5.00002
vdd_drv__t1126                               5
vdd_drv__t799                                5
x2_n5__t480                            5.00002
out__t598                          7.42001e-07
out__t351                          7.46906e-07
x2_n5__t479                            5.00002
vdd_drv__t1125                               5
vdd_drv__t798                                5
x2_n5__t478                            5.00002
out__t597                          7.51841e-07
out__t344                          7.56779e-07
x2_n5__t465                            5.00002
vdd_drv__t1118                               5
vdd_drv__t773                                5
x2_n5__t428                            5.00002
out__t572                          7.61775e-07
out__t325                          7.66803e-07
x2_n5__t427                            5.00002
vdd_drv__t1099                               5
vdd_drv__t772                                5
x2_n5__t426                            5.00002
out__t571                           7.7186e-07
out__t324                          7.76919e-07
x2_n5__t425                            5.00002
vdd_drv__t1098                               5
vdd_drv__t771                                5
x2_n5__t424                            5.00002
out__t570                          7.82037e-07
out__t323                          7.87185e-07
x2_n5__t423                            5.00002
vdd_drv__t1097                               5
vdd_drv__t770                                5
x2_n5__t422                            5.00002
out__t569                          7.92363e-07
out__t322                          7.97542e-07
x2_n5__t421                            5.00002
vdd_drv__t1096                               5
vdd_drv__t769                                5
x2_n5__t420                            5.00002
out__t568                          8.02779e-07
out__t321                          8.08047e-07
x2_n5__t419                            5.00002
vdd_drv__t1095                               5
vdd_drv__t768                                5
x2_n5__t418                            5.00002
out__t567                          8.13314e-07
out__t326                           8.1864e-07
x2_n5__t429                            5.00002
vdd_drv__t1100                               5
vdd_drv__t767                                5
x2_n5__t416                            5.00002
out__t566                          8.23996e-07
out__t319                          8.29382e-07
x2_n5__t415                            5.00002
vdd_drv__t1093                               5
vdd_drv__t766                                5
x2_n5__t414                            5.00002
out__t565                          8.34766e-07
out__t318                          8.40209e-07
x2_n5__t413                            5.00002
vdd_drv__t1092                               5
vdd_drv__t796                                5
x2_n5__t474                            5.00002
out__t595                          5.65342e-07
out__t405                           4.1478e-07
x2_n5__t587                            5.00001
vdd_drv__t1179                               5
vdd_drv__t677                                5
x2_n5__t231                            5.00001
out__t476                          4.16061e-07
out__t224                          4.17386e-07
x2_n5__t230                            5.00001
vdd_drv__t997                                5
vdd_drv__t683                                5
x2_n5__t242                            5.00001
out__t482                          4.18736e-07
out__t299                          4.20131e-07
x2_n5__t379                            5.00001
vdd_drv__t1073                               5
vdd_drv__t707                                5
x2_n5__t288                            5.00001
out__t506                          4.21561e-07
out__t251                          4.23016e-07
x2_n5__t287                            5.00001
vdd_drv__t1024                               5
vdd_drv__t706                                5
x2_n5__t286                            5.00001
out__t505                          4.24516e-07
out__t250                          4.26042e-07
x2_n5__t285                            5.00001
vdd_drv__t1023                               5
vdd_drv__t705                                5
x2_n5__t284                            5.00001
out__t504                          4.27613e-07
out__t249                           4.2922e-07
x2_n5__t283                            5.00001
vdd_drv__t1022                               5
vdd_drv__t704                                5
x2_n5__t282                            5.00001
out__t503                          4.30852e-07
out__t248                           4.3253e-07
x2_n5__t281                            5.00001
vdd_drv__t1021                               5
vdd_drv__t703                                5
x2_n5__t280                            5.00001
out__t502                          4.34233e-07
out__t247                          4.35982e-07
x2_n5__t279                            5.00001
vdd_drv__t1020                               5
vdd_drv__t702                                5
x2_n5__t278                            5.00001
out__t501                          4.37766e-07
out__t252                          4.39576e-07
x2_n5__t289                            5.00001
vdd_drv__t1025                               5
vdd_drv__t700                                5
x2_n5__t276                            5.00001
out__t499                          4.41433e-07
out__t246                          4.43325e-07
x2_n5__t275                            5.00001
vdd_drv__t1019                               5
vdd_drv__t699                                5
x2_n5__t274                            5.00001
out__t498                          4.45242e-07
out__t245                          4.47206e-07
x2_n5__t273                            5.00002
vdd_drv__t1018                               5
vdd_drv__t698                                5
x2_n5__t272                            5.00002
out__t497                          4.49206e-07
out__t244                          4.51231e-07
x2_n5__t271                            5.00002
vdd_drv__t1017                               5
vdd_drv__t697                                5
x2_n5__t270                            5.00002
out__t496                          4.53303e-07
out__t243                          4.55399e-07
x2_n5__t269                            5.00002
vdd_drv__t1016                               5
vdd_drv__t696                                5
x2_n5__t268                            5.00002
out__t495                          4.57543e-07
out__t242                          4.59723e-07
x2_n5__t267                            5.00002
vdd_drv__t1015                               5
vdd_drv__t712                                5
x2_n5__t301                            5.00002
out__t511                          4.61926e-07
out__t265                          4.64178e-07
x2_n5__t312                            5.00002
vdd_drv__t1038                               5
vdd_drv__t717                                5
x2_n5__t311                            5.00002
out__t516                          4.66467e-07
out__t264                          4.68778e-07
x2_n5__t310                            5.00002
vdd_drv__t1037                               5
vdd_drv__t716                                5
x2_n5__t309                            5.00002
out__t515                          4.71138e-07
out__t263                          4.73534e-07
x2_n5__t308                            5.00002
vdd_drv__t1036                               5
vdd_drv__t715                                5
x2_n5__t307                            5.00002
out__t514                          4.75953e-07
out__t262                          4.78421e-07
x2_n5__t306                            5.00002
vdd_drv__t1035                               5
vdd_drv__t714                                5
x2_n5__t305                            5.00002
out__t513                          4.80925e-07
out__t261                           4.8345e-07
x2_n5__t304                            5.00002
vdd_drv__t1034                               5
vdd_drv__t713                                5
x2_n5__t303                            5.00002
out__t512                          4.86027e-07
out__t260                          4.88638e-07
x2_n5__t302                            5.00002
vdd_drv__t1033                               5
vdd_drv__t718                                5
x2_n5__t313                            5.00002
out__t517                          4.91271e-07
out__t259                          4.93955e-07
x2_n5__t300                            5.00002
vdd_drv__t1032                               5
vdd_drv__t711                                5
x2_n5__t299                            5.00002
out__t510                          4.96674e-07
out__t258                          4.99414e-07
x2_n5__t298                            5.00002
vdd_drv__t1031                               5
vdd_drv__t710                                5
x2_n5__t297                            5.00002
out__t509                          5.02204e-07
out__t257                          5.05031e-07
x2_n5__t296                            5.00002
vdd_drv__t1030                               5
vdd_drv__t709                                5
x2_n5__t295                            5.00002
out__t508                          5.07877e-07
out__t256                          5.10774e-07
x2_n5__t294                            5.00002
vdd_drv__t1029                               5
vdd_drv__t708                                5
x2_n5__t293                            5.00002
out__t507                          5.13708e-07
out__t255                           5.1666e-07
x2_n5__t292                            5.00002
vdd_drv__t1028                               5
vdd_drv__t701                                5
x2_n5__t277                            5.00002
out__t500                          5.19664e-07
out__t253                          5.22704e-07
x2_n5__t290                            5.00002
vdd_drv__t1026                               5
vdd_drv__t695                                5
x2_n5__t264                            5.00002
out__t494                          5.25762e-07
out__t229                          5.28872e-07
x2_n5__t241                            5.00002
vdd_drv__t1002                               5
vdd_drv__t682                                5
x2_n5__t240                            5.00002
out__t481                          5.32017e-07
out__t228                           5.3518e-07
x2_n5__t239                            5.00002
vdd_drv__t1001                               5
vdd_drv__t681                                5
x2_n5__t238                            5.00002
out__t480                          5.38396e-07
out__t227                          5.41647e-07
x2_n5__t237                            5.00002
vdd_drv__t1000                               5
vdd_drv__t680                                5
x2_n5__t236                            5.00002
out__t479                          5.44933e-07
out__t226                          5.48235e-07
x2_n5__t235                            5.00002
vdd_drv__t999                                5
vdd_drv__t679                                5
x2_n5__t234                            5.00002
out__t478                          5.51591e-07
out__t225                          5.54981e-07
x2_n5__t233                            5.00002
vdd_drv__t998                                5
vdd_drv__t678                                5
x2_n5__t232                            5.00002
out__t477                          5.58388e-07
out__t348                          5.61847e-07
x2_n5__t473                            5.00002
vdd_drv__t1122                               5
vdd_drv__t822                                5
x2_n5__t526                                  5
out__t621                          3.94293e-07
out__t320                          3.93907e-07
x2_n5__t417                                  5
vdd_drv__t1094                               5
vdd_drv__t852                                5
x2_n5__t586                            5.00001
out__t651                          3.93535e-07
out__t404                          3.93179e-07
x2_n5__t585                            5.00001
vdd_drv__t1178                               5
vdd_drv__t857                                5
x2_n5__t596                            5.00001
out__t656                          3.92839e-07
out__t403                          3.92515e-07
x2_n5__t583                            5.00001
vdd_drv__t1177                               5
vdd_drv__t850                                5
x2_n5__t582                            5.00001
out__t649                          3.92209e-07
out__t402                           3.9192e-07
x2_n5__t581                            5.00001
vdd_drv__t1176                               5
vdd_drv__t849                                5
x2_n5__t580                            5.00001
out__t648                           3.9165e-07
out__t401                          3.91399e-07
x2_n5__t579                            5.00001
vdd_drv__t1175                               5
vdd_drv__t848                                5
x2_n5__t578                            5.00001
out__t647                          3.91168e-07
out__t400                          3.90957e-07
x2_n5__t577                            5.00001
vdd_drv__t1174                               5
vdd_drv__t847                                5
x2_n5__t576                            5.00001
out__t646                          3.90766e-07
out__t399                          3.90596e-07
x2_n5__t575                            5.00001
vdd_drv__t1173                               5
vdd_drv__t846                                5
x2_n5__t574                            5.00001
out__t645                          3.90448e-07
out__t398                          3.90322e-07
x2_n5__t573                            5.00001
vdd_drv__t1172                               5
vdd_drv__t839                                5
x2_n5__t560                            5.00001
out__t638                           3.9022e-07
out__t373                          3.90139e-07
x2_n5__t523                            5.00001
vdd_drv__t1147                               5
vdd_drv__t820                                5
x2_n5__t522                            5.00001
out__t619                          3.90082e-07
out__t372                          3.90049e-07
x2_n5__t521                            5.00001
vdd_drv__t1146                               5
vdd_drv__t819                                5
x2_n5__t520                            5.00001
out__t618                          3.90043e-07
out__t371                          3.90059e-07
x2_n5__t519                            5.00001
vdd_drv__t1145                               5
vdd_drv__t818                                5
x2_n5__t518                            5.00001
out__t617                            3.901e-07
out__t370                          3.90167e-07
x2_n5__t517                            5.00001
vdd_drv__t1144                               5
vdd_drv__t817                                5
x2_n5__t516                            5.00001
out__t616                          3.90263e-07
out__t369                          3.90382e-07
x2_n5__t515                            5.00001
vdd_drv__t1143                               5
vdd_drv__t816                                5
x2_n5__t514                            5.00001
out__t615                          3.90528e-07
out__t368                          3.90704e-07
x2_n5__t513                            5.00001
vdd_drv__t1142                               5
vdd_drv__t821                                5
x2_n5__t524                            5.00001
out__t620                          3.90904e-07
out__t367                          3.91132e-07
x2_n5__t511                            5.00001
vdd_drv__t1141                               5
vdd_drv__t814                                5
x2_n5__t510                            5.00001
out__t613                          3.91392e-07
out__t366                          3.91676e-07
x2_n5__t509                            5.00001
vdd_drv__t1140                               5
vdd_drv__t813                                5
x2_n5__t508                            5.00001
out__t612                          3.91993e-07
out__t365                          3.92336e-07
x2_n5__t507                            5.00001
vdd_drv__t1139                               5
vdd_drv__t812                                5
x2_n5__t506                            5.00001
out__t611                          3.92712e-07
out__t364                          3.93113e-07
x2_n5__t505                            5.00001
vdd_drv__t1138                               5
vdd_drv__t811                                5
x2_n5__t504                            5.00001
out__t610                          3.93544e-07
out__t363                           3.9401e-07
x2_n5__t503                            5.00001
vdd_drv__t1137                               5
vdd_drv__t810                                5
x2_n5__t502                            5.00001
out__t609                          3.94501e-07
out__t379                          3.95029e-07
x2_n5__t536                            5.00001
vdd_drv__t1153                               5
vdd_drv__t833                                5
x2_n5__t547                            5.00001
out__t632                          3.95582e-07
out__t384                          3.96171e-07
x2_n5__t546                            5.00001
vdd_drv__t1158                               5
vdd_drv__t832                                5
x2_n5__t545                            5.00001
out__t631                          3.96787e-07
out__t383                           3.9744e-07
x2_n5__t544                            5.00001
vdd_drv__t1157                               5
vdd_drv__t831                                5
x2_n5__t543                            5.00001
out__t630                          3.98119e-07
out__t382                          3.98836e-07
x2_n5__t542                            5.00001
vdd_drv__t1156                               5
vdd_drv__t830                                5
x2_n5__t541                            5.00001
out__t629                           3.9958e-07
out__t381                          4.00361e-07
x2_n5__t540                            5.00001
vdd_drv__t1155                               5
vdd_drv__t829                                5
x2_n5__t539                            5.00001
out__t628                           4.0117e-07
out__t380                          4.02018e-07
x2_n5__t538                            5.00001
vdd_drv__t1154                               5
vdd_drv__t828                                5
x2_n5__t537                            5.00001
out__t627                          4.02892e-07
out__t385                          4.03806e-07
x2_n5__t548                            5.00001
vdd_drv__t1159                               5
vdd_drv__t827                                5
x2_n5__t535                            5.00001
out__t626                          4.04746e-07
out__t378                          4.05727e-07
x2_n5__t534                            5.00001
vdd_drv__t1152                               5
vdd_drv__t826                                5
x2_n5__t533                            5.00001
out__t625                          4.06742e-07
out__t377                          4.07784e-07
x2_n5__t532                            5.00001
vdd_drv__t1151                               5
vdd_drv__t825                                5
x2_n5__t531                            5.00001
out__t624                          4.08866e-07
out__t376                          4.09976e-07
x2_n5__t530                            5.00001
vdd_drv__t1150                               5
vdd_drv__t824                                5
x2_n5__t529                            5.00001
out__t623                          4.11127e-07
out__t375                          4.12305e-07
x2_n5__t528                            5.00001
vdd_drv__t1149                               5
vdd_drv__t823                                5
x2_n5__t527                            5.00001
out__t622                          4.13525e-07
out__t349                          3.94694e-07
x2_n5__t476                                  5
vdd_drv__t1123                               5
vdd_drv__t674                                5
x2_n5__t226                                  5
out__t473                           4.3343e-07
out__t277                          4.31393e-07
x2_n5__t337                                  5
vdd_drv__t1051                               5
vdd_drv__t757                                5
x2_n5__t396                                  5
out__t556                          4.29464e-07
out__t309                          4.27651e-07
x2_n5__t395                                  5
vdd_drv__t1083                               5
vdd_drv__t763                                5
x2_n5__t406                                  5
out__t562                          4.25946e-07
out__t307                          4.24347e-07
x2_n5__t393                                  5
vdd_drv__t1081                               5
vdd_drv__t756                                5
x2_n5__t392                                  5
out__t555                          4.22857e-07
out__t306                           4.2147e-07
x2_n5__t391                                  5
vdd_drv__t1080                               5
vdd_drv__t752                                5
x2_n5__t383                                  5
out__t551                          4.20188e-07
out__t294                          4.19003e-07
x2_n5__t370                                  5
vdd_drv__t1068                               5
vdd_drv__t730                                5
x2_n5__t335                                  5
out__t529                          4.17919e-07
out__t275                          4.16931e-07
x2_n5__t334                                  5
vdd_drv__t1048                               5
vdd_drv__t729                                5
x2_n5__t333                                  5
out__t528                          4.16038e-07
out__t274                          4.15236e-07
x2_n5__t332                                  5
vdd_drv__t1047                               5
vdd_drv__t728                                5
x2_n5__t331                                  5
out__t527                          4.14525e-07
out__t273                          4.13901e-07
x2_n5__t330                                  5
vdd_drv__t1046                               5
vdd_drv__t727                                5
x2_n5__t329                                  5
out__t526                          4.13361e-07
out__t272                          4.12902e-07
x2_n5__t328                                  5
vdd_drv__t1045                               5
vdd_drv__t726                                5
x2_n5__t327                                  5
out__t525                          4.12518e-07
out__t271                          4.12207e-07
x2_n5__t326                                  5
vdd_drv__t1044                               5
vdd_drv__t725                                5
x2_n5__t325                                  5
out__t524                           4.1196e-07
out__t276                           4.1177e-07
x2_n5__t336                                  5
vdd_drv__t1049                               5
vdd_drv__t723                                5
x2_n5__t323                                  5
out__t522                          4.11624e-07
out__t270                          4.11508e-07
x2_n5__t322                                  5
vdd_drv__t1043                               5
vdd_drv__t722                                5
x2_n5__t321                                  5
out__t521                          4.11402e-07
out__t269                          4.11286e-07
x2_n5__t320                                  5
vdd_drv__t1042                               5
vdd_drv__t721                                5
x2_n5__t319                                  5
out__t520                          4.11143e-07
out__t268                          4.10962e-07
x2_n5__t318                                  5
vdd_drv__t1041                               5
vdd_drv__t720                                5
x2_n5__t317                                  5
out__t519                          4.10741e-07
out__t267                          4.10479e-07
x2_n5__t316                                  5
vdd_drv__t1040                               5
vdd_drv__t719                                5
x2_n5__t315                                  5
out__t518                          4.10182e-07
out__t266                          4.09852e-07
x2_n5__t314                                  5
vdd_drv__t1039                               5
vdd_drv__t735                                5
x2_n5__t347                                  5
out__t534                          4.09496e-07
out__t288                          4.09114e-07
x2_n5__t358                                  5
vdd_drv__t1062                               5
vdd_drv__t740                                5
x2_n5__t357                                  5
out__t539                          4.08711e-07
out__t287                          4.08289e-07
x2_n5__t356                                  5
vdd_drv__t1061                               5
vdd_drv__t739                                5
x2_n5__t355                                  5
out__t538                          4.07851e-07
out__t286                          4.07399e-07
x2_n5__t354                                  5
vdd_drv__t1060                               5
vdd_drv__t738                                5
x2_n5__t353                                  5
out__t537                          4.06933e-07
out__t285                          4.06456e-07
x2_n5__t352                                  5
vdd_drv__t1059                               5
vdd_drv__t737                                5
x2_n5__t351                                  5
out__t536                          4.05969e-07
out__t284                          4.05474e-07
x2_n5__t350                                  5
vdd_drv__t1058                               5
vdd_drv__t736                                5
x2_n5__t349                                  5
out__t535                          4.04972e-07
out__t283                          4.04463e-07
x2_n5__t348                                  5
vdd_drv__t1057                               5
vdd_drv__t741                                5
x2_n5__t359                                  5
out__t540                           4.0395e-07
out__t282                          4.03435e-07
x2_n5__t346                                  5
vdd_drv__t1056                               5
vdd_drv__t734                                5
x2_n5__t345                                  5
out__t533                          4.02917e-07
out__t281                          4.02397e-07
x2_n5__t344                                  5
vdd_drv__t1055                               5
vdd_drv__t901                                5
x2_n5__t667                                  5
out__t694                          4.01877e-07
out__t280                          4.01359e-07
x2_n5__t343                                  5
vdd_drv__t1054                               5
vdd_drv__t733                                5
x2_n5__t342                                  5
out__t532                          4.00842e-07
out__t279                          4.00328e-07
x2_n5__t341                                  5
vdd_drv__t1053                               5
vdd_drv__t732                                5
x2_n5__t340                                  5
out__t531                          3.99816e-07
out__t278                          3.99311e-07
x2_n5__t339                                  5
vdd_drv__t1052                               5
vdd_drv__t731                                5
x2_n5__t338                                  5
out__t530                           3.9881e-07
out__t305                          3.98316e-07
x2_n5__t390                                  5
vdd_drv__t1079                               5
vdd_drv__t755                                5
x2_n5__t389                                  5
out__t554                           3.9783e-07
out__t304                          3.97351e-07
x2_n5__t388                                  5
vdd_drv__t1078                               5
vdd_drv__t754                                5
x2_n5__t387                                  5
out__t553                          3.96882e-07
out__t303                          3.96422e-07
x2_n5__t386                                  5
vdd_drv__t1077                               5
vdd_drv__t753                                5
x2_n5__t385                                  5
out__t552                          3.95972e-07
out__t302                          3.95534e-07
x2_n5__t384                                  5
vdd_drv__t1076                               5
vdd_drv__t797                                5
x2_n5__t475                                  5
out__t596                          3.95107e-07
out__t308                          4.37195e-07
x2_n5__t394                                  5
vdd_drv__t1082                               5
vdd_drv__t762                                5
x2_n5__t405                                  5
out__t561                          4.37258e-07
out__t313                          4.37335e-07
x2_n5__t404                                  5
vdd_drv__t1087                               5
vdd_drv__t761                                5
x2_n5__t403                                  5
out__t560                          4.37442e-07
out__t312                          4.37562e-07
x2_n5__t402                                  5
vdd_drv__t1086                               5
vdd_drv__t760                                5
x2_n5__t401                                  5
out__t559                           4.3771e-07
out__t311                           4.3787e-07
x2_n5__t400                                  5
vdd_drv__t1085                               5
vdd_drv__t759                                5
x2_n5__t399                                  5
out__t558                          4.38057e-07
out__t235                          4.38254e-07
x2_n5__t254                                  5
vdd_drv__t1008                               5
vdd_drv__t694                                5
x2_n5__t263                                  5
out__t493                          4.38476e-07
out__t239                          4.38708e-07
x2_n5__t262                                  5
vdd_drv__t1012                               5
vdd_drv__t693                                5
x2_n5__t261                                  5
out__t492                          4.38964e-07
out__t238                          4.39226e-07
x2_n5__t260                                  5
vdd_drv__t1011                               5
vdd_drv__t692                                5
x2_n5__t259                                  5
out__t491                          4.39511e-07
out__t237                          4.39809e-07
x2_n5__t258                                  5
vdd_drv__t1010                               5
vdd_drv__t691                                5
x2_n5__t257                                  5
out__t490                          4.40112e-07
out__t236                          4.40435e-07
x2_n5__t256                                  5
vdd_drv__t1009                               5
vdd_drv__t690                                5
x2_n5__t255                                  5
out__t489                          4.40761e-07
out__t241                          4.41105e-07
x2_n5__t266                                  5
vdd_drv__t1014                               5
vdd_drv__t689                                5
x2_n5__t253                                  5
out__t488                          4.41458e-07
out__t234                          4.41811e-07
x2_n5__t252                                  5
vdd_drv__t1007                               5
vdd_drv__t688                                5
x2_n5__t251                                  5
out__t487                          4.42179e-07
out__t233                          4.42554e-07
x2_n5__t250                                  5
vdd_drv__t1006                               5
vdd_drv__t687                                5
x2_n5__t249                                  5
out__t486                          4.42925e-07
out__t232                          4.43309e-07
x2_n5__t248                                  5
vdd_drv__t1005                               5
vdd_drv__t686                                5
x2_n5__t247                                  5
out__t485                          4.43696e-07
out__t231                          4.44075e-07
x2_n5__t246                                  5
vdd_drv__t1004                               5
vdd_drv__t685                                5
x2_n5__t245                                  5
out__t484                          4.44466e-07
out__t230                          4.44855e-07
x2_n5__t244                                  5
vdd_drv__t1003                               5
vdd_drv__t684                                5
x2_n5__t243                                  5
out__t483                          4.45243e-07
out__t254                           4.4562e-07
x2_n5__t291                                  5
vdd_drv__t1027                               5
vdd_drv__t751                                5
x2_n5__t381                                  5
out__t550                          4.46001e-07
out__t300                          4.46377e-07
x2_n5__t380                                  5
vdd_drv__t1074                               5
vdd_drv__t724                                5
x2_n5__t324                                  5
out__t523                          4.46747e-07
out__t298                          4.47109e-07
x2_n5__t378                                  5
vdd_drv__t1072                               5
vdd_drv__t750                                5
x2_n5__t377                                  5
out__t549                          4.47462e-07
out__t297                          4.47805e-07
x2_n5__t376                                  5
vdd_drv__t1071                               5
vdd_drv__t749                                5
x2_n5__t375                                  5
out__t548                          4.48126e-07
out__t296                          4.48444e-07
x2_n5__t374                                  5
vdd_drv__t1070                               5
vdd_drv__t748                                5
x2_n5__t373                                  5
out__t547                          4.48746e-07
out__t295                          4.49041e-07
x2_n5__t372                                  5
vdd_drv__t1069                               5
vdd_drv__t747                                5
x2_n5__t371                                  5
out__t546                          4.49309e-07
out__t301                          4.49557e-07
x2_n5__t382                                  5
vdd_drv__t1075                               5
vdd_drv__t746                                5
x2_n5__t369                                  5
out__t545                          4.49783e-07
out__t293                          4.49986e-07
x2_n5__t368                                  5
vdd_drv__t1067                               5
vdd_drv__t745                                5
x2_n5__t367                                  5
out__t544                          4.50162e-07
out__t292                          4.50321e-07
x2_n5__t366                                  5
vdd_drv__t1066                               5
vdd_drv__t744                                5
x2_n5__t365                                  5
out__t543                          4.50437e-07
out__t291                          4.50518e-07
x2_n5__t364                                  5
vdd_drv__t1065                               5
vdd_drv__t743                                5
x2_n5__t363                                  5
out__t542                          4.50567e-07
out__t290                          4.50556e-07
x2_n5__t362                                  5
vdd_drv__t1064                               5
vdd_drv__t742                                5
x2_n5__t361                                  5
out__t541                          4.50488e-07
out__t289                          4.50316e-07
x2_n5__t360                                  5
vdd_drv__t1063                               5
vdd_drv__t758                                5
x2_n5__t398                                  5
out__t557                          4.49929e-07
out__t310                          4.49071e-07
x2_n5__t397                                  5
vdd_drv__t1084                               5
vdd_drv__t673                                5
x2_n5__t225                                  5
out__t472                          4.47367e-07
out__t222                          4.45068e-07
x2_n5__t224                                  5
vdd_drv__t995                                5
vdd_drv__t672                                5
x2_n5__t223                                  5
out__t471                          4.42624e-07
out__t221                          4.40188e-07
x2_n5__t222                                  5
vdd_drv__t994                                5
vdd_drv__t676                                5
x2_n5__t229                                  5
out__t475                          4.37829e-07
out__t240                          4.35577e-07
x2_n5__t265                                  5
vdd_drv__t1013                               5
vdd_drv__t675                                5
x2_n5__t228                                  5
out__t474                          4.37164e-07
out__t374                          4.99377e-07
x2_n5__t525                            5.00001
vdd_drv__t1148                               5
vdd_drv__t962                                5
x2_n5__t681                            5.00001
out__t700                          4.97226e-07
out__t450                          4.95132e-07
x2_n5__t680                            5.00001
vdd_drv__t1286                               5
vdd_drv__t961                                5
x2_n5__t679                            5.00001
out__t699                          4.93062e-07
out__t449                          4.91032e-07
x2_n5__t678                            5.00001
vdd_drv__t1285                               5
vdd_drv__t968                                5
x2_n5__t691                            5.00001
out__t705                          4.89057e-07
out__t465                          4.87106e-07
x2_n5__t710                            5.00001
vdd_drv__t1310                               5
vdd_drv__t989                                5
x2_n5__t717                            5.00001
out__t717                          4.85196e-07
out__t451                           4.8334e-07
x2_n5__t683                            5.00001
vdd_drv__t1287                               5
vdd_drv__t963                                5
x2_n5__t682                            5.00001
out__t701                          4.81509e-07
out__t466                          4.79718e-07
x2_n5__t711                            5.00001
vdd_drv__t1311                               5
vdd_drv__t986                                5
x2_n5__t712                            5.00001
out__t715                           4.7798e-07
out__t467                          4.76268e-07
x2_n5__t713                            5.00001
vdd_drv__t1312                               5
vdd_drv__t987                                5
x2_n5__t714                            5.00001
out__t716                          4.74595e-07
out__t468                          4.72975e-07
x2_n5__t715                            5.00001
vdd_drv__t1313                               5
vdd_drv__t993                                5
x2_n5__t719                            5.00001
out__t719                           4.7138e-07
out__t469                          4.69825e-07
x2_n5__t716                            5.00001
vdd_drv__t1314                               5
vdd_drv__t893                                5
x2_n5__t657                            5.00001
out__t689                          4.68322e-07
out__t438                          4.66844e-07
x2_n5__t658                            5.00001
vdd_drv__t1213                               5
vdd_drv__t894                                5
x2_n5__t659                            5.00001
out__t690                          4.65405e-07
out__t435                          4.64017e-07
x2_n5__t651                            5.00001
vdd_drv__t1210                               5
vdd_drv__t877                                5
x2_n5__t627                            5.00001
out__t673                          4.62655e-07
out__t425                          4.61331e-07
x2_n5__t631                            5.00001
vdd_drv__t1200                               5
vdd_drv__t880                                5
x2_n5__t632                            5.00001
out__t676                          4.60058e-07
out__t426                          4.58809e-07
x2_n5__t633                            5.00001
vdd_drv__t1201                               5
vdd_drv__t885                                5
x2_n5__t643                            5.00001
out__t681                          4.57612e-07
out__t428                          4.56439e-07
x2_n5__t635                            5.00001
vdd_drv__t1203                               5
vdd_drv__t881                                5
x2_n5__t636                            5.00001
out__t677                          4.55303e-07
out__t429                          4.54217e-07
x2_n5__t637                            5.00001
vdd_drv__t1204                               5
vdd_drv__t882                                5
x2_n5__t638                            5.00001
out__t678                          4.53156e-07
out__t452                          4.52131e-07
x2_n5__t684                            5.00001
vdd_drv__t1288                               5
vdd_drv__t874                                5
x2_n5__t622                            5.00001
out__t671                          4.51155e-07
out__t421                          4.50204e-07
x2_n5__t623                            5.00001
vdd_drv__t1196                               5
vdd_drv__t876                                5
x2_n5__t624                            5.00001
out__t672                          4.49288e-07
out__t422                           4.4842e-07
x2_n5__t625                            5.00001
vdd_drv__t1197                               5
vdd_drv__t871                                5
x2_n5__t621                            5.00001
out__t670                          4.47576e-07
out__t410                          4.46778e-07
x2_n5__t597                            5.00001
vdd_drv__t1184                               5
vdd_drv__t858                                5
x2_n5__t598                            5.00001
out__t657                          4.46004e-07
out__t411                          4.45265e-07
x2_n5__t599                            5.00001
vdd_drv__t1185                               5
vdd_drv__t859                                5
x2_n5__t600                            5.00001
out__t658                          4.44572e-07
out__t412                          4.43901e-07
x2_n5__t601                            5.00001
vdd_drv__t1186                               5
vdd_drv__t860                                5
x2_n5__t602                            5.00001
out__t659                          4.43265e-07
out__t413                          4.42673e-07
x2_n5__t603                            5.00001
vdd_drv__t1187                               5
vdd_drv__t866                                5
x2_n5__t613                            5.00001
out__t665                          4.42103e-07
out__t414                          4.41576e-07
x2_n5__t605                            5.00001
vdd_drv__t1188                               5
vdd_drv__t862                                5
x2_n5__t606                            5.00001
out__t661                          4.41072e-07
out__t415                            4.406e-07
x2_n5__t607                                  5
vdd_drv__t1189                               5
vdd_drv__t863                                5
x2_n5__t608                                  5
out__t662                           4.4017e-07
out__t416                          4.39761e-07
x2_n5__t609                                  5
vdd_drv__t1190                               5
vdd_drv__t864                                5
x2_n5__t610                                  5
out__t663                          4.39393e-07
out__t417                          4.39045e-07
x2_n5__t611                                  5
vdd_drv__t1191                               5
vdd_drv__t865                                5
x2_n5__t612                                  5
out__t664                          4.38728e-07
out__t427                          4.38451e-07
x2_n5__t634                                  5
vdd_drv__t1202                               5
vdd_drv__t888                                5
x2_n5__t648                                  5
out__t684                          4.38193e-07
out__t434                          4.37973e-07
x2_n5__t649                                  5
vdd_drv__t1209                               5
vdd_drv__t889                                5
x2_n5__t650                                  5
out__t685                          4.37772e-07
out__t439                          4.37609e-07
x2_n5__t660                                  5
vdd_drv__t1214                               5
vdd_drv__t890                                5
x2_n5__t652                                  5
out__t686                          4.37463e-07
out__t436                          4.37344e-07
x2_n5__t653                                  5
vdd_drv__t1211                               5
vdd_drv__t891                                5
x2_n5__t654                                  5
out__t687                          4.37262e-07
out__t437                          4.37195e-07
x2_n5__t655                                  5
vdd_drv__t1212                               5
vdd_drv__t892                                5
x2_n5__t656                                  5
out__t688                          4.37163e-07
out__t223                          4.37147e-07
x2_n5__t227                                  5
vdd_drv__t996                                5
vdd_drv__t900                                5
x2_n5__t666                            5.00002
out__t693                          7.05344e-07
out__t442                          7.00805e-07
x2_n5__t665                            5.00002
vdd_drv__t1221                               5
vdd_drv__t899                                5
x2_n5__t664                            5.00002
out__t692                          6.96328e-07
out__t441                          6.91862e-07
x2_n5__t663                            5.00002
vdd_drv__t1220                               5
vdd_drv__t898                                5
x2_n5__t662                            5.00002
out__t691                          6.87434e-07
out__t443                          6.83042e-07
x2_n5__t668                            5.00002
vdd_drv__t1223                               5
vdd_drv__t879                                5
x2_n5__t630                            5.00002
out__t675                          6.78713e-07
out__t424                          6.74396e-07
x2_n5__t629                            5.00002
vdd_drv__t1199                               5
vdd_drv__t878                                5
x2_n5__t628                            5.00002
out__t674                          6.70116e-07
out__t423                          6.65899e-07
x2_n5__t626                            5.00002
vdd_drv__t1198                               5
vdd_drv__t870                                5
x2_n5__t620                            5.00002
out__t669                          6.61695e-07
out__t420                          6.57528e-07
x2_n5__t619                            5.00002
vdd_drv__t1194                               5
vdd_drv__t869                                5
x2_n5__t618                            5.00002
out__t668                            6.534e-07
out__t419                          6.49333e-07
x2_n5__t617                            5.00002
vdd_drv__t1193                               5
vdd_drv__t868                                5
x2_n5__t616                            5.00002
out__t667                           6.4528e-07
out__t418                          6.41266e-07
x2_n5__t615                            5.00002
vdd_drv__t1192                               5
vdd_drv__t867                                5
x2_n5__t614                            5.00002
out__t666                          6.37313e-07
out__t440                          6.33375e-07
x2_n5__t661                            5.00002
vdd_drv__t1219                               5
vdd_drv__t919                                5
x2_n5__t674                            5.00002
out__t697                          6.29475e-07
out__t446                          6.25615e-07
x2_n5__t673                            5.00002
vdd_drv__t1239                               5
vdd_drv__t918                                5
x2_n5__t672                            5.00002
out__t696                          6.21815e-07
out__t445                          6.18031e-07
x2_n5__t671                            5.00002
vdd_drv__t1238                               5
vdd_drv__t917                                5
x2_n5__t670                            5.00002
out__t695                          6.14287e-07
out__t444                          6.10602e-07
x2_n5__t669                            5.00002
vdd_drv__t1237                               5
vdd_drv__t969                                5
x2_n5__t692                            5.00002
out__t706                          6.06935e-07
out__t448                          6.03307e-07
x2_n5__t677                            5.00002
vdd_drv__t1275                               5
vdd_drv__t950                                5
x2_n5__t676                            5.00002
out__t698                           5.9974e-07
out__t447                           5.9619e-07
x2_n5__t675                            5.00001
vdd_drv__t1274                               5
vdd_drv__t992                                5
x2_n5__t718                            5.00001
out__t718                           5.9268e-07
out__t453                          5.89209e-07
x2_n5__t685                            5.00001
vdd_drv__t1289                               5
vdd_drv__t965                                5
x2_n5__t686                            5.00001
out__t702                          5.85798e-07
out__t463                          5.82405e-07
x2_n5__t706                            5.00001
vdd_drv__t1300                               5
vdd_drv__t975                                5
x2_n5__t705                            5.00001
out__t712                          5.79053e-07
out__t462                           5.7576e-07
x2_n5__t704                            5.00001
vdd_drv__t1299                               5
vdd_drv__t974                                5
x2_n5__t703                            5.00001
out__t711                          5.72486e-07
out__t461                          5.69252e-07
x2_n5__t702                            5.00001
vdd_drv__t1298                               5
vdd_drv__t973                                5
x2_n5__t701                            5.00001
out__t710                          5.66058e-07
out__t460                          5.62924e-07
x2_n5__t700                            5.00001
vdd_drv__t1297                               5
vdd_drv__t977                                5
x2_n5__t708                            5.00001
out__t714                          5.59809e-07
out__t458                          5.56735e-07
x2_n5__t698                            5.00001
vdd_drv__t1295                               5
vdd_drv__t972                                5
x2_n5__t697                            5.00001
out__t709                          5.53719e-07
out__t457                          5.50725e-07
x2_n5__t696                            5.00001
vdd_drv__t1294                               5
vdd_drv__t971                                5
x2_n5__t695                            5.00001
out__t708                           5.4777e-07
out__t456                          5.44875e-07
x2_n5__t694                            5.00001
vdd_drv__t1293                               5
vdd_drv__t970                                5
x2_n5__t693                            5.00001
out__t707                             5.42e-07
out__t464                          5.39166e-07
x2_n5__t709                            5.00001
vdd_drv__t1308                               5
vdd_drv__t861                                5
x2_n5__t604                            5.00001
out__t660                          5.36372e-07
out__t431                          5.33636e-07
x2_n5__t642                            5.00001
vdd_drv__t1206                               5
vdd_drv__t884                                5
x2_n5__t641                            5.00001
out__t680                          5.30923e-07
out__t430                          5.28249e-07
x2_n5__t640                            5.00001
vdd_drv__t1205                               5
vdd_drv__t883                                5
x2_n5__t639                            5.00001
out__t679                          5.25634e-07
out__t433                          5.23041e-07
x2_n5__t647                            5.00001
vdd_drv__t1208                               5
vdd_drv__t887                                5
x2_n5__t646                            5.00001
out__t683                          5.20488e-07
out__t432                          5.17993e-07
x2_n5__t645                            5.00001
vdd_drv__t1207                               5
vdd_drv__t886                                5
x2_n5__t644                            5.00001
out__t682                          5.15521e-07
out__t454                           5.1309e-07
x2_n5__t687                            5.00001
vdd_drv__t1291                               5
vdd_drv__t966                                5
x2_n5__t688                            5.00001
out__t703                          5.10715e-07
out__t455                          5.08363e-07
x2_n5__t689                            5.00001
vdd_drv__t1292                               5
vdd_drv__t967                                5
x2_n5__t690                            5.00001
out__t704                          5.06052e-07
out__t459                          5.03798e-07
x2_n5__t699                            5.00001
vdd_drv__t1296                               5
vdd_drv__t976                                5
x2_n5__t707                            5.00001
out__t713                          5.01567e-07
out__t470                          7.09869e-07
x2_n5__t720                            5.00002
vdd_drv__t668                                5
x1_ncb__t4                        -3.57955e-06
anon18__t0                        -3.52212e-06
anon19__t1                         -3.4794e-06
anon18__t1                        -3.52549e-06
anon19__t0                        -3.48047e-06
anon20__t1                        -3.53027e-06
in_drv__t4                        -3.59747e-06
anon20__t0                        -3.52967e-06
anon18                            -3.52405e-06
anon19                            -3.48052e-06
anon20                             -3.5302e-06
in                                           0
in_drv                            -3.10617e-06
out                                4.12305e-07
x1_inb                                     3.3
x1_na                                  2.44065
x1_nb                              1.41924e-07
x1_nbuf1                                     5
x1_nca                                 4.99995
x1_ncb                            -1.60438e-06
x2_n1                                        5
x2_n2                             -5.24483e-07
x2_n3                                  4.99999
x2_n4                              2.99197e-06
x2_n5                                        5
outcap                             4.12305e-07
vimeas#branch                       0.00018361
vin#branch                         1.36418e-06
vgnd_logic#branch                  0.000485216
vsup_drv#branch                   -0.000482992
vsup_logic#branch                 -2.23171e-06

 Reference value :  0.00000e+00
 Reference value :  3.02800e-09
 Reference value :  7.82800e-09
 Reference value :  1.33280e-08
 Reference value :  1.91280e-08
 Reference value :  2.10033e-08
 Reference value :  2.43480e-08
 Reference value :  2.70977e-08
 Reference value :  2.79266e-08
 Reference value :  3.02477e-08
 Reference value :  3.58477e-08
 Reference value :  4.14477e-08
 Reference value :  4.71477e-08
 Reference value :  5.28477e-08
 Reference value :  5.86477e-08
 Reference value :  6.34477e-08
 Reference value :  6.79477e-08
 Reference value :  7.19477e-08
 Reference value :  7.57477e-08
 Reference value :  7.97477e-08
 Reference value :  8.37477e-08
 Reference value :  8.77477e-08
 Reference value :  9.16477e-08
 Reference value :  9.55477e-08
 Reference value :  9.95477e-08
 Reference value :  1.03548e-07
 Reference value :  1.07448e-07
 Reference value :  1.11348e-07
 Reference value :  1.15248e-07
 Reference value :  1.19248e-07
 Reference value :  1.23248e-07
 Reference value :  1.27148e-07
 Reference value :  1.31148e-07
 Reference value :  1.35048e-07
 Reference value :  1.39048e-07
 Reference value :  1.42948e-07
 Reference value :  1.46848e-07
 Reference value :  1.50848e-07
 Reference value :  1.54448e-07
 Reference value :  1.58448e-07
 Reference value :  1.62448e-07
 Reference value :  1.66348e-07
 Reference value :  1.70248e-07
 Reference value :  1.74148e-07
 Reference value :  1.78048e-07
 Reference value :  1.82348e-07
 Reference value :  1.87048e-07
 Reference value :  1.91748e-07
 Reference value :  1.96548e-07
 Reference value :  2.01248e-07
 Reference value :  2.05948e-07
 Reference value :  2.10548e-07
 Reference value :  2.15248e-07
 Reference value :  2.19948e-07
 Reference value :  2.24748e-07
 Reference value :  2.29348e-07
 Reference value :  2.34148e-07
 Reference value :  2.38848e-07
 Reference value :  2.43548e-07
 Reference value :  2.48248e-07
 Reference value :  2.52948e-07
 Reference value :  2.57548e-07
 Reference value :  2.62148e-07
 Reference value :  2.66748e-07
 Reference value :  2.71448e-07
 Reference value :  2.76148e-07
 Reference value :  2.80848e-07
 Reference value :  2.85548e-07
 Reference value :  2.90248e-07
 Reference value :  2.94848e-07
 Reference value :  2.99448e-07
 Reference value :  3.04148e-07
 Reference value :  3.08948e-07
 Reference value :  3.13648e-07
 Reference value :  3.18348e-07
 Reference value :  3.21599e-07
 Reference value :  3.22654e-07
 Reference value :  3.24417e-07
 Reference value :  3.26312e-07
 Reference value :  3.27211e-07
 Reference value :  3.32049e-07
 Reference value :  3.37649e-07
 Reference value :  3.43349e-07
 Reference value :  3.49049e-07
 Reference value :  3.54649e-07
 Reference value :  3.60249e-07
 Reference value :  3.65949e-07
 Reference value :  3.71449e-07
 Reference value :  3.77049e-07
 Reference value :  3.82849e-07
 Reference value :  3.88449e-07
 Reference value :  3.94049e-07
 Reference value :  3.99749e-07
 Reference value :  4.05349e-07
 Reference value :  4.11149e-07
 Reference value :  4.16849e-07
 Reference value :  4.22549e-07
 Reference value :  4.28349e-07
 Reference value :  4.34049e-07
 Reference value :  4.39749e-07
 Reference value :  4.45449e-07
 Reference value :  4.51149e-07
 Reference value :  4.56749e-07
 Reference value :  4.62549e-07
 Reference value :  4.68249e-07
 Reference value :  4.74049e-07
 Reference value :  4.79749e-07
 Reference value :  4.85349e-07
 Reference value :  4.91149e-07
 Reference value :  4.96849e-07
 Reference value :  5.02349e-07
 Reference value :  5.08149e-07
 Reference value :  5.13949e-07
 Reference value :  5.19549e-07
 Reference value :  5.25349e-07
 Reference value :  5.30949e-07
 Reference value :  5.36549e-07
 Reference value :  5.42149e-07
 Reference value :  5.47849e-07
 Reference value :  5.53549e-07
 Reference value :  5.59049e-07
 Reference value :  5.64649e-07
 Reference value :  5.70349e-07
 Reference value :  5.75849e-07
 Reference value :  5.81649e-07
 Reference value :  5.87149e-07
 Reference value :  5.92749e-07
 Reference value :  5.98449e-07
 Reference value :  6.03949e-07
 Reference value :  6.09649e-07
 Reference value :  6.15349e-07
 Reference value :  6.21349e-07
 Reference value :  6.27149e-07
 Reference value :  6.32949e-07
 Reference value :  6.38649e-07
 Reference value :  6.44349e-07
 Reference value :  6.50149e-07
 Reference value :  6.55849e-07
 Reference value :  6.61549e-07
 Reference value :  6.67249e-07
 Reference value :  6.73049e-07
 Reference value :  6.78949e-07
 Reference value :  6.85249e-07
 Reference value :  6.91249e-07
 Reference value :  6.96749e-07
No. of Data Rows : 7147
trise10_90          =  7.04366e-09 targ=  3.57952e-08 trig=  2.87516e-08
tfall10_90          =  5.37963e-09 targ=  3.32854e-07 trig=  3.27475e-07
tpdlh               =  1.09210e-08 targ=  3.14210e-08 trig=  2.05000e-08
tpdhl               =  8.23222e-09 targ=  3.29732e-07 trig=  3.21500e-07
m_trise_s = 7.0436620000e-09
m_tfall_s = 5.3796260000e-09
m_tpdlh_s = 1.0920950000e-08
m_tpdhl_s = 8.2322160000e-09
m_ipeak_source_a = 7.8214961115e-01
m_ipeak_sink_a = 9.0809635905e-01
m_vout_max_v = 5.0033514294e+00
m_vout_min_v = -2.806923930e-03
m_vin_max_v = 3.3000000000e+00
m_vin_min_v = 0.0000000000e+00
m_indrv_max_v = 5.0005104226e+00
m_indrv_min_v = -2.094279376e-04
m_n1_max_v = 5.0055094118e+00
m_n1_min_v = -5.092560348e-03
m_n2_max_v = 5.0112859599e+00
m_n2_min_v = -7.556313000e-03
m_n3_max_v = 5.0085894943e+00
m_n3_min_v = -7.656349454e-03
m_n4_max_v = 5.0163947188e+00
m_n4_min_v = -1.133269785e-02
m_n5_max_v = 5.0287161824e+00
m_n5_min_v = -1.532805062e-02
Note: Simulation executed from .control section 

Note: vimeas: has no value, DC 0 assumed
Warning: singular matrix:  check node anon19

Note: Starting dynamic gmin stepping
Warning: singular matrix:  check node anon19

Warning: Dynamic gmin stepping failed
Note: Starting true gmin stepping
Warning: singular matrix:  check node anon19

Warning: singular matrix:  check node anon19

Warning: singular matrix:  check node anon19

Warning: singular matrix:  check node anon19

Warning: True gmin stepping failed
Note: Starting source stepping
Warning: source stepping failed
Note: Transient op started
Note: Transient op finished successfully
