
Note: No compatibility mode selected!


Circuit: * gate-driver-core-drive-postlayout @ sf_125c_vlogic3p30v-vdrv5p00v -- generated by sim/harness, do not edit

Doing analysis at TEMP = 125.000000 and TNOM = 27.000000

Using SPARSE 1.3 as Direct Linear Solver

Initial Transient Solution
--------------------------

Node                                   Voltage
----                                   -------
x1_inb__t0                                 3.3
in__t1                            -1.38724e-06
gnd_drv_gnd_logic__t300            3.87057e-08
gnd_logic                                    0
x2_n3__t1                                    5
x2_n2__t2                          2.07615e-07
gnd_drv_gnd_logic__t304           -8.46685e-07
gnd_drv                            4.37759e-07
gnd_drv_gnd_logic__t419             2.9629e-06
x2_n5__t180                            4.99998
out__t200                          5.73824e-07
out__t90                           5.76971e-07
x2_n5__t181                            4.99998
gnd_drv_gnd_logic__t560            2.98129e-06
gnd_drv_gnd_logic__t420            2.99821e-06
x2_n5__t182                            4.99998
out__t201                          5.81452e-07
out__t91                           5.87167e-07
x2_n5__t183                            4.99998
gnd_drv_gnd_logic__t561            3.01366e-06
gnd_drv_gnd_logic__t315            3.02766e-06
x2_n5__t5                              4.99998
out__t113                          5.93915e-07
out__t85                           6.01588e-07
x2_n5__t172                            4.99998
gnd_drv_gnd_logic__t555            3.04031e-06
gnd_drv_gnd_logic__t314            3.05143e-06
x2_n5__t4                              4.99998
out__t112                          6.10078e-07
out__t1                            6.19181e-07
x2_n5__t3                              4.99998
gnd_drv_gnd_logic__t454            3.06115e-06
gnd_drv_gnd_logic__t313            3.06957e-06
x2_n5__t2                              4.99998
out__t111                          6.28785e-07
out__t4                            6.38781e-07
x2_n5__t8                              4.99998
gnd_drv_gnd_logic__t457            3.07654e-06
x2_n4__t185                       -3.59898e-05
x2_n3__t5                              4.99998
gnd_drv_gnd_logic__t306            9.73764e-07
gnd_drv_gnd_logic__t316            3.08215e-06
x2_n5__t9                              4.99998
out__t114                           6.4915e-07
out__t6                            6.59692e-07
x2_n5__t12                             4.99998
gnd_drv_gnd_logic__t459            3.08655e-06
gnd_drv_gnd_logic__t324            3.08965e-06
x2_n5__t15                             4.99998
out__t117                          6.70298e-07
out__t2                            6.81137e-07
x2_n5__t6                              4.99998
gnd_drv_gnd_logic__t455             3.0914e-06
gnd_drv_gnd_logic__t407              3.092e-06
x2_n5__t155                            4.99998
out__t188                           6.9192e-07
out__t77                           7.02635e-07
x2_n5__t156                            4.99998
gnd_drv_gnd_logic__t547             3.0914e-06
gnd_drv_gnd_logic__t408            3.08953e-06
x2_n5__t157                            4.99998
out__t189                          7.13359e-07
out__t78                           7.23991e-07
x2_n5__t158                            4.99998
gnd_drv_gnd_logic__t548             3.0866e-06
gnd_drv_gnd_logic__t409            3.08256e-06
x2_n5__t159                            4.99998
out__t190                          7.34431e-07
out__t79                            7.4476e-07
x2_n5__t160                            4.99998
gnd_drv_gnd_logic__t549            3.07743e-06
gnd_drv_gnd_logic__t465            1.02564e-06
x2_n3__t6                              4.99998
x2_n4__t184                       -3.57477e-05
gnd_drv_gnd_logic__t410            3.07124e-06
x2_n5__t161                            4.99998
out__t191                          7.54967e-07
out__t80                            7.6487e-07
x2_n5__t162                            4.99998
gnd_drv_gnd_logic__t550            3.06401e-06
gnd_drv_gnd_logic__t411             3.0558e-06
x2_n5__t163                            4.99998
out__t192                          7.74637e-07
out__t81                           7.84088e-07
x2_n5__t164                            4.99998
gnd_drv_gnd_logic__t551            3.04662e-06
gnd_drv_gnd_logic__t412             3.0365e-06
x2_n5__t165                            4.99998
out__t193                           7.9339e-07
out__t82                           8.02368e-07
x2_n5__t166                            4.99998
gnd_drv_gnd_logic__t552            3.02547e-06
gnd_drv_gnd_logic__t413            3.01357e-06
x2_n5__t167                            4.99998
out__t194                          8.11022e-07
out__t83                           8.19512e-07
x2_n5__t168                            4.99998
gnd_drv_gnd_logic__t553            3.00082e-06
gnd_drv_gnd_logic__t414            2.98731e-06
x2_n5__t169                            4.99998
out__t195                           8.2767e-07
out__t93                           8.35498e-07
x2_n5__t186                            4.99997
gnd_drv_gnd_logic__t563            2.97296e-06
x2_n4__t180                       -3.54618e-05
x2_n3__t15                             4.99998
gnd_drv_gnd_logic__t464            1.04468e-06
gnd_drv_gnd_logic__t415            2.95783e-06
x2_n5__t171                            4.99997
out__t196                          8.43074e-07
out__t23                           8.50396e-07
x2_n5__t47                             4.99997
gnd_drv_gnd_logic__t491            2.94198e-06
gnd_drv_gnd_logic__t318            2.92547e-06
x2_n5__t13                             4.99997
out__t116                          8.57306e-07
out__t7                             8.6404e-07
x2_n5__t14                             4.99997
gnd_drv_gnd_logic__t460            2.90823e-06
gnd_drv_gnd_logic__t308            2.84586e-06
x2_n5__t1                              4.99997
out__t0                            8.70556e-07
out__t101                          1.51463e-06
x2_n5__t203                            4.99998
gnd_drv_gnd_logic__t587            1.09211e-06
gnd_drv_gnd_logic__t446            1.11615e-06
x2_n5__t205                            4.99998
out__t212                          1.50808e-06
out__t103                          1.50099e-06
x2_n5__t206                            4.99998
gnd_drv_gnd_logic__t589            1.14057e-06
gnd_drv_gnd_logic__t447            1.16518e-06
x2_n5__t207                            4.99998
out__t213                          1.49333e-06
out__t104                          1.48512e-06
x2_n5__t208                            4.99998
gnd_drv_gnd_logic__t590            1.19013e-06
gnd_drv_gnd_logic__t322            1.06232e-06
x2_n3__t14                             4.99998
x2_n4__t189                       -3.51353e-05
gnd_drv_gnd_logic__t448            1.21532e-06
x2_n5__t209                            4.99998
out__t214                          1.47634e-06
out__t105                            1.467e-06
x2_n5__t210                            4.99998
gnd_drv_gnd_logic__t591            1.24061e-06
gnd_drv_gnd_logic__t449            1.26607e-06
x2_n5__t211                            4.99998
out__t215                          1.45709e-06
out__t106                          1.44661e-06
x2_n5__t212                            4.99998
gnd_drv_gnd_logic__t592            1.29168e-06
gnd_drv_gnd_logic__t451            1.31731e-06
x2_n5__t214                            4.99998
out__t217                          1.43566e-06
out__t107                          1.42405e-06
x2_n5__t215                            4.99998
gnd_drv_gnd_logic__t593            1.34302e-06
gnd_drv_gnd_logic__t452            1.36859e-06
x2_n5__t216                            4.99998
out__t218                          1.41187e-06
out__t109                          1.39923e-06
x2_n5__t219                            4.99998
gnd_drv_gnd_logic__t595            1.39416e-06
gnd_drv_gnd_logic__t453            1.41961e-06
x2_n5__t218                            4.99998
out__t219                          1.38594e-06
out__t108                           1.3722e-06
x2_n5__t217                            4.99998
gnd_drv_gnd_logic__t594             1.4449e-06
x2_n4__t179                       -3.47714e-05
x2_n3__t13                             4.99998
gnd_drv_gnd_logic__t463            1.07801e-06
gnd_drv_gnd_logic__t450            1.46998e-06
x2_n5__t213                            4.99998
out__t216                          1.35791e-06
out__t94                             1.343e-06
x2_n5__t188                            4.99998
gnd_drv_gnd_logic__t571            1.49472e-06
gnd_drv_gnd_logic__t443            1.51927e-06
x2_n5__t199                            4.99998
out__t209                          1.32766e-06
out__t100                          1.31182e-06
x2_n5__t200                            4.99998
gnd_drv_gnd_logic__t586            1.54339e-06
gnd_drv_gnd_logic__t444            1.56715e-06
x2_n5__t201                            4.99998
out__t210                          1.29548e-06
out__t98                           1.27867e-06
x2_n5__t195                            4.99998
gnd_drv_gnd_logic__t584            1.59039e-06
gnd_drv_gnd_logic__t440            1.61329e-06
x2_n5__t196                            4.99998
out__t207                           1.2614e-06
out__t99                            1.2438e-06
x2_n5__t197                            4.99999
gnd_drv_gnd_logic__t585             1.6356e-06
gnd_drv_gnd_logic__t441            1.65729e-06
x2_n5__t198                            4.99999
out__t208                           1.2257e-06
out__t102                          1.20732e-06
x2_n5__t204                            4.99999
gnd_drv_gnd_logic__t588            1.67842e-06
gnd_drv_gnd_logic__t321            1.09118e-06
x2_n3__t12                             4.99998
x2_n4__t188                       -3.43744e-05
gnd_drv_gnd_logic__t396            1.69887e-06
x2_n5__t135                            4.99999
out__t178                          1.18849e-06
out__t97                           1.16945e-06
x2_n5__t193                            4.99999
gnd_drv_gnd_logic__t583            1.71873e-06
gnd_drv_gnd_logic__t439            1.73797e-06
x2_n5__t194                            4.99999
out__t206                          1.15014e-06
out__t67                           1.13059e-06
x2_n5__t136                            4.99999
gnd_drv_gnd_logic__t537            1.75638e-06
gnd_drv_gnd_logic__t397            1.77429e-06
x2_n5__t137                            4.99999
out__t179                          1.11087e-06
out__t68                            1.0911e-06
x2_n5__t138                            4.99999
gnd_drv_gnd_logic__t538             1.7914e-06
gnd_drv_gnd_logic__t406            1.80795e-06
x2_n5__t154                            4.99999
out__t187                          1.07117e-06
out__t69                           1.05131e-06
x2_n5__t140                            4.99999
gnd_drv_gnd_logic__t539            1.82388e-06
gnd_drv_gnd_logic__t399            1.83937e-06
x2_n5__t141                            4.99999
out__t181                          1.03149e-06
out__t70                           1.01178e-06
x2_n5__t142                            4.99999
gnd_drv_gnd_logic__t540            1.85439e-06
x2_n4__t178                       -3.39491e-05
x2_n3__t11                             4.99998
gnd_drv_gnd_logic__t462            1.10121e-06
gnd_drv_gnd_logic__t400            1.86907e-06
x2_n5__t143                            4.99999
out__t182                          9.92253e-07
out__t71                           9.73065e-07
x2_n5__t144                            4.99999
gnd_drv_gnd_logic__t541            1.88362e-06
gnd_drv_gnd_logic__t401            1.89813e-06
x2_n5__t145                            4.99999
out__t183                          9.54201e-07
out__t72                           9.35727e-07
x2_n5__t146                            4.99999
gnd_drv_gnd_logic__t542            1.91275e-06
gnd_drv_gnd_logic__t402            1.92769e-06
x2_n5__t147                            4.99999
out__t184                            9.178e-07
out__t73                           9.00306e-07
x2_n5__t148                            4.99999
gnd_drv_gnd_logic__t543            1.94316e-06
gnd_drv_gnd_logic__t423             1.9595e-06
x2_n5__t187                            4.99999
out__t203                          8.83567e-07
out__t74                           8.67359e-07
x2_n5__t149                            4.99999
gnd_drv_gnd_logic__t544            1.97682e-06
gnd_drv_gnd_logic__t404            1.99535e-06
x2_n5__t150                            4.99999
out__t185                          8.51887e-07
out__t75                           8.37162e-07
x2_n5__t151                            4.99999
gnd_drv_gnd_logic__t545            2.01539e-06
gnd_drv_gnd_logic__t320             1.1075e-06
x2_n3__t10                             4.99998
x2_n4__t187                        -3.3501e-05
gnd_drv_gnd_logic__t405             2.0369e-06
x2_n5__t152                            4.99999
out__t186                          8.23088e-07
out__t76                            8.0965e-07
x2_n5__t153                            4.99999
gnd_drv_gnd_logic__t546            2.06021e-06
gnd_drv_gnd_logic__t398             2.0853e-06
x2_n5__t139                            4.99999
out__t180                          7.96972e-07
out__t95                           7.84825e-07
x2_n5__t189                            4.99999
gnd_drv_gnd_logic__t581            2.11219e-06
gnd_drv_gnd_logic__t437            2.14086e-06
x2_n5__t190                            4.99999
out__t204                          7.73141e-07
out__t96                           7.62008e-07
x2_n5__t191                            4.99999
gnd_drv_gnd_logic__t582            2.17131e-06
gnd_drv_gnd_logic__t438            2.20321e-06
x2_n5__t192                            4.99999
out__t205                          7.51172e-07
out__t3                            7.40716e-07
x2_n5__t7                              4.99999
gnd_drv_gnd_logic__t456             2.2366e-06
gnd_drv_gnd_logic__t391            2.27117e-06
x2_n5__t128                            4.99999
out__t173                           7.3047e-07
out__t84                           7.20361e-07
x2_n5__t170                            4.99999
gnd_drv_gnd_logic__t554             2.3067e-06
x2_n4__t177                       -3.30348e-05
x2_n3__t9                              4.99998
gnd_drv_gnd_logic__t461            1.10961e-06
gnd_drv_gnd_logic__t382            8.11155e-07
x2_n5__t110                            4.99998
out__t164                          1.26097e-06
out__t54                           1.27181e-06
x2_n5__t107                            4.99998
gnd_drv_gnd_logic__t524            8.08742e-07
gnd_drv_gnd_logic__t381            8.06076e-07
x2_n5__t109                            4.99998
out__t163                          1.28257e-06
out__t55                           1.29325e-06
x2_n5__t108                            4.99998
gnd_drv_gnd_logic__t525            8.03196e-07
gnd_drv_gnd_logic__t377            8.00103e-07
x2_n5__t98                             4.99998
out__t159                          1.30383e-06
out__t49                           1.31432e-06
x2_n5__t99                             4.99998
gnd_drv_gnd_logic__t519            7.96748e-07
gnd_drv_gnd_logic__t378            7.93224e-07
x2_n5__t100                            4.99998
out__t160                           1.3247e-06
out__t50                           1.33496e-06
x2_n5__t101                            4.99998
gnd_drv_gnd_logic__t520            7.89529e-07
gnd_drv_gnd_logic__t379            7.85619e-07
x2_n5__t102                            4.99998
out__t161                           1.3451e-06
out__t51                           1.35511e-06
x2_n5__t103                            4.99998
gnd_drv_gnd_logic__t521             7.8154e-07
x1_na__t0                              2.35492
in__t2                            -9.47044e-08
gnd_drv_gnd_logic__t299           -8.15116e-08
gnd_drv_gnd_logic__t319            1.10729e-06
x2_n3__t8                              4.99998
x2_n4__t186                        -3.2554e-05
gnd_drv_gnd_logic__t380            7.77299e-07
x2_n5__t104                            4.99998
out__t162                          1.36499e-06
out__t52                           1.37472e-06
x2_n5__t105                            4.99997
gnd_drv_gnd_logic__t522            7.72947e-07
gnd_drv_gnd_logic__t385             7.6844e-07
x2_n5__t114                            4.99997
out__t167                           1.3843e-06
out__t60                           1.39372e-06
x2_n5__t122                            4.99997
gnd_drv_gnd_logic__t530            7.63882e-07
gnd_drv_gnd_logic__t389            7.59232e-07
x2_n5__t121                            4.99997
out__t171                          1.40301e-06
out__t59                           1.41207e-06
x2_n5__t120                            4.99997
gnd_drv_gnd_logic__t529            7.54548e-07
gnd_drv_gnd_logic__t388              7.499e-07
x2_n5__t119                            4.99997
out__t170                          1.42095e-06
out__t58                           1.42963e-06
x2_n5__t118                            4.99997
gnd_drv_gnd_logic__t528            7.45297e-07
gnd_drv_gnd_logic__t387            7.40752e-07
x2_n5__t117                            4.99997
out__t169                           1.4381e-06
out__t57                           1.44635e-06
x2_n5__t116                            4.99997
gnd_drv_gnd_logic__t527            7.36397e-07
x2_n4__t183                       -3.20603e-05
x2_n3__t18                             4.99998
gnd_drv_gnd_logic__t467            1.10046e-06
gnd_drv_gnd_logic__t386             7.3219e-07
x2_n5__t115                            4.99997
out__t168                          1.45438e-06
out__t61                           1.46216e-06
x2_n5__t123                            4.99997
gnd_drv_gnd_logic__t531            7.28329e-07
gnd_drv_gnd_logic__t384            7.24717e-07
x2_n5__t113                            4.99997
out__t166                           1.4697e-06
out__t56                           1.47704e-06
x2_n5__t112                            4.99997
gnd_drv_gnd_logic__t526            7.21561e-07
gnd_drv_gnd_logic__t383            7.18888e-07
x2_n5__t111                            4.99997
out__t165                          1.48405e-06
out__t14                           1.49078e-06
x2_n5__t27                             4.99997
gnd_drv_gnd_logic__t474            7.16794e-07
gnd_drv_gnd_logic__t331            7.15376e-07
x2_n5__t28                             4.99997
out__t123                          1.49722e-06
out__t48                           1.50335e-06
x2_n5__t97                             4.99997
gnd_drv_gnd_logic__t518            7.14731e-07
gnd_drv_gnd_logic__t332            7.14834e-07
x2_n5__t29                             4.99997
out__t124                          1.50925e-06
out__t22                           1.51475e-06
x2_n5__t45                             4.99997
gnd_drv_gnd_logic__t482            7.15922e-07
gnd_drv_gnd_logic__t323            1.08935e-06
x2_n3__t17                             4.99998
x2_n4__t190                       -3.15529e-05
gnd_drv_gnd_logic__t334            7.17901e-07
x2_n5__t30                             4.99997
out__t125                          1.51991e-06
out__t15                           1.52473e-06
x2_n5__t31                             4.99997
gnd_drv_gnd_logic__t475            7.21018e-07
gnd_drv_gnd_logic__t335            7.25106e-07
x2_n5__t32                             4.99997
out__t126                          1.52927e-06
out__t16                           1.53337e-06
x2_n5__t33                             4.99997
gnd_drv_gnd_logic__t476            7.30419e-07
gnd_drv_gnd_logic__t336            7.36856e-07
x2_n5__t34                             4.99997
out__t127                           1.5371e-06
out__t17                           1.54052e-06
x2_n5__t35                             4.99997
gnd_drv_gnd_logic__t477             7.4438e-07
gnd_drv_gnd_logic__t337            7.53104e-07
x2_n5__t36                             4.99997
out__t128                          1.54347e-06
out__t18                           1.54602e-06
x2_n5__t37                             4.99997
gnd_drv_gnd_logic__t478             7.6299e-07
gnd_drv_gnd_logic__t338            7.73995e-07
x2_n5__t38                             4.99997
out__t129                          1.54823e-06
out__t19                           1.54995e-06
x2_n5__t39                             4.99997
gnd_drv_gnd_logic__t479            7.86074e-07
x2_n4__t181                       -3.10292e-05
x2_n3__t16                             4.99998
gnd_drv_gnd_logic__t466            1.07446e-06
gnd_drv_gnd_logic__t339            7.99176e-07
x2_n5__t40                             4.99997
out__t130                          1.55132e-06
out__t20                           1.55217e-06
x2_n5__t41                             4.99997
gnd_drv_gnd_logic__t480            8.13324e-07
gnd_drv_gnd_logic__t340            8.28462e-07
x2_n5__t42                             4.99997
out__t131                          1.55266e-06
out__t21                           1.55262e-06
x2_n5__t43                             4.99997
gnd_drv_gnd_logic__t481            8.44447e-07
gnd_drv_gnd_logic__t341            8.61294e-07
x2_n5__t44                             4.99997
out__t132                           1.5522e-06
out__t36                           1.55122e-06
x2_n5__t74                             4.99997
gnd_drv_gnd_logic__t506            8.79011e-07
gnd_drv_gnd_logic__t374             8.9753e-07
x2_n5__t91                             4.99997
out__t156                          1.54985e-06
out__t45                             1.548e-06
x2_n5__t92                             4.99997
gnd_drv_gnd_logic__t515             9.1677e-07
gnd_drv_gnd_logic__t375            9.36652e-07
x2_n5__t93                             4.99998
out__t157                          1.54556e-06
out__t46                           1.54272e-06
x2_n5__t94                             4.99998
gnd_drv_gnd_logic__t516            9.57261e-07
gnd_drv_gnd_logic__t307             1.0363e-06
x2_n3__t7                              4.99998
x2_n4__t182                       -3.04822e-05
gnd_drv_gnd_logic__t376            9.78423e-07
x2_n5__t95                             4.99998
out__t158                          1.53936e-06
out__t47                            1.5354e-06
x2_n5__t96                             4.99998
gnd_drv_gnd_logic__t517            1.00022e-06
gnd_drv_gnd_logic__t317            1.02247e-06
x2_n5__t11                             4.99998
out__t115                          1.53101e-06
out__t5                            1.52609e-06
x2_n5__t10                             4.99998
gnd_drv_gnd_logic__t458            1.04526e-06
gnd_drv_gnd_logic__t445            1.06847e-06
x2_n5__t202                            4.99998
out__t211                          1.52063e-06
out__t110                          6.71866e-07
x2_n5__t220                            4.99999
gnd_drv_gnd_logic__t309            6.39012e-07
gnd_drv_gnd_logic__t370            6.72296e-07
x2_n5__t85                             4.99999
out__t152                          6.80455e-07
out__t43                           6.89798e-07
x2_n5__t86                             4.99999
gnd_drv_gnd_logic__t513            6.77818e-07
gnd_drv_gnd_logic__t371            6.83293e-07
x2_n5__t87                             4.99999
out__t153                          6.99217e-07
out__t44                           7.08719e-07
x2_n5__t88                             4.99999
gnd_drv_gnd_logic__t514            6.88725e-07
x2_n5__t747                            4.99997
x2_n4__t54                        -2.99844e-05
gnd_drv_gnd_logic__t310            1.43866e-06
gnd_drv_gnd_logic__t372            6.94093e-07
x2_n5__t89                             4.99999
out__t154                          7.18295e-07
out__t13                           7.27954e-07
x2_n5__t26                             4.99999
gnd_drv_gnd_logic__t473            6.99416e-07
gnd_drv_gnd_logic__t328            7.04677e-07
x2_n5__t23                             4.99999
out__t121                          7.37682e-07
out__t11                           7.47491e-07
x2_n5__t22                             4.99999
gnd_drv_gnd_logic__t471            7.09876e-07
gnd_drv_gnd_logic__t327            7.15008e-07
x2_n5__t21                             4.99999
out__t120                          7.57376e-07
out__t10                           7.67325e-07
x2_n5__t20                             4.99999
gnd_drv_gnd_logic__t470            7.20068e-07
gnd_drv_gnd_logic__t326            7.25057e-07
x2_n5__t19                             4.99999
out__t119                          7.77359e-07
out__t9                            7.87461e-07
x2_n5__t18                             4.99999
gnd_drv_gnd_logic__t469            7.29966e-07
gnd_drv_gnd_logic__t325            7.34806e-07
x2_n5__t17                             4.99999
out__t118                          7.97635e-07
out__t8                            8.07873e-07
x2_n5__t16                             4.99999
gnd_drv_gnd_logic__t468            7.39561e-07
gnd_drv_gnd_logic__t428            1.43041e-06
x2_n4__t35                        -2.98324e-05
x2_n5__t765                            4.99997
gnd_drv_gnd_logic__t356            7.44216e-07
x2_n5__t58                             4.99999
out__t139                          8.18187e-07
out__t28                           8.28569e-07
x2_n5__t57                             4.99999
gnd_drv_gnd_logic__t498            7.48804e-07
gnd_drv_gnd_logic__t355             7.5328e-07
x2_n5__t56                             4.99998
out__t138                          8.39014e-07
out__t27                           8.49515e-07
x2_n5__t55                             4.99998
gnd_drv_gnd_logic__t497            7.57655e-07
gnd_drv_gnd_logic__t354             7.6194e-07
x2_n5__t54                             4.99998
out__t137                          8.60088e-07
out__t26                           8.70719e-07
x2_n5__t53                             4.99998
gnd_drv_gnd_logic__t496            7.66097e-07
gnd_drv_gnd_logic__t353             7.7016e-07
x2_n5__t52                             4.99998
out__t136                          8.81416e-07
out__t25                           8.92154e-07
x2_n5__t51                             4.99998
gnd_drv_gnd_logic__t495            7.74118e-07
gnd_drv_gnd_logic__t352            7.77937e-07
x2_n5__t50                             4.99998
out__t135                          9.02961e-07
out__t24                           9.13822e-07
x2_n5__t49                             4.99998
gnd_drv_gnd_logic__t494            7.81647e-07
x2_n5__t737                            4.99997
x2_n4__t34                        -2.96424e-05
gnd_drv_gnd_logic__t570            1.42995e-06
gnd_drv_gnd_logic__t351            7.85222e-07
x2_n5__t48                             4.99998
out__t134                          9.24731e-07
out__t53                           9.35691e-07
x2_n5__t106                            4.99998
gnd_drv_gnd_logic__t523             7.8866e-07
gnd_drv_gnd_logic__t358            7.91958e-07
x2_n5__t59                             4.99998
out__t140                          9.46685e-07
out__t41                           9.57739e-07
x2_n5__t82                             4.99998
gnd_drv_gnd_logic__t511            7.95128e-07
gnd_drv_gnd_logic__t369            7.98144e-07
x2_n5__t83                             4.99998
out__t151                          9.68831e-07
out__t42                           9.79964e-07
x2_n5__t84                             4.99998
gnd_drv_gnd_logic__t512            8.01004e-07
gnd_drv_gnd_logic__t359            8.03725e-07
x2_n5__t60                             4.99998
out__t141                          9.91136e-07
out__t29                           1.00232e-06
x2_n5__t61                             4.99998
gnd_drv_gnd_logic__t499            8.06276e-07
gnd_drv_gnd_logic__t360            8.08659e-07
x2_n5__t62                             4.99998
out__t142                          1.01356e-06
out__t30                           1.02482e-06
x2_n5__t63                             4.99998
gnd_drv_gnd_logic__t500            8.10885e-07
gnd_drv_gnd_logic__t427            1.42911e-06
x2_n4__t33                        -2.94226e-05
x2_n5__t764                            4.99998
gnd_drv_gnd_logic__t361            8.12926e-07
x2_n5__t64                             4.99998
out__t143                          1.03611e-06
out__t31                           1.04742e-06
x2_n5__t65                             4.99998
gnd_drv_gnd_logic__t501            8.14778e-07
gnd_drv_gnd_logic__t362            8.16464e-07
x2_n5__t66                             4.99998
out__t144                          1.05872e-06
out__t32                           1.07007e-06
x2_n5__t67                             4.99998
gnd_drv_gnd_logic__t502            8.17978e-07
gnd_drv_gnd_logic__t363            8.19286e-07
x2_n5__t68                             4.99998
out__t145                          1.08142e-06
out__t33                           1.09278e-06
x2_n5__t69                             4.99998
gnd_drv_gnd_logic__t503            8.20384e-07
gnd_drv_gnd_logic__t364            8.21293e-07
x2_n5__t70                             4.99998
out__t146                          1.10414e-06
out__t34                            1.1155e-06
x2_n5__t71                             4.99998
gnd_drv_gnd_logic__t504            8.22011e-07
gnd_drv_gnd_logic__t365            8.22504e-07
x2_n5__t72                             4.99998
out__t147                          1.12686e-06
out__t35                           1.13818e-06
x2_n5__t73                             4.99998
gnd_drv_gnd_logic__t505            8.22795e-07
x2_n5__t736                            4.99998
x2_n4__t32                        -2.91724e-05
gnd_drv_gnd_logic__t569            1.42777e-06
gnd_drv_gnd_logic__t373            8.22848e-07
x2_n5__t90                             4.99998
out__t155                          1.14951e-06
out__t37                           1.16083e-06
x2_n5__t75                             4.99998
gnd_drv_gnd_logic__t507            8.22724e-07
gnd_drv_gnd_logic__t366            8.22351e-07
x2_n5__t76                             4.99998
out__t148                          1.17212e-06
out__t38                           1.18339e-06
x2_n5__t77                             4.99998
gnd_drv_gnd_logic__t508             8.2176e-07
gnd_drv_gnd_logic__t367            8.20943e-07
x2_n5__t78                             4.99998
out__t149                          1.19462e-06
out__t39                           1.20581e-06
x2_n5__t79                             4.99998
gnd_drv_gnd_logic__t509            8.19897e-07
gnd_drv_gnd_logic__t368            8.18623e-07
x2_n5__t80                             4.99998
out__t150                          1.21696e-06
out__t40                           1.22806e-06
x2_n5__t81                             4.99998
gnd_drv_gnd_logic__t510            8.17109e-07
gnd_drv_gnd_logic__t330            8.15355e-07
x2_n5__t25                             4.99998
out__t122                           1.2391e-06
out__t12                           1.25008e-06
x2_n5__t24                             4.99998
gnd_drv_gnd_logic__t472            8.13399e-07
x1_nb__t1                         -3.61072e-08
x1_inb__t2                                 3.3
gnd_drv_gnd_logic__t311           -4.30238e-07
gnd_drv_gnd_logic__t426            1.42599e-06
x2_n4__t31                        -2.88913e-05
x2_n5__t763                            4.99998
x2_n5__t735                            4.99998
x2_n4__t30                        -2.85787e-05
gnd_drv_gnd_logic__t568            1.42366e-06
gnd_drv_gnd_logic__t425            1.42085e-06
x2_n4__t29                        -2.82344e-05
x2_n5__t762                            4.99998
x2_n5__t734                            4.99998
x2_n4__t28                         -2.7858e-05
gnd_drv_gnd_logic__t567            1.41749e-06
gnd_drv_gnd_logic__t424            1.41354e-06
x2_n4__t27                        -2.74497e-05
x2_n5__t761                            4.99998
x2_n5__t732                            4.99998
x2_n4__t25                        -2.70095e-05
gnd_drv_gnd_logic__t565            1.40894e-06
gnd_drv_gnd_logic__t430            1.40382e-06
x2_n4__t37                        -2.65378e-05
x2_n5__t767                            4.99998
x2_n5__t740                            4.99998
x2_n4__t44                        -2.60352e-05
gnd_drv_gnd_logic__t574            1.39799e-06
gnd_drv_gnd_logic__t434            1.39149e-06
x2_n4__t43                        -2.55026e-05
x2_n5__t771                            4.99998
x2_n5__t739                            4.99998
x2_n4__t42                         -2.4941e-05
gnd_drv_gnd_logic__t573            1.38431e-06
x1_nca__t2                             4.99999
vdd_logic__t3                          3.29998
x1_na__t1                              2.35491
gnd_drv_gnd_logic__t431            1.37643e-06
x2_n4__t38                         -2.4352e-05
x2_n5__t768                            4.99998
x2_n5__t733                            4.99998
x2_n4__t26                        -2.37373e-05
gnd_drv_gnd_logic__t566            1.36789e-06
gnd_drv_gnd_logic__t422            1.35857e-06
x2_n4__t23                        -2.30989e-05
x2_n5__t760                            4.99998
x2_n5__t741                            4.99998
x2_n4__t45                        -2.24394e-05
gnd_drv_gnd_logic__t575            1.34859e-06
gnd_drv_gnd_logic__t433            1.33789e-06
x2_n4__t41                        -2.17616e-05
x2_n5__t770                            4.99998
x2_n5__t731                            4.99998
x2_n4__t24                         -2.1069e-05
gnd_drv_gnd_logic__t564            1.32648e-06
gnd_drv_gnd_logic__t432            1.31437e-06
x2_n4__t40                        -2.03652e-05
x2_n5__t769                            4.99998
x2_n5__t738                            4.99998
x2_n4__t39                        -1.96545e-05
gnd_drv_gnd_logic__t572             1.3016e-06
gnd_drv_gnd_logic__t442            1.28819e-06
x2_n4__t53                        -1.89415e-05
x2_n5__t774                            4.99998
x2_n5__t746                            4.99998
x2_n4__t52                        -1.82316e-05
gnd_drv_gnd_logic__t580            1.27425e-06
x1_ncb__t0                        -2.43687e-06
vdd_logic__t2                              3.3
x1_nb__t0                         -5.68674e-07
gnd_drv_gnd_logic__t429            1.25971e-06
x2_n4__t36                        -1.75299e-05
x2_n5__t766                            4.99998
x2_n5__t730                            4.99998
x2_n4__t20                        -1.68429e-05
gnd_drv_gnd_logic__t493            1.24476e-06
gnd_drv_gnd_logic__t350            1.22941e-06
x2_n4__t19                        -1.61768e-05
x2_n5__t757                            4.99998
x2_n5__t742                            4.99998
x2_n4__t46                        -1.55382e-05
gnd_drv_gnd_logic__t576            1.21376e-06
gnd_drv_gnd_logic__t403             1.1979e-06
x2_n4__t22                        -1.49341e-05
x2_n5__t759                            4.99998
x2_n5__t723                            4.99998
x2_n4__t6                         -1.43714e-05
gnd_drv_gnd_logic__t485            1.18198e-06
gnd_drv_gnd_logic__t349            1.16601e-06
x2_n4__t18                        -1.38571e-05
x2_n5__t756                            4.99998
x2_n5__t729                            4.99998
x2_n4__t17                        -1.33979e-05
gnd_drv_gnd_logic__t492             1.1502e-06
gnd_drv_gnd_logic__t357             1.1346e-06
x2_n4__t21                        -1.30003e-05
x2_n5__t758                            4.99998
x2_n5__t728                            4.99998
x2_n4__t16                        -1.26699e-05
gnd_drv_gnd_logic__t490            1.11937e-06
x1_nbuf1__t3                           4.99999
x1_ncb__t3                        -4.04899e-06
gnd_drv_gnd_logic__t305            6.22753e-07
gnd_drv_gnd_logic__t348            1.10447e-06
x2_n4__t15                        -1.24117e-05
x2_n5__t755                            4.99998
x2_n5__t727                            4.99998
x2_n4__t14                        -1.22297e-05
gnd_drv_gnd_logic__t489            1.09008e-06
gnd_drv_gnd_logic__t347            1.07618e-06
x2_n4__t13                        -1.21267e-05
x2_n5__t754                            4.99998
x2_n5__t726                            4.99998
x2_n4__t12                        -1.21043e-05
gnd_drv_gnd_logic__t488            1.06278e-06
gnd_drv_gnd_logic__t346            1.04991e-06
x2_n4__t11                        -1.21626e-05
x2_n5__t753                            4.99998
x2_n5__t725                            4.99999
x2_n4__t10                        -1.23006e-05
gnd_drv_gnd_logic__t487            1.03748e-06
gnd_drv_gnd_logic__t345            1.02542e-06
x2_n4__t9                         -1.25154e-05
x2_n5__t752                            4.99999
x2_n5__t724                            4.99999
x2_n4__t8                         -1.28038e-05
gnd_drv_gnd_logic__t486            1.01371e-06
gnd_drv_gnd_logic__t344             1.0022e-06
x2_n4__t7                         -1.31606e-05
x2_n5__t751                            4.99999
x2_n5__t722                            4.99999
x2_n4__t5                         -1.35805e-05
gnd_drv_gnd_logic__t484            9.90862e-07
in_drv__t3                         1.23427e-06
x1_nbuf1__t1                                 5
gnd_drv_gnd_logic__t302              -3.41e-07
gnd_drv_gnd_logic__t342            9.79548e-07
x2_n4__t4                         -1.40568e-05
x2_n5__t750                            4.99999
x2_n5__t721                            4.99999
x2_n4__t3                          -1.4583e-05
gnd_drv_gnd_logic__t483            9.68177e-07
gnd_drv_gnd_logic__t333            9.56731e-07
x2_n4__t2                         -1.51521e-05
x2_n5__t749                            4.99999
x2_n5__t745                            4.99999
x2_n4__t51                        -1.57566e-05
gnd_drv_gnd_logic__t579            9.45151e-07
gnd_drv_gnd_logic__t436            9.33341e-07
x2_n4__t50                        -1.63896e-05
x2_n5__t773                            4.99999
x2_n5__t744                            4.99999
x2_n4__t49                        -1.70442e-05
gnd_drv_gnd_logic__t578            9.21271e-07
gnd_drv_gnd_logic__t435            9.09027e-07
x2_n4__t48                        -1.77135e-05
x2_n5__t772                            4.99999
x2_n5__t743                            4.99999
x2_n4__t47                        -1.83916e-05
gnd_drv_gnd_logic__t577              8.965e-07
gnd_drv_gnd_logic__t329            8.83744e-07
x2_n4__t1                         -1.90722e-05
x2_n5__t748                            4.99999
x2_n5__t0                              4.99998
x2_n4__t0                         -2.07794e-05
gnd_drv_gnd_logic__t312            8.88842e-07
x2_n1__t3                              4.99999
in_drv__t1                        -3.84938e-06
gnd_drv_gnd_logic__t303            4.92224e-07
gnd_drv_gnd_logic__t421            2.34297e-06
x2_n5__t185                            4.99999
out__t202                          7.10403e-07
out__t63                           7.00452e-07
x2_n5__t126                            4.99999
gnd_drv_gnd_logic__t533            2.37976e-06
gnd_drv_gnd_logic__t390            2.41682e-06
x2_n5__t124                            4.99999
out__t172                          6.90543e-07
out__t62                           6.80728e-07
x2_n5__t125                            4.99999
gnd_drv_gnd_logic__t532            2.45406e-06
gnd_drv_gnd_logic__t392            2.49107e-06
x2_n5__t129                            4.99999
out__t174                          6.70891e-07
out__t65                           6.61099e-07
x2_n5__t130                            4.99999
gnd_drv_gnd_logic__t535            2.52786e-06
gnd_drv_gnd_logic__t393            2.56416e-06
x2_n5__t131                            4.99999
out__t175                          6.51344e-07
out__t66                           6.41712e-07
x2_n5__t133                            4.99999
gnd_drv_gnd_logic__t536            2.59983e-06
gnd_drv_gnd_logic__t395            2.63473e-06
x2_n5__t134                            4.99999
out__t177                          6.32298e-07
out__t64                           6.23109e-07
x2_n5__t127                            4.99999
gnd_drv_gnd_logic__t534            2.66873e-06
x2_n2__t0                          3.83182e-06
x2_n1__t0                                    5
gnd_drv_gnd_logic__t301            1.01464e-07
gnd_drv_gnd_logic__t394            2.70173e-06
x2_n5__t132                            4.99999
out__t176                          6.14345e-07
out__t92                           6.05929e-07
x2_n5__t184                            4.99999
gnd_drv_gnd_logic__t562            2.73365e-06
gnd_drv_gnd_logic__t416             2.7645e-06
x2_n5__t173                            4.99999
out__t197                          5.98157e-07
out__t86                           5.91145e-07
x2_n5__t174                            4.99999
gnd_drv_gnd_logic__t556            2.79402e-06
gnd_drv_gnd_logic__t343            2.82224e-06
x2_n5__t46                             4.99999
out__t133                          5.84912e-07
out__t87                           5.79761e-07
x2_n5__t175                            4.99999
gnd_drv_gnd_logic__t557            2.84923e-06
gnd_drv_gnd_logic__t417            2.87485e-06
x2_n5__t176                            4.99998
out__t198                          5.75804e-07
out__t88                           5.73154e-07
x2_n5__t177                            4.99998
gnd_drv_gnd_logic__t558            2.89895e-06
gnd_drv_gnd_logic__t418            2.92172e-06
x2_n5__t178                            4.99998
out__t199                          5.71919e-07
out__t89                           5.72203e-07
x2_n5__t179                            4.99998
gnd_drv_gnd_logic__t559            2.94304e-06
x1_inb__t1                             3.30002
in__t0                             2.83376e-05
vdd_logic__t0                              3.3
vdd_logic                                  3.3
x1_nca__t0                             5.00003
x1_ncb__t1                         3.75856e-05
vdd_drv__t0                                  5
vdd_drv                                      5
x1_ncb__t5                         1.90692e-05
x1_nca__t1                             5.00003
vdd_drv__t671                                5
x1_nbuf1__t2                           5.00002
x1_ncb__t2                         5.45308e-05
vdd_drv__t6                                  5
in_drv__t2                         5.81166e-05
x1_nbuf1__t0                           5.00006
vdd_drv__t8                                  5
x2_n1__t2                              5.00003
in_drv__t0                         5.35898e-05
vdd_drv__t10                                 5
x2_n2__t3                          1.47739e-05
x2_n1__t1                              5.00003
vdd_drv__t12                                 5
x2_n3__t0                                    5
x2_n2__t1                          1.64559e-06
vdd_drv__t2                                  5
x2_n4__t207                           2.52e-05
x2_n3__t2                              5.00003
vdd_drv__t4                                  5
vdd_drv__t1269                               5
x2_n3__t3                              5.00003
x2_n4__t206                        2.42259e-05
x2_n4__t192                        2.32289e-05
x2_n3__t21                             5.00003
vdd_drv__t1268                               5
vdd_drv__t946                                5
x2_n3__t22                             5.00002
x2_n4__t209                        2.22285e-05
x2_n4__t193                        2.12446e-05
x2_n3__t23                             5.00002
vdd_drv__t1270                               5
vdd_drv__t947                                5
x2_n3__t24                             5.00002
x2_n4__t210                        2.03034e-05
x2_n4__t196                        1.94378e-05
x2_n3__t29                             5.00002
vdd_drv__t1276                               5
vdd_drv__t955                                5
x2_n3__t34                             5.00001
x2_n4__t215                        1.86869e-05
x2_n4__t199                        1.80916e-05
x2_n3__t35                             5.00001
vdd_drv__t1279                               5
vdd_drv__t960                                5
x2_n3__t45                                   5
x2_n4__t220                        1.76827e-05
x2_n4__t200                        1.74512e-05
x2_n3__t38                                   5
vdd_drv__t1280                               5
vdd_drv__t958                                5
x2_n3__t39                                   5
x2_n4__t218                         1.7301e-05
x2_n4__t201                        1.70567e-05
x2_n3__t40                                   5
vdd_drv__t1281                               5
vdd_drv__t957                                5
x2_n3__t37                                   5
x2_n4__t217                        1.66526e-05
x2_n4__t205                        1.62234e-05
x2_n3__t44                                   5
vdd_drv__t1284                               5
vdd_drv__t956                                5
x2_n3__t36                                   5
x2_n4__t216                        1.59047e-05
x2_n4__t191                        1.57355e-05
x2_n3__t19                             5.00001
vdd_drv__t1267                               5
vdd_drv__t948                                5
x2_n3__t25                             5.00001
x2_n4__t211                        1.56962e-05
x2_n4__t194                        1.57498e-05
x2_n3__t26                             5.00002
vdd_drv__t1272                               5
vdd_drv__t949                                5
x2_n3__t27                             5.00002
x2_n4__t212                        1.58596e-05
x2_n4__t195                        1.59956e-05
x2_n3__t28                             5.00002
vdd_drv__t1273                               5
vdd_drv__t953                                5
x2_n3__t30                             5.00002
x2_n4__t213                        1.61359e-05
x2_n4__t197                        1.62651e-05
x2_n3__t31                             5.00003
vdd_drv__t1277                               5
vdd_drv__t954                                5
x2_n3__t32                             5.00003
x2_n4__t214                        1.63736e-05
x2_n4__t198                        1.64561e-05
x2_n3__t33                             5.00003
vdd_drv__t1278                               5
vdd_drv__t945                                5
x2_n3__t20                             5.00003
x2_n4__t208                        1.65104e-05
x2_n4__t202                        1.65367e-05
x2_n3__t41                             5.00003
vdd_drv__t1282                               5
vdd_drv__t959                                5
x2_n3__t42                             5.00003
x2_n4__t219                        1.65367e-05
x2_n4__t203                        1.65132e-05
x2_n3__t43                             5.00002
vdd_drv__t1283                               5
vdd_drv__t15                                 5
x2_n3__t4                              5.00002
x2_n4__t204                        1.64671e-05
vdd_drv__t928                                5
x2_n4__t115                          1.528e-05
x2_n5__t866                            5.00002
x2_n5__t776                            5.00002
x2_n4__t56                         1.60947e-05
vdd_drv__t1050                               5
vdd_drv__t985                                5
x2_n4__t169                        1.68741e-05
x2_n5__t893                            5.00002
x2_n5__t814                            5.00003
x2_n4__t132                        1.76159e-05
vdd_drv__t1258                               5
vdd_drv__t984                                5
x2_n4__t168                        1.83182e-05
x2_n5__t892                            5.00003
x2_n5__t825                            5.00003
x2_n4__t154                        1.89797e-05
vdd_drv__t1301                               5
vdd_drv__t979                                5
x2_n4__t159                        1.95996e-05
x2_n5__t887                            5.00003
x2_n5__t826                            5.00003
x2_n4__t155                        2.01775e-05
vdd_drv__t1302                               5
vdd_drv__t936                                5
x2_n4__t131                        2.07133e-05
x2_n5__t874                            5.00003
x2_n5__t815                            5.00003
x2_n4__t133                        2.12071e-05
vdd_drv__t1259                               5
vdd_drv__t937                                5
x2_n4__t134                        2.16597e-05
x2_n5__t875                            5.00003
x2_n5__t816                            5.00003
x2_n4__t135                        2.20714e-05
vdd_drv__t1260                               5
vdd_drv__t938                                5
x2_n4__t136                        2.24432e-05
x2_n5__t876                            5.00003
x2_n5__t817                            5.00003
x2_n4__t137                        2.27761e-05
vdd_drv__t1261                               5
vdd_drv__t939                                5
x2_n4__t138                        2.30712e-05
x2_n5__t877                            5.00003
x2_n5__t833                            5.00003
x2_n4__t171                        2.33297e-05
vdd_drv__t1315                               5
vdd_drv__t990                                5
x2_n4__t172                        2.35531e-05
x2_n5__t895                            5.00003
x2_n5__t834                            5.00003
x2_n4__t173                        2.37424e-05
vdd_drv__t1316                               5
vdd_drv__t991                                5
x2_n4__t174                        2.38991e-05
x2_n5__t896                            5.00003
x2_n5__t835                            5.00003
x2_n4__t175                        2.40248e-05
vdd_drv__t1317                               5
vdd_drv__t988                                5
x2_n4__t170                        2.41206e-05
x2_n5__t894                            5.00003
x2_n5__t832                            5.00003
x2_n4__t167                        2.41882e-05
vdd_drv__t1309                               5
vdd_drv__t983                                5
x2_n4__t166                        2.42288e-05
x2_n5__t891                            5.00003
x2_n5__t831                            5.00003
x2_n4__t165                        2.42438e-05
vdd_drv__t1307                               5
vdd_drv__t982                                5
x2_n4__t164                        2.42349e-05
x2_n5__t890                            5.00003
x2_n5__t830                            5.00003
x2_n4__t163                         2.4203e-05
vdd_drv__t1306                               5
vdd_drv__t981                                5
x2_n4__t162                        2.41497e-05
x2_n5__t889                            5.00003
x2_n5__t829                            5.00003
x2_n4__t161                        2.40761e-05
vdd_drv__t1305                               5
vdd_drv__t980                                5
x2_n4__t160                        2.39836e-05
x2_n5__t888                            5.00003
x2_n5__t828                            5.00003
x2_n4__t158                        2.38733e-05
vdd_drv__t1304                               5
vdd_drv__t978                                5
x2_n4__t157                        2.37464e-05
x2_n5__t886                            5.00003
x2_n5__t827                            5.00003
x2_n4__t156                        2.36038e-05
vdd_drv__t1303                               5
vdd_drv__t875                                5
x2_n4__t60                         2.34469e-05
x2_n5__t839                            5.00003
x2_n5__t809                            5.00003
x2_n4__t124                        2.32765e-05
vdd_drv__t1253                               5
vdd_drv__t932                                5
x2_n4__t122                        2.30936e-05
x2_n5__t870                            5.00003
x2_n5__t808                            5.00003
x2_n4__t121                        2.28991e-05
vdd_drv__t1252                               5
vdd_drv__t930                                5
x2_n4__t118                         2.2694e-05
x2_n5__t868                            5.00003
x2_n5__t806                            5.00003
x2_n4__t117                        2.24789e-05
vdd_drv__t1250                               5
vdd_drv__t929                                5
x2_n4__t116                        2.22549e-05
x2_n5__t867                            5.00003
x2_n5__t811                            5.00003
x2_n4__t127                        2.20224e-05
vdd_drv__t1255                               5
vdd_drv__t934                                5
x2_n4__t126                        2.17823e-05
x2_n5__t872                            5.00003
x2_n5__t810                            5.00003
x2_n4__t125                        2.15352e-05
vdd_drv__t1254                               5
vdd_drv__t933                                5
x2_n4__t123                        2.12819e-05
x2_n5__t871                            5.00003
x2_n5__t807                            5.00003
x2_n4__t120                        2.10228e-05
vdd_drv__t1251                               5
vdd_drv__t931                                5
x2_n4__t119                        2.07584e-05
x2_n5__t869                            5.00003
x2_n5__t823                            5.00003
x2_n4__t149                        2.04894e-05
vdd_drv__t1271                               5
vdd_drv__t952                                5
x2_n4__t151                        2.02161e-05
x2_n5__t884                            5.00003
x2_n5__t822                            5.00003
x2_n4__t148                         1.9939e-05
vdd_drv__t1266                               5
vdd_drv__t941                                5
x2_n4__t140                        1.96586e-05
x2_n5__t879                            5.00003
x2_n5__t818                            5.00003
x2_n4__t141                        1.93752e-05
vdd_drv__t1262                               5
vdd_drv__t942                                5
x2_n4__t142                        1.90892e-05
x2_n5__t880                            5.00003
x2_n5__t819                            5.00003
x2_n4__t143                        1.88009e-05
vdd_drv__t1263                               5
vdd_drv__t943                                5
x2_n4__t144                        1.85107e-05
x2_n5__t881                            5.00003
x2_n5__t820                            5.00003
x2_n4__t145                        1.82188e-05
vdd_drv__t1264                               5
vdd_drv__t944                                5
x2_n4__t146                        1.79256e-05
x2_n5__t882                            5.00003
x2_n5__t821                            5.00003
x2_n4__t147                        1.76311e-05
vdd_drv__t1265                               5
vdd_drv__t940                                5
x2_n4__t139                        1.73359e-05
x2_n5__t878                            5.00003
x2_n5__t813                            5.00003
x2_n4__t130                          1.704e-05
vdd_drv__t1257                               5
vdd_drv__t935                                5
x2_n4__t129                        1.67434e-05
x2_n5__t873                            5.00003
x2_n5__t812                            5.00003
x2_n4__t128                        1.64468e-05
vdd_drv__t1256                               5
vdd_drv__t20                                 5
x2_n4__t55                         1.61457e-05
x2_n5__t775                            5.00003
x2_n5__t836                            5.00002
x2_n4__t176                        3.00743e-05
vdd_drv__t669                                5
vdd_drv__t903                                5
x2_n4__t70                         3.00241e-05
x2_n5__t844                            5.00002
x2_n5__t783                            5.00002
x2_n4__t71                         2.99322e-05
vdd_drv__t1224                               5
vdd_drv__t904                                5
x2_n4__t72                         2.98135e-05
x2_n5__t845                            5.00002
x2_n5__t784                            5.00002
x2_n4__t73                         2.96667e-05
vdd_drv__t1225                               5
vdd_drv__t905                                5
x2_n4__t74                         2.94908e-05
x2_n5__t846                            5.00002
x2_n5__t785                            5.00002
x2_n4__t75                         2.92841e-05
vdd_drv__t1226                               5
vdd_drv__t906                                5
x2_n4__t76                         2.90456e-05
x2_n5__t847                            5.00002
x2_n5__t790                            5.00002
x2_n4__t86                         2.87739e-05
vdd_drv__t1231                               5
vdd_drv__t908                                5
x2_n4__t78                         2.84678e-05
x2_n5__t849                            5.00002
x2_n5__t786                            5.00002
x2_n4__t79                         2.81261e-05
vdd_drv__t1227                               5
vdd_drv__t909                                5
x2_n4__t80                         2.77477e-05
x2_n5__t850                            5.00002
x2_n5__t787                            5.00002
x2_n4__t81                         2.73313e-05
vdd_drv__t1228                               5
vdd_drv__t910                                5
x2_n4__t82                          2.6876e-05
x2_n5__t851                            5.00002
x2_n5__t788                            5.00002
x2_n4__t83                         2.63809e-05
vdd_drv__t1229                               5
vdd_drv__t911                                5
x2_n4__t84                         2.58451e-05
x2_n5__t852                            5.00002
x2_n5__t789                            5.00002
x2_n4__t85                         2.52679e-05
vdd_drv__t1230                               5
vdd_drv__t907                                5
x2_n4__t77                          2.4649e-05
x2_n5__t848                            5.00002
x2_n5__t778                            5.00002
x2_n4__t61                         2.39877e-05
vdd_drv__t1215                               5
vdd_drv__t902                                5
x2_n4__t68                         2.32842e-05
x2_n5__t843                            5.00002
x2_n5__t782                            5.00002
x2_n4__t69                         2.25385e-05
vdd_drv__t1222                               5
vdd_drv__t915                                5
x2_n4__t94                         2.17513e-05
x2_n5__t856                            5.00002
x2_n5__t797                            5.00002
x2_n4__t98                         2.09233e-05
vdd_drv__t1241                               5
vdd_drv__t897                                5
x2_n4__t67                         2.00557e-05
x2_n5__t842                            5.00002
x2_n5__t781                            5.00002
x2_n4__t66                         1.91503e-05
vdd_drv__t1218                               5
vdd_drv__t896                                5
x2_n4__t65                         1.82093e-05
x2_n5__t841                            5.00002
x2_n5__t780                            5.00002
x2_n4__t64                         1.72355e-05
vdd_drv__t1217                               5
vdd_drv__t895                                5
x2_n4__t63                         1.62327e-05
x2_n5__t840                            5.00002
x2_n5__t779                            5.00002
x2_n4__t62                         1.52049e-05
vdd_drv__t1216                               5
vdd_drv__t951                                5
x2_n4__t150                        1.41574e-05
x2_n5__t883                            5.00002
x2_n5__t824                            5.00002
x2_n4__t153                        1.30964e-05
vdd_drv__t1290                               5
vdd_drv__t964                                5
x2_n4__t152                        1.20292e-05
x2_n5__t885                            5.00002
x2_n5__t794                            5.00002
x2_n4__t92                         1.09644e-05
vdd_drv__t1235                               5
vdd_drv__t914                                5
x2_n4__t93                         9.91175e-06
x2_n5__t855                            5.00002
x2_n5__t796                            5.00002
x2_n4__t97                         8.88277e-06
vdd_drv__t1240                               5
vdd_drv__t916                                5
x2_n4__t95                         7.89065e-06
x2_n5__t857                            5.00002
x2_n5__t795                            5.00002
x2_n4__t96                         6.95049e-06
vdd_drv__t1236                               5
vdd_drv__t872                                5
x2_n4__t57                         6.07936e-06
x2_n5__t837                            5.00002
x2_n5__t802                            5.00002
x2_n4__t108                        5.29639e-06
vdd_drv__t1246                               5
vdd_drv__t925                                5
x2_n4__t109                        4.62288e-06
x2_n5__t863                            5.00002
x2_n5__t803                            5.00002
x2_n4__t110                        4.08185e-06
vdd_drv__t1247                               5
vdd_drv__t926                                5
x2_n4__t111                         3.6957e-06
x2_n5__t864                            5.00002
x2_n5__t800                            5.00002
x2_n4__t103                        3.47924e-06
vdd_drv__t1244                               5
vdd_drv__t922                                5
x2_n4__t104                        3.41385e-06
x2_n5__t860                            5.00002
x2_n5__t801                            5.00002
x2_n4__t105                        3.40739e-06
vdd_drv__t1245                               5
vdd_drv__t924                                5
x2_n4__t107                        3.43193e-06
x2_n5__t862                            5.00002
x2_n5__t804                            5.00002
x2_n4__t112                        3.57972e-06
vdd_drv__t1248                               5
vdd_drv__t927                                5
x2_n4__t113                        3.88468e-06
x2_n5__t865                            5.00002
x2_n5__t805                            5.00002
x2_n4__t114                        4.33681e-06
vdd_drv__t1249                               5
vdd_drv__t923                                5
x2_n4__t106                        4.91481e-06
x2_n5__t861                            5.00002
x2_n5__t791                            5.00002
x2_n4__t87                         5.59636e-06
vdd_drv__t1232                               5
vdd_drv__t912                                5
x2_n4__t88                         6.36007e-06
x2_n5__t853                            5.00002
x2_n5__t792                            5.00002
x2_n4__t89                          7.1869e-06
vdd_drv__t1233                               5
vdd_drv__t913                                5
x2_n4__t90                         8.05997e-06
x2_n5__t854                            5.00002
x2_n5__t793                            5.00002
x2_n4__t91                         8.96423e-06
vdd_drv__t1234                               5
vdd_drv__t873                                5
x2_n4__t58                         9.88674e-06
x2_n5__t838                            5.00002
x2_n5__t777                            5.00002
x2_n4__t59                         1.08163e-05
vdd_drv__t1195                               5
vdd_drv__t920                                5
x2_n4__t99                         1.17433e-05
x2_n5__t858                            5.00002
x2_n5__t798                            5.00002
x2_n4__t100                        1.26595e-05
vdd_drv__t1242                               5
vdd_drv__t921                                5
x2_n4__t101                        1.35581e-05
x2_n5__t859                            5.00002
x2_n5__t799                            5.00002
x2_n4__t102                        1.44332e-05
vdd_drv__t1243                               5
vdd_drv__t795                                5
x2_n5__t472                            5.00002
out__t594                          8.26844e-07
out__t316                          8.32007e-07
x2_n5__t410                            5.00002
vdd_drv__t1090                               5
vdd_drv__t853                                5
x2_n5__t588                            5.00002
out__t652                          8.37226e-07
out__t315                          8.42475e-07
x2_n5__t409                            5.00002
vdd_drv__t1089                               5
vdd_drv__t764                                5
x2_n5__t408                            5.00002
out__t563                          8.47751e-07
out__t314                          8.53026e-07
x2_n5__t407                            5.00002
vdd_drv__t1088                               5
vdd_drv__t779                                5
x2_n5__t441                            5.00002
out__t578                          8.58359e-07
out__t338                           8.6372e-07
x2_n5__t452                            5.00002
vdd_drv__t1112                               5
vdd_drv__t784                                5
x2_n5__t451                            5.00002
out__t583                          8.69109e-07
out__t337                          8.74495e-07
x2_n5__t450                            5.00002
vdd_drv__t1111                               5
vdd_drv__t783                                5
x2_n5__t449                            5.00002
out__t582                          8.79939e-07
out__t336                          8.85411e-07
x2_n5__t448                            5.00002
vdd_drv__t1110                               5
vdd_drv__t782                                5
x2_n5__t447                            5.00002
out__t581                           8.9088e-07
out__t335                          8.96407e-07
x2_n5__t446                            5.00002
vdd_drv__t1109                               5
vdd_drv__t781                                5
x2_n5__t445                            5.00002
out__t580                          9.01961e-07
out__t334                          9.07543e-07
x2_n5__t444                            5.00002
vdd_drv__t1108                               5
vdd_drv__t780                                5
x2_n5__t443                            5.00002
out__t579                           9.1312e-07
out__t333                          9.18757e-07
x2_n5__t442                            5.00002
vdd_drv__t1107                               5
vdd_drv__t785                                5
x2_n5__t453                            5.00002
out__t584                           9.2442e-07
out__t332                           9.3011e-07
x2_n5__t440                            5.00002
vdd_drv__t1106                               5
vdd_drv__t778                                5
x2_n5__t439                            5.00002
out__t577                          9.35794e-07
out__t331                          9.41538e-07
x2_n5__t438                            5.00002
vdd_drv__t1105                               5
vdd_drv__t777                                5
x2_n5__t437                            5.00002
out__t576                          9.47309e-07
out__t330                          9.53073e-07
x2_n5__t436                            5.00002
vdd_drv__t1104                               5
vdd_drv__t776                                5
x2_n5__t435                            5.00002
out__t575                          9.58897e-07
out__t329                          9.64747e-07
x2_n5__t434                            5.00002
vdd_drv__t1103                               5
vdd_drv__t775                                5
x2_n5__t433                            5.00002
out__t574                          9.70624e-07
out__t328                          9.76493e-07
x2_n5__t432                            5.00002
vdd_drv__t1102                               5
vdd_drv__t774                                5
x2_n5__t431                            5.00002
out__t573                          9.82423e-07
out__t327                          9.88378e-07
x2_n5__t430                            5.00002
vdd_drv__t1101                               5
vdd_drv__t815                                5
x2_n5__t512                            5.00002
out__t614                          9.94359e-07
out__t397                          1.00033e-06
x2_n5__t571                            5.00002
vdd_drv__t1171                               5
vdd_drv__t844                                5
x2_n5__t570                            5.00002
out__t643                          1.00637e-06
out__t396                          1.01242e-06
x2_n5__t569                            5.00002
vdd_drv__t1170                               5
vdd_drv__t843                                5
x2_n5__t568                            5.00002
out__t642                          1.01851e-06
out__t395                          1.02458e-06
x2_n5__t567                            5.00002
vdd_drv__t1169                               5
vdd_drv__t842                                5
x2_n5__t566                            5.00002
out__t641                          1.03072e-06
out__t394                          1.03688e-06
x2_n5__t565                            5.00002
vdd_drv__t1168                               5
vdd_drv__t841                                5
x2_n5__t564                            5.00002
out__t640                          1.04303e-06
out__t393                          1.04925e-06
x2_n5__t563                            5.00002
vdd_drv__t1167                               5
vdd_drv__t840                                5
x2_n5__t562                            5.00002
out__t639                          1.05548e-06
out__t392                          1.06175e-06
x2_n5__t561                            5.00002
vdd_drv__t1166                               5
vdd_drv__t845                                5
x2_n5__t572                            5.00002
out__t644                            1.068e-06
out__t391                          1.07431e-06
x2_n5__t559                            5.00002
vdd_drv__t1165                               5
vdd_drv__t838                                5
x2_n5__t558                            5.00002
out__t637                          1.08065e-06
out__t390                          1.08701e-06
x2_n5__t557                            5.00002
vdd_drv__t1164                               5
vdd_drv__t837                                5
x2_n5__t556                            5.00002
out__t636                          1.09336e-06
out__t389                          1.09977e-06
x2_n5__t555                            5.00002
vdd_drv__t1163                               5
vdd_drv__t836                                5
x2_n5__t554                            5.00002
out__t635                          1.10621e-06
out__t388                          1.11267e-06
x2_n5__t553                            5.00002
vdd_drv__t1162                               5
vdd_drv__t835                                5
x2_n5__t552                            5.00002
out__t634                          1.11912e-06
out__t387                          1.12563e-06
x2_n5__t551                            5.00002
vdd_drv__t1161                               5
vdd_drv__t834                                5
x2_n5__t550                            5.00002
out__t633                          1.13216e-06
out__t386                          1.13868e-06
x2_n5__t549                            5.00002
vdd_drv__t1160                               5
vdd_drv__t851                                5
x2_n5__t584                            5.00002
out__t650                          1.14526e-06
out__t409                          1.15187e-06
x2_n5__t595                            5.00002
vdd_drv__t1183                               5
vdd_drv__t856                                5
x2_n5__t594                            5.00002
out__t655                           1.1585e-06
out__t408                          1.16512e-06
x2_n5__t593                            5.00002
vdd_drv__t1182                               5
vdd_drv__t855                                5
x2_n5__t592                            5.00002
out__t654                          1.17179e-06
out__t407                           1.1785e-06
x2_n5__t591                            5.00002
vdd_drv__t1181                               5
vdd_drv__t854                                5
x2_n5__t590                            5.00002
out__t653                          1.18522e-06
out__t406                          1.19193e-06
x2_n5__t589                            5.00002
vdd_drv__t1180                               5
vdd_drv__t19                                 5
x2_n5__t221                            5.00002
out__t220                          1.19855e-06
out__t317                          5.67505e-07
x2_n5__t412                            5.00002
vdd_drv__t1091                               5
vdd_drv__t765                                5
x2_n5__t411                            5.00002
out__t564                          5.70814e-07
out__t347                          5.74156e-07
x2_n5__t471                            5.00002
vdd_drv__t1121                               5
vdd_drv__t794                                5
x2_n5__t470                            5.00002
out__t593                          5.77512e-07
out__t346                           5.8092e-07
x2_n5__t469                            5.00002
vdd_drv__t1120                               5
vdd_drv__t793                                5
x2_n5__t468                            5.00002
out__t592                           5.8436e-07
out__t345                          5.87833e-07
x2_n5__t467                            5.00002
vdd_drv__t1119                               5
vdd_drv__t792                                5
x2_n5__t466                            5.00002
out__t591                           5.9132e-07
out__t350                          5.94858e-07
x2_n5__t477                            5.00002
vdd_drv__t1124                               5
vdd_drv__t791                                5
x2_n5__t464                            5.00002
out__t590                          5.98429e-07
out__t343                          6.02012e-07
x2_n5__t463                            5.00002
vdd_drv__t1117                               5
vdd_drv__t790                                5
x2_n5__t462                            5.00002
out__t589                          6.05648e-07
out__t342                          6.09316e-07
x2_n5__t461                            5.00002
vdd_drv__t1116                               5
vdd_drv__t789                                5
x2_n5__t460                            5.00002
out__t588                          6.12996e-07
out__t341                          6.16728e-07
x2_n5__t459                            5.00002
vdd_drv__t1115                               5
vdd_drv__t788                                5
x2_n5__t458                            5.00002
out__t587                          6.20493e-07
out__t340                           6.2429e-07
x2_n5__t457                            5.00002
vdd_drv__t1114                               5
vdd_drv__t787                                5
x2_n5__t456                            5.00002
out__t586                          6.28097e-07
out__t339                          6.31958e-07
x2_n5__t455                            5.00002
vdd_drv__t1113                               5
vdd_drv__t786                                5
x2_n5__t454                            5.00002
out__t585                          6.35851e-07
out__t356                          6.39753e-07
x2_n5__t489                            5.00002
vdd_drv__t1130                               5
vdd_drv__t809                                5
x2_n5__t500                            5.00002
out__t608                           6.4371e-07
out__t361                          6.47698e-07
x2_n5__t499                            5.00002
vdd_drv__t1135                               5
vdd_drv__t808                                5
x2_n5__t498                            5.00002
out__t607                          6.51717e-07
out__t360                          6.55746e-07
x2_n5__t497                            5.00002
vdd_drv__t1134                               5
vdd_drv__t807                                5
x2_n5__t496                            5.00002
out__t606                          6.59828e-07
out__t359                          6.63942e-07
x2_n5__t495                            5.00002
vdd_drv__t1133                               5
vdd_drv__t806                                5
x2_n5__t494                            5.00002
out__t605                          6.68064e-07
out__t358                          6.72241e-07
x2_n5__t493                            5.00002
vdd_drv__t1132                               5
vdd_drv__t805                                5
x2_n5__t492                            5.00002
out__t604                          6.76448e-07
out__t357                          6.80663e-07
x2_n5__t491                            5.00002
vdd_drv__t1131                               5
vdd_drv__t804                                5
x2_n5__t490                            5.00002
out__t603                          6.84933e-07
out__t362                          6.89233e-07
x2_n5__t501                            5.00002
vdd_drv__t1136                               5
vdd_drv__t803                                5
x2_n5__t488                            5.00002
out__t602                          6.93565e-07
out__t355                          6.97903e-07
x2_n5__t487                            5.00002
vdd_drv__t1129                               5
vdd_drv__t802                                5
x2_n5__t486                            5.00002
out__t601                          7.02296e-07
out__t354                           7.0672e-07
x2_n5__t485                            5.00002
vdd_drv__t1128                               5
vdd_drv__t801                                5
x2_n5__t484                            5.00002
out__t600                          7.11149e-07
out__t353                          7.15634e-07
x2_n5__t483                            5.00002
vdd_drv__t1127                               5
vdd_drv__t800                                5
x2_n5__t482                            5.00002
out__t599                          7.20149e-07
out__t352                          7.24694e-07
x2_n5__t481                            5.00002
vdd_drv__t1126                               5
vdd_drv__t799                                5
x2_n5__t480                            5.00002
out__t598                          7.29244e-07
out__t351                           7.3385e-07
x2_n5__t479                            5.00002
vdd_drv__t1125                               5
vdd_drv__t798                                5
x2_n5__t478                            5.00002
out__t597                          7.38486e-07
out__t344                          7.43126e-07
x2_n5__t465                            5.00002
vdd_drv__t1118                               5
vdd_drv__t773                                5
x2_n5__t428                            5.00002
out__t572                          7.47821e-07
out__t325                          7.52547e-07
x2_n5__t427                            5.00002
vdd_drv__t1099                               5
vdd_drv__t772                                5
x2_n5__t426                            5.00002
out__t571                          7.57303e-07
out__t324                           7.6206e-07
x2_n5__t425                            5.00002
vdd_drv__t1098                               5
vdd_drv__t771                                5
x2_n5__t424                            5.00002
out__t570                          7.66875e-07
out__t323                          7.71719e-07
x2_n5__t423                            5.00002
vdd_drv__t1097                               5
vdd_drv__t770                                5
x2_n5__t422                            5.00002
out__t569                          7.76593e-07
out__t322                          7.81468e-07
x2_n5__t421                            5.00002
vdd_drv__t1096                               5
vdd_drv__t769                                5
x2_n5__t420                            5.00002
out__t568                            7.864e-07
out__t321                          7.91362e-07
x2_n5__t419                            5.00002
vdd_drv__t1095                               5
vdd_drv__t768                                5
x2_n5__t418                            5.00002
out__t567                          7.96324e-07
out__t326                          8.01343e-07
x2_n5__t429                            5.00002
vdd_drv__t1100                               5
vdd_drv__t767                                5
x2_n5__t416                            5.00002
out__t566                          8.06392e-07
out__t319                          8.11469e-07
x2_n5__t415                            5.00002
vdd_drv__t1093                               5
vdd_drv__t766                                5
x2_n5__t414                            5.00002
out__t565                          8.16546e-07
out__t318                          8.21681e-07
x2_n5__t413                            5.00002
vdd_drv__t1092                               5
vdd_drv__t796                                5
x2_n5__t474                            5.00002
out__t595                          5.64247e-07
out__t405                          4.25575e-07
x2_n5__t587                            5.00001
vdd_drv__t1179                               5
vdd_drv__t677                                5
x2_n5__t231                            5.00001
out__t476                          4.26743e-07
out__t224                          4.27952e-07
x2_n5__t230                            5.00001
vdd_drv__t997                                5
vdd_drv__t683                                5
x2_n5__t242                            5.00001
out__t482                          4.29185e-07
out__t299                          4.30458e-07
x2_n5__t379                            5.00001
vdd_drv__t1073                               5
vdd_drv__t707                                5
x2_n5__t288                            5.00001
out__t506                          4.31763e-07
out__t251                          4.33092e-07
x2_n5__t287                            5.00001
vdd_drv__t1024                               5
vdd_drv__t706                                5
x2_n5__t286                            5.00001
out__t505                          4.34463e-07
out__t250                          4.35857e-07
x2_n5__t285                            5.00001
vdd_drv__t1023                               5
vdd_drv__t705                                5
x2_n5__t284                            5.00001
out__t504                          4.37292e-07
out__t249                          4.38761e-07
x2_n5__t283                            5.00001
vdd_drv__t1022                               5
vdd_drv__t704                                5
x2_n5__t282                            5.00001
out__t503                          4.40253e-07
out__t248                          4.41787e-07
x2_n5__t281                            5.00001
vdd_drv__t1021                               5
vdd_drv__t703                                5
x2_n5__t280                            5.00001
out__t502                          4.43345e-07
out__t247                          4.44945e-07
x2_n5__t279                            5.00001
vdd_drv__t1020                               5
vdd_drv__t702                                5
x2_n5__t278                            5.00001
out__t501                          4.46579e-07
out__t252                          4.48235e-07
x2_n5__t289                            5.00002
vdd_drv__t1025                               5
vdd_drv__t700                                5
x2_n5__t276                            5.00002
out__t499                          4.49935e-07
out__t246                          4.51669e-07
x2_n5__t275                            5.00002
vdd_drv__t1019                               5
vdd_drv__t699                                5
x2_n5__t274                            5.00002
out__t498                          4.53425e-07
out__t245                          4.55225e-07
x2_n5__t273                            5.00002
vdd_drv__t1018                               5
vdd_drv__t698                                5
x2_n5__t272                            5.00002
out__t497                          4.57058e-07
out__t244                          4.58914e-07
x2_n5__t271                            5.00002
vdd_drv__t1017                               5
vdd_drv__t697                                5
x2_n5__t270                            5.00002
out__t496                          4.60815e-07
out__t243                          4.62737e-07
x2_n5__t269                            5.00002
vdd_drv__t1016                               5
vdd_drv__t696                                5
x2_n5__t268                            5.00002
out__t495                          4.64705e-07
out__t242                          4.66707e-07
x2_n5__t267                            5.00002
vdd_drv__t1015                               5
vdd_drv__t712                                5
x2_n5__t301                            5.00002
out__t511                           4.6873e-07
out__t265                          4.70798e-07
x2_n5__t312                            5.00002
vdd_drv__t1038                               5
vdd_drv__t717                                5
x2_n5__t311                            5.00002
out__t516                          4.72901e-07
out__t264                          4.75024e-07
x2_n5__t310                            5.00002
vdd_drv__t1037                               5
vdd_drv__t716                                5
x2_n5__t309                            5.00002
out__t515                          4.77194e-07
out__t263                          4.79398e-07
x2_n5__t308                            5.00002
vdd_drv__t1036                               5
vdd_drv__t715                                5
x2_n5__t307                            5.00002
out__t514                          4.81622e-07
out__t262                          4.83893e-07
x2_n5__t306                            5.00002
vdd_drv__t1035                               5
vdd_drv__t714                                5
x2_n5__t305                            5.00002
out__t513                          4.86198e-07
out__t261                          4.88523e-07
x2_n5__t304                            5.00002
vdd_drv__t1034                               5
vdd_drv__t713                                5
x2_n5__t303                            5.00002
out__t512                          4.90896e-07
out__t260                          4.93302e-07
x2_n5__t302                            5.00002
vdd_drv__t1033                               5
vdd_drv__t718                                5
x2_n5__t313                            5.00002
out__t517                          4.95727e-07
out__t259                          4.98201e-07
x2_n5__t300                            5.00002
vdd_drv__t1032                               5
vdd_drv__t711                                5
x2_n5__t299                            5.00002
out__t510                          5.00708e-07
out__t258                          5.03235e-07
x2_n5__t298                            5.00002
vdd_drv__t1031                               5
vdd_drv__t710                                5
x2_n5__t297                            5.00002
out__t509                           5.0581e-07
out__t257                          5.08418e-07
x2_n5__t296                            5.00002
vdd_drv__t1030                               5
vdd_drv__t709                                5
x2_n5__t295                            5.00002
out__t508                          5.11045e-07
out__t256                          5.13721e-07
x2_n5__t294                            5.00002
vdd_drv__t1029                               5
vdd_drv__t708                                5
x2_n5__t293                            5.00002
out__t507                           5.1643e-07
out__t255                          5.19158e-07
x2_n5__t292                            5.00002
vdd_drv__t1028                               5
vdd_drv__t701                                5
x2_n5__t277                            5.00002
out__t500                          5.21934e-07
out__t253                          5.24744e-07
x2_n5__t290                            5.00002
vdd_drv__t1026                               5
vdd_drv__t695                                5
x2_n5__t264                            5.00002
out__t494                          5.27572e-07
out__t229                          5.30449e-07
x2_n5__t241                            5.00002
vdd_drv__t1002                               5
vdd_drv__t682                                5
x2_n5__t240                            5.00002
out__t481                           5.3336e-07
out__t228                          5.36287e-07
x2_n5__t239                            5.00002
vdd_drv__t1001                               5
vdd_drv__t681                                5
x2_n5__t238                            5.00002
out__t480                          5.39265e-07
out__t227                          5.42276e-07
x2_n5__t237                            5.00002
vdd_drv__t1000                               5
vdd_drv__t680                                5
x2_n5__t236                            5.00002
out__t479                           5.4532e-07
out__t226                           5.4838e-07
x2_n5__t235                            5.00002
vdd_drv__t999                                5
vdd_drv__t679                                5
x2_n5__t234                            5.00002
out__t478                           5.5149e-07
out__t225                          5.54635e-07
x2_n5__t233                            5.00002
vdd_drv__t998                                5
vdd_drv__t678                                5
x2_n5__t232                            5.00002
out__t477                          5.57794e-07
out__t348                          5.61004e-07
x2_n5__t473                            5.00002
vdd_drv__t1122                               5
vdd_drv__t822                                5
x2_n5__t526                            5.00001
out__t621                          4.06477e-07
out__t320                          4.06146e-07
x2_n5__t417                            5.00001
vdd_drv__t1094                               5
vdd_drv__t852                                5
x2_n5__t586                            5.00001
out__t651                          4.05828e-07
out__t404                          4.05523e-07
x2_n5__t585                            5.00001
vdd_drv__t1178                               5
vdd_drv__t857                                5
x2_n5__t596                            5.00001
out__t656                          4.05233e-07
out__t403                          4.04957e-07
x2_n5__t583                            5.00001
vdd_drv__t1177                               5
vdd_drv__t850                                5
x2_n5__t582                            5.00001
out__t649                          4.04696e-07
out__t402                          4.04451e-07
x2_n5__t581                            5.00001
vdd_drv__t1176                               5
vdd_drv__t849                                5
x2_n5__t580                            5.00001
out__t648                          4.04222e-07
out__t401                           4.0401e-07
x2_n5__t579                            5.00001
vdd_drv__t1175                               5
vdd_drv__t848                                5
x2_n5__t578                            5.00001
out__t647                          4.03815e-07
out__t400                          4.03637e-07
x2_n5__t577                            5.00001
vdd_drv__t1174                               5
vdd_drv__t847                                5
x2_n5__t576                            5.00001
out__t646                          4.03478e-07
out__t399                          4.03338e-07
x2_n5__t575                            5.00001
vdd_drv__t1173                               5
vdd_drv__t846                                5
x2_n5__t574                            5.00001
out__t645                          4.03216e-07
out__t398                          4.03114e-07
x2_n5__t573                            5.00001
vdd_drv__t1172                               5
vdd_drv__t839                                5
x2_n5__t560                            5.00001
out__t638                          4.03034e-07
out__t373                          4.02972e-07
x2_n5__t523                            5.00001
vdd_drv__t1147                               5
vdd_drv__t820                                5
x2_n5__t522                            5.00001
out__t619                          4.02931e-07
out__t372                          4.02912e-07
x2_n5__t521                            5.00001
vdd_drv__t1146                               5
vdd_drv__t819                                5
x2_n5__t520                            5.00001
out__t618                          4.02916e-07
out__t371                           4.0294e-07
x2_n5__t519                            5.00001
vdd_drv__t1145                               5
vdd_drv__t818                                5
x2_n5__t518                            5.00001
out__t617                          4.02987e-07
out__t370                          4.03056e-07
x2_n5__t517                            5.00001
vdd_drv__t1144                               5
vdd_drv__t817                                5
x2_n5__t516                            5.00001
out__t616                          4.03151e-07
out__t369                          4.03267e-07
x2_n5__t515                            5.00001
vdd_drv__t1143                               5
vdd_drv__t816                                5
x2_n5__t514                            5.00001
out__t615                          4.03407e-07
out__t368                          4.03574e-07
x2_n5__t513                            5.00001
vdd_drv__t1142                               5
vdd_drv__t821                                5
x2_n5__t524                            5.00001
out__t620                          4.03762e-07
out__t367                          4.03976e-07
x2_n5__t511                            5.00001
vdd_drv__t1141                               5
vdd_drv__t814                                5
x2_n5__t510                            5.00001
out__t613                          4.04218e-07
out__t366                          4.04482e-07
x2_n5__t509                            5.00001
vdd_drv__t1140                               5
vdd_drv__t813                                5
x2_n5__t508                            5.00001
out__t612                          4.04775e-07
out__t365                          4.05091e-07
x2_n5__t507                            5.00001
vdd_drv__t1139                               5
vdd_drv__t812                                5
x2_n5__t506                            5.00001
out__t611                          4.05437e-07
out__t364                          4.05806e-07
x2_n5__t505                            5.00001
vdd_drv__t1138                               5
vdd_drv__t811                                5
x2_n5__t504                            5.00001
out__t610                          4.06201e-07
out__t363                          4.06628e-07
x2_n5__t503                            5.00001
vdd_drv__t1137                               5
vdd_drv__t810                                5
x2_n5__t502                            5.00001
out__t609                          4.07078e-07
out__t379                          4.07561e-07
x2_n5__t536                            5.00001
vdd_drv__t1153                               5
vdd_drv__t833                                5
x2_n5__t547                            5.00001
out__t632                          4.08067e-07
out__t384                          4.08606e-07
x2_n5__t546                            5.00001
vdd_drv__t1158                               5
vdd_drv__t832                                5
x2_n5__t545                            5.00001
out__t631                          4.09168e-07
out__t383                          4.09764e-07
x2_n5__t544                            5.00001
vdd_drv__t1157                               5
vdd_drv__t831                                5
x2_n5__t543                            5.00001
out__t630                          4.10384e-07
out__t382                          4.11038e-07
x2_n5__t542                            5.00001
vdd_drv__t1156                               5
vdd_drv__t830                                5
x2_n5__t541                            5.00001
out__t629                          4.11716e-07
out__t381                          4.12429e-07
x2_n5__t540                            5.00001
vdd_drv__t1155                               5
vdd_drv__t829                                5
x2_n5__t539                            5.00001
out__t628                          4.13166e-07
out__t380                          4.13939e-07
x2_n5__t538                            5.00001
vdd_drv__t1154                               5
vdd_drv__t828                                5
x2_n5__t537                            5.00001
out__t627                          4.14735e-07
out__t385                          4.15568e-07
x2_n5__t548                            5.00001
vdd_drv__t1159                               5
vdd_drv__t827                                5
x2_n5__t535                            5.00001
out__t626                          4.16426e-07
out__t378                           4.1732e-07
x2_n5__t534                            5.00001
vdd_drv__t1152                               5
vdd_drv__t826                                5
x2_n5__t533                            5.00001
out__t625                          4.18245e-07
out__t377                          4.19194e-07
x2_n5__t532                            5.00001
vdd_drv__t1151                               5
vdd_drv__t825                                5
x2_n5__t531                            5.00001
out__t624                          4.20182e-07
out__t376                          4.21193e-07
x2_n5__t530                            5.00001
vdd_drv__t1150                               5
vdd_drv__t824                                5
x2_n5__t529                            5.00001
out__t623                          4.22243e-07
out__t375                          4.23317e-07
x2_n5__t528                            5.00001
vdd_drv__t1149                               5
vdd_drv__t823                                5
x2_n5__t527                            5.00001
out__t622                           4.2443e-07
out__t349                           4.0682e-07
x2_n5__t476                            5.00001
vdd_drv__t1123                               5
vdd_drv__t674                                5
x2_n5__t226                                  5
out__t473                          4.41613e-07
out__t277                          4.39749e-07
x2_n5__t337                                  5
vdd_drv__t1051                               5
vdd_drv__t757                                5
x2_n5__t396                                  5
out__t556                          4.37983e-07
out__t309                          4.36321e-07
x2_n5__t395                                  5
vdd_drv__t1083                               5
vdd_drv__t763                                5
x2_n5__t406                                  5
out__t562                          4.34754e-07
out__t307                          4.33283e-07
x2_n5__t393                                  5
vdd_drv__t1081                               5
vdd_drv__t756                                5
x2_n5__t392                                  5
out__t555                          4.31909e-07
out__t306                          4.30628e-07
x2_n5__t391                                  5
vdd_drv__t1080                               5
vdd_drv__t752                                5
x2_n5__t383                                  5
out__t551                          4.29441e-07
out__t294                          4.28342e-07
x2_n5__t370                                  5
vdd_drv__t1068                               5
vdd_drv__t730                                5
x2_n5__t335                                  5
out__t529                          4.27334e-07
out__t275                          4.26413e-07
x2_n5__t334                                  5
vdd_drv__t1048                               5
vdd_drv__t729                                5
x2_n5__t333                                  5
out__t528                          4.25577e-07
out__t274                          4.24824e-07
x2_n5__t332                                  5
vdd_drv__t1047                               5
vdd_drv__t728                                5
x2_n5__t331                                  5
out__t527                          4.24154e-07
out__t273                          4.23564e-07
x2_n5__t330                                  5
vdd_drv__t1046                               5
vdd_drv__t727                                5
x2_n5__t329                                  5
out__t526                          4.23051e-07
out__t272                          4.22611e-07
x2_n5__t328                                  5
vdd_drv__t1045                               5
vdd_drv__t726                                5
x2_n5__t327                                  5
out__t525                          4.22241e-07
out__t271                          4.21938e-07
x2_n5__t326                                  5
vdd_drv__t1044                               5
vdd_drv__t725                                5
x2_n5__t325                                  5
out__t524                          4.21696e-07
out__t276                          4.21507e-07
x2_n5__t336                                  5
vdd_drv__t1049                               5
vdd_drv__t723                                5
x2_n5__t323                                  5
out__t522                          4.21361e-07
out__t270                          4.21244e-07
x2_n5__t322                                  5
vdd_drv__t1043                               5
vdd_drv__t722                                5
x2_n5__t321                                  5
out__t521                          4.21141e-07
out__t269                          4.21034e-07
x2_n5__t320                                  5
vdd_drv__t1042                               5
vdd_drv__t721                                5
x2_n5__t319                                  5
out__t520                          4.20907e-07
out__t268                          4.20749e-07
x2_n5__t318                                  5
vdd_drv__t1041                               5
vdd_drv__t720                                5
x2_n5__t317                                  5
out__t519                          4.20559e-07
out__t267                          4.20335e-07
x2_n5__t316                                  5
vdd_drv__t1040                               5
vdd_drv__t719                                5
x2_n5__t315                                  5
out__t518                          4.20082e-07
out__t266                          4.19801e-07
x2_n5__t314                                  5
vdd_drv__t1039                               5
vdd_drv__t735                                5
x2_n5__t347                                  5
out__t534                          4.19497e-07
out__t288                          4.19172e-07
x2_n5__t358                                  5
vdd_drv__t1062                               5
vdd_drv__t740                                5
x2_n5__t357                                  5
out__t539                          4.18828e-07
out__t287                          4.18468e-07
x2_n5__t356                                  5
vdd_drv__t1061                               5
vdd_drv__t739                                5
x2_n5__t355                                  5
out__t538                          4.18095e-07
out__t286                          4.17709e-07
x2_n5__t354                                  5
vdd_drv__t1060                               5
vdd_drv__t738                                5
x2_n5__t353                                  5
out__t537                          4.17311e-07
out__t285                          4.16904e-07
x2_n5__t352                                  5
vdd_drv__t1059                               5
vdd_drv__t737                                5
x2_n5__t351                                  5
out__t536                          4.16488e-07
out__t284                          4.16064e-07
x2_n5__t350                                  5
vdd_drv__t1058                               5
vdd_drv__t736                                5
x2_n5__t349                                  5
out__t535                          4.15634e-07
out__t283                          4.15199e-07
x2_n5__t348                                  5
vdd_drv__t1057                               5
vdd_drv__t741                                5
x2_n5__t359                                  5
out__t540                           4.1476e-07
out__t282                          4.14319e-07
x2_n5__t346                                  5
vdd_drv__t1056                               5
vdd_drv__t734                                5
x2_n5__t345                                  5
out__t533                          4.13875e-07
out__t281                          4.13429e-07
x2_n5__t344                                  5
vdd_drv__t1055                               5
vdd_drv__t901                                5
x2_n5__t667                                  5
out__t694                          4.12983e-07
out__t280                          4.12539e-07
x2_n5__t343                                  5
vdd_drv__t1054                               5
vdd_drv__t733                                5
x2_n5__t342                                  5
out__t532                          4.12095e-07
out__t279                          4.11654e-07
x2_n5__t341                                  5
vdd_drv__t1053                               5
vdd_drv__t732                                5
x2_n5__t340                                  5
out__t531                          4.11216e-07
out__t278                          4.10782e-07
x2_n5__t339                                  5
vdd_drv__t1052                               5
vdd_drv__t731                                5
x2_n5__t338                                  5
out__t530                          4.10353e-07
out__t305                          4.09928e-07
x2_n5__t390                                  5
vdd_drv__t1079                               5
vdd_drv__t755                                5
x2_n5__t389                                  5
out__t554                          4.09511e-07
out__t304                            4.091e-07
x2_n5__t388                                  5
vdd_drv__t1078                               5
vdd_drv__t754                                5
x2_n5__t387                                  5
out__t553                          4.08697e-07
out__t303                          4.08302e-07
x2_n5__t386                                  5
vdd_drv__t1077                               5
vdd_drv__t753                                5
x2_n5__t385                                  5
out__t552                          4.07916e-07
out__t302                           4.0754e-07
x2_n5__t384                                  5
vdd_drv__t1076                               5
vdd_drv__t797                                5
x2_n5__t475                            5.00001
out__t596                          4.07174e-07
out__t308                          4.50051e-07
x2_n5__t394                                  5
vdd_drv__t1082                               5
vdd_drv__t762                                5
x2_n5__t405                                  5
out__t561                          4.50038e-07
out__t313                          4.50035e-07
x2_n5__t404                                  5
vdd_drv__t1087                               5
vdd_drv__t761                                5
x2_n5__t403                                  5
out__t560                          4.50059e-07
out__t312                          4.50092e-07
x2_n5__t402                                  5
vdd_drv__t1086                               5
vdd_drv__t760                                5
x2_n5__t401                                  5
out__t559                          4.50151e-07
out__t311                          4.50219e-07
x2_n5__t400                                  5
vdd_drv__t1085                               5
vdd_drv__t759                                5
x2_n5__t399                                  5
out__t558                          4.50311e-07
out__t235                          4.50409e-07
x2_n5__t254                                  5
vdd_drv__t1008                               5
vdd_drv__t694                                5
x2_n5__t263                                  5
out__t493                          4.50531e-07
out__t239                          4.50658e-07
x2_n5__t262                                  5
vdd_drv__t1012                               5
vdd_drv__t693                                5
x2_n5__t261                                  5
out__t492                          4.50807e-07
out__t238                          4.50961e-07
x2_n5__t260                                  5
vdd_drv__t1011                               5
vdd_drv__t692                                5
x2_n5__t259                                  5
out__t491                          4.51134e-07
out__t237                          4.51319e-07
x2_n5__t258                                  5
vdd_drv__t1010                               5
vdd_drv__t691                                5
x2_n5__t257                                  5
out__t490                          4.51506e-07
out__t236                           4.5171e-07
x2_n5__t256                                  5
vdd_drv__t1009                               5
vdd_drv__t690                                5
x2_n5__t255                                  5
out__t489                          4.51916e-07
out__t241                          4.52138e-07
x2_n5__t266                                  5
vdd_drv__t1014                               5
vdd_drv__t689                                5
x2_n5__t253                                  5
out__t488                          4.52366e-07
out__t234                          4.52594e-07
x2_n5__t252                                  5
vdd_drv__t1007                               5
vdd_drv__t688                                5
x2_n5__t251                                  5
out__t487                          4.52834e-07
out__t233                           4.5308e-07
x2_n5__t250                                  5
vdd_drv__t1006                               5
vdd_drv__t687                                5
x2_n5__t249                                  5
out__t486                          4.53321e-07
out__t232                          4.53573e-07
x2_n5__t248                                  5
vdd_drv__t1005                               5
vdd_drv__t686                                5
x2_n5__t247                                  5
out__t485                          4.53828e-07
out__t231                          4.54074e-07
x2_n5__t246                                  5
vdd_drv__t1004                               5
vdd_drv__t685                                5
x2_n5__t245                                  5
out__t484                           4.5433e-07
out__t230                          4.54584e-07
x2_n5__t244                                  5
vdd_drv__t1003                               5
vdd_drv__t684                                5
x2_n5__t243                                  5
out__t483                          4.54837e-07
out__t254                          4.55078e-07
x2_n5__t291                                  5
vdd_drv__t1027                               5
vdd_drv__t751                                5
x2_n5__t381                                  5
out__t550                          4.55324e-07
out__t300                          4.55564e-07
x2_n5__t380                                  5
vdd_drv__t1074                               5
vdd_drv__t724                                5
x2_n5__t324                                  5
out__t523                          4.55798e-07
out__t298                          4.56026e-07
x2_n5__t378                                  5
vdd_drv__t1072                               5
vdd_drv__t750                                5
x2_n5__t377                                  5
out__t549                          4.56244e-07
out__t297                          4.56453e-07
x2_n5__t376                                  5
vdd_drv__t1071                               5
vdd_drv__t749                                5
x2_n5__t375                                  5
out__t548                          4.56642e-07
out__t296                          4.56829e-07
x2_n5__t374                                  5
vdd_drv__t1070                               5
vdd_drv__t748                                5
x2_n5__t373                                  5
out__t547                          4.57001e-07
out__t295                          4.57168e-07
x2_n5__t372                                  5
vdd_drv__t1069                               5
vdd_drv__t747                                5
x2_n5__t371                                  5
out__t546                           4.5731e-07
out__t301                          4.57434e-07
x2_n5__t382                                  5
vdd_drv__t1075                               5
vdd_drv__t746                                5
x2_n5__t369                                  5
out__t545                          4.57539e-07
out__t293                          4.57623e-07
x2_n5__t368                                  5
vdd_drv__t1067                               5
vdd_drv__t745                                5
x2_n5__t367                                  5
out__t544                          4.57684e-07
out__t292                           4.5773e-07
x2_n5__t366                                  5
vdd_drv__t1066                               5
vdd_drv__t744                                5
x2_n5__t365                                  5
out__t543                          4.57738e-07
out__t291                          4.57715e-07
x2_n5__t364                                  5
vdd_drv__t1065                               5
vdd_drv__t743                                5
x2_n5__t363                                  5
out__t542                          4.57666e-07
out__t290                          4.57564e-07
x2_n5__t362                                  5
vdd_drv__t1064                               5
vdd_drv__t742                                5
x2_n5__t361                                  5
out__t541                          4.57412e-07
out__t289                           4.5717e-07
x2_n5__t360                                  5
vdd_drv__t1063                               5
vdd_drv__t758                                5
x2_n5__t398                                  5
out__t557                           4.5674e-07
out__t310                          4.55899e-07
x2_n5__t397                                  5
vdd_drv__t1084                               5
vdd_drv__t673                                5
x2_n5__t225                                  5
out__t472                          4.54318e-07
out__t222                          4.52219e-07
x2_n5__t224                                  5
vdd_drv__t995                                5
vdd_drv__t672                                5
x2_n5__t223                                  5
out__t471                          4.49993e-07
out__t221                          4.47776e-07
x2_n5__t222                                  5
vdd_drv__t994                                5
vdd_drv__t676                                5
x2_n5__t229                                  5
out__t475                          4.45627e-07
out__t240                          4.43573e-07
x2_n5__t265                                  5
vdd_drv__t1013                               5
vdd_drv__t675                                5
x2_n5__t228                                  5
out__t474                          4.50093e-07
out__t374                          5.09192e-07
x2_n5__t525                            5.00001
vdd_drv__t1148                               5
vdd_drv__t962                                5
x2_n5__t681                            5.00001
out__t700                           5.0721e-07
out__t450                          5.05279e-07
x2_n5__t680                            5.00001
vdd_drv__t1286                               5
vdd_drv__t961                                5
x2_n5__t679                            5.00001
out__t699                           5.0337e-07
out__t449                          5.01497e-07
x2_n5__t678                            5.00001
vdd_drv__t1285                               5
vdd_drv__t968                                5
x2_n5__t691                            5.00001
out__t705                          4.99676e-07
out__t465                          4.97876e-07
x2_n5__t710                            5.00001
vdd_drv__t1310                               5
vdd_drv__t989                                5
x2_n5__t717                            5.00001
out__t717                          4.96112e-07
out__t451                          4.94398e-07
x2_n5__t683                            5.00001
vdd_drv__t1287                               5
vdd_drv__t963                                5
x2_n5__t682                            5.00001
out__t701                          4.92707e-07
out__t466                          4.91051e-07
x2_n5__t711                            5.00001
vdd_drv__t1311                               5
vdd_drv__t986                                5
x2_n5__t712                            5.00001
out__t715                          4.89445e-07
out__t467                          4.87861e-07
x2_n5__t713                            5.00001
vdd_drv__t1312                               5
vdd_drv__t987                                5
x2_n5__t714                            5.00001
out__t716                          4.86312e-07
out__t468                          4.84813e-07
x2_n5__t715                            5.00001
vdd_drv__t1313                               5
vdd_drv__t993                                5
x2_n5__t719                            5.00001
out__t719                          4.83335e-07
out__t469                          4.81892e-07
x2_n5__t716                            5.00001
vdd_drv__t1314                               5
vdd_drv__t893                                5
x2_n5__t657                            5.00001
out__t689                          4.80498e-07
out__t438                          4.79126e-07
x2_n5__t658                            5.00001
vdd_drv__t1213                               5
vdd_drv__t894                                5
x2_n5__t659                            5.00001
out__t690                          4.77788e-07
out__t435                          4.76498e-07
x2_n5__t651                            5.00001
vdd_drv__t1210                               5
vdd_drv__t877                                5
x2_n5__t627                            5.00001
out__t673                          4.75229e-07
out__t425                          4.73995e-07
x2_n5__t631                            5.00001
vdd_drv__t1200                               5
vdd_drv__t880                                5
x2_n5__t632                            5.00001
out__t676                          4.72808e-07
out__t426                          4.71641e-07
x2_n5__t633                            5.00001
vdd_drv__t1201                               5
vdd_drv__t885                                5
x2_n5__t643                            5.00001
out__t681                          4.70521e-07
out__t428                          4.69423e-07
x2_n5__t635                            5.00001
vdd_drv__t1203                               5
vdd_drv__t881                                5
x2_n5__t636                            5.00001
out__t677                          4.68357e-07
out__t429                          4.67337e-07
x2_n5__t637                            5.00001
vdd_drv__t1204                               5
vdd_drv__t882                                5
x2_n5__t638                            5.00001
out__t678                          4.66338e-07
out__t452                          4.65371e-07
x2_n5__t684                            5.00001
vdd_drv__t1288                               5
vdd_drv__t874                                5
x2_n5__t622                            5.00001
out__t671                          4.64449e-07
out__t421                          4.63547e-07
x2_n5__t623                            5.00001
vdd_drv__t1196                               5
vdd_drv__t876                                5
x2_n5__t624                            5.00001
out__t672                          4.62678e-07
out__t422                          4.61851e-07
x2_n5__t625                            5.00001
vdd_drv__t1197                               5
vdd_drv__t871                                5
x2_n5__t621                            5.00001
out__t670                          4.61045e-07
out__t410                          4.60281e-07
x2_n5__t597                            5.00001
vdd_drv__t1184                               5
vdd_drv__t858                                5
x2_n5__t598                            5.00001
out__t657                          4.59537e-07
out__t411                          4.58824e-07
x2_n5__t599                            5.00001
vdd_drv__t1185                               5
vdd_drv__t859                                5
x2_n5__t600                            5.00001
out__t658                          4.58152e-07
out__t412                            4.575e-07
x2_n5__t601                            5.00001
vdd_drv__t1186                               5
vdd_drv__t860                                5
x2_n5__t602                            5.00001
out__t659                          4.56877e-07
out__t413                          4.56294e-07
x2_n5__t603                            5.00001
vdd_drv__t1187                               5
vdd_drv__t866                                5
x2_n5__t613                            5.00001
out__t665                           4.5573e-07
out__t414                          4.55205e-07
x2_n5__t605                            5.00001
vdd_drv__t1188                               5
vdd_drv__t862                                5
x2_n5__t606                            5.00001
out__t661                          4.54699e-07
out__t415                           4.5422e-07
x2_n5__t607                            5.00001
vdd_drv__t1189                               5
vdd_drv__t863                                5
x2_n5__t608                            5.00001
out__t662                           4.5378e-07
out__t416                          4.53357e-07
x2_n5__t609                            5.00001
vdd_drv__t1190                               5
vdd_drv__t864                                5
x2_n5__t610                                  5
out__t663                          4.52971e-07
out__t417                          4.52602e-07
x2_n5__t611                                  5
vdd_drv__t1191                               5
vdd_drv__t865                                5
x2_n5__t612                                  5
out__t664                          4.52259e-07
out__t427                          4.51952e-07
x2_n5__t634                                  5
vdd_drv__t1202                               5
vdd_drv__t888                                5
x2_n5__t648                                  5
out__t684                           4.5166e-07
out__t434                          4.51403e-07
x2_n5__t649                                  5
vdd_drv__t1209                               5
vdd_drv__t889                                5
x2_n5__t650                                  5
out__t685                          4.51161e-07
out__t439                          4.50953e-07
x2_n5__t660                                  5
vdd_drv__t1214                               5
vdd_drv__t890                                5
x2_n5__t652                                  5
out__t686                          4.50759e-07
out__t436                          4.50588e-07
x2_n5__t653                                  5
vdd_drv__t1211                               5
vdd_drv__t891                                5
x2_n5__t654                                  5
out__t687                          4.50449e-07
out__t437                          4.50324e-07
x2_n5__t655                                  5
vdd_drv__t1212                               5
vdd_drv__t892                                5
x2_n5__t656                                  5
out__t688                          4.50229e-07
out__t223                          4.50146e-07
x2_n5__t227                                  5
vdd_drv__t996                                5
vdd_drv__t900                                5
x2_n5__t666                            5.00002
out__t693                          6.99539e-07
out__t442                          6.95322e-07
x2_n5__t665                            5.00002
vdd_drv__t1221                               5
vdd_drv__t899                                5
x2_n5__t664                            5.00002
out__t692                          6.91166e-07
out__t441                           6.8702e-07
x2_n5__t663                            5.00002
vdd_drv__t1220                               5
vdd_drv__t898                                5
x2_n5__t662                            5.00002
out__t691                          6.82909e-07
out__t443                          6.78834e-07
x2_n5__t668                            5.00002
vdd_drv__t1223                               5
vdd_drv__t879                                5
x2_n5__t630                            5.00002
out__t675                          6.74819e-07
out__t424                          6.70815e-07
x2_n5__t629                            5.00002
vdd_drv__t1199                               5
vdd_drv__t878                                5
x2_n5__t628                            5.00002
out__t674                          6.66846e-07
out__t423                          6.62937e-07
x2_n5__t626                            5.00002
vdd_drv__t1198                               5
vdd_drv__t870                                5
x2_n5__t620                            5.00002
out__t669                           6.5904e-07
out__t420                          6.55179e-07
x2_n5__t619                            5.00002
vdd_drv__t1194                               5
vdd_drv__t869                                5
x2_n5__t618                            5.00002
out__t668                          6.51354e-07
out__t419                          6.47588e-07
x2_n5__t617                            5.00002
vdd_drv__t1193                               5
vdd_drv__t868                                5
x2_n5__t616                            5.00002
out__t667                          6.43835e-07
out__t418                          6.40118e-07
x2_n5__t615                            5.00002
vdd_drv__t1192                               5
vdd_drv__t867                                5
x2_n5__t614                            5.00002
out__t666                           6.3646e-07
out__t440                          6.32815e-07
x2_n5__t661                            5.00002
vdd_drv__t1219                               5
vdd_drv__t919                                5
x2_n5__t674                            5.00002
out__t697                          6.29207e-07
out__t446                          6.25636e-07
x2_n5__t673                            5.00002
vdd_drv__t1239                               5
vdd_drv__t918                                5
x2_n5__t672                            5.00002
out__t696                          6.22122e-07
out__t445                          6.18623e-07
x2_n5__t671                            5.00002
vdd_drv__t1238                               5
vdd_drv__t917                                5
x2_n5__t670                            5.00002
out__t695                          6.15161e-07
out__t444                          6.11757e-07
x2_n5__t669                            5.00002
vdd_drv__t1237                               5
vdd_drv__t969                                5
x2_n5__t692                            5.00002
out__t706                          6.08368e-07
out__t448                          6.05015e-07
x2_n5__t677                            5.00002
vdd_drv__t1275                               5
vdd_drv__t950                                5
x2_n5__t676                            5.00002
out__t698                          6.01721e-07
out__t447                          5.98442e-07
x2_n5__t675                            5.00002
vdd_drv__t1274                               5
vdd_drv__t992                                5
x2_n5__t718                            5.00002
out__t718                            5.952e-07
out__t453                          5.91995e-07
x2_n5__t685                            5.00002
vdd_drv__t1289                               5
vdd_drv__t965                                5
x2_n5__t686                            5.00002
out__t702                          5.88847e-07
out__t463                          5.85716e-07
x2_n5__t706                            5.00001
vdd_drv__t1300                               5
vdd_drv__t975                                5
x2_n5__t705                            5.00001
out__t712                          5.82622e-07
out__t462                          5.79584e-07
x2_n5__t704                            5.00001
vdd_drv__t1299                               5
vdd_drv__t974                                5
x2_n5__t703                            5.00001
out__t711                          5.76564e-07
out__t461                          5.73581e-07
x2_n5__t702                            5.00001
vdd_drv__t1298                               5
vdd_drv__t973                                5
x2_n5__t701                            5.00001
out__t710                          5.70635e-07
out__t460                          5.67745e-07
x2_n5__t700                            5.00001
vdd_drv__t1297                               5
vdd_drv__t977                                5
x2_n5__t708                            5.00001
out__t714                          5.64873e-07
out__t458                          5.62039e-07
x2_n5__t698                            5.00001
vdd_drv__t1295                               5
vdd_drv__t972                                5
x2_n5__t697                            5.00001
out__t709                           5.5926e-07
out__t457                          5.56499e-07
x2_n5__t696                            5.00001
vdd_drv__t1294                               5
vdd_drv__t971                                5
x2_n5__t695                            5.00001
out__t708                          5.53776e-07
out__t456                          5.51109e-07
x2_n5__t694                            5.00001
vdd_drv__t1293                               5
vdd_drv__t970                                5
x2_n5__t693                            5.00001
out__t707                           5.4846e-07
out__t464                          5.45848e-07
x2_n5__t709                            5.00001
vdd_drv__t1308                               5
vdd_drv__t861                                5
x2_n5__t604                            5.00001
out__t660                          5.43274e-07
out__t431                          5.40754e-07
x2_n5__t642                            5.00001
vdd_drv__t1206                               5
vdd_drv__t884                                5
x2_n5__t641                            5.00001
out__t680                          5.38254e-07
out__t430                          5.35792e-07
x2_n5__t640                            5.00001
vdd_drv__t1205                               5
vdd_drv__t883                                5
x2_n5__t639                            5.00001
out__t679                          5.33383e-07
out__t433                          5.30994e-07
x2_n5__t647                            5.00001
vdd_drv__t1208                               5
vdd_drv__t887                                5
x2_n5__t646                            5.00001
out__t683                          5.28643e-07
out__t432                          5.26345e-07
x2_n5__t645                            5.00001
vdd_drv__t1207                               5
vdd_drv__t886                                5
x2_n5__t644                            5.00001
out__t682                          5.24068e-07
out__t454                          5.21827e-07
x2_n5__t687                            5.00001
vdd_drv__t1291                               5
vdd_drv__t966                                5
x2_n5__t688                            5.00001
out__t703                           5.1964e-07
out__t455                          5.17474e-07
x2_n5__t689                            5.00001
vdd_drv__t1292                               5
vdd_drv__t967                                5
x2_n5__t690                            5.00001
out__t704                          5.15344e-07
out__t459                          5.13267e-07
x2_n5__t699                            5.00001
vdd_drv__t1296                               5
vdd_drv__t976                                5
x2_n5__t707                            5.00001
out__t713                          5.11212e-07
out__t470                          7.03745e-07
x2_n5__t720                            5.00002
vdd_drv__t668                                5
x1_ncb__t4                        -3.76506e-06
anon18__t0                        -3.64453e-06
anon19__t1                        -3.53731e-06
anon18__t1                         -3.6483e-06
anon19__t0                        -3.53857e-06
anon20__t1                        -3.52262e-06
in_drv__t4                        -3.52148e-06
anon20__t0                        -3.52213e-06
anon18                            -3.64667e-06
anon19                            -3.53856e-06
anon20                            -3.52263e-06
in                                           0
in_drv                            -3.06584e-06
out                                4.21857e-07
x1_inb                                     3.3
x1_na                                  2.35492
x1_nb                              3.15674e-08
x1_nbuf1                                     5
x1_nca                                       5
x1_ncb                            -1.56945e-06
x2_n1                                        5
x2_n2                             -4.67506e-07
x2_n3                                  4.99999
x2_n4                              3.67608e-06
x2_n5                                        5
outcap                             4.21857e-07
vimeas#branch                       0.00017636
vin#branch                         1.35066e-06
vgnd_logic#branch                  0.000474769
vsup_drv#branch                   -0.000472673
vsup_logic#branch                   -2.104e-06

 Reference value :  0.00000e+00
 Reference value :  2.82800e-09
 Reference value :  7.62800e-09
 Reference value :  1.24280e-08
 Reference value :  1.71280e-08
 Reference value :  2.00187e-08
 Reference value :  2.13797e-08
 Reference value :  2.49940e-08
 Reference value :  2.70217e-08
 Reference value :  2.78817e-08
 Reference value :  3.11372e-08
 Reference value :  3.68372e-08
 Reference value :  4.25372e-08
 Reference value :  4.84372e-08
 Reference value :  5.38372e-08
 Reference value :  5.84372e-08
 Reference value :  6.25372e-08
 Reference value :  6.85372e-08
 Reference value :  7.44372e-08
 Reference value :  8.04372e-08
 Reference value :  8.64372e-08
 Reference value :  9.26372e-08
 Reference value :  9.87372e-08
 Reference value :  1.04837e-07
 Reference value :  1.11037e-07
 Reference value :  1.17237e-07
 Reference value :  1.23137e-07
 Reference value :  1.29337e-07
 Reference value :  1.35537e-07
 Reference value :  1.41637e-07
 Reference value :  1.47737e-07
 Reference value :  1.53437e-07
 Reference value :  1.59437e-07
 Reference value :  1.65637e-07
 Reference value :  1.71837e-07
 Reference value :  1.78037e-07
 Reference value :  1.84237e-07
 Reference value :  1.90537e-07
 Reference value :  1.96537e-07
 Reference value :  2.02537e-07
 Reference value :  2.08637e-07
 Reference value :  2.14837e-07
 Reference value :  2.20937e-07
 Reference value :  2.27137e-07
 Reference value :  2.33237e-07
 Reference value :  2.39337e-07
 Reference value :  2.45637e-07
 Reference value :  2.51637e-07
 Reference value :  2.57937e-07
 Reference value :  2.64237e-07
 Reference value :  2.70537e-07
 Reference value :  2.76637e-07
 Reference value :  2.82837e-07
 Reference value :  2.89137e-07
 Reference value :  2.95437e-07
 Reference value :  3.01737e-07
 Reference value :  3.08037e-07
 Reference value :  3.14337e-07
 Reference value :  3.20637e-07
 Reference value :  3.23230e-07
 Reference value :  3.26022e-07
 Reference value :  3.28285e-07
 Reference value :  3.37285e-07
 Reference value :  3.46285e-07
 Reference value :  3.55385e-07
 Reference value :  3.64485e-07
 Reference value :  3.73585e-07
 Reference value :  3.82685e-07
 Reference value :  3.91785e-07
 Reference value :  4.00785e-07
 Reference value :  4.09785e-07
 Reference value :  4.18885e-07
 Reference value :  4.27985e-07
 Reference value :  4.37085e-07
 Reference value :  4.46185e-07
 Reference value :  4.55285e-07
 Reference value :  4.64385e-07
 Reference value :  4.73485e-07
 Reference value :  4.82585e-07
 Reference value :  4.91685e-07
 Reference value :  4.99985e-07
 Reference value :  5.09085e-07
 Reference value :  5.18185e-07
 Reference value :  5.27285e-07
 Reference value :  5.36385e-07
 Reference value :  5.45485e-07
 Reference value :  5.54585e-07
 Reference value :  5.63685e-07
 Reference value :  5.72785e-07
 Reference value :  5.81885e-07
 Reference value :  5.90285e-07
 Reference value :  5.99385e-07
 Reference value :  6.08585e-07
 Reference value :  6.17685e-07
 Reference value :  6.26785e-07
 Reference value :  6.35885e-07
 Reference value :  6.44985e-07
 Reference value :  6.54085e-07
 Reference value :  6.63185e-07
 Reference value :  6.72285e-07
 Reference value :  6.81385e-07
 Reference value :  6.90485e-07
 Reference value :  6.99585e-07
No. of Data Rows : 7153
trise10_90          =  5.48826e-09 targ=  3.39733e-08 trig=  2.84850e-08
tfall10_90          =  6.74476e-09 targ=  3.34332e-07 trig=  3.27588e-07
tpdlh               =  1.00324e-08 targ=  3.05324e-08 trig=  2.05000e-08
tpdhl               =  8.95848e-09 targ=  3.30458e-07 trig=  3.21500e-07
m_trise_s = 5.4882600000e-09
m_tfall_s = 6.7447620000e-09
m_tpdlh_s = 1.0032440000e-08
m_tpdhl_s = 8.9584770000e-09
m_ipeak_source_a = 1.0213012342e+00
m_ipeak_sink_a = 7.1226522922e-01
m_vout_max_v = 5.0043867444e+00
m_vout_min_v = -2.233205954e-03
m_vin_max_v = 3.3000000000e+00
m_vin_min_v = 0.0000000000e+00
m_indrv_max_v = 5.0000141349e+00
m_indrv_min_v = -1.001828652e-04
m_n1_max_v = 5.0076276562e+00
m_n1_min_v = -4.186376307e-03
m_n2_max_v = 5.0137916124e+00
m_n2_min_v = -6.917801661e-03
m_n3_max_v = 5.0102450813e+00
m_n3_min_v = -7.330845898e-03
m_n4_max_v = 5.0193292602e+00
m_n4_min_v = -1.058171816e-02
m_n5_max_v = 5.0337642165e+00
m_n5_min_v = -1.342243919e-02
Note: Simulation executed from .control section 

Note: vimeas: has no value, DC 0 assumed
Warning: singular matrix:  check node anon19

Note: Starting dynamic gmin stepping
Warning: singular matrix:  check node anon19

Warning: Dynamic gmin stepping failed
Note: Starting true gmin stepping
Warning: singular matrix:  check node anon19

Warning: singular matrix:  check node anon19

Warning: singular matrix:  check node anon19

Warning: singular matrix:  check node anon19

Warning: True gmin stepping failed
Note: Starting source stepping
Warning: source stepping failed
Note: Transient op started
Note: Transient op finished successfully
