
Note: No compatibility mode selected!


Circuit: * gate-driver-core-drive-postlayout @ tt_27c_vlogic3p30v-vdrv6p00v -- generated by sim/harness, do not edit

Doing analysis at TEMP = 27.000000 and TNOM = 27.000000

Using SPARSE 1.3 as Direct Linear Solver

Initial Transient Solution
--------------------------

Node                                   Voltage
----                                   -------
x1_inb__t0                                 3.3
in__t1                            -1.01585e-06
gnd_drv_gnd_logic__t300            2.51323e-08
gnd_logic                                    0
x2_n3__t1                                    6
x2_n2__t2                          6.35349e-07
gnd_drv_gnd_logic__t304            9.24426e-08
gnd_drv                            4.63577e-07
gnd_drv_gnd_logic__t419            3.23246e-06
x2_n5__t180                            5.99998
out__t200                          5.99927e-07
out__t90                            6.0311e-07
x2_n5__t181                            5.99998
gnd_drv_gnd_logic__t560            3.24724e-06
gnd_drv_gnd_logic__t420            3.26028e-06
x2_n5__t182                            5.99998
out__t201                          6.07756e-07
out__t91                           6.13744e-07
x2_n5__t183                            5.99998
gnd_drv_gnd_logic__t561            3.27162e-06
gnd_drv_gnd_logic__t315            3.28126e-06
x2_n5__t5                              5.99998
out__t113                          6.20847e-07
out__t85                           6.28938e-07
x2_n5__t172                            5.99998
gnd_drv_gnd_logic__t555            3.28934e-06
gnd_drv_gnd_logic__t314            3.29568e-06
x2_n5__t4                              5.99998
out__t112                          6.37893e-07
out__t1                            6.47481e-07
x2_n5__t3                              5.99998
gnd_drv_gnd_logic__t454            3.30041e-06
gnd_drv_gnd_logic__t313            3.30366e-06
x2_n5__t2                              5.99998
out__t111                          6.57577e-07
out__t4                            6.68057e-07
x2_n5__t8                              5.99998
gnd_drv_gnd_logic__t457            3.30528e-06
x2_n4__t185                       -3.50062e-05
x2_n3__t5                              5.99998
gnd_drv_gnd_logic__t306             7.1194e-07
gnd_drv_gnd_logic__t316            3.30538e-06
x2_n5__t9                              5.99998
out__t114                          6.78899e-07
out__t6                             6.8988e-07
x2_n5__t12                             5.99998
gnd_drv_gnd_logic__t459            3.30413e-06
gnd_drv_gnd_logic__t324            3.30144e-06
x2_n5__t15                             5.99998
out__t117                          7.00883e-07
out__t2                             7.1209e-07
x2_n5__t6                              5.99998
gnd_drv_gnd_logic__t455            3.29725e-06
gnd_drv_gnd_logic__t407            3.29181e-06
x2_n5__t155                            5.99998
out__t188                          7.23186e-07
out__t77                           7.34158e-07
x2_n5__t156                            5.99998
gnd_drv_gnd_logic__t547            3.28506e-06
gnd_drv_gnd_logic__t408            3.27695e-06
x2_n5__t157                            5.99998
out__t189                           7.4509e-07
out__t78                           7.55874e-07
x2_n5__t158                            5.99998
gnd_drv_gnd_logic__t548             3.2677e-06
gnd_drv_gnd_logic__t409            3.25725e-06
x2_n5__t159                            5.99998
out__t190                          7.66402e-07
out__t79                           7.76763e-07
x2_n5__t160                            5.99997
gnd_drv_gnd_logic__t549            3.24565e-06
gnd_drv_gnd_logic__t465            7.64402e-07
x2_n3__t6                              5.99998
x2_n4__t184                       -3.48868e-05
gnd_drv_gnd_logic__t410            3.23294e-06
x2_n5__t161                            5.99997
out__t191                          7.86944e-07
out__t80                           7.96753e-07
x2_n5__t162                            5.99997
gnd_drv_gnd_logic__t550            3.21915e-06
gnd_drv_gnd_logic__t411            3.20434e-06
x2_n5__t163                            5.99997
out__t192                          8.06372e-07
out__t81                           8.15609e-07
x2_n5__t164                            5.99997
gnd_drv_gnd_logic__t551            3.18852e-06
gnd_drv_gnd_logic__t412            3.17175e-06
x2_n5__t165                            5.99997
out__t193                          8.24644e-07
out__t82                           8.33293e-07
x2_n5__t166                            5.99997
gnd_drv_gnd_logic__t552            3.15406e-06
gnd_drv_gnd_logic__t413            3.13549e-06
x2_n5__t167                            5.99997
out__t194                          8.41557e-07
out__t83                           8.49608e-07
x2_n5__t168                            5.99997
gnd_drv_gnd_logic__t553            3.11608e-06
gnd_drv_gnd_logic__t414            3.09592e-06
x2_n5__t169                            5.99997
out__t195                          8.57269e-07
out__t93                           8.64546e-07
x2_n5__t186                            5.99997
gnd_drv_gnd_logic__t563            3.07492e-06
x2_n4__t180                       -3.47295e-05
x2_n3__t15                             5.99998
gnd_drv_gnd_logic__t464            7.82846e-07
gnd_drv_gnd_logic__t415            3.05319e-06
x2_n5__t171                            5.99997
out__t196                          8.71521e-07
out__t23                           8.78196e-07
x2_n5__t47                             5.99997
gnd_drv_gnd_logic__t491            3.03075e-06
gnd_drv_gnd_logic__t318             3.0077e-06
x2_n5__t13                             5.99997
out__t116                          8.84406e-07
out__t7                            8.90401e-07
x2_n5__t14                             5.99997
gnd_drv_gnd_logic__t460            2.98395e-06
gnd_drv_gnd_logic__t308            2.90724e-06
x2_n5__t1                              5.99997
out__t0                             8.9621e-07
out__t101                           1.5994e-06
x2_n5__t203                            5.99997
gnd_drv_gnd_logic__t587            1.16495e-06
gnd_drv_gnd_logic__t446            1.19212e-06
x2_n5__t205                            5.99998
out__t212                           1.5949e-06
out__t103                          1.58978e-06
x2_n5__t206                            5.99998
gnd_drv_gnd_logic__t589            1.21981e-06
gnd_drv_gnd_logic__t447            1.24778e-06
x2_n5__t207                            5.99998
out__t213                          1.58402e-06
out__t104                          1.57761e-06
x2_n5__t208                            5.99998
gnd_drv_gnd_logic__t590            1.27622e-06
gnd_drv_gnd_logic__t322            8.00433e-07
x2_n3__t14                             5.99998
x2_n4__t189                       -3.45336e-05
gnd_drv_gnd_logic__t448            1.30501e-06
x2_n5__t209                            5.99998
out__t214                          1.57055e-06
out__t105                          1.56283e-06
x2_n5__t210                            5.99998
gnd_drv_gnd_logic__t591            1.33401e-06
gnd_drv_gnd_logic__t449            1.36329e-06
x2_n5__t211                            5.99998
out__t215                          1.55444e-06
out__t106                          1.54539e-06
x2_n5__t212                            5.99998
gnd_drv_gnd_logic__t592            1.39283e-06
gnd_drv_gnd_logic__t451            1.42248e-06
x2_n5__t214                            5.99998
out__t217                          1.53576e-06
out__t107                          1.52535e-06
x2_n5__t215                            5.99998
gnd_drv_gnd_logic__t593             1.4523e-06
gnd_drv_gnd_logic__t452            1.48207e-06
x2_n5__t216                            5.99998
out__t218                          1.51427e-06
out__t109                          1.50261e-06
x2_n5__t219                            5.99998
gnd_drv_gnd_logic__t595            1.51193e-06
gnd_drv_gnd_logic__t453            1.54173e-06
x2_n5__t218                            5.99998
out__t219                          1.49016e-06
out__t108                          1.47715e-06
x2_n5__t217                            5.99998
gnd_drv_gnd_logic__t594            1.57145e-06
x2_n4__t179                       -3.43001e-05
x2_n3__t13                             5.99998
gnd_drv_gnd_logic__t463            8.16701e-07
gnd_drv_gnd_logic__t450            1.60102e-06
x2_n5__t213                            5.99998
out__t216                          1.46347e-06
out__t94                           1.44902e-06
x2_n5__t188                            5.99998
gnd_drv_gnd_logic__t571            1.63028e-06
gnd_drv_gnd_logic__t443            1.65942e-06
x2_n5__t199                            5.99998
out__t209                          1.43403e-06
out__t100                          1.41839e-06
x2_n5__t200                            5.99998
gnd_drv_gnd_logic__t586            1.68815e-06
gnd_drv_gnd_logic__t444            1.71653e-06
x2_n5__t201                            5.99998
out__t210                          1.40212e-06
out__t98                           1.38523e-06
x2_n5__t195                            5.99998
gnd_drv_gnd_logic__t584            1.74441e-06
gnd_drv_gnd_logic__t440            1.77196e-06
x2_n5__t196                            5.99998
out__t207                          1.36776e-06
out__t99                           1.34981e-06
x2_n5__t197                            5.99998
gnd_drv_gnd_logic__t585            1.79889e-06
gnd_drv_gnd_logic__t441            1.82518e-06
x2_n5__t198                            5.99998
out__t208                          1.33122e-06
out__t102                          1.31221e-06
x2_n5__t204                            5.99998
gnd_drv_gnd_logic__t588            1.85088e-06
gnd_drv_gnd_logic__t321            8.31147e-07
x2_n3__t12                             5.99998
x2_n4__t188                       -3.40314e-05
gnd_drv_gnd_logic__t396            1.87585e-06
x2_n5__t135                            5.99998
out__t178                           1.2926e-06
out__t97                           1.27266e-06
x2_n5__t193                            5.99999
gnd_drv_gnd_logic__t583            1.90016e-06
gnd_drv_gnd_logic__t439            1.92379e-06
x2_n5__t194                            5.99999
out__t206                          1.25231e-06
out__t67                           1.23161e-06
x2_n5__t136                            5.99999
gnd_drv_gnd_logic__t537             1.9465e-06
gnd_drv_gnd_logic__t397            1.96863e-06
x2_n5__t137                            5.99999
out__t179                          1.21058e-06
out__t68                           1.18942e-06
x2_n5__t138                            5.99999
gnd_drv_gnd_logic__t538            1.98984e-06
gnd_drv_gnd_logic__t406            2.01038e-06
x2_n5__t154                            5.99999
out__t187                          1.16795e-06
out__t69                           1.14647e-06
x2_n5__t140                            5.99999
gnd_drv_gnd_logic__t539            2.03019e-06
gnd_drv_gnd_logic__t399            2.04944e-06
x2_n5__t141                            5.99999
out__t181                          1.12493e-06
out__t70                           1.10341e-06
x2_n5__t142                            5.99999
gnd_drv_gnd_logic__t540             2.0681e-06
x2_n4__t178                       -3.37303e-05
x2_n3__t11                             5.99998
gnd_drv_gnd_logic__t462            8.43236e-07
gnd_drv_gnd_logic__t400            2.08629e-06
x2_n5__t143                            5.99999
out__t182                          1.08199e-06
out__t71                           1.06086e-06
x2_n5__t144                            5.99999
gnd_drv_gnd_logic__t541            2.10426e-06
gnd_drv_gnd_logic__t401            2.12206e-06
x2_n5__t145                            5.99999
out__t183                             1.04e-06
out__t72                           1.01949e-06
x2_n5__t146                            5.99999
gnd_drv_gnd_logic__t542            2.13987e-06
gnd_drv_gnd_logic__t402            2.15792e-06
x2_n5__t147                            5.99999
out__t184                          9.99504e-07
out__t73                           9.79926e-07
x2_n5__t148                            5.99999
gnd_drv_gnd_logic__t543            2.17643e-06
gnd_drv_gnd_logic__t423            2.19577e-06
x2_n5__t187                            5.99999
out__t203                          9.61123e-07
out__t74                           9.42844e-07
x2_n5__t149                            5.99999
gnd_drv_gnd_logic__t544            2.21606e-06
gnd_drv_gnd_logic__t404            2.23755e-06
x2_n5__t150                            5.99999
out__t185                           9.2533e-07
out__t75                           9.08598e-07
x2_n5__t151                            5.99999
gnd_drv_gnd_logic__t545            2.26057e-06
gnd_drv_gnd_logic__t320            8.52441e-07
x2_n3__t10                             5.99998
x2_n4__t187                       -3.34003e-05
gnd_drv_gnd_logic__t405            2.28505e-06
x2_n5__t152                            5.99999
out__t186                          8.92544e-07
out__t76                           8.77155e-07
x2_n5__t153                            5.99999
gnd_drv_gnd_logic__t546            2.31138e-06
gnd_drv_gnd_logic__t398            2.33951e-06
x2_n5__t139                            5.99999
out__t180                          8.62581e-07
out__t95                           8.48563e-07
x2_n5__t189                            5.99999
gnd_drv_gnd_logic__t581            2.36946e-06
gnd_drv_gnd_logic__t437             2.4012e-06
x2_n5__t190                            5.99999
out__t204                           8.3503e-07
out__t96                           8.22088e-07
x2_n5__t191                            5.99999
gnd_drv_gnd_logic__t582            2.43472e-06
gnd_drv_gnd_logic__t438            2.46965e-06
x2_n5__t192                            5.99999
out__t205                          8.09451e-07
out__t3                             7.9722e-07
x2_n5__t7                              5.99999
gnd_drv_gnd_logic__t456              2.506e-06
gnd_drv_gnd_logic__t391            2.54344e-06
x2_n5__t128                            5.99999
out__t173                          7.85207e-07
out__t84                           7.73331e-07
x2_n5__t170                            5.99999
gnd_drv_gnd_logic__t554            2.58173e-06
x2_n4__t177                       -3.30447e-05
x2_n3__t9                              5.99998
gnd_drv_gnd_logic__t461            8.58342e-07
gnd_drv_gnd_logic__t382            8.16195e-07
x2_n5__t110                            5.99998
out__t164                          1.21312e-06
out__t54                           1.22562e-06
x2_n5__t107                            5.99998
gnd_drv_gnd_logic__t524            8.14884e-07
gnd_drv_gnd_logic__t381            8.13314e-07
x2_n5__t109                            5.99998
out__t163                          1.23809e-06
out__t55                           1.25051e-06
x2_n5__t108                            5.99998
gnd_drv_gnd_logic__t525            8.11522e-07
gnd_drv_gnd_logic__t377            8.09506e-07
x2_n5__t98                             5.99998
out__t159                           1.2629e-06
out__t49                           1.27523e-06
x2_n5__t99                             5.99998
gnd_drv_gnd_logic__t519            8.07221e-07
gnd_drv_gnd_logic__t378             8.0475e-07
x2_n5__t100                            5.99998
out__t160                           1.2875e-06
out__t50                            1.2997e-06
x2_n5__t101                            5.99998
gnd_drv_gnd_logic__t520            8.02093e-07
gnd_drv_gnd_logic__t379            7.99205e-07
x2_n5__t102                            5.99998
out__t161                          1.31182e-06
out__t51                           1.32385e-06
x2_n5__t103                            5.99998
gnd_drv_gnd_logic__t521            7.96131e-07
x1_na__t0                              2.34025
in__t2                            -7.60975e-08
gnd_drv_gnd_logic__t299            -9.1075e-08
gnd_drv_gnd_logic__t319            8.60709e-07
x2_n3__t8                              5.99998
x2_n4__t186                       -3.26661e-05
gnd_drv_gnd_logic__t380            7.92876e-07
x2_n5__t104                            5.99998
out__t162                           1.3358e-06
out__t52                           1.34764e-06
x2_n5__t105                            5.99998
gnd_drv_gnd_logic__t522            7.89487e-07
gnd_drv_gnd_logic__t385            7.85923e-07
x2_n5__t114                            5.99998
out__t167                          1.35938e-06
out__t60                           1.37099e-06
x2_n5__t122                            5.99997
gnd_drv_gnd_logic__t530            7.82283e-07
gnd_drv_gnd_logic__t389            7.78527e-07
x2_n5__t121                            5.99997
out__t171                          1.38253e-06
out__t59                           1.39387e-06
x2_n5__t120                            5.99997
gnd_drv_gnd_logic__t529            7.74713e-07
gnd_drv_gnd_logic__t388            7.70907e-07
x2_n5__t119                            5.99997
out__t170                          1.40506e-06
out__t58                            1.4161e-06
x2_n5__t118                            5.99997
gnd_drv_gnd_logic__t528             7.6712e-07
gnd_drv_gnd_logic__t387            7.63366e-07
x2_n5__t117                            5.99997
out__t169                          1.42696e-06
out__t57                           1.43765e-06
x2_n5__t116                            5.99997
gnd_drv_gnd_logic__t527            7.59775e-07
x2_n4__t183                       -3.22659e-05
x2_n3__t18                             5.99998
gnd_drv_gnd_logic__t467            8.59477e-07
gnd_drv_gnd_logic__t386            7.56308e-07
x2_n5__t115                            5.99997
out__t168                          1.44814e-06
out__t61                           1.45843e-06
x2_n5__t123                            5.99997
gnd_drv_gnd_logic__t531            7.53162e-07
gnd_drv_gnd_logic__t384            7.50244e-07
x2_n5__t113                            5.99997
out__t166                           1.4685e-06
out__t56                            1.4784e-06
x2_n5__t112                            5.99997
gnd_drv_gnd_logic__t526            7.47763e-07
gnd_drv_gnd_logic__t383            7.45748e-07
x2_n5__t111                            5.99997
out__t165                            1.488e-06
out__t14                           1.49734e-06
x2_n5__t27                             5.99997
gnd_drv_gnd_logic__t474              7.443e-07
gnd_drv_gnd_logic__t331            7.43522e-07
x2_n5__t28                             5.99997
out__t123                          1.50643e-06
out__t48                           1.51523e-06
x2_n5__t97                             5.99997
gnd_drv_gnd_logic__t518            7.43515e-07
gnd_drv_gnd_logic__t332             7.4426e-07
x2_n5__t29                             5.99997
out__t124                           1.5238e-06
out__t22                           1.53201e-06
x2_n5__t45                             5.99997
gnd_drv_gnd_logic__t482            7.46002e-07
gnd_drv_gnd_logic__t323            8.54854e-07
x2_n3__t17                             5.99998
x2_n4__t190                       -3.18437e-05
gnd_drv_gnd_logic__t334            7.48652e-07
x2_n5__t30                             5.99997
out__t125                           1.5399e-06
out__t15                           1.54745e-06
x2_n5__t31                             5.99997
gnd_drv_gnd_logic__t475             7.5247e-07
gnd_drv_gnd_logic__t335            7.57291e-07
x2_n5__t32                             5.99997
out__t126                          1.55473e-06
out__t16                            1.5616e-06
x2_n5__t33                             5.99997
gnd_drv_gnd_logic__t476            7.63382e-07
gnd_drv_gnd_logic__t336            7.70647e-07
x2_n5__t34                             5.99997
out__t127                          1.56809e-06
out__t17                           1.57427e-06
x2_n5__t35                             5.99997
gnd_drv_gnd_logic__t477            7.79058e-07
gnd_drv_gnd_logic__t337            7.88736e-07
x2_n5__t36                             5.99997
out__t128                          1.57999e-06
out__t18                            1.5853e-06
x2_n5__t37                             5.99997
gnd_drv_gnd_logic__t478            7.99649e-07
gnd_drv_gnd_logic__t338            8.11763e-07
x2_n5__t38                             5.99997
out__t129                          1.59027e-06
out__t19                           1.59474e-06
x2_n5__t39                             5.99997
gnd_drv_gnd_logic__t479            8.25036e-07
x2_n4__t181                       -3.13974e-05
x2_n3__t16                             5.99998
gnd_drv_gnd_logic__t466            8.47304e-07
gnd_drv_gnd_logic__t339            8.39423e-07
x2_n5__t40                             5.99997
out__t130                          1.59885e-06
out__t20                           1.60243e-06
x2_n5__t41                             5.99997
gnd_drv_gnd_logic__t480            8.54954e-07
gnd_drv_gnd_logic__t340            8.71578e-07
x2_n5__t42                             5.99997
out__t131                          1.60562e-06
out__t21                           1.60826e-06
x2_n5__t43                             5.99997
gnd_drv_gnd_logic__t481            8.89151e-07
gnd_drv_gnd_logic__t341            9.07693e-07
x2_n5__t44                             5.99997
out__t132                           1.6105e-06
out__t36                           1.61214e-06
x2_n5__t74                             5.99997
gnd_drv_gnd_logic__t506             9.2722e-07
gnd_drv_gnd_logic__t374            9.47664e-07
x2_n5__t91                             5.99997
out__t156                          1.61337e-06
out__t45                           1.61408e-06
x2_n5__t92                             5.99997
gnd_drv_gnd_logic__t515            9.68944e-07
gnd_drv_gnd_logic__t375            9.90982e-07
x2_n5__t93                             5.99997
out__t157                          1.61416e-06
out__t46                           1.61379e-06
x2_n5__t94                             5.99997
gnd_drv_gnd_logic__t516            1.01387e-06
gnd_drv_gnd_logic__t307            8.14704e-07
x2_n3__t7                              5.99998
x2_n4__t182                       -3.09226e-05
gnd_drv_gnd_logic__t376            1.03743e-06
x2_n5__t95                             5.99997
out__t158                          1.61286e-06
out__t47                           1.61127e-06
x2_n5__t96                             5.99997
gnd_drv_gnd_logic__t517            1.06175e-06
gnd_drv_gnd_logic__t317            1.08664e-06
x2_n5__t11                             5.99997
out__t115                           1.6092e-06
out__t5                            1.60653e-06
x2_n5__t10                             5.99997
gnd_drv_gnd_logic__t458             1.1122e-06
gnd_drv_gnd_logic__t445             1.1383e-06
x2_n5__t202                            5.99997
out__t211                          1.60327e-06
out__t110                          5.95997e-07
x2_n5__t220                            5.99999
gnd_drv_gnd_logic__t309            6.02627e-07
gnd_drv_gnd_logic__t370            6.36414e-07
x2_n5__t85                             5.99999
out__t152                            6.043e-07
out__t43                           6.13328e-07
x2_n5__t86                             5.99999
gnd_drv_gnd_logic__t513            6.42136e-07
gnd_drv_gnd_logic__t371            6.47833e-07
x2_n5__t87                             5.99999
out__t153                          6.22456e-07
out__t44                           6.31685e-07
x2_n5__t88                             5.99999
gnd_drv_gnd_logic__t514            6.53507e-07
x2_n5__t747                            5.99997
x2_n4__t54                        -3.09552e-05
gnd_drv_gnd_logic__t310            1.43556e-06
gnd_drv_gnd_logic__t372            6.59143e-07
x2_n5__t89                             5.99999
out__t154                          6.41011e-07
out__t13                           6.50442e-07
x2_n5__t26                             5.99999
gnd_drv_gnd_logic__t473            6.64754e-07
gnd_drv_gnd_logic__t328            6.70325e-07
x2_n5__t23                             5.99999
out__t121                          6.59969e-07
out__t11                           6.69597e-07
x2_n5__t22                             5.99999
gnd_drv_gnd_logic__t471            6.75858e-07
gnd_drv_gnd_logic__t327            6.81347e-07
x2_n5__t21                             5.99999
out__t120                          6.79325e-07
out__t10                           6.89147e-07
x2_n5__t20                             5.99999
gnd_drv_gnd_logic__t470            6.86788e-07
gnd_drv_gnd_logic__t326            6.92181e-07
x2_n5__t19                             5.99999
out__t119                          6.99075e-07
out__t9                            7.09099e-07
x2_n5__t18                             5.99999
gnd_drv_gnd_logic__t469            6.97519e-07
gnd_drv_gnd_logic__t325            7.02808e-07
x2_n5__t17                             5.99999
out__t118                          7.19222e-07
out__t8                            7.29439e-07
x2_n5__t16                             5.99999
gnd_drv_gnd_logic__t468            7.08037e-07
gnd_drv_gnd_logic__t428            1.43162e-06
x2_n4__t35                        -3.09216e-05
x2_n5__t765                            5.99997
gnd_drv_gnd_logic__t356            7.13193e-07
x2_n5__t58                             5.99999
out__t139                          7.39758e-07
out__t28                           7.50175e-07
x2_n5__t57                             5.99999
gnd_drv_gnd_logic__t498              7.183e-07
gnd_drv_gnd_logic__t355            7.23322e-07
x2_n5__t56                             5.99999
out__t138                          7.60683e-07
out__t27                           7.71282e-07
x2_n5__t55                             5.99999
gnd_drv_gnd_logic__t497            7.28267e-07
gnd_drv_gnd_logic__t354            7.33144e-07
x2_n5__t54                             5.99999
out__t137                          7.81981e-07
out__t26                           7.92769e-07
x2_n5__t53                             5.99999
gnd_drv_gnd_logic__t496             7.3792e-07
gnd_drv_gnd_logic__t353            7.42622e-07
x2_n5__t52                             5.99999
out__t136                          8.03655e-07
out__t25                            8.1462e-07
x2_n5__t51                             5.99999
gnd_drv_gnd_logic__t495            7.47241e-07
gnd_drv_gnd_logic__t352            7.51747e-07
x2_n5__t50                             5.99999
out__t135                          8.25684e-07
out__t24                           8.36836e-07
x2_n5__t49                             5.99999
gnd_drv_gnd_logic__t494            7.56165e-07
x2_n5__t737                            5.99997
x2_n4__t34                        -3.08508e-05
gnd_drv_gnd_logic__t570             1.4333e-06
gnd_drv_gnd_logic__t351            7.60471e-07
x2_n5__t48                             5.99998
out__t134                          8.48072e-07
out__t53                           8.59393e-07
x2_n5__t106                            5.99998
gnd_drv_gnd_logic__t523            7.64664e-07
gnd_drv_gnd_logic__t358            7.68739e-07
x2_n5__t59                             5.99998
out__t140                          8.70789e-07
out__t41                           8.82278e-07
x2_n5__t82                             5.99998
gnd_drv_gnd_logic__t511            7.72707e-07
gnd_drv_gnd_logic__t369            7.76543e-07
x2_n5__t83                             5.99998
out__t151                          8.93843e-07
out__t42                           9.05487e-07
x2_n5__t84                             5.99998
gnd_drv_gnd_logic__t512            7.80244e-07
gnd_drv_gnd_logic__t359            7.83825e-07
x2_n5__t60                             5.99998
out__t141                          9.17208e-07
out__t29                           9.28984e-07
x2_n5__t61                             5.99998
gnd_drv_gnd_logic__t499            7.87258e-07
gnd_drv_gnd_logic__t360            7.90542e-07
x2_n5__t62                             5.99998
out__t142                          9.40853e-07
out__t30                           9.52785e-07
x2_n5__t63                             5.99998
gnd_drv_gnd_logic__t500            7.93687e-07
gnd_drv_gnd_logic__t427            1.43465e-06
x2_n4__t33                        -3.07497e-05
x2_n5__t764                            5.99997
gnd_drv_gnd_logic__t361            7.96667e-07
x2_n5__t64                             5.99998
out__t143                           9.6478e-07
out__t31                            9.7684e-07
x2_n5__t65                             5.99998
gnd_drv_gnd_logic__t501            7.99478e-07
gnd_drv_gnd_logic__t362            8.02137e-07
x2_n5__t66                             5.99998
out__t144                          9.88944e-07
out__t32                           1.00112e-06
x2_n5__t67                             5.99998
gnd_drv_gnd_logic__t502            8.04639e-07
gnd_drv_gnd_logic__t363            8.06952e-07
x2_n5__t68                             5.99998
out__t145                          1.01335e-06
out__t33                           1.02564e-06
x2_n5__t69                             5.99998
gnd_drv_gnd_logic__t503            8.09071e-07
gnd_drv_gnd_logic__t364            8.11014e-07
x2_n5__t70                             5.99998
out__t146                          1.03796e-06
out__t34                           1.05034e-06
x2_n5__t71                             5.99998
gnd_drv_gnd_logic__t504            8.12778e-07
gnd_drv_gnd_logic__t365             8.1433e-07
x2_n5__t72                             5.99998
out__t147                          1.06275e-06
out__t35                           1.07518e-06
x2_n5__t73                             5.99998
gnd_drv_gnd_logic__t505             8.1569e-07
x2_n5__t736                            5.99997
x2_n4__t32                        -3.06174e-05
gnd_drv_gnd_logic__t569            1.43556e-06
gnd_drv_gnd_logic__t373            8.16824e-07
x2_n5__t90                             5.99998
out__t155                          1.08766e-06
out__t37                           1.10017e-06
x2_n5__t75                             5.99998
gnd_drv_gnd_logic__t507            8.17787e-07
gnd_drv_gnd_logic__t366             8.1851e-07
x2_n5__t76                             5.99998
out__t148                          1.11269e-06
out__t38                           1.12524e-06
x2_n5__t77                             5.99998
gnd_drv_gnd_logic__t508             8.1902e-07
gnd_drv_gnd_logic__t367             8.1931e-07
x2_n5__t78                             5.99998
out__t149                           1.1378e-06
out__t39                           1.15037e-06
x2_n5__t79                             5.99998
gnd_drv_gnd_logic__t509            8.19374e-07
gnd_drv_gnd_logic__t368            8.19214e-07
x2_n5__t80                             5.99998
out__t150                          1.16295e-06
out__t40                           1.17551e-06
x2_n5__t81                             5.99998
gnd_drv_gnd_logic__t510            8.18813e-07
gnd_drv_gnd_logic__t330            8.18174e-07
x2_n5__t25                             5.99998
out__t122                          1.18807e-06
out__t12                           1.20062e-06
x2_n5__t24                             5.99998
gnd_drv_gnd_logic__t472            8.17329e-07
x1_nb__t1                         -4.65092e-08
x1_inb__t2                                 3.3
gnd_drv_gnd_logic__t311           -3.81498e-07
gnd_drv_gnd_logic__t426            1.43609e-06
x2_n4__t31                        -3.04528e-05
x2_n5__t763                            5.99997
x2_n5__t735                            5.99997
x2_n4__t30                         -3.0255e-05
gnd_drv_gnd_logic__t568            1.43611e-06
gnd_drv_gnd_logic__t425             1.4357e-06
x2_n4__t29                        -3.00232e-05
x2_n5__t762                            5.99998
x2_n5__t734                            5.99998
x2_n4__t28                        -2.97567e-05
gnd_drv_gnd_logic__t567            1.43476e-06
gnd_drv_gnd_logic__t424            1.43327e-06
x2_n4__t27                        -2.94551e-05
x2_n5__t761                            5.99998
x2_n5__t732                            5.99998
x2_n4__t25                        -2.91181e-05
gnd_drv_gnd_logic__t565            1.43115e-06
gnd_drv_gnd_logic__t430            1.42852e-06
x2_n4__t37                        -2.87454e-05
x2_n5__t767                            5.99998
x2_n5__t740                            5.99998
x2_n4__t44                        -2.83374e-05
gnd_drv_gnd_logic__t574            1.42519e-06
gnd_drv_gnd_logic__t434            1.42118e-06
x2_n4__t43                        -2.78944e-05
x2_n5__t771                            5.99998
x2_n5__t739                            5.99998
x2_n4__t42                         -2.7417e-05
gnd_drv_gnd_logic__t573            1.41648e-06
x1_nca__t2                             5.99999
vdd_logic__t3                          3.29998
x1_na__t1                              2.34024
gnd_drv_gnd_logic__t431            1.41105e-06
x2_n4__t38                        -2.69065e-05
x2_n5__t768                            5.99998
x2_n5__t733                            5.99998
x2_n4__t26                         -2.6364e-05
gnd_drv_gnd_logic__t566            1.40493e-06
gnd_drv_gnd_logic__t422            1.39798e-06
x2_n4__t23                        -2.57916e-05
x2_n5__t760                            5.99998
x2_n5__t741                            5.99998
x2_n4__t45                        -2.51912e-05
gnd_drv_gnd_logic__t575            1.39031e-06
gnd_drv_gnd_logic__t433            1.38185e-06
x2_n4__t41                        -2.45658e-05
x2_n5__t770                            5.99998
x2_n5__t731                            5.99998
x2_n4__t24                        -2.39186e-05
gnd_drv_gnd_logic__t564             1.3726e-06
gnd_drv_gnd_logic__t432            1.36255e-06
x2_n4__t40                        -2.32531e-05
x2_n5__t769                            5.99998
x2_n5__t738                            5.99998
x2_n4__t39                        -2.25738e-05
gnd_drv_gnd_logic__t572            1.35173e-06
gnd_drv_gnd_logic__t442            1.34016e-06
x2_n4__t53                        -2.18853e-05
x2_n5__t774                            5.99998
x2_n5__t746                            5.99998
x2_n4__t52                        -2.11933e-05
gnd_drv_gnd_logic__t580            1.32792e-06
x1_ncb__t0                        -1.80493e-06
vdd_logic__t2                              3.3
x1_nb__t0                         -7.08649e-08
gnd_drv_gnd_logic__t429            1.31495e-06
x2_n4__t36                        -2.05034e-05
x2_n5__t766                            5.99998
x2_n5__t730                            5.99998
x2_n4__t20                        -1.98224e-05
gnd_drv_gnd_logic__t493            1.30141e-06
gnd_drv_gnd_logic__t350            1.28732e-06
x2_n4__t19                        -1.91572e-05
x2_n5__t757                            5.99998
x2_n5__t742                            5.99998
x2_n4__t46                        -1.85151e-05
gnd_drv_gnd_logic__t576            1.27275e-06
gnd_drv_gnd_logic__t403            1.25779e-06
x2_n4__t22                        -1.79039e-05
x2_n5__t759                            5.99998
x2_n5__t723                            5.99998
x2_n4__t6                         -1.73313e-05
gnd_drv_gnd_logic__t485            1.24261e-06
gnd_drv_gnd_logic__t349            1.22719e-06
x2_n4__t18                        -1.68053e-05
x2_n5__t756                            5.99998
x2_n5__t729                            5.99998
x2_n4__t17                        -1.63335e-05
gnd_drv_gnd_logic__t492            1.21176e-06
gnd_drv_gnd_logic__t357            1.19636e-06
x2_n4__t21                        -1.59233e-05
x2_n5__t758                            5.99998
x2_n5__t728                            5.99998
x2_n4__t16                        -1.55813e-05
gnd_drv_gnd_logic__t490            1.18116e-06
x1_nbuf1__t3                           5.99999
x1_ncb__t3                        -4.16223e-06
gnd_drv_gnd_logic__t305            6.46973e-07
gnd_drv_gnd_logic__t348            1.16612e-06
x2_n4__t15                        -1.53132e-05
x2_n5__t755                            5.99998
x2_n5__t727                            5.99998
x2_n4__t14                        -1.51236e-05
gnd_drv_gnd_logic__t489            1.15142e-06
gnd_drv_gnd_logic__t347            1.13705e-06
x2_n4__t13                        -1.50158e-05
x2_n5__t754                            5.99998
x2_n5__t726                            5.99998
x2_n4__t12                        -1.49918e-05
gnd_drv_gnd_logic__t488            1.12304e-06
gnd_drv_gnd_logic__t346            1.10941e-06
x2_n4__t11                        -1.50514e-05
x2_n5__t753                            5.99998
x2_n5__t725                            5.99998
x2_n4__t10                        -1.51937e-05
gnd_drv_gnd_logic__t487             1.0961e-06
gnd_drv_gnd_logic__t345            1.08303e-06
x2_n4__t9                         -1.54153e-05
x2_n5__t752                            5.99998
x2_n5__t724                            5.99998
x2_n4__t8                         -1.57124e-05
gnd_drv_gnd_logic__t486            1.07021e-06
gnd_drv_gnd_logic__t344            1.05748e-06
x2_n4__t7                          -1.6079e-05
x2_n5__t751                            5.99998
x2_n5__t722                            5.99998
x2_n4__t5                         -1.65089e-05
gnd_drv_gnd_logic__t484            1.04483e-06
in_drv__t3                         6.60175e-07
x1_nbuf1__t1                                 6
gnd_drv_gnd_logic__t302           -2.49897e-07
gnd_drv_gnd_logic__t342            1.03213e-06
x2_n4__t4                         -1.69946e-05
x2_n5__t750                            5.99999
x2_n5__t721                            5.99999
x2_n4__t3                         -1.75286e-05
gnd_drv_gnd_logic__t483            1.01931e-06
gnd_drv_gnd_logic__t333            1.00636e-06
x2_n4__t2                         -1.81027e-05
x2_n5__t749                            5.99999
x2_n5__t745                            5.99999
x2_n4__t51                        -1.87089e-05
gnd_drv_gnd_logic__t579            9.93234e-07
gnd_drv_gnd_logic__t436            9.79853e-07
x2_n4__t50                         -1.9339e-05
x2_n5__t773                            5.99999
x2_n5__t744                            5.99999
x2_n4__t49                        -1.99858e-05
gnd_drv_gnd_logic__t578            9.66195e-07
gnd_drv_gnd_logic__t435            9.52366e-07
x2_n4__t48                        -2.06414e-05
x2_n5__t772                            5.99999
x2_n5__t743                            5.99999
x2_n4__t47                        -2.12995e-05
gnd_drv_gnd_logic__t577            9.38262e-07
gnd_drv_gnd_logic__t329            9.23953e-07
x2_n4__t1                         -2.19534e-05
x2_n5__t748                            5.99999
x2_n5__t0                              5.99997
x2_n4__t0                         -2.37449e-05
gnd_drv_gnd_logic__t312            9.27685e-07
x2_n1__t3                              5.99999
in_drv__t1                         -3.6793e-06
gnd_drv_gnd_logic__t303            5.16827e-07
gnd_drv_gnd_logic__t421            2.62059e-06
x2_n5__t185                            5.99999
out__t202                          7.61615e-07
out__t63                             7.499e-07
x2_n5__t126                            5.99999
gnd_drv_gnd_logic__t533            2.65977e-06
gnd_drv_gnd_logic__t390            2.69901e-06
x2_n5__t124                            5.99999
out__t172                           7.3823e-07
out__t62                           7.26668e-07
x2_n5__t125                            5.99999
gnd_drv_gnd_logic__t532            2.73819e-06
gnd_drv_gnd_logic__t392            2.77686e-06
x2_n5__t129                            5.99999
out__t174                          7.15086e-07
out__t65                           7.03566e-07
x2_n5__t130                            5.99999
gnd_drv_gnd_logic__t535            2.81504e-06
gnd_drv_gnd_logic__t393            2.85244e-06
x2_n5__t131                            5.99999
out__t175                            6.921e-07
out__t66                           6.80789e-07
x2_n5__t133                            5.99999
gnd_drv_gnd_logic__t536            2.88888e-06
gnd_drv_gnd_logic__t395            2.92423e-06
x2_n5__t134                            5.99999
out__t177                          6.69745e-07
out__t64                           6.58976e-07
x2_n5__t127                            5.99999
gnd_drv_gnd_logic__t534            2.95835e-06
x2_n2__t0                           3.0597e-06
x2_n1__t0                                    6
gnd_drv_gnd_logic__t301            1.92257e-07
gnd_drv_gnd_logic__t394            2.99114e-06
x2_n5__t132                            5.99999
out__t176                          6.48709e-07
out__t92                           6.38858e-07
x2_n5__t184                            5.99999
gnd_drv_gnd_logic__t562            3.02251e-06
gnd_drv_gnd_logic__t416             3.0525e-06
x2_n5__t173                            5.99998
out__t197                          6.29756e-07
out__t86                           6.21531e-07
x2_n5__t174                            5.99998
gnd_drv_gnd_logic__t556             3.0808e-06
gnd_drv_gnd_logic__t343            3.10749e-06
x2_n5__t46                             5.99998
out__t133                          6.14203e-07
out__t87                           6.08108e-07
x2_n5__t175                            5.99998
gnd_drv_gnd_logic__t557            3.13263e-06
gnd_drv_gnd_logic__t417            3.15607e-06
x2_n5__t176                            5.99998
out__t198                          6.03367e-07
out__t88                           6.00099e-07
x2_n5__t177                            5.99998
gnd_drv_gnd_logic__t558            3.17769e-06
gnd_drv_gnd_logic__t418            3.19769e-06
x2_n5__t178                            5.99998
out__t199                          5.98417e-07
out__t89                           5.98431e-07
x2_n5__t179                            5.99998
gnd_drv_gnd_logic__t559            3.21595e-06
x1_inb__t1                             3.30002
in__t0                             2.50195e-05
vdd_logic__t0                              3.3
vdd_logic                                  3.3
x1_nca__t0                             6.00003
x1_ncb__t1                          4.1427e-05
vdd_drv__t0                                  6
vdd_drv                                      6
x1_ncb__t5                         2.12326e-05
x1_nca__t1                             6.00013
vdd_drv__t671                                6
x1_nbuf1__t2                           6.00002
x1_ncb__t2                          5.6975e-05
vdd_drv__t6                                  6
in_drv__t2                         5.96683e-05
x1_nbuf1__t0                           6.00008
vdd_drv__t8                            5.99999
x2_n1__t2                              6.00002
in_drv__t0                         5.70177e-05
vdd_drv__t10                                 6
x2_n2__t3                          2.81691e-05
x2_n1__t1                              6.00009
vdd_drv__t12                           5.99999
x2_n3__t0                                    6
x2_n2__t1                           1.9274e-06
vdd_drv__t2                                  6
x2_n4__t207                        2.33398e-05
x2_n3__t2                              6.00002
vdd_drv__t4                                  6
vdd_drv__t1269                               6
x2_n3__t3                              6.00002
x2_n4__t206                        2.23393e-05
x2_n4__t192                        2.12884e-05
x2_n3__t21                             6.00002
vdd_drv__t1268                               6
vdd_drv__t946                                6
x2_n3__t22                             6.00002
x2_n4__t209                        2.02075e-05
x2_n4__t193                        1.91192e-05
x2_n3__t23                             6.00002
vdd_drv__t1270                               6
vdd_drv__t947                                6
x2_n3__t24                             6.00002
x2_n4__t210                        1.80546e-05
x2_n4__t196                        1.70551e-05
x2_n3__t29                             6.00001
vdd_drv__t1276                               6
vdd_drv__t955                                6
x2_n3__t34                             6.00001
x2_n4__t215                        1.61723e-05
x2_n4__t199                        1.54634e-05
x2_n3__t35                                   6
vdd_drv__t1279                               6
vdd_drv__t960                                6
x2_n3__t45                                   6
x2_n4__t220                        1.49774e-05
x2_n4__t200                        1.47178e-05
x2_n3__t38                                   6
vdd_drv__t1280                               6
vdd_drv__t958                                6
x2_n3__t39                                   6
x2_n4__t218                        1.45814e-05
x2_n4__t201                        1.43621e-05
x2_n3__t40                             5.99999
vdd_drv__t1281                               6
vdd_drv__t957                                6
x2_n3__t37                                   6
x2_n4__t217                        1.39798e-05
x2_n4__t205                        1.35934e-05
x2_n3__t44                                   6
vdd_drv__t1284                               6
vdd_drv__t956                                6
x2_n3__t36                                   6
x2_n4__t216                        1.33564e-05
x2_n4__t191                        1.33025e-05
x2_n3__t19                             6.00001
vdd_drv__t1267                               6
vdd_drv__t948                                6
x2_n3__t25                             6.00001
x2_n4__t211                        1.33967e-05
x2_n4__t194                        1.35865e-05
x2_n3__t26                             6.00001
vdd_drv__t1272                               6
vdd_drv__t949                                6
x2_n3__t27                             6.00002
x2_n4__t212                        1.38235e-05
x2_n4__t195                        1.40704e-05
x2_n3__t28                             6.00002
vdd_drv__t1273                               6
vdd_drv__t953                                6
x2_n3__t30                             6.00002
x2_n4__t213                        1.43011e-05
x2_n4__t197                         1.4499e-05
x2_n3__t31                             6.00002
vdd_drv__t1277                               6
vdd_drv__t954                                6
x2_n3__t32                             6.00002
x2_n4__t214                        1.46547e-05
x2_n4__t198                        1.47646e-05
x2_n3__t33                             6.00002
vdd_drv__t1278                               6
vdd_drv__t945                                6
x2_n3__t20                             6.00002
x2_n4__t208                        1.48285e-05
x2_n4__t202                        1.48493e-05
x2_n3__t41                             6.00002
vdd_drv__t1282                               6
vdd_drv__t959                                6
x2_n3__t42                             6.00002
x2_n4__t219                         1.4831e-05
x2_n4__t203                         1.4779e-05
x2_n3__t43                             6.00002
vdd_drv__t1283                               6
vdd_drv__t15                                 6
x2_n3__t4                              6.00002
x2_n4__t204                        1.46961e-05
vdd_drv__t928                                6
x2_n4__t115                        1.59973e-05
x2_n5__t866                            6.00002
x2_n5__t776                            6.00002
x2_n4__t56                         1.68448e-05
vdd_drv__t1050                               6
vdd_drv__t985                                6
x2_n4__t169                        1.76443e-05
x2_n5__t893                            6.00002
x2_n5__t814                            6.00002
x2_n4__t132                        1.83943e-05
vdd_drv__t1258                               6
vdd_drv__t984                                6
x2_n4__t168                        1.90938e-05
x2_n5__t892                            6.00002
x2_n5__t825                            6.00002
x2_n4__t154                        1.97425e-05
vdd_drv__t1301                               6
vdd_drv__t979                                6
x2_n4__t159                        2.03404e-05
x2_n5__t887                            6.00002
x2_n5__t826                            6.00003
x2_n4__t155                        2.08883e-05
vdd_drv__t1302                               6
vdd_drv__t936                                6
x2_n4__t131                        2.13869e-05
x2_n5__t874                            6.00003
x2_n5__t815                            6.00003
x2_n4__t133                        2.18375e-05
vdd_drv__t1259                               6
vdd_drv__t937                                6
x2_n4__t134                        2.22415e-05
x2_n5__t875                            6.00003
x2_n5__t816                            6.00003
x2_n4__t135                        2.26005e-05
vdd_drv__t1260                               6
vdd_drv__t938                                6
x2_n4__t136                         2.2916e-05
x2_n5__t876                            6.00003
x2_n5__t817                            6.00003
x2_n4__t137                        2.31901e-05
vdd_drv__t1261                               6
vdd_drv__t939                                6
x2_n4__t138                        2.34245e-05
x2_n5__t877                            6.00003
x2_n5__t833                            6.00003
x2_n4__t171                        2.36212e-05
vdd_drv__t1315                               6
vdd_drv__t990                                6
x2_n4__t172                        2.37821e-05
x2_n5__t895                            6.00003
x2_n5__t834                            6.00003
x2_n4__t173                        2.39091e-05
vdd_drv__t1316                               6
vdd_drv__t991                                6
x2_n4__t174                        2.40042e-05
x2_n5__t896                            6.00003
x2_n5__t835                            6.00003
x2_n4__t175                        2.40693e-05
vdd_drv__t1317                               6
vdd_drv__t988                                6
x2_n4__t170                        2.41062e-05
x2_n5__t894                            6.00003
x2_n5__t832                            6.00003
x2_n4__t167                        2.41168e-05
vdd_drv__t1309                               6
vdd_drv__t983                                6
x2_n4__t166                        2.41028e-05
x2_n5__t891                            6.00003
x2_n5__t831                            6.00003
x2_n4__t165                        2.40658e-05
vdd_drv__t1307                               6
vdd_drv__t982                                6
x2_n4__t164                        2.40077e-05
x2_n5__t890                            6.00003
x2_n5__t830                            6.00003
x2_n4__t163                        2.39297e-05
vdd_drv__t1306                               6
vdd_drv__t981                                6
x2_n4__t162                        2.38336e-05
x2_n5__t889                            6.00003
x2_n5__t829                            6.00003
x2_n4__t161                        2.37207e-05
vdd_drv__t1305                               6
vdd_drv__t980                                6
x2_n4__t160                        2.35923e-05
x2_n5__t888                            6.00003
x2_n5__t828                            6.00003
x2_n4__t158                        2.34498e-05
vdd_drv__t1304                               6
vdd_drv__t978                                6
x2_n4__t157                        2.32943e-05
x2_n5__t886                            6.00003
x2_n5__t827                            6.00003
x2_n4__t156                        2.31269e-05
vdd_drv__t1303                               6
vdd_drv__t875                                6
x2_n4__t60                         2.29487e-05
x2_n5__t839                            6.00003
x2_n5__t809                            6.00003
x2_n4__t124                        2.27607e-05
vdd_drv__t1253                               6
vdd_drv__t932                                6
x2_n4__t122                        2.25638e-05
x2_n5__t870                            6.00003
x2_n5__t808                            6.00003
x2_n4__t121                         2.2359e-05
vdd_drv__t1252                               6
vdd_drv__t930                                6
x2_n4__t118                        2.21469e-05
x2_n5__t868                            6.00003
x2_n5__t806                            6.00003
x2_n4__t117                        2.19283e-05
vdd_drv__t1250                               6
vdd_drv__t929                                6
x2_n4__t116                         2.1704e-05
x2_n5__t867                            6.00003
x2_n5__t811                            6.00003
x2_n4__t127                        2.14745e-05
vdd_drv__t1255                               6
vdd_drv__t934                                6
x2_n4__t126                        2.12404e-05
x2_n5__t872                            6.00003
x2_n5__t810                            6.00003
x2_n4__t125                        2.10023e-05
vdd_drv__t1254                               6
vdd_drv__t933                                6
x2_n4__t123                        2.07607e-05
x2_n5__t871                            6.00003
x2_n5__t807                            6.00003
x2_n4__t120                         2.0516e-05
vdd_drv__t1251                               6
vdd_drv__t931                                6
x2_n4__t119                        2.02685e-05
x2_n5__t869                            6.00003
x2_n5__t823                            6.00003
x2_n4__t149                        2.00186e-05
vdd_drv__t1271                               6
vdd_drv__t952                                6
x2_n4__t151                        1.97668e-05
x2_n5__t884                            6.00003
x2_n5__t822                            6.00003
x2_n4__t148                        1.95132e-05
vdd_drv__t1266                               6
vdd_drv__t941                                6
x2_n4__t140                        1.92582e-05
x2_n5__t879                            6.00003
x2_n5__t818                            6.00003
x2_n4__t141                         1.9002e-05
vdd_drv__t1262                               6
vdd_drv__t942                                6
x2_n4__t142                        1.87448e-05
x2_n5__t880                            6.00003
x2_n5__t819                            6.00003
x2_n4__t143                        1.84867e-05
vdd_drv__t1263                               6
vdd_drv__t943                                6
x2_n4__t144                         1.8228e-05
x2_n5__t881                            6.00003
x2_n5__t820                            6.00003
x2_n4__t145                        1.79688e-05
vdd_drv__t1264                               6
vdd_drv__t944                                6
x2_n4__t146                        1.77092e-05
x2_n5__t882                            6.00003
x2_n5__t821                            6.00003
x2_n4__t147                        1.74493e-05
vdd_drv__t1265                               6
vdd_drv__t940                                6
x2_n4__t139                        1.71894e-05
x2_n5__t878                            6.00003
x2_n5__t813                            6.00003
x2_n4__t130                        1.69293e-05
vdd_drv__t1257                               6
vdd_drv__t935                                6
x2_n4__t129                        1.66692e-05
x2_n5__t873                            6.00003
x2_n5__t812                            6.00003
x2_n4__t128                        1.64092e-05
vdd_drv__t1256                               6
vdd_drv__t20                                 6
x2_n4__t55                         1.61451e-05
x2_n5__t775                            6.00003
x2_n5__t836                            6.00002
x2_n4__t176                        2.79178e-05
vdd_drv__t669                                6
vdd_drv__t903                                6
x2_n4__t70                         2.79931e-05
x2_n5__t844                            6.00002
x2_n5__t783                            6.00002
x2_n4__t71                         2.80313e-05
vdd_drv__t1224                               6
vdd_drv__t904                                6
x2_n4__t72                          2.8045e-05
x2_n5__t845                            6.00002
x2_n5__t784                            6.00002
x2_n4__t73                         2.80325e-05
vdd_drv__t1225                               6
vdd_drv__t905                                6
x2_n4__t74                         2.79922e-05
x2_n5__t846                            6.00002
x2_n5__t785                            6.00002
x2_n4__t75                         2.79223e-05
vdd_drv__t1226                               6
vdd_drv__t906                                6
x2_n4__t76                          2.7821e-05
x2_n5__t847                            6.00002
x2_n5__t790                            6.00002
x2_n4__t86                         2.76867e-05
vdd_drv__t1231                               6
vdd_drv__t908                                6
x2_n4__t78                         2.75174e-05
x2_n5__t849                            6.00002
x2_n5__t786                            6.00002
x2_n4__t79                         2.73115e-05
vdd_drv__t1227                               6
vdd_drv__t909                                6
x2_n4__t80                          2.7067e-05
x2_n5__t850                            6.00002
x2_n5__t787                            6.00002
x2_n4__t81                         2.67821e-05
vdd_drv__t1228                               6
vdd_drv__t910                                6
x2_n4__t82                         2.64551e-05
x2_n5__t851                            6.00002
x2_n5__t788                            6.00002
x2_n4__t83                         2.60841e-05
vdd_drv__t1229                               6
vdd_drv__t911                                6
x2_n4__t84                         2.56677e-05
x2_n5__t852                            6.00002
x2_n5__t789                            6.00002
x2_n4__t85                          2.5204e-05
vdd_drv__t1230                               6
vdd_drv__t907                                6
x2_n4__t77                         2.46919e-05
x2_n5__t848                            6.00002
x2_n5__t778                            6.00002
x2_n4__t61                         2.41299e-05
vdd_drv__t1215                               6
vdd_drv__t902                                6
x2_n4__t68                         2.35168e-05
x2_n5__t843                            6.00002
x2_n5__t782                            6.00002
x2_n4__t69                         2.28521e-05
vdd_drv__t1222                               6
vdd_drv__t915                                6
x2_n4__t94                          2.2135e-05
x2_n5__t856                            6.00002
x2_n5__t797                            6.00002
x2_n4__t98                         2.13654e-05
vdd_drv__t1241                               6
vdd_drv__t897                                6
x2_n4__t67                         2.05436e-05
x2_n5__t842                            6.00002
x2_n5__t781                            6.00002
x2_n4__t66                         1.96703e-05
vdd_drv__t1218                               6
vdd_drv__t896                                6
x2_n4__t65                         1.87468e-05
x2_n5__t841                            6.00002
x2_n5__t780                            6.00002
x2_n4__t64                         1.77751e-05
vdd_drv__t1217                               6
vdd_drv__t895                                6
x2_n4__t63                         1.67583e-05
x2_n5__t840                            6.00002
x2_n5__t779                            6.00002
x2_n4__t62                            1.57e-05
vdd_drv__t1216                               6
vdd_drv__t951                                6
x2_n4__t150                        1.46049e-05
x2_n5__t883                            6.00002
x2_n5__t824                            6.00002
x2_n4__t153                        1.34792e-05
vdd_drv__t1290                               6
vdd_drv__t964                                6
x2_n4__t152                        1.23304e-05
x2_n5__t885                            6.00002
x2_n5__t794                            6.00002
x2_n4__t92                         1.11677e-05
vdd_drv__t1235                               6
vdd_drv__t914                                6
x2_n4__t93                         1.00018e-05
x2_n5__t855                            6.00002
x2_n5__t796                            6.00002
x2_n4__t97                         8.84591e-06
vdd_drv__t1240                               6
vdd_drv__t916                                6
x2_n4__t95                         7.71532e-06
x2_n5__t857                            6.00002
x2_n5__t795                            6.00002
x2_n4__t96                         6.62812e-06
vdd_drv__t1236                               6
vdd_drv__t872                                6
x2_n4__t57                         5.60526e-06
x2_n5__t837                            6.00002
x2_n5__t802                            6.00002
x2_n4__t108                        4.67072e-06
vdd_drv__t1246                               6
vdd_drv__t925                                6
x2_n4__t109                        3.85186e-06
x2_n5__t863                            6.00002
x2_n5__t803                            6.00002
x2_n4__t110                        3.17906e-06
vdd_drv__t1247                               6
vdd_drv__t926                                6
x2_n4__t111                        2.68329e-06
x2_n5__t864                            6.00002
x2_n5__t800                            6.00002
x2_n4__t103                        2.38849e-06
vdd_drv__t1244                               6
vdd_drv__t922                                6
x2_n4__t104                        2.28279e-06
x2_n5__t860                            6.00002
x2_n5__t801                            6.00002
x2_n4__t105                        2.27214e-06
vdd_drv__t1245                               6
vdd_drv__t924                                6
x2_n4__t107                        2.32733e-06
x2_n5__t862                            6.00002
x2_n5__t804                            6.00002
x2_n4__t112                        2.54448e-06
vdd_drv__t1248                               6
vdd_drv__t927                                6
x2_n4__t113                        2.95271e-06
x2_n5__t865                            6.00002
x2_n5__t805                            6.00002
x2_n4__t114                        3.53327e-06
vdd_drv__t1249                               6
vdd_drv__t923                                6
x2_n4__t106                        4.25628e-06
x2_n5__t861                            6.00002
x2_n5__t791                            6.00002
x2_n4__t87                         5.09203e-06
vdd_drv__t1232                               6
vdd_drv__t912                                6
x2_n4__t88                         6.01296e-06
x2_n5__t853                            6.00002
x2_n5__t792                            6.00002
x2_n4__t89                         6.99506e-06
vdd_drv__t1233                               6
vdd_drv__t913                                6
x2_n4__t90                         8.01758e-06
x2_n5__t854                            6.00002
x2_n5__t793                            6.00002
x2_n4__t91                         9.06242e-06
vdd_drv__t1234                               6
vdd_drv__t873                                6
x2_n4__t58                         1.01144e-05
x2_n5__t838                            6.00002
x2_n5__t777                            6.00002
x2_n4__t59                         1.11608e-05
vdd_drv__t1195                               6
vdd_drv__t920                                6
x2_n4__t99                         1.21909e-05
x2_n5__t858                            6.00002
x2_n5__t798                            6.00002
x2_n4__t100                         1.3196e-05
vdd_drv__t1242                               6
vdd_drv__t921                                6
x2_n4__t101                        1.41691e-05
x2_n5__t859                            6.00002
x2_n5__t799                            6.00002
x2_n4__t102                        1.51044e-05
vdd_drv__t1243                               6
vdd_drv__t795                                6
x2_n5__t472                            6.00002
out__t594                          9.13557e-07
out__t316                          9.19505e-07
x2_n5__t410                            6.00002
vdd_drv__t1090                               6
vdd_drv__t853                                6
x2_n5__t588                            6.00002
out__t652                          9.25515e-07
out__t315                          9.31554e-07
x2_n5__t409                            6.00002
vdd_drv__t1089                               6
vdd_drv__t764                                6
x2_n5__t408                            6.00002
out__t563                          9.37621e-07
out__t314                          9.43684e-07
x2_n5__t407                            6.00002
vdd_drv__t1088                               6
vdd_drv__t779                                6
x2_n5__t441                            6.00002
out__t578                          9.49808e-07
out__t338                          9.55961e-07
x2_n5__t452                            6.00002
vdd_drv__t1112                               6
vdd_drv__t784                                6
x2_n5__t451                            6.00002
out__t583                          9.62142e-07
out__t337                          9.68317e-07
x2_n5__t450                            6.00002
vdd_drv__t1111                               6
vdd_drv__t783                                6
x2_n5__t449                            6.00002
out__t582                          9.74555e-07
out__t336                           9.8082e-07
x2_n5__t448                            6.00002
vdd_drv__t1110                               6
vdd_drv__t782                                6
x2_n5__t447                            6.00002
out__t581                          9.87078e-07
out__t335                          9.93399e-07
x2_n5__t446                            6.00002
vdd_drv__t1109                               6
vdd_drv__t781                                6
x2_n5__t445                            6.00002
out__t580                          9.99747e-07
out__t334                          1.00612e-06
x2_n5__t444                            6.00002
vdd_drv__t1108                               6
vdd_drv__t780                                6
x2_n5__t443                            6.00002
out__t579                          1.01249e-06
out__t333                          1.01892e-06
x2_n5__t442                            6.00002
vdd_drv__t1107                               6
vdd_drv__t785                                6
x2_n5__t453                            6.00002
out__t584                          1.02538e-06
out__t332                          1.03186e-06
x2_n5__t440                            6.00002
vdd_drv__t1106                               6
vdd_drv__t778                                6
x2_n5__t439                            6.00002
out__t577                          1.03834e-06
out__t331                          1.04488e-06
x2_n5__t438                            6.00002
vdd_drv__t1105                               6
vdd_drv__t777                                6
x2_n5__t437                            6.00002
out__t576                          1.05144e-06
out__t330                            1.058e-06
x2_n5__t436                            6.00002
vdd_drv__t1104                               6
vdd_drv__t776                                6
x2_n5__t435                            6.00002
out__t575                          1.06461e-06
out__t329                          1.07126e-06
x2_n5__t434                            6.00002
vdd_drv__t1103                               6
vdd_drv__t775                                6
x2_n5__t433                            6.00002
out__t574                          1.07793e-06
out__t328                          1.08459e-06
x2_n5__t432                            6.00002
vdd_drv__t1102                               6
vdd_drv__t774                                6
x2_n5__t431                            6.00002
out__t573                          1.09131e-06
out__t327                          1.09806e-06
x2_n5__t430                            6.00002
vdd_drv__t1101                               6
vdd_drv__t815                                6
x2_n5__t512                            6.00002
out__t614                          1.10484e-06
out__t397                           1.1116e-06
x2_n5__t571                            6.00002
vdd_drv__t1171                               6
vdd_drv__t844                                6
x2_n5__t570                            6.00002
out__t643                          1.11843e-06
out__t396                          1.12528e-06
x2_n5__t569                            6.00002
vdd_drv__t1170                               6
vdd_drv__t843                                6
x2_n5__t568                            6.00002
out__t642                          1.13216e-06
out__t395                          1.13902e-06
x2_n5__t567                            6.00002
vdd_drv__t1169                               6
vdd_drv__t842                                6
x2_n5__t566                            6.00002
out__t641                          1.14595e-06
out__t394                          1.15291e-06
x2_n5__t565                            6.00002
vdd_drv__t1168                               6
vdd_drv__t841                                6
x2_n5__t564                            6.00002
out__t640                          1.15984e-06
out__t393                          1.16685e-06
x2_n5__t563                            6.00002
vdd_drv__t1167                               6
vdd_drv__t840                                6
x2_n5__t562                            6.00002
out__t639                          1.17388e-06
out__t392                          1.18093e-06
x2_n5__t561                            6.00002
vdd_drv__t1166                               6
vdd_drv__t845                                6
x2_n5__t572                            6.00002
out__t644                          1.18797e-06
out__t391                          1.19507e-06
x2_n5__t559                            6.00002
vdd_drv__t1165                               6
vdd_drv__t838                                6
x2_n5__t558                            6.00002
out__t637                           1.2022e-06
out__t390                          1.20935e-06
x2_n5__t557                            6.00002
vdd_drv__t1164                               6
vdd_drv__t837                                6
x2_n5__t556                            6.00002
out__t636                          1.21649e-06
out__t389                          1.22369e-06
x2_n5__t555                            6.00002
vdd_drv__t1163                               6
vdd_drv__t836                                6
x2_n5__t554                            6.00002
out__t635                          1.23091e-06
out__t388                          1.23816e-06
x2_n5__t553                            6.00002
vdd_drv__t1162                               6
vdd_drv__t835                                6
x2_n5__t552                            6.00002
out__t634                          1.24539e-06
out__t387                          1.25269e-06
x2_n5__t551                            6.00002
vdd_drv__t1161                               6
vdd_drv__t834                                6
x2_n5__t550                            6.00002
out__t633                          1.26001e-06
out__t386                          1.26731e-06
x2_n5__t549                            6.00002
vdd_drv__t1160                               6
vdd_drv__t851                                6
x2_n5__t584                            6.00002
out__t650                          1.27468e-06
out__t409                          1.28207e-06
x2_n5__t595                            6.00002
vdd_drv__t1183                               6
vdd_drv__t856                                6
x2_n5__t594                            6.00002
out__t655                          1.28948e-06
out__t408                          1.29688e-06
x2_n5__t593                            6.00002
vdd_drv__t1182                               6
vdd_drv__t855                                6
x2_n5__t592                            6.00002
out__t654                          1.30434e-06
out__t407                          1.31182e-06
x2_n5__t591                            6.00002
vdd_drv__t1181                               6
vdd_drv__t854                                6
x2_n5__t590                            6.00002
out__t653                          1.31933e-06
out__t406                          1.32682e-06
x2_n5__t589                            6.00002
vdd_drv__t1180                               6
vdd_drv__t19                                 6
x2_n5__t221                            6.00002
out__t220                          1.33419e-06
out__t317                           6.0863e-07
x2_n5__t412                            6.00002
vdd_drv__t1091                               6
vdd_drv__t765                                6
x2_n5__t411                            6.00002
out__t564                           6.1262e-07
out__t347                          6.16646e-07
x2_n5__t471                            6.00002
vdd_drv__t1121                               6
vdd_drv__t794                                6
x2_n5__t470                            6.00002
out__t593                          6.20686e-07
out__t346                          6.24784e-07
x2_n5__t469                            6.00002
vdd_drv__t1120                               6
vdd_drv__t793                                6
x2_n5__t468                            6.00002
out__t592                          6.28918e-07
out__t345                          6.33088e-07
x2_n5__t467                            6.00002
vdd_drv__t1119                               6
vdd_drv__t792                                6
x2_n5__t466                            6.00002
out__t591                          6.37271e-07
out__t350                          6.41511e-07
x2_n5__t477                            6.00002
vdd_drv__t1124                               6
vdd_drv__t791                                6
x2_n5__t464                            6.00002
out__t590                          6.45788e-07
out__t343                          6.50077e-07
x2_n5__t463                            6.00002
vdd_drv__t1117                               6
vdd_drv__t790                                6
x2_n5__t462                            6.00002
out__t589                          6.54423e-07
out__t342                          6.58805e-07
x2_n5__t461                            6.00002
vdd_drv__t1116                               6
vdd_drv__t789                                6
x2_n5__t460                            6.00002
out__t588                          6.63198e-07
out__t341                           6.6765e-07
x2_n5__t459                            6.00002
vdd_drv__t1115                               6
vdd_drv__t788                                6
x2_n5__t458                            6.00002
out__t587                          6.72136e-07
out__t340                          6.76657e-07
x2_n5__t457                            6.00002
vdd_drv__t1114                               6
vdd_drv__t787                                6
x2_n5__t456                            6.00002
out__t586                          6.81187e-07
out__t339                          6.85777e-07
x2_n5__t455                            6.00002
vdd_drv__t1113                               6
vdd_drv__t786                                6
x2_n5__t454                            6.00002
out__t585                          6.90401e-07
out__t356                          6.95034e-07
x2_n5__t489                            6.00002
vdd_drv__t1130                               6
vdd_drv__t809                                6
x2_n5__t500                            6.00002
out__t608                          6.99726e-07
out__t361                          7.04452e-07
x2_n5__t499                            6.00002
vdd_drv__t1135                               6
vdd_drv__t808                                6
x2_n5__t498                            6.00002
out__t607                          7.09211e-07
out__t360                          7.13979e-07
x2_n5__t497                            6.00002
vdd_drv__t1134                               6
vdd_drv__t807                                6
x2_n5__t496                            6.00002
out__t606                          7.18805e-07
out__t359                          7.23666e-07
x2_n5__t495                            6.00002
vdd_drv__t1133                               6
vdd_drv__t806                                6
x2_n5__t494                            6.00002
out__t605                          7.28532e-07
out__t358                          7.33459e-07
x2_n5__t493                            6.00002
vdd_drv__t1132                               6
vdd_drv__t805                                6
x2_n5__t492                            6.00002
out__t604                          7.38418e-07
out__t357                          7.43384e-07
x2_n5__t491                            6.00002
vdd_drv__t1131                               6
vdd_drv__t804                                6
x2_n5__t490                            6.00002
out__t603                          7.48409e-07
out__t362                          7.53466e-07
x2_n5__t501                            6.00002
vdd_drv__t1136                               6
vdd_drv__t803                                6
x2_n5__t488                            6.00002
out__t602                          7.58557e-07
out__t355                          7.63652e-07
x2_n5__t487                            6.00002
vdd_drv__t1129                               6
vdd_drv__t802                                6
x2_n5__t486                            6.00002
out__t601                          7.68807e-07
out__t354                          7.73994e-07
x2_n5__t485                            6.00002
vdd_drv__t1128                               6
vdd_drv__t801                                6
x2_n5__t484                            6.00002
out__t600                          7.79184e-07
out__t353                          7.84436e-07
x2_n5__t483                            6.00002
vdd_drv__t1127                               6
vdd_drv__t800                                6
x2_n5__t482                            6.00002
out__t599                          7.89719e-07
out__t352                          7.95033e-07
x2_n5__t481                            6.00002
vdd_drv__t1126                               6
vdd_drv__t799                                6
x2_n5__t480                            6.00002
out__t598                           8.0035e-07
out__t351                          8.05728e-07
x2_n5__t479                            6.00002
vdd_drv__t1125                               6
vdd_drv__t798                                6
x2_n5__t478                            6.00002
out__t597                          8.11137e-07
out__t344                          8.16547e-07
x2_n5__t465                            6.00002
vdd_drv__t1118                               6
vdd_drv__t773                                6
x2_n5__t428                            6.00002
out__t572                          8.22018e-07
out__t325                           8.2752e-07
x2_n5__t427                            6.00002
vdd_drv__t1099                               6
vdd_drv__t772                                6
x2_n5__t426                            6.00002
out__t571                          8.33053e-07
out__t324                          8.38586e-07
x2_n5__t425                            6.00002
vdd_drv__t1098                               6
vdd_drv__t771                                6
x2_n5__t424                            6.00002
out__t570                           8.4418e-07
out__t323                          8.49805e-07
x2_n5__t423                            6.00002
vdd_drv__t1097                               6
vdd_drv__t770                                6
x2_n5__t422                            6.00002
out__t569                           8.5546e-07
out__t322                          8.61114e-07
x2_n5__t421                            6.00002
vdd_drv__t1096                               6
vdd_drv__t769                                6
x2_n5__t420                            6.00002
out__t568                          8.66829e-07
out__t321                          8.72575e-07
x2_n5__t419                            6.00002
vdd_drv__t1095                               6
vdd_drv__t768                                6
x2_n5__t418                            6.00002
out__t567                          8.78318e-07
out__t326                          8.84123e-07
x2_n5__t429                            6.00002
vdd_drv__t1100                               6
vdd_drv__t767                                6
x2_n5__t416                            6.00002
out__t566                          8.89957e-07
out__t319                          8.95822e-07
x2_n5__t415                            6.00002
vdd_drv__t1093                               6
vdd_drv__t766                                6
x2_n5__t414                            6.00002
out__t565                          9.01682e-07
out__t318                          9.07605e-07
x2_n5__t413                            6.00002
vdd_drv__t1092                               6
vdd_drv__t796                                6
x2_n5__t474                            6.00002
out__t595                          6.04698e-07
out__t405                          4.32933e-07
x2_n5__t587                            6.00002
vdd_drv__t1179                               6
vdd_drv__t677                                6
x2_n5__t231                            6.00002
out__t476                          4.34438e-07
out__t224                          4.35991e-07
x2_n5__t230                            6.00002
vdd_drv__t997                                6
vdd_drv__t683                                6
x2_n5__t242                            6.00002
out__t482                          4.37575e-07
out__t299                          4.39207e-07
x2_n5__t379                            6.00002
vdd_drv__t1073                               6
vdd_drv__t707                                6
x2_n5__t288                            6.00002
out__t506                          4.40879e-07
out__t251                          4.42581e-07
x2_n5__t287                            6.00002
vdd_drv__t1024                               6
vdd_drv__t706                                6
x2_n5__t286                            6.00002
out__t505                          4.44332e-07
out__t250                          4.46112e-07
x2_n5__t285                            6.00002
vdd_drv__t1023                               6
vdd_drv__t705                                6
x2_n5__t284                            6.00002
out__t504                          4.47942e-07
out__t249                          4.49812e-07
x2_n5__t283                            6.00002
vdd_drv__t1022                               6
vdd_drv__t704                                6
x2_n5__t282                            6.00002
out__t503                          4.51711e-07
out__t248                           4.5366e-07
x2_n5__t281                            6.00002
vdd_drv__t1021                               6
vdd_drv__t703                                6
x2_n5__t280                            6.00002
out__t502                          4.55637e-07
out__t247                          4.57666e-07
x2_n5__t279                            6.00002
vdd_drv__t1020                               6
vdd_drv__t702                                6
x2_n5__t278                            6.00002
out__t501                          4.59734e-07
out__t252                           4.6183e-07
x2_n5__t289                            6.00002
vdd_drv__t1025                               6
vdd_drv__t700                                6
x2_n5__t276                            6.00002
out__t499                          4.63978e-07
out__t246                          4.66166e-07
x2_n5__t275                            6.00002
vdd_drv__t1019                               6
vdd_drv__t699                                6
x2_n5__t274                            6.00002
out__t498                          4.68381e-07
out__t245                          4.70647e-07
x2_n5__t273                            6.00002
vdd_drv__t1018                               6
vdd_drv__t698                                6
x2_n5__t272                            6.00002
out__t497                          4.72954e-07
out__t244                          4.75287e-07
x2_n5__t271                            6.00002
vdd_drv__t1017                               6
vdd_drv__t697                                6
x2_n5__t270                            6.00002
out__t496                          4.77673e-07
out__t243                          4.80085e-07
x2_n5__t269                            6.00002
vdd_drv__t1016                               6
vdd_drv__t696                                6
x2_n5__t268                            6.00002
out__t495                          4.82549e-07
out__t242                          4.85054e-07
x2_n5__t267                            6.00002
vdd_drv__t1015                               6
vdd_drv__t712                                6
x2_n5__t301                            6.00002
out__t511                          4.87584e-07
out__t265                          4.90167e-07
x2_n5__t312                            6.00002
vdd_drv__t1038                               6
vdd_drv__t717                                6
x2_n5__t311                            6.00002
out__t516                          4.92789e-07
out__t264                          4.95437e-07
x2_n5__t310                            6.00002
vdd_drv__t1037                               6
vdd_drv__t716                                6
x2_n5__t309                            6.00002
out__t515                          4.98138e-07
out__t263                          5.00878e-07
x2_n5__t308                            6.00002
vdd_drv__t1036                               6
vdd_drv__t715                                6
x2_n5__t307                            6.00002
out__t514                          5.03643e-07
out__t262                          5.06461e-07
x2_n5__t306                            6.00002
vdd_drv__t1035                               6
vdd_drv__t714                                6
x2_n5__t305                            6.00002
out__t513                          5.09319e-07
out__t261                            5.122e-07
x2_n5__t304                            6.00002
vdd_drv__t1034                               6
vdd_drv__t713                                6
x2_n5__t303                            6.00002
out__t512                          5.15135e-07
out__t260                          5.18109e-07
x2_n5__t302                            6.00002
vdd_drv__t1033                               6
vdd_drv__t718                                6
x2_n5__t313                            6.00002
out__t517                          5.21106e-07
out__t259                          5.24158e-07
x2_n5__t300                            6.00002
vdd_drv__t1032                               6
vdd_drv__t711                                6
x2_n5__t299                            6.00002
out__t510                          5.27248e-07
out__t258                           5.3036e-07
x2_n5__t298                            6.00002
vdd_drv__t1031                               6
vdd_drv__t710                                6
x2_n5__t297                            6.00002
out__t509                          5.33528e-07
out__t257                          5.36733e-07
x2_n5__t296                            6.00002
vdd_drv__t1030                               6
vdd_drv__t709                                6
x2_n5__t295                            6.00002
out__t508                           5.3996e-07
out__t256                          5.43242e-07
x2_n5__t294                            6.00002
vdd_drv__t1029                               6
vdd_drv__t708                                6
x2_n5__t293                            6.00002
out__t507                          5.46563e-07
out__t255                          5.49903e-07
x2_n5__t292                            6.00002
vdd_drv__t1028                               6
vdd_drv__t701                                6
x2_n5__t277                            6.00002
out__t500                          5.53299e-07
out__t253                          5.56733e-07
x2_n5__t290                            6.00002
vdd_drv__t1026                               6
vdd_drv__t695                                6
x2_n5__t264                            6.00002
out__t494                          5.60186e-07
out__t229                          5.63696e-07
x2_n5__t241                            6.00002
vdd_drv__t1002                               6
vdd_drv__t682                                6
x2_n5__t240                            6.00002
out__t481                          5.67243e-07
out__t228                          5.70808e-07
x2_n5__t239                            6.00002
vdd_drv__t1001                               6
vdd_drv__t681                                6
x2_n5__t238                            6.00002
out__t480                           5.7443e-07
out__t227                          5.78089e-07
x2_n5__t237                            6.00002
vdd_drv__t1000                               6
vdd_drv__t680                                6
x2_n5__t236                            6.00002
out__t479                          5.81786e-07
out__t226                          5.85499e-07
x2_n5__t235                            6.00002
vdd_drv__t999                                6
vdd_drv__t679                                6
x2_n5__t234                            6.00002
out__t478                          5.89269e-07
out__t225                          5.93077e-07
x2_n5__t233                            6.00002
vdd_drv__t998                                6
vdd_drv__t678                                6
x2_n5__t232                            6.00002
out__t477                            5.969e-07
out__t348                           6.0078e-07
x2_n5__t473                            6.00002
vdd_drv__t1122                               6
vdd_drv__t822                                6
x2_n5__t526                            6.00001
out__t621                          4.08037e-07
out__t320                          4.07578e-07
x2_n5__t417                            6.00001
vdd_drv__t1094                               6
vdd_drv__t852                                6
x2_n5__t586                            6.00001
out__t651                          4.07138e-07
out__t404                          4.06717e-07
x2_n5__t585                            6.00001
vdd_drv__t1178                               6
vdd_drv__t857                                6
x2_n5__t596                            6.00001
out__t656                          4.06317e-07
out__t403                          4.05937e-07
x2_n5__t583                            6.00001
vdd_drv__t1177                               6
vdd_drv__t850                                6
x2_n5__t582                            6.00001
out__t649                           4.0558e-07
out__t402                          4.05244e-07
x2_n5__t581                            6.00001
vdd_drv__t1176                               6
vdd_drv__t849                                6
x2_n5__t580                            6.00001
out__t648                          4.04932e-07
out__t401                          4.04643e-07
x2_n5__t579                            6.00001
vdd_drv__t1175                               6
vdd_drv__t848                                6
x2_n5__t578                            6.00001
out__t647                          4.04378e-07
out__t400                          4.04138e-07
x2_n5__t577                            6.00001
vdd_drv__t1174                               6
vdd_drv__t847                                6
x2_n5__t576                            6.00001
out__t646                          4.03923e-07
out__t399                          4.03735e-07
x2_n5__t575                            6.00001
vdd_drv__t1173                               6
vdd_drv__t846                                6
x2_n5__t574                            6.00001
out__t645                          4.03572e-07
out__t398                          4.03437e-07
x2_n5__t573                            6.00001
vdd_drv__t1172                               6
vdd_drv__t839                                6
x2_n5__t560                            6.00001
out__t638                          4.03331e-07
out__t373                          4.03251e-07
x2_n5__t523                            6.00001
vdd_drv__t1147                               6
vdd_drv__t820                                6
x2_n5__t522                            6.00001
out__t619                            4.032e-07
out__t372                          4.03177e-07
x2_n5__t521                            6.00001
vdd_drv__t1146                               6
vdd_drv__t819                                6
x2_n5__t520                            6.00001
out__t618                          4.03186e-07
out__t371                          4.03223e-07
x2_n5__t519                            6.00001
vdd_drv__t1145                               6
vdd_drv__t818                                6
x2_n5__t518                            6.00001
out__t617                           4.0329e-07
out__t370                          4.03388e-07
x2_n5__t517                            6.00001
vdd_drv__t1144                               6
vdd_drv__t817                                6
x2_n5__t516                            6.00001
out__t616                          4.03519e-07
out__t369                          4.03679e-07
x2_n5__t515                            6.00001
vdd_drv__t1143                               6
vdd_drv__t816                                6
x2_n5__t514                            6.00001
out__t615                          4.03871e-07
out__t368                          4.04099e-07
x2_n5__t513                            6.00001
vdd_drv__t1142                               6
vdd_drv__t821                                6
x2_n5__t524                            6.00001
out__t620                          4.04356e-07
out__t367                          4.04645e-07
x2_n5__t511                            6.00001
vdd_drv__t1141                               6
vdd_drv__t814                                6
x2_n5__t510                            6.00001
out__t613                          4.04972e-07
out__t366                          4.05329e-07
x2_n5__t509                            6.00001
vdd_drv__t1140                               6
vdd_drv__t813                                6
x2_n5__t508                            6.00001
out__t612                          4.05723e-07
out__t365                          4.06147e-07
x2_n5__t507                            6.00001
vdd_drv__t1139                               6
vdd_drv__t812                                6
x2_n5__t506                            6.00001
out__t611                          4.06611e-07
out__t364                          4.07105e-07
x2_n5__t505                            6.00001
vdd_drv__t1138                               6
vdd_drv__t811                                6
x2_n5__t504                            6.00001
out__t610                          4.07634e-07
out__t363                          4.08202e-07
x2_n5__t503                            6.00001
vdd_drv__t1137                               6
vdd_drv__t810                                6
x2_n5__t502                            6.00001
out__t609                          4.08802e-07
out__t379                          4.09442e-07
x2_n5__t536                            6.00001
vdd_drv__t1153                               6
vdd_drv__t833                                6
x2_n5__t547                            6.00001
out__t632                          4.10114e-07
out__t384                          4.10827e-07
x2_n5__t546                            6.00001
vdd_drv__t1158                               6
vdd_drv__t832                                6
x2_n5__t545                            6.00001
out__t631                          4.11571e-07
out__t383                          4.12357e-07
x2_n5__t544                            6.00001
vdd_drv__t1157                               6
vdd_drv__t831                                6
x2_n5__t543                            6.00001
out__t630                          4.13175e-07
out__t382                          4.14035e-07
x2_n5__t542                            6.00001
vdd_drv__t1156                               6
vdd_drv__t830                                6
x2_n5__t541                            6.00001
out__t629                          4.14927e-07
out__t381                          4.15862e-07
x2_n5__t540                            6.00001
vdd_drv__t1155                               6
vdd_drv__t829                                6
x2_n5__t539                            6.00001
out__t628                          4.16829e-07
out__t380                           4.1784e-07
x2_n5__t538                            6.00001
vdd_drv__t1154                               6
vdd_drv__t828                                6
x2_n5__t537                            6.00001
out__t627                          4.18882e-07
out__t385                          4.19969e-07
x2_n5__t548                            6.00001
vdd_drv__t1159                               6
vdd_drv__t827                                6
x2_n5__t535                            6.00001
out__t626                          4.21087e-07
out__t378                          4.22251e-07
x2_n5__t534                            6.00001
vdd_drv__t1152                               6
vdd_drv__t826                                6
x2_n5__t533                            6.00001
out__t625                          4.23453e-07
out__t377                          4.24686e-07
x2_n5__t532                            6.00001
vdd_drv__t1151                               6
vdd_drv__t825                                6
x2_n5__t531                            6.00001
out__t624                          4.25966e-07
out__t376                          4.27277e-07
x2_n5__t530                            6.00001
vdd_drv__t1150                               6
vdd_drv__t824                                6
x2_n5__t529                            6.00001
out__t623                          4.28634e-07
out__t375                          4.30022e-07
x2_n5__t528                            6.00001
vdd_drv__t1149                               6
vdd_drv__t823                                6
x2_n5__t527                            6.00002
out__t622                          4.31458e-07
out__t349                          4.08514e-07
x2_n5__t476                            6.00001
vdd_drv__t1123                               6
vdd_drv__t674                                6
x2_n5__t226                                  6
out__t473                          4.52143e-07
out__t277                          4.49931e-07
x2_n5__t337                                  6
vdd_drv__t1051                               6
vdd_drv__t757                                6
x2_n5__t396                                  6
out__t556                          4.47844e-07
out__t309                           4.4589e-07
x2_n5__t395                                  6
vdd_drv__t1083                               6
vdd_drv__t763                                6
x2_n5__t406                                  6
out__t562                           4.4406e-07
out__t307                           4.4235e-07
x2_n5__t393                                  6
vdd_drv__t1081                               6
vdd_drv__t756                                6
x2_n5__t392                                  6
out__t555                          4.40766e-07
out__t306                          4.39299e-07
x2_n5__t391                                  6
vdd_drv__t1080                               6
vdd_drv__t752                                6
x2_n5__t383                                  6
out__t551                           4.3795e-07
out__t294                          4.36713e-07
x2_n5__t370                                  6
vdd_drv__t1068                               6
vdd_drv__t730                                6
x2_n5__t335                                  6
out__t529                          4.35588e-07
out__t275                          4.34572e-07
x2_n5__t334                                  6
vdd_drv__t1048                               6
vdd_drv__t729                                6
x2_n5__t333                                  6
out__t528                          4.33661e-07
out__t274                          4.32853e-07
x2_n5__t332                                  6
vdd_drv__t1047                               6
vdd_drv__t728                                6
x2_n5__t331                                  6
out__t527                          4.32145e-07
out__t273                          4.31534e-07
x2_n5__t330                                  6
vdd_drv__t1046                               6
vdd_drv__t727                                6
x2_n5__t329                                  6
out__t526                          4.31015e-07
out__t272                          4.30584e-07
x2_n5__t328                                  6
vdd_drv__t1045                               6
vdd_drv__t726                                6
x2_n5__t327                                  6
out__t525                          4.30235e-07
out__t271                          4.29962e-07
x2_n5__t326                                  6
vdd_drv__t1044                               6
vdd_drv__t725                                6
x2_n5__t325                                  6
out__t524                          4.29756e-07
out__t276                          4.29606e-07
x2_n5__t336                                  6
vdd_drv__t1049                               6
vdd_drv__t723                                6
x2_n5__t323                                  6
out__t522                          4.29496e-07
out__t270                          4.29407e-07
x2_n5__t322                                  6
vdd_drv__t1043                               6
vdd_drv__t722                                6
x2_n5__t321                                  6
out__t521                          4.29314e-07
out__t269                          4.29194e-07
x2_n5__t320                                  6
vdd_drv__t1042                               6
vdd_drv__t721                                6
x2_n5__t319                                  6
out__t520                          4.29026e-07
out__t268                          4.28799e-07
x2_n5__t318                                  6
vdd_drv__t1041                               6
vdd_drv__t720                                6
x2_n5__t317                                  6
out__t519                          4.28514e-07
out__t267                          4.28173e-07
x2_n5__t316                                  6
vdd_drv__t1040                               6
vdd_drv__t719                                6
x2_n5__t315                                  6
out__t518                          4.27784e-07
out__t266                          4.27354e-07
x2_n5__t314                                  6
vdd_drv__t1039                               6
vdd_drv__t735                                6
x2_n5__t347                                  6
out__t534                          4.26888e-07
out__t288                          4.26392e-07
x2_n5__t358                                  6
vdd_drv__t1062                               6
vdd_drv__t740                                6
x2_n5__t357                                  6
out__t539                           4.2587e-07
out__t287                          4.25326e-07
x2_n5__t356                                  6
vdd_drv__t1061                               6
vdd_drv__t739                                6
x2_n5__t355                                  6
out__t538                          4.24764e-07
out__t286                          4.24185e-07
x2_n5__t354                                  6
vdd_drv__t1060                               6
vdd_drv__t738                                6
x2_n5__t353                                  6
out__t537                           4.2359e-07
out__t285                          4.22984e-07
x2_n5__t352                                  6
vdd_drv__t1059                               6
vdd_drv__t737                                6
x2_n5__t351                                  6
out__t536                          4.22368e-07
out__t284                          4.21743e-07
x2_n5__t350                                  6
vdd_drv__t1058                               6
vdd_drv__t736                                6
x2_n5__t349                                  6
out__t535                           4.2111e-07
out__t283                          4.20471e-07
x2_n5__t348                                  6
vdd_drv__t1057                               6
vdd_drv__t741                                6
x2_n5__t359                                  6
out__t540                          4.19829e-07
out__t282                          4.19185e-07
x2_n5__t346                                  6
vdd_drv__t1056                               6
vdd_drv__t734                                6
x2_n5__t345                                  6
out__t533                           4.1854e-07
out__t281                          4.17895e-07
x2_n5__t344                                  6
vdd_drv__t1055                               6
vdd_drv__t901                                6
x2_n5__t667                                  6
out__t694                           4.1725e-07
out__t280                           4.1661e-07
x2_n5__t343                                  6
vdd_drv__t1054                               6
vdd_drv__t733                                6
x2_n5__t342                                  6
out__t532                          4.15973e-07
out__t279                          4.15341e-07
x2_n5__t341                                  6
vdd_drv__t1053                               6
vdd_drv__t732                                6
x2_n5__t340                                  6
out__t531                          4.14713e-07
out__t278                          4.14095e-07
x2_n5__t339                                  6
vdd_drv__t1052                               6
vdd_drv__t731                                6
x2_n5__t338                                  6
out__t530                          4.13483e-07
out__t305                          4.12881e-07
x2_n5__t390                            6.00001
vdd_drv__t1079                               6
vdd_drv__t755                                6
x2_n5__t389                            6.00001
out__t554                           4.1229e-07
out__t304                           4.1171e-07
x2_n5__t388                            6.00001
vdd_drv__t1078                               6
vdd_drv__t754                                6
x2_n5__t387                            6.00001
out__t553                          4.11142e-07
out__t303                          4.10587e-07
x2_n5__t386                            6.00001
vdd_drv__t1077                               6
vdd_drv__t753                                6
x2_n5__t385                            6.00001
out__t552                          4.10046e-07
out__t302                          4.09519e-07
x2_n5__t384                            6.00001
vdd_drv__t1076                               6
vdd_drv__t797                                6
x2_n5__t475                            6.00001
out__t596                          4.09009e-07
out__t308                          4.47767e-07
x2_n5__t394                                  6
vdd_drv__t1082                               6
vdd_drv__t762                                6
x2_n5__t405                                  6
out__t561                           4.4791e-07
out__t313                          4.48073e-07
x2_n5__t404                                  6
vdd_drv__t1087                               6
vdd_drv__t761                                6
x2_n5__t403                                  6
out__t560                          4.48273e-07
out__t312                          4.48492e-07
x2_n5__t402                                  6
vdd_drv__t1086                               6
vdd_drv__t760                                6
x2_n5__t401                                  6
out__t559                          4.48745e-07
out__t311                          4.49017e-07
x2_n5__t400                                  6
vdd_drv__t1085                               6
vdd_drv__t759                                6
x2_n5__t399                                  6
out__t558                           4.4932e-07
out__t235                           4.4964e-07
x2_n5__t254                                  6
vdd_drv__t1008                               6
vdd_drv__t694                                6
x2_n5__t263                                  6
out__t493                          4.49991e-07
out__t239                          4.50357e-07
x2_n5__t262                                  6
vdd_drv__t1012                               6
vdd_drv__t693                                6
x2_n5__t261                                  6
out__t492                          4.50753e-07
out__t238                           4.5116e-07
x2_n5__t260                                  6
vdd_drv__t1011                               6
vdd_drv__t692                                6
x2_n5__t259                                  6
out__t491                          4.51596e-07
out__t237                           4.5205e-07
x2_n5__t258                                  6
vdd_drv__t1010                               6
vdd_drv__t691                                6
x2_n5__t257                                  6
out__t490                          4.52514e-07
out__t236                          4.53002e-07
x2_n5__t256                                  6
vdd_drv__t1009                               6
vdd_drv__t690                                6
x2_n5__t255                                  6
out__t489                          4.53499e-07
out__t241                          4.54018e-07
x2_n5__t266                                  6
vdd_drv__t1014                               6
vdd_drv__t689                                6
x2_n5__t253                                  6
out__t488                           4.5455e-07
out__t234                          4.55087e-07
x2_n5__t252                                  6
vdd_drv__t1007                               6
vdd_drv__t688                                6
x2_n5__t251                                  6
out__t487                          4.55644e-07
out__t233                           4.5621e-07
x2_n5__t250                                  6
vdd_drv__t1006                               6
vdd_drv__t687                                6
x2_n5__t249                                  6
out__t486                          4.56777e-07
out__t232                           4.5736e-07
x2_n5__t248                                  6
vdd_drv__t1005                               6
vdd_drv__t686                                6
x2_n5__t247                                  6
out__t485                           4.5795e-07
out__t231                          4.58536e-07
x2_n5__t246                                  6
vdd_drv__t1004                               6
vdd_drv__t685                                6
x2_n5__t245                                  6
out__t484                          4.59135e-07
out__t230                          4.59736e-07
x2_n5__t244                                  6
vdd_drv__t1003                               6
vdd_drv__t684                                6
x2_n5__t243                                  6
out__t483                          4.60338e-07
out__t254                          4.60931e-07
x2_n5__t291                                  6
vdd_drv__t1027                               6
vdd_drv__t751                                6
x2_n5__t381                                  6
out__t550                          4.61531e-07
out__t300                          4.62127e-07
x2_n5__t380                                  6
vdd_drv__t1074                               6
vdd_drv__t724                                6
x2_n5__t324                                  6
out__t523                          4.62718e-07
out__t298                          4.63304e-07
x2_n5__t378                                  6
vdd_drv__t1072                               6
vdd_drv__t750                                6
x2_n5__t377                                  6
out__t549                           4.6388e-07
out__t297                          4.64447e-07
x2_n5__t376                                  6
vdd_drv__t1071                               6
vdd_drv__t749                                6
x2_n5__t375                                  6
out__t548                          4.64993e-07
out__t296                          4.65536e-07
x2_n5__t374                                  6
vdd_drv__t1070                               6
vdd_drv__t748                                6
x2_n5__t373                                  6
out__t547                          4.66062e-07
out__t295                          4.66581e-07
x2_n5__t372                                  6
vdd_drv__t1069                               6
vdd_drv__t747                                6
x2_n5__t371                                  6
out__t546                          4.67071e-07
out__t301                           4.6754e-07
x2_n5__t382                                  6
vdd_drv__t1075                               6
vdd_drv__t746                                6
x2_n5__t369                                  6
out__t545                          4.67985e-07
out__t293                          4.68404e-07
x2_n5__t368                                  6
vdd_drv__t1067                               6
vdd_drv__t745                                6
x2_n5__t367                                  6
out__t544                          4.68794e-07
out__t292                          4.69163e-07
x2_n5__t366                                  6
vdd_drv__t1066                               6
vdd_drv__t744                                6
x2_n5__t365                                  6
out__t543                          4.69486e-07
out__t291                          4.69767e-07
x2_n5__t364                                  6
vdd_drv__t1065                               6
vdd_drv__t743                                6
x2_n5__t363                                  6
out__t542                          4.70012e-07
out__t290                          4.70189e-07
x2_n5__t362                                  6
vdd_drv__t1064                               6
vdd_drv__t742                                6
x2_n5__t361                                  6
out__t541                          4.70297e-07
out__t289                          4.70284e-07
x2_n5__t360                                  6
vdd_drv__t1063                               6
vdd_drv__t758                                6
x2_n5__t398                                  6
out__t557                          4.70021e-07
out__t310                          4.69203e-07
x2_n5__t397                                  6
vdd_drv__t1084                               6
vdd_drv__t673                                6
x2_n5__t225                                  6
out__t472                          4.67392e-07
out__t222                          4.64882e-07
x2_n5__t224                                  6
vdd_drv__t995                                6
vdd_drv__t672                                6
x2_n5__t223                                  6
out__t471                          4.62199e-07
out__t221                          4.59526e-07
x2_n5__t222                                  6
vdd_drv__t994                                6
vdd_drv__t676                                6
x2_n5__t229                                  6
out__t475                          4.56943e-07
out__t240                          4.54482e-07
x2_n5__t265                                  6
vdd_drv__t1013                               6
vdd_drv__t675                                6
x2_n5__t228                                  6
out__t474                          4.47661e-07
out__t374                          5.18619e-07
x2_n5__t525                            6.00001
vdd_drv__t1148                               6
vdd_drv__t962                                6
x2_n5__t681                            6.00001
out__t700                          5.16138e-07
out__t450                          5.13719e-07
x2_n5__t680                            6.00001
vdd_drv__t1286                               6
vdd_drv__t961                                6
x2_n5__t679                            6.00001
out__t699                          5.11329e-07
out__t449                          5.08985e-07
x2_n5__t678                            6.00001
vdd_drv__t1285                               6
vdd_drv__t968                                6
x2_n5__t691                            6.00001
out__t705                          5.06702e-07
out__t465                          5.04448e-07
x2_n5__t710                            6.00001
vdd_drv__t1310                               6
vdd_drv__t989                                6
x2_n5__t717                            6.00001
out__t717                           5.0224e-07
out__t451                          5.00092e-07
x2_n5__t683                            6.00001
vdd_drv__t1287                               6
vdd_drv__t963                                6
x2_n5__t682                            6.00001
out__t701                          4.97975e-07
out__t466                          4.95903e-07
x2_n5__t711                            6.00001
vdd_drv__t1311                               6
vdd_drv__t986                                6
x2_n5__t712                            6.00001
out__t715                          4.93891e-07
out__t467                          4.91909e-07
x2_n5__t713                            6.00001
vdd_drv__t1312                               6
vdd_drv__t987                                6
x2_n5__t714                            6.00001
out__t716                          4.89973e-07
out__t468                          4.88096e-07
x2_n5__t715                            6.00001
vdd_drv__t1313                               6
vdd_drv__t993                                6
x2_n5__t719                            6.00001
out__t719                           4.8625e-07
out__t469                          4.84449e-07
x2_n5__t716                            6.00001
vdd_drv__t1314                               6
vdd_drv__t893                                6
x2_n5__t657                            6.00001
out__t689                          4.82707e-07
out__t438                          4.80996e-07
x2_n5__t658                            6.00001
vdd_drv__t1213                               6
vdd_drv__t894                                6
x2_n5__t659                            6.00001
out__t690                          4.79329e-07
out__t435                          4.77721e-07
x2_n5__t651                            6.00001
vdd_drv__t1210                               6
vdd_drv__t877                                6
x2_n5__t627                            6.00001
out__t673                          4.76144e-07
out__t425                          4.74612e-07
x2_n5__t631                            6.00001
vdd_drv__t1200                               6
vdd_drv__t880                                6
x2_n5__t632                            6.00001
out__t676                          4.73137e-07
out__t426                          4.71693e-07
x2_n5__t633                            6.00001
vdd_drv__t1201                               6
vdd_drv__t885                                6
x2_n5__t643                            6.00001
out__t681                          4.70307e-07
out__t428                          4.68951e-07
x2_n5__t635                            6.00001
vdd_drv__t1203                               6
vdd_drv__t881                                6
x2_n5__t636                            6.00001
out__t677                          4.67639e-07
out__t429                          4.66384e-07
x2_n5__t637                            6.00001
vdd_drv__t1204                               6
vdd_drv__t882                                6
x2_n5__t638                            6.00001
out__t678                          4.65159e-07
out__t452                          4.63978e-07
x2_n5__t684                            6.00001
vdd_drv__t1288                               6
vdd_drv__t874                                6
x2_n5__t622                            6.00001
out__t671                          4.62852e-07
out__t421                          4.61758e-07
x2_n5__t623                            6.00001
vdd_drv__t1196                               6
vdd_drv__t876                                6
x2_n5__t624                            6.00001
out__t672                          4.60706e-07
out__t422                          4.59707e-07
x2_n5__t625                            6.00001
vdd_drv__t1197                               6
vdd_drv__t871                                6
x2_n5__t621                            6.00001
out__t670                           4.5874e-07
out__t410                          4.57826e-07
x2_n5__t597                            6.00001
vdd_drv__t1184                               6
vdd_drv__t858                                6
x2_n5__t598                            6.00001
out__t657                          4.56943e-07
out__t411                          4.56102e-07
x2_n5__t599                            6.00001
vdd_drv__t1185                               6
vdd_drv__t859                                6
x2_n5__t600                            6.00001
out__t658                          4.55312e-07
out__t412                          4.54553e-07
x2_n5__t601                            6.00001
vdd_drv__t1186                               6
vdd_drv__t860                                6
x2_n5__t602                            6.00001
out__t659                          4.53834e-07
out__t413                          4.53167e-07
x2_n5__t603                            6.00001
vdd_drv__t1187                               6
vdd_drv__t866                                6
x2_n5__t613                            6.00001
out__t665                          4.52528e-07
out__t414                           4.5194e-07
x2_n5__t605                            6.00001
vdd_drv__t1188                               6
vdd_drv__t862                                6
x2_n5__t606                            6.00001
out__t661                          4.51382e-07
out__t415                          4.50862e-07
x2_n5__t607                            6.00001
vdd_drv__t1189                               6
vdd_drv__t863                                6
x2_n5__t608                            6.00001
out__t662                          4.50391e-07
out__t416                          4.49948e-07
x2_n5__t609                            6.00001
vdd_drv__t1190                               6
vdd_drv__t864                                6
x2_n5__t610                            6.00001
out__t663                          4.49553e-07
out__t417                          4.49186e-07
x2_n5__t611                            6.00001
vdd_drv__t1191                               6
vdd_drv__t865                                6
x2_n5__t612                            6.00001
out__t664                          4.48855e-07
out__t427                          4.48572e-07
x2_n5__t634                            6.00001
vdd_drv__t1202                               6
vdd_drv__t888                                6
x2_n5__t648                            6.00001
out__t684                          4.48314e-07
out__t434                          4.48102e-07
x2_n5__t649                            6.00001
vdd_drv__t1209                               6
vdd_drv__t889                                6
x2_n5__t650                            6.00001
out__t685                          4.47915e-07
out__t439                          4.47772e-07
x2_n5__t660                            6.00001
vdd_drv__t1214                               6
vdd_drv__t890                                6
x2_n5__t652                                  6
out__t686                          4.47655e-07
out__t436                           4.4757e-07
x2_n5__t653                                  6
vdd_drv__t1211                               6
vdd_drv__t891                                6
x2_n5__t654                                  6
out__t687                          4.47529e-07
out__t437                           4.4751e-07
x2_n5__t655                                  6
vdd_drv__t1212                               6
vdd_drv__t892                                6
x2_n5__t656                                  6
out__t688                          4.47532e-07
out__t223                          4.47577e-07
x2_n5__t227                                  6
vdd_drv__t996                                6
vdd_drv__t900                                6
x2_n5__t666                            6.00002
out__t693                          7.52361e-07
out__t442                          7.47279e-07
x2_n5__t665                            6.00002
vdd_drv__t1221                               6
vdd_drv__t899                                6
x2_n5__t664                            6.00002
out__t692                          7.42263e-07
out__t441                          7.37259e-07
x2_n5__t663                            6.00002
vdd_drv__t1220                               6
vdd_drv__t898                                6
x2_n5__t662                            6.00002
out__t691                          7.32293e-07
out__t443                          7.27367e-07
x2_n5__t668                            6.00002
vdd_drv__t1223                               6
vdd_drv__t879                                6
x2_n5__t630                            6.00002
out__t675                          7.22507e-07
out__t424                          7.17659e-07
x2_n5__t629                            6.00002
vdd_drv__t1199                               6
vdd_drv__t878                                6
x2_n5__t628                            6.00002
out__t674                          7.12851e-07
out__t423                          7.08109e-07
x2_n5__t626                            6.00002
vdd_drv__t1198                               6
vdd_drv__t870                                6
x2_n5__t620                            6.00002
out__t669                          7.03381e-07
out__t420                          6.98693e-07
x2_n5__t619                            6.00002
vdd_drv__t1194                               6
vdd_drv__t869                                6
x2_n5__t618                            6.00002
out__t668                          6.94045e-07
out__t419                          6.89462e-07
x2_n5__t617                            6.00002
vdd_drv__t1193                               6
vdd_drv__t868                                6
x2_n5__t616                            6.00002
out__t667                          6.84895e-07
out__t418                          6.80369e-07
x2_n5__t615                            6.00002
vdd_drv__t1192                               6
vdd_drv__t867                                6
x2_n5__t614                            6.00002
out__t666                          6.75908e-07
out__t440                          6.71463e-07
x2_n5__t661                            6.00002
vdd_drv__t1219                               6
vdd_drv__t919                                6
x2_n5__t674                            6.00002
out__t697                          6.67059e-07
out__t446                          6.62697e-07
x2_n5__t673                            6.00002
vdd_drv__t1239                               6
vdd_drv__t918                                6
x2_n5__t672                            6.00002
out__t696                            6.584e-07
out__t445                          6.54121e-07
x2_n5__t671                            6.00002
vdd_drv__t1238                               6
vdd_drv__t917                                6
x2_n5__t670                            6.00002
out__t695                          6.49883e-07
out__t444                           6.4571e-07
x2_n5__t669                            6.00002
vdd_drv__t1237                               6
vdd_drv__t969                                6
x2_n5__t692                            6.00002
out__t706                          6.41556e-07
out__t448                          6.37444e-07
x2_n5__t677                            6.00002
vdd_drv__t1275                               6
vdd_drv__t950                                6
x2_n5__t676                            6.00002
out__t698                          6.33397e-07
out__t447                           6.2937e-07
x2_n5__t675                            6.00002
vdd_drv__t1274                               6
vdd_drv__t992                                6
x2_n5__t718                            6.00002
out__t718                          6.25384e-07
out__t453                          6.21442e-07
x2_n5__t685                            6.00002
vdd_drv__t1289                               6
vdd_drv__t965                                6
x2_n5__t686                            6.00002
out__t702                          6.17564e-07
out__t463                          6.13707e-07
x2_n5__t706                            6.00002
vdd_drv__t1300                               6
vdd_drv__t975                                6
x2_n5__t705                            6.00002
out__t712                          6.09894e-07
out__t462                          6.06144e-07
x2_n5__t704                            6.00002
vdd_drv__t1299                               6
vdd_drv__t974                                6
x2_n5__t703                            6.00002
out__t711                          6.02416e-07
out__t461                          5.98732e-07
x2_n5__t702                            6.00002
vdd_drv__t1298                               6
vdd_drv__t973                                6
x2_n5__t701                            6.00002
out__t710                          5.95092e-07
out__t460                          5.91515e-07
x2_n5__t700                            6.00002
vdd_drv__t1297                               6
vdd_drv__t977                                6
x2_n5__t708                            6.00002
out__t714                          5.87962e-07
out__t458                          5.84452e-07
x2_n5__t698                            6.00002
vdd_drv__t1295                               6
vdd_drv__t972                                6
x2_n5__t697                            6.00002
out__t709                          5.81006e-07
out__t457                          5.77584e-07
x2_n5__t696                            6.00002
vdd_drv__t1294                               6
vdd_drv__t971                                6
x2_n5__t695                            6.00002
out__t708                          5.74206e-07
out__t456                          5.70892e-07
x2_n5__t694                            6.00002
vdd_drv__t1293                               6
vdd_drv__t970                                6
x2_n5__t693                            6.00002
out__t707                          5.67603e-07
out__t464                          5.64357e-07
x2_n5__t709                            6.00002
vdd_drv__t1308                               6
vdd_drv__t861                                6
x2_n5__t604                            6.00002
out__t660                          5.61157e-07
out__t431                           5.5802e-07
x2_n5__t642                            6.00001
vdd_drv__t1206                               6
vdd_drv__t884                                6
x2_n5__t641                            6.00001
out__t680                          5.54908e-07
out__t430                          5.51841e-07
x2_n5__t640                            6.00001
vdd_drv__t1205                               6
vdd_drv__t883                                6
x2_n5__t639                            6.00001
out__t679                          5.48838e-07
out__t433                          5.45861e-07
x2_n5__t647                            6.00001
vdd_drv__t1208                               6
vdd_drv__t887                                6
x2_n5__t646                            6.00001
out__t683                          5.42928e-07
out__t432                          5.40059e-07
x2_n5__t645                            6.00001
vdd_drv__t1207                               6
vdd_drv__t886                                6
x2_n5__t644                            6.00001
out__t682                          5.37216e-07
out__t454                          5.34419e-07
x2_n5__t687                            6.00001
vdd_drv__t1291                               6
vdd_drv__t966                                6
x2_n5__t688                            6.00001
out__t703                          5.31684e-07
out__t455                          5.28977e-07
x2_n5__t689                            6.00001
vdd_drv__t1292                               6
vdd_drv__t967                                6
x2_n5__t690                            6.00001
out__t704                          5.26316e-07
out__t459                          5.23716e-07
x2_n5__t699                            6.00001
vdd_drv__t1296                               6
vdd_drv__t976                                6
x2_n5__t707                            6.00001
out__t713                          5.21145e-07
out__t470                          7.57421e-07
x2_n5__t720                            6.00002
vdd_drv__t668                                6
x1_ncb__t4                        -3.21959e-06
anon18__t0                        -3.18202e-06
anon19__t1                        -3.15597e-06
anon18__t1                        -3.18446e-06
anon19__t0                        -3.15679e-06
anon20__t1                        -3.21619e-06
in_drv__t4                        -3.29466e-06
anon20__t0                        -3.21587e-06
anon18                            -3.18341e-06
anon19                            -3.15679e-06
anon20                            -3.21619e-06
in                                           0
in_drv                            -2.99624e-06
out                                4.30761e-07
x1_inb                                     3.3
x1_na                                  2.34025
x1_nb                              2.17421e-08
x1_nbuf1                                     6
x1_nca                                       6
x1_ncb                            -1.79439e-06
x2_n1                                  5.99999
x2_n2                             -4.23692e-07
x2_n3                                  5.99999
x2_n4                              2.53315e-06
x2_n5                                        6
outcap                             4.30761e-07
vimeas#branch                      0.000188772
vin#branch                         1.19434e-06
vgnd_logic#branch                  0.000505456
vsup_drv#branch                   -0.000503631
vsup_logic#branch                 -1.83433e-06

 Reference value :  0.00000e+00
 Reference value :  3.42800e-09
 Reference value :  9.02800e-09
 Reference value :  1.47280e-08
 Reference value :  1.98280e-08
 Reference value :  2.10035e-08
 Reference value :  2.36421e-08
 Reference value :  2.52214e-08
 Reference value :  2.59863e-08
 Reference value :  2.72599e-08
 Reference value :  3.28599e-08
 Reference value :  3.85599e-08
 Reference value :  4.43599e-08
 Reference value :  5.01599e-08
 Reference value :  5.60599e-08
 Reference value :  6.18599e-08
 Reference value :  6.77599e-08
 Reference value :  7.33599e-08
 Reference value :  7.92599e-08
 Reference value :  8.51599e-08
 Reference value :  9.09599e-08
 Reference value :  9.68599e-08
 Reference value :  1.02660e-07
 Reference value :  1.08460e-07
 Reference value :  1.14260e-07
 Reference value :  1.20060e-07
 Reference value :  1.25760e-07
 Reference value :  1.31260e-07
 Reference value :  1.36960e-07
 Reference value :  1.42760e-07
 Reference value :  1.48560e-07
 Reference value :  1.53760e-07
 Reference value :  1.59460e-07
 Reference value :  1.65060e-07
 Reference value :  1.70760e-07
 Reference value :  1.76560e-07
 Reference value :  1.82260e-07
 Reference value :  1.87860e-07
 Reference value :  1.93160e-07
 Reference value :  1.98660e-07
 Reference value :  2.04360e-07
 Reference value :  2.10060e-07
 Reference value :  2.15760e-07
 Reference value :  2.21360e-07
 Reference value :  2.27160e-07
 Reference value :  2.32960e-07
 Reference value :  2.38760e-07
 Reference value :  2.44460e-07
 Reference value :  2.50160e-07
 Reference value :  2.55860e-07
 Reference value :  2.61660e-07
 Reference value :  2.67460e-07
 Reference value :  2.73160e-07
 Reference value :  2.78860e-07
 Reference value :  2.84660e-07
 Reference value :  2.90460e-07
 Reference value :  2.96260e-07
 Reference value :  3.01860e-07
 Reference value :  3.07560e-07
 Reference value :  3.13360e-07
 Reference value :  3.19160e-07
 Reference value :  3.21778e-07
 Reference value :  3.23389e-07
 Reference value :  3.24556e-07
 Reference value :  3.25498e-07
 Reference value :  3.26273e-07
 Reference value :  3.31273e-07
 Reference value :  3.37173e-07
 Reference value :  3.42973e-07
 Reference value :  3.48773e-07
 Reference value :  3.54573e-07
 Reference value :  3.60173e-07
 Reference value :  3.65873e-07
 Reference value :  3.71673e-07
 Reference value :  3.77573e-07
 Reference value :  3.83373e-07
 Reference value :  3.89273e-07
 Reference value :  3.95073e-07
 Reference value :  4.00973e-07
 Reference value :  4.06773e-07
 Reference value :  4.12573e-07
 Reference value :  4.18373e-07
 Reference value :  4.24273e-07
 Reference value :  4.30073e-07
 Reference value :  4.35773e-07
 Reference value :  4.41573e-07
 Reference value :  4.47473e-07
 Reference value :  4.53273e-07
 Reference value :  4.59173e-07
 Reference value :  4.64873e-07
 Reference value :  4.70573e-07
 Reference value :  4.76373e-07
 Reference value :  4.82273e-07
 Reference value :  4.88073e-07
 Reference value :  4.93873e-07
 Reference value :  4.99673e-07
 Reference value :  5.05573e-07
 Reference value :  5.11473e-07
 Reference value :  5.17273e-07
 Reference value :  5.23073e-07
 Reference value :  5.28873e-07
 Reference value :  5.34673e-07
 Reference value :  5.40473e-07
 Reference value :  5.46473e-07
 Reference value :  5.52273e-07
 Reference value :  5.58173e-07
 Reference value :  5.64173e-07
 Reference value :  5.70173e-07
 Reference value :  5.76073e-07
 Reference value :  5.81873e-07
 Reference value :  5.87673e-07
 Reference value :  5.93673e-07
 Reference value :  5.99473e-07
 Reference value :  6.05173e-07
 Reference value :  6.10973e-07
 Reference value :  6.16873e-07
 Reference value :  6.22773e-07
 Reference value :  6.28573e-07
 Reference value :  6.34473e-07
 Reference value :  6.40473e-07
 Reference value :  6.46173e-07
 Reference value :  6.51973e-07
 Reference value :  6.57673e-07
 Reference value :  6.63473e-07
 Reference value :  6.69373e-07
 Reference value :  6.75273e-07
 Reference value :  6.81173e-07
 Reference value :  6.87173e-07
 Reference value :  6.93073e-07
 Reference value :  6.98673e-07
No. of Data Rows : 7185
trise10_90          =  4.49459e-09 targ=  3.10848e-08 trig=  2.65902e-08
tfall10_90          =  4.49169e-09 targ=  3.30894e-07 trig=  3.26403e-07
tpdlh               =  7.83744e-09 targ=  2.83374e-08 trig=  2.05000e-08
tpdhl               =  6.89059e-09 targ=  3.28391e-07 trig=  3.21500e-07
m_trise_s = 4.4945880000e-09
m_tfall_s = 4.4916940000e-09
m_tpdlh_s = 7.8374390000e-09
m_tpdhl_s = 6.8905900000e-09
m_ipeak_source_a = 1.4238835201e+00
m_ipeak_sink_a = 1.2378507384e+00
m_vout_max_v = 6.0041411532e+00
m_vout_min_v = -2.756740539e-03
m_vin_max_v = 3.3000000000e+00
m_vin_min_v = 0.0000000000e+00
m_indrv_max_v = 6.0000704035e+00
m_indrv_min_v = -8.610305351e-05
m_n1_max_v = 6.0066759191e+00
m_n1_min_v = -4.611412812e-03
m_n2_max_v = 6.0131998826e+00
m_n2_min_v = -7.828247022e-03
m_n3_max_v = 6.0096167921e+00
m_n3_min_v = -8.265944663e-03
m_n4_max_v = 6.0184892396e+00
m_n4_min_v = -1.162590311e-02
m_n5_max_v = 6.0312527044e+00
m_n5_min_v = -1.339839452e-02
Note: Simulation executed from .control section 

Note: vimeas: has no value, DC 0 assumed
Warning: singular matrix:  check node anon18

Note: Starting dynamic gmin stepping
Warning: singular matrix:  check node anon19

Warning: Dynamic gmin stepping failed
Note: Starting true gmin stepping
Warning: singular matrix:  check node anon19

Warning: singular matrix:  check node anon19

Warning: singular matrix:  check node anon19

Warning: singular matrix:  check node anon19

Warning: True gmin stepping failed
Note: Starting source stepping
Warning: source stepping failed
Note: Transient op started
Note: Transient op finished successfully
